h139,h32,37,37,776,779,777,780,1345,1532,1533,1532,1533,1533,1534,1576,1577,1653,1654,1656,1676,1677,1745,1748,1749,1895,1959,1960,1961,1962,1963,1977,1978,1988,1989,1990,2157,2159,2160,2161,2163,2164,2328,2464,2497,2498,2539,2561,3033,3104,3117,3123,3125,3126,3200,3383,3383,3384,3538
h121,h30,306,306,13,16,17,18,20,21,22,23,25
h39,h19,298,298,24,25,882,887,887,1082,1083,1102,1103,1125,1126,1149,1151,1152,1161,1162,1163,1168,1171,1518,1546,1763,1771,1772,1774,2225,2525,2976,3680
h69,h6,107,107,406,407,408,409,620,624,695,1162,1351,1424,1426,1687,1688,1790,1791,1797,1798,1835,1836,1837,1839,1842,1840,1843,1844,1846,1849,1958,1959,2033,2034,2036,2036,2037,2221,2223,2222
h87,h31,93,93,668,671
h117,h18,319,319,12,13,14,15,16,17
h88,h18,16,16,935,1093,1094,1095,1120,1121,1283,1297,1306,1321,1322,1374,1373,1375,1376,1374,1375,1376,1377,1379,1381,1397,1401,1443,1490,1492,1723,1793,1848,1849,1850,1848,1849,1850,1853,1854,1853,1970,1971,1972,1972,2244,2244,2424,2426,2427,2483,2484,2515,2567,2639,2640,2867,3205,3206,4124
h116,h14,317,317,11,12,4,5,6,7,8,9,472,592,596
h38,h10,292,292,103,105,462,1017,1018
h74,h21,204,204,77,79,323,544,591,593
h76,h26,225,225,47,208,265,266,267,307,386
h5,h4,94,94,741
h16,h15,348,348,6,7
h124,h30,227,227,402,401,405,440,622,627,630,653,654,657,912,913,914,939,938,1016,1015,1038,1057,1071,1073,1072,1144,1143,1146,1147,1148,1149,1146,1148,1147,1250,1249,1251,1287,1340,1341,1345,1386,1384,1384,1385,1387,1386,1387,1388,1402,1404,1720,1743,1757,1926,1922,1923,1925,1929,2010,2011,2010,2011,2010,2012,2012,2013,2088,2183,2202,2444,2443,2447,2448,2449,2557,3043,3042,3044,3159,3397,3893,4077
h70,h30,95,95,787,788,858,859,988,993,996,997,998,1045,1046,1205,1207,1252,1253,1494,1526,1583,1584,1603,1742,1744,1745,1876,1878,1880,1908,1922,1970,1973,2042,2044,2043,2045,2091,2334,2335,2523,2553,2592
h99,h30,265,265,308,526,527,868,869,872,881,885,886,886,1123,1124,1127,1128,1151,1152,1201,1243,1262,1263,1321,1323,1371,1409,1512,1513,1574,1656,1680,1839,1840,1841,1842,1968,1994,1995,1996
h103,h30,179,179,428,429,430,431,686,687,688,689,690,691,986,990,991,991,992,1025,1026,1027,1068,1069,1070,1074,1075,1223,1223,1264,1265,1266,1311,1312,1378,1379,1381,1420,1419,1475,1501,1503,1503,1513,1578,1579,1580,1582,1717,1719,1720,1717,1720,1721,1721,1731,1732,1897,1998,1999,2001,2489,2569,2571,2679,2680,2782,2929
h122,h30,25,25,467
h32,h17,404,404,177,179,180,418,419,511,512,513,650,651,950,951,969,986,987,993,994,995,996,1059,1060,1061,1108,1163,1168,1170,1172,1198,1208,1211,1210,1211,1671,1673,1671,1676,1677,1685,1686,1849,1991,2013,2015,2085,2393,2472,2473,2474,2479,2480,2481,3172,3176,3179,3180,3182,3180,3181,3429,3430,3431,3630,3720,3721,3977,3982,3984,3985,3991,3992,3991,3999,4339,4358,4957,6078
h79,h17,122,122,795,903,947,948,947,949,950,964,979,981,989,1015,1016,1040,1041,1042,1084,1087,1084,1085,1105,1109,1202,1223,1224,1247,1248,1252,1253,1416,1419,1514,1645,1667,1668,1840,1841,1849,1850,1971,2005,2025,2169,2195,2196,2227,2424,2425,2426,2720,2722,2726,2727,2778,3167,3332
h119,h25,256,256,231,445,446,445,446,447,453,456,457,458,462,463,472,473,474,476,472,474,479,628,629,630,749,750,779,780,839,846,847,1025,1028,1029,1096,1135,1221,1226,1227
h103,h25,39,39,656,666,667,742,743,744,746,753,753,754,773,774,775,830,831,917,958,959,960,974,1024,1024,1025,1190,1191,1193,1194,1195,1196,1194,1195,1196,1239,1239,1247,1350,1352,1405,1406,1462,1468,1520,1642,1643,1721,1743,1744,1782,1837,1837,1853,2209,2300,3533,4054
h29,h25,127,127,744,768,769,770,905,907,908,909,928,932,933,965,966,976,977,979,976,977,978,983,984,985,995,1104,1104,1173,1175,1473,1474,1529,1533,1532,1533,1534,1543,1548,1556,1634,1635,1639,1649,1650,1649,1650,1651,1655,1656,1657,1658,1659,1661,1668,1669,1706,1808,1813,1822,1825,1826,1946,1950,1952,1953,1954,1955,1956,1957,1958,1960,1960,1961,1962,1964,1965,1966,1967,2420,2421,2423,2424,2425,2426,2434,2837,2838,2841,2844,2844,2845,2846,2854,2856,3029,3030,3031,3245,3288,3475,3486,3486,3731,4593
h108,h17,424,424,12,13,14,36,36,647,693,696,699
h131,h15,80,80,679,680,683,902,903,904,905,906,1338,1341,1364,1391,1392,1396,1397,1425,1426,1474,1577,1613,1619,1630,1640,1711,1712,1713,1912,1913,2206,2207,2208,2207,2208,2211,2212,2347,2409,2623,2730,3263,3608,3849,4177,4180,4367,4368,4502,4503,4864
h20,h15,254,254,435,440,580,894,899,900,943,996,997,1031,1032,1033,1056,1058,1059,1222,1487,1727,2101,2108,2185,2185,2186,2358,2659,2661,2757,2759,2778,2781,2785,3028,3029,3374,3687,3692,3862,3900,4135
h17,h15,59,59,815,818,819,974
h23,h1,161,161,754,755,757,1128
h115,h1,287,287,225,269,510,511,512,650,652,936,970,971,1070,1071,1077,1078,1079,1159
h60,h1,361,361,281,373,374,956,957,958,977,1069,1069,1070,1108,1109,1164,1165,1166,1302,1308,1309,1397,1868,1899,1903,1945,1946,1947,1948,1950,2068,2069,2348,3693
h124,h1,231,231,441,442,532,666,1119,1200,1201,1202,1242,1301,1304,1384,1434,1437,1460,1549,1550,1551,1553,1554,1555,1556,1575,1577,1622,1626,1623,1797,1800,1802,1803,2084,2269,2269,2270,2272
h142,h1,442,442,38,39,42,656,1510,1511,1516,1623,1626,1627,1628,1856,1927,2058,2084,2273,2274,2275,2481,2672,2673,2679,2680
h36,h1,316,316,180,181,182,395,488,615,617,853,859,935,936,937,1057,1108
h121,h15,76,76,773,774,929,1028,1029,1030,1031,1032,1044,1045,1084,1146,1153,1154,1156,1179,1180,1202,1203,1215,1244,1245,1246,1445,1447,1448,1449,1447,1448,1447,1449,1669,1696,1786,1787,2196,2227,2277,2280,2281,2461,3002,3124,3164,3211,3217,3321,3321,3419,3630
h28,h11,462,462,0,4,6,8,1,13,5,7,370,384,468,488,630,632,643,660,679,907,908,911,907,910,913,914,912,926,931,1061
h20,h11,461,461,10,11,12,14,115,116,117,310,311,402,406,407,408,549,556,557,560,561,586,590,598,599,600,598,599,610,611,612,613,841,843,886,887,888,1085,1087,1316,1315,1323,1324,1320,1321,1323,1326,1339,1340,1343,1351,1351,1355,1356,1442,1544,1655,1663,1756,1758,1978,1979,1982,2055,2056,2168,2407,2656
h57,h11,24,24,1389,1393,1487,1715,1809,1975,1978,1983,2011,2070,2071,2072,2071,2112,2219,2240,2242,2243,2243,2261,2295,2314,2337,2553,2610,3293,3294,3293,3294,3565,3566,3749,4324,4574,4576,4684,4685,4692,4693,5023,5024,5024,5025
h129,h15,330,330,296,297,390,440,448,449,450,564,606,607,781,831,832,833,853,852,953,955,956,957,964,965,1044,1045,1045,1046,1046,1089,1251,1251,1252,1255,1297,1338,1364,1673,1715,1716,1792,1958,2068,2069,2072,2177,2179,2410,2610,2623,2624,2625
h79,h4,38,38,1243,1245,1247,1252,1262,1608,1609,1642,1643,1767,1768,1772,1913,1917,1914,1990,1989,2087,2245,2252,2254,2253,2254
h107,h11,409,409,63,66,143,147,499,724,726,728,729,783,786,1008,1013,1014,1015,1082,1084,1085,1086,1084,1085,1200,1201,1202,1247
h95,h11,269,269,400,404,405,406,517,745,790,822,824,879,880,881,953,954,955,956,1041,1043,1041,1042,1043,1043,1084,1085,1155,1185,1187,1195,1196,1196,1196,1282,1283,1312,1441,1503,1518,1563,1820,1901,2260,2261,2268,2279,2536
h141,h4,463,463,2,3,7,9,14,15,23,26,27,31,185,186,187,243,244,323,331,631,635,637,719,729,730,732,771,772,773,784,784,1051,1056,1069,1070,1071,1077,1299,1300,1300,1321,1324,1325,1665,1666,1688,1690,1904,1929,1931,1951
h34,h4,98,98,796,797,800,802,803,812,814,908,974,1025,1027,1027,1038,1039,1040,1060,1063,1271,1289,1287,1288,1306,1307,1308,1309,1310,1762,1778,1780,1781,1782,2054,2055,2081,2401,2416,2417,2426
h52,h11,326,326,151,194,350,352,353,355,356,357,359,373,374,373,381,411,412,419,465,567,568,569,570,618,722,812,813,829,1006,1008,1008,1009,1015,1016,1139,1170,1539,1778,1778,1781,1790,2005,2911,3028,3033,3034,3990,4300
h26,h11,280,280,451,559,826,827,983,984,985,984,985,986,1064,1067,1067,1068,1069,1147,1148,1149,1340,1345,1346,1370,1373,1375,1376,1395,1395,1405,1591,1634,1635,1643,1889,1891,1896,1900,1891,1892,1897,1898,1912,1913,1914,1927,2207,2208,2223,2226,2229,2554,2563,2568,2596,2648,2725,2820,2822,3441,3442,4034,4322,4451
h61,h1,447,447,14,165,306,384,389,617
h91,h1,177,177,183,214,288
h72,h15,454,454,6,7,8,9,10,489,492,493,517
h117,h11,338,338,143,438,450,452,536,580,631,634,636,636,689,691,692,693,701,702,731,772,991,997,1014,1017,1016,1017,1064,1084,1096,1131
h83,h25,471,471,38,39,40
h22,h25,474,474,26
h99,h25,238,238,373,397,398,396,398,402,405,406,417,421,419,420,422,509,595,598,598,599,599,598,606,608,623,692,688,695,696,695,696,700,699,699,736,762,761,765,779,802,800,801,861,862,865,866,920,922,923,925,926,929,989,1023,1025,1024,1172,1170,1175,1196,1197,1199,1200,1199,1199,1200,1434,1435,1438,1437,1437,1438
h70,h25,125,125,488,489,510,559,888,897,896,898,987,988,989,1010,1079,1078,1083,1084,1088,1090,1089,1121,1122,1123,1124,1125,1167,1168,1171,1169,1171,1327,1328,1366,1368,1370,1394,1396,1397,1484,1487,1561,1567,1590,1627,1649,1652,1667,2005,2125,2129,2125,2127,2126,2126,2143,2359,2442,2565,2566,2872,2945,3066,3629
h125,h16,503,503,16,19,20,21,22,23,24,15,17,18
h9,h5,509,509,30
h142,h9,402,402,126,128,231,232,233,357,494,597,735,736,738,739,739,817,818,819,820,822,824,825,832,887,889,890,893,894,897,1005,1009,1046,1047,1048,1070,1071,1072,1263,1264,1269,1277,1278,1277,1277,1518,1545,1546,1682,1683,1699,1700,1701,1702,1702,1703,2040,2041,2063,2063,2243,2246,2320,2321,2321,2372,2458,2588,2864,4616,6601
h3,h9,149,149,973,1716,1951,1952,1987,1988,1994,2047,2112,2114,2127,2129,2130,2147,2255,2256,2260,2263,2269,2278,2279,2280,2359,2368,2504,2505,2506,2507,2509,2512,2514,2523,2532,2538,2544,2561,2562,2561,2562,2568,2571,2574,2577,2673,2691,2691,2692,2726,2728,2729,2730,3015,3017,3018,3019,3020,3023,3024,3049,3051,3052,3053,3511,3660,3833,3833,3839,3841,3841,3842,3953,4116,4121,4145,6772
h131,h9,299,299,415,624,883,884,899,899,900,932,933,934,1047,1048,1150,1151,1255,1256,1257,1258,1275,1277,1278,1279,1282,1283,1353,1356,1361,1363,1365,1391,1392,1609,1622,2058
h69,h16,508,508,1,2,3,4,5,6,7,8,9,10
h112,h16,505,505,10,11,12,13,14
h83,h16,502,502,31,32,33
h7,h9,266,266,561,794,795,796,803,1023,1065,1467,1654,1655,1777,1778,1779,1780,1780,1781,1782,1785,1786,1787,1788,1789,1831,1832,1844,1846,1873,1875,1942,1943,1944,1953,1955,1958,1959,1963,1964,1978,2086,2386,2681,2683,2684,2687,2688,2693,2694,2695,2696,2698,2704,2708,2750,2811,2976,2977,2981,2981,2982,3012,3012,3013,3018,3181,3183,3693,3999,4000,4380,4381,4382,4383,4385,4386,4387,4556,4572,8815,9397
h111,h9,481,481,59,64,90,91,92,93,297,299,487,488,489,509,533,534,575,576,576,642,643,644,645,696,835,839,904,942,978,1147,1206
h48,h2,480,480,87,589,610,608,609,611,797,854,949,950,955,959,1068,1069,1072,1072,1073,1074,1074,1075,1076,1078,1184,1185,1186,1218,1219,1220,1223,1224,1295,1296,1295,1296,1299,1300,1301,1300,1320,1351,1421,1637,1781,1970,1971,1973,1972,1973
h118,h5,213,213,1057,1058,1059,1521,1522,1521,1522,1638,1640,1832,1839,1839,1844,1852,1853,1853,1879,1879,1894,1895,2000,2001,2002,2052,2102,2177,2178,2180,2267,2329,2458,2472,2505,2514,2562,2572,2629,2818,2891,2910,2975,2993,2998,2999,3002,3077,3080,4366,4367,4906,5665,8565,10118,10565,10592,10598,11251,11374,12118,12130,12131,14660
h1,h18,345,345,313,314,343,354,630,644,645,684,684,685,686,684,689,831,833,834,962,986,1110,1145,1295,1297,1298,1299,1416,1418,1518,1519,1520,1520,1521,1522,1522,1525,1526,1530,1674,1677,1678,1802,1803,2143,2144,2263,2501
h42,h18,150,150,721,722,723,754,757,753,911,913,909,910,912,991,992,993,994,1215,1219,1220,1339,1340,1341,1342,1343,1344,1337,1338,1345,1338,1339,1340,1341,1346,1345,1348,1347,1346,1345,1374,1420,1454,1456,1457,1460,1459,1477,1480,1487,1485,1533,1534,1533,1535,1537,1552,1553,1551,1654,1653,1655,1654,1655,1657,1656,1785,1992,1996,1996,1997,2083,2112,2138,2141,2532,2533,2532,2759,3120,3124,4129,4130,5357
h54,h18,156,156,694,695,888,941,943,941,942,950,951,952,953,1002,998,999,1000,1001,1002,1003,1004,1004,1005,1004,1005,1018,1216,1240,1340,1476,1492,1517,1518,1518,1519,1787,1854,1890,1893,1892,1893,1893,1939,2027,2028,2029,2119,2134,2221,2231,2283,2611,2612,2876,2879,2880,2891,3923
h68,h18,375,375,271,305,736,792,795,810,924,925,963,998,1004,1079,1080,1081,1082,1141
h98,h24,411,411,190,241,242,243,272,273,379,407,409,717,719,720,722,722,724,877,878,878,894,895,911,913
h124,h8,451,451,345,347,652,924,925,937,938,955,956,972,973,975,1022,1023,1110,1128,1218,1219,1282,1282,1333,1362,1366,1379,1572,1595,1596,1681,1683,1684,1686,1692,1693,1832,1835,1835,1836,1837,2419,2422,3381,3720,4486,9442,9443,9445
h121,h18,521,521,8,9,10,11,12,13,14,76,104
h62,h12,527,527,13,14,103,318,479,480
h70,h19,542,542,14
h138,h23,395,395,608
h140,h23,48,48,1553,1556,2721,2830,2877,2929,2930,2935,3028,3029,3034,3040,3054,3055,3057,3059,3161,3162,3162,3172,3190,3193,3194,3558,3628,3691,3692,3777,3847,3852,4451,4452,5571,6020,6021,6118,6250,7612,7615,7618,7629,7632,8246,10905
h103,h19,268,268,955,1548,1643,1644,1753,1754,1755,2031,2032,2033,2067,2068,2069,2070,2090,2094,2096,2098,2099,2118,2143,2147,2498,2515,2516,2517,2518,2520,2535,2536,2537,2542,2574,2576,2705,2706,2707,2707,2743,2919,2921,4027
h30,h23,540,540,19,20,824,876,1269,1362,1455,1457,1475,1551,1556,1561,1562,1563,1577,1578,1800,1801,1802,1805,1807,1812,1813,1861,1932,1933,1945,1946,2148,2149,2201,2676,2678,2680,2682,2687,2688,2777,2860,2861
h65,h19,431,431,369,370,802,918,919,922,1143,1144,1173,1209,1209,1210,1222,1225,1224,1225,1226,1285,1286,1290,1368,1369,1408,1413,1415,1464,1588,2064,2064,2067,2277,2477,2604,2622,2981,3182,3187
h91,h25,529,529,43,116,117,118,119,123,126,133,141,182,188,267,268,269,333,336,337,336,363,365,366,367,402,404,405,601,603,606,607,624,628,628,629,761,762,884,893,921,924,949,952,1102,1105,1129,1164,1163,1164,1165
h82,h25,216,216,606,663,661,662,679,684,681,682,683,721,722,722,723,724,723,724,726,728,734,731,733,734,738,739,739,776,812,814,812,813,817,819,818,820,822,894,896,897,899,900,898,899,988,1075,1155,1183,1186,1192,1301,1299,1300,1302,1311,1310,1353
h16,h18,549,549,13,14
h132,h18,541,541,43,44,45,46,47,49
h90,h18,232,232,580,581,1139,1140,1144,1200,1201,1201
h93,h13,344,344,599,602,604,1060,1215,1253,1254,1255,1333,1337,1336,1337,1336,1337,1338,1338,1340,1339,1380,1381,1429,1738,1739,1744,1795,1798,1815,1816,1866,1865,1871,1951,1952,2109,2112,2111,2113,2359,2364,2361,2363,2365,2596,2597,2645
h129,h4,573,573,5
h97,h13,341,341,618,817,817,818,829,960,1056,1057,1059,1060,1060,1063,1065,1064,1066,1100,1098,1099,1103,1102,1126,1127,1128,1127,1127,1128,1128,1129,1129,1138,1170,1170,1171,1221,1226,1354,1356,1357,1356,1358,1357,1359,1360
h15,h4,526,526,278,280,295,296,304,571,572,573,713,723,724,730,732,783,1003,1010,1011,1017,1074,1154,1155,1163,1164,1165,1168
h130,h10,302,302,784,950,951,1059,1060,1239,1739,1751,1769,1792,1793,1794,1795,1820,1899,1964,1965,1965,1966,1967,1979,2264,2279,2280,2283,2284,2291,2399,2723,2724,2763,2783,2947,2956,2957
h53,h13,301,301,383,474,475,566,567,625,717,718,719,720,717,718,829,833,834,835,832,848,943,945,960,962,960,961,964,965,1138,1157,1159,1160,1161,1162,1163,1283,1284,1505,1508,1507,1508,1616,1625,1974,2301,2742,3232,3720,3766,4387,4389,4408,6262,6265,9139
h112,h13,171,171,1141,1373,1375,1560,1786,1787,1788,1829,1830,1831,1832,1831,1832,1850,1864,1866,1881,1915,1918,1919,1921,2046,2091,2096,2277,2280,2376,2386,2389,2390,2389,3025,3193,3194,3194,3195,3202,3203,3204
h31,h4,570,570,13,14,350,351,537,647
h62,h21,583,583,16,20
h98,h17,74,74,1280,1475,1480,1481,1543,1556,1562,1563,1579,1580,1581,1582,1754,1755,1758,1771,1775,1781,1782,1893,1905,1925,1926,1937,1938,1940,1942,1944,1944,2030,2062,2145,2146,2173,2331,2332,2342,2352,2475,2794,2795,2796,2797,2798,3107,3320,3437,3558,3908,4637,4639,4791
h105,h21,475,475,164,165,167,214,215,226,230,328,352,353,418,465,466,467,468,470,491,508,511,511,512,512,515,517,517,552,644,659,660,661,741,762,886,887,1031,1148,1149,1377,1377,1457,1458
h91,h21,496,496,295,296,297,298,688,689,690,779,780,779,780,858,859,860,861,862,920,916,921,919,923,924,917,918,919,920,934,935,935,936,972,983,983,984,1159,1391,1392,1392,1393,1530,1529,1547,1774,1872,1878,1908,1916,1981,1982,1984,2193,2194,2198,2199,2386,2391,2390,2391,2521,2523,2740,2896,2907,2995,3074,3072,3073
h73,h21,445,445,614,615,616,617,618,843,1033,1276,1277,1278,1343,1344,1346,1476,1491,1639,1641,1657,1682,1683,1688,1724,1744,1846,1927,1927,1928,1946,1946,1947,1976,2225,2235,2534,2535,2534,2710,2711,2728,2730,2732,2734,2735,2736,2835,3329,3350,3351,3648,3649
h65,h30,577,577,54,53,287,286,314,316,316,317,406,407,470,475,479,499,499,671,673,670,674,675,682,680,681,737,736,792,791,795,843,897,898,901,989,991,992,1231,1237,1233,1250,1333,1335,1363,1474,1475,1473,1497,1500,1501,1536,1537,1538,1817,1818,1819,2079,2082,2364,2368,2369,2368
h77,h25,600,600,19,15,16,18,19,21,25,28,30,50,52,54,53,55,56,60,61,62,65,65,100,124,125,126,127,129,131,136,309,307,308,388,387,391,395,396,395,396,507,510,521,709,707,708,749,748,750,889,892,891,891,1047,1050,1051
h35,h30,536,536,151,152,157,772,773,774,779,774,772,773,776,777,778,911,910,915,916,917,916,919,920,934,935,952,954,955,957,994,1002,1063,1167,1244,1303,1303,1517,1562,1563,1585,1586,1652,1654,1656,1702,1865,1888,2110,2111,2112,2254,2255,2256,2259,2694,2696,2695,2696,2914,2915,2918,2918,2919
h97,h25,608,608,2,3,4,5,6,11,357,399,485,486,487,617,655
h129,h17,36,36,269
h58,h20,331,331,511,724,779,1058,1061,1063,1248,1249,1256
h66,h20,82,82,1314,1315,1316,1369,1400,1521,1552,1553,1691,1692,1760,1821,1955,2025,2262,2426
h131,h12,559,559,113,116,114,212,213,214,212,213,214,301,349,529,530,538,539,540,539,576,577,578,646,647,658,685,704,705,724,798,824,825,830,830,831,1066,1101,1103
h89,h9,488,488,19,76,77,85
h63,h16,396,396,310,311,615,618,619,639,882,886,930,1005,1006,1200,1201,1205
h95,h2,467,467,338,337,501,836,837,913,915,927,1027,1049,1050,1053,1167,1171,1171,1172,1224,1228,1229,1230,1228,1229,1230,1274,1278,1278,1279,1322,1518,1517,1704,1707,1730,1730,1731,1732,1739,1742,1890,1892,1979,2214,2216,2294
h40,h12,470,470,398,497,498,614,615,655,721,723,720,807,903,904,904,916,956,983
h130,h2,435,435,660,661,662,743,744,1178,1179,1289,1290,1298,1299,1579,1583,1735,1736,1737,1738,1739,1740,1741,1742,1743,1744,1740,1792,1795,1797,1795,1853,1855,1880,1904,1908
h125,h9,616,616,45,72,74,76,74,75,290,380,380,381,383,395,397,398,399,400,438,439,441,526,525,547,548,571,574,574,574,575,640,642,683,684,690,694,805,806,806,807,812,832,855,856,860,1057,1058,1063,1062,1109,1108,1110,1109,1111,1112,1115,1114,1124,1125,1126,1126,1127,1128,1127,1130,1131,1131,1133,1132,1243,1244,1245,1246,1251,1383,1384,1497,1601,1725,1947,1945,1946,2008,2012,5007
h43,h5,444,444,404,405,406,885,960,961,1017,1260,1261,1260,1326,1422,1423,1473,1553,1555,1556,1652,1693,1782,1808,1812,1889,2055,2092
h14,h5,635,635,23,34
h141,h26,342,342,299,397,398,400,450,451,450,450,520,524,552,553,649,650,702,815,816,816,945,961,996,1002
h120,h26,329,329,532,686,687,688,691,693,707,727,729,728,794,795,814,815,830,832,833,834,840,840,841,880,881,887,1085,1087,1099,1100,1104,1105,1105,1117,1118,1119,1164,1230,1231,1240,1239,1261,1261,1265,1267,1284,1287,1295,1398,1541,1626,1684,1696,1767,2351,2452,2454,2456
h17,h26,518,518,185,277,284,285,286,294,296,304,305,307,308,309,498,499,500,500,501,516,529,532,538,539,540,544,545,546,579,583,623,630,647,648,647,648,652,693,842,943,986,989,1029,1045,1072,1077,1083,1084,1098,1142,1151,1155,1157,1158,1159,1161
h44,h26,574,574,72,73,74,73,108,120,159,227,227,231,231,242,276,277,282,282,284,521,744,745,755,758,759,945,949,947,948,948,1017,1018,1021,1258,1261,1262,1264,1270,1323,1451,1452,1453,1477,1479,1480,1480,1482,1483
h25,h9,390,390,440,478,810,811,812,813,838,869,870,886,913,990,994,1048,1086,1117,1116,1119,1146,1147,1178,1182,1219,1223,1224,1241,1247,1248,1294,1300,1301,1302,1414,1524,1527,1531,1554,1557,1558,1648,1681,1683,1684,1826,1833,1834,1835,1852,1924,1936,1937,2149,2150,2264,2393,2519,2519,2520,2598,2830,2832,2843,3021,6316,6798,14679
h56,h5,589,589,62,146,148,147,153,317,552,553,552,606,607,608,609,787,812,953,961,962,1011,1049,1124,1125,1127
h76,h5,412,412,274,275,377,398,458,566,567,566,567,577,576,630,648,650,753,758,759,760,834,836,906,1049,1080,2162,2163,2164,2250
h76,h2,624,624,14,223,422,421,425,452,467,665
h108,h24,551,551,125,126,127,165,288,315,316,318,320,321,323,326,327,330,332,333,334,340,342,345,368,370,379,504,505,624,857,873,930,933,963,1110,1112,1207,1285,1348,1547,1663,1763,1810
h100,h24,407,407,278,318,491,492,493,494,534,535,534,575,576,705,709,901,902,951,950,956,982,980,981,1068,1067,1070,1219,1256,1257,1260,1291,1523,1680,1818,1821,1888,1891,1892,1970,2101,2100,2100,2245,2624,3216,3861,4656,5151,5152,5153
h87,h24,340,340,486,597,676,706,707,1058,1059,1061,1062,1063,1092,1094,1095
h25,h1,136,136,737
h117,h29,378,378,493,494,495,496,741,742,743,744,746,763,764,919,920,1085,1086,1085,1218,1243,1260,1416,1417,1419,1417,1417,1446,1656,1819,1822,1823,1824,2045,2060,2061,2133,2360,2362,2364,2636,2910,3570,4136,4434,4435,5575,5575
h49,h29,524,524,159,160,384,386,387,391,392,549,555,563,884,886,1037,1097,1173,1179,1409,1454,1601,1791,1792,2248,2249,2384,2486,2513,2619,2653,2669,2847,2876,2877,2882,2883,3197,3951,5112,5114,5174,5619
h82,h3,510,510,327,975,985,1022,1027,1022,1023,1024,1037,1038,1039,1040,1062,1064,1123,1230,1231,1232,1233,1236,1238,1239,1239,1240,1239,1240,1247,1256,1257,1258,1259,1260,1260,1789,2120,2338,2338,2502,2514,2515,2516,2685
h132,h15,562,562,147,229,230,611,612,613,615,1056,1092,1098,1096,1110,1133,1134,1194,1339,1339,1340,1341,1357,1572,1628,1629,1629,1630,1753,1772,1785,1791,1792,1980,2225,2226,2228,2229,2497,2883,2973,3439,3441,3484,3623,3720
h10,h1,662,662,32
h143,h11,682,682,9,10,12
h75,h1,685,685,1,5,7,8,9,10,12
h109,h32,490,490,582,583,581,720,721,784,927,925,926,925,1012,1014,1016,1013,1015,1017,1015,1012,1013,1014,1191,1193,1190,1192,1196
h98,h4,663,663,53,54,94,125,330,389,392,391,403,404,414,415,416,422,423,461,462,470,471,535,536,533,534,724,729,728,740,743,739,864,880,915
h26,h26,630,630,123,438,599,600,603,604,605,616,617,639,640,641,722,723,765,766,768,769,770,840,846,847,850,851
h14,h32,684,684,29
h15,h32,311,311,607,648,651,829,829,830,867,867,868,870,931,932,933,1018,1019,1018,1026,1372,1379,1383,1423,1424,1425,1454,1496,1510,1517,1608,1686,1818,1820,1821,1839,1840,2145,2161,2293,2735,3045,3046
h51,h32,607,607,208,256,470,471,472,473,523,524,525,600,601,684,685,722,723,726,775,843,864,865,865,865,1084,1207,1237,1240,1243,1283,1424,1426,1537,1543,1569,1570,1582,1584,1691,1758,2470,2948,3420,3697,4107
h8,h4,686,686,31,40,41
h58,h31,113,113,1955,2610,2606,2609,2821,2819,2820,3064,3078,3118,3136,3137,3141,3235,3236,3237,3239,3244,3916,3921,4137,4223,4290,4294,6460
h20,h4,208,208,178,179,320,424
h7,h31,388,388,84,304,305,502,705,706,706
h127,h14,698,698,14,15,16,17,22
h127,h12,687,687,16,17,18,19,62,116,122,127,139
h92,h6,323,323,770,769,884,1474,1475,1483,1486,1487,1514,1611,1612,1614,1664,1665,1661,1662,1663,1666,1667,1668,1685,1683,1684,1887,1889,1890,1891,1890,2061,2090,2086,2088,2330,2330,2331,2332,2502,2727,2724,2725,2724,2725,2870,2872,2882,2881,2882,3151
h139,h4,703,703,10,11,12
h49,h10,569,569,255,257,256,258,267,306,340,616,617,618,619,645,648,649,679,682,710,711,712,731,732,734,735,735,742,895,896,898,933,970,999,1070,1099,1099,1330,1544,1547,1583,1600,1625
h32,h6,434,434,473,598,599,750,830,968,1015,1090,1096,1097,1175,1275,1276,1392,1433,1435,1436,1438,1481,1606,1772,1773,1774,1774,1775,1775,1776,1782,1784,1946,1946,1948,2185,2593,2594,2851,2852,3088,3090,3453,3558,3617
h22,h7,642,642,93,310,312,320,378,379,581,705,705,706,755,756,757,822,823,824,825,826,827,828,850,852,893,894,896,893,1039,1041,1066,1133,1256,1257,1258,1264,1289,1290,1297,1299,1331,1591,1619,1677,1695,1696,1989,1990,2025,2041,2042,2106,2161,2163,2167,2506,2729,4179,4182,4440,4695,5253,5326,6142,8254,8892
h30,h5,164,164,258,259,318,317
h41,h14,520,520,56
h113,h4,648,648,95,98,102,137,297,497,620,622,619,659,667,786,787,890,893,892,897,897,914
h110,h6,710,710,4,8,9,10,16,17
h15,h6,7,7,2482,2485,3304,3529,3531
h57,h6,507,507,397,399,518,649,648,857,903,904,905,907,904,906,910,1022,1023,1079,1086,1147,1148,1149,1142,1143,1144,1145,1146,1165,1161,1162,1163,1164,1166,1167,1482,1487,1488,1484,1485,1485,1486,1687,1879,1880,1881,1879,1896,1897,1899,2334,2335,2336,2339,2342,2357,2357,2816,3169,3357
h3,h8,643,643,136,399,590,591,592,600,815,821,822,885,886,903,913,914,940,941,948,951,1160,1160,1161,1165,1166,1168,1467,1500,1543,1564,1565,1566,1567,1619,1619,1620,1621,1628,1629,1636,1648,1649,1648,1649
h131,h8,588,588,254,527,528,774,775,776,777,793,818,879,880,885,886,880,1087,1088,1089,1091,1170,1317,1318,1318,1358,1363,1378,1379,1380,1508,1800,1809,1811,1812,1812,2089,2092,2093,2852,2853,2855,2856,3025,3284,3286,3287,3407,3408,3918,3919,4941,9924,9993,9994,9995
h68,h8,571,571,217,218,371,372,373,469,470,473,488,490,572,670,672,673,735,754,754,822,823,824,937,998,1001,1062,1069,1073,1073,1074,1286,1294,1295,1294,1294,1448,1570,1573,1672,1672,1678,1689,1689,1690,1743,1829,2075,2076,2138,2366,2368,2641
h74,h6,699,699,14,13,187
h41,h4,708,708,12,13,14,12,387,499,520,521
h43,h30,603,603,279,280,283,284,285,294,298,300,302,304,334,505,506,509,510,556,585,617,620,619,797,814,921,921,922,1004,1090,1096,1162,1165,1165,1166,1172,1181,1182,1355,1357,1358,1374,1393,1490,1526,1628,1756,1758,1758,2145,2161,2164
h23,h30,719,719,11,12,13,14,17,28,34,35,36,129,130,384,386,442,454,455,686,687,707,708,743,747,747,748,1006,1008,1032,1187,1188,1401,1402,1403,1660,1668,1669,1670,1668,1669,1674,1675,1729,1789,1917,1921,2177,2190,2192,2283,2286,2287,2288,2289,2289,2290,2291,2410,2535,2831,2832,2836,2840,2840,3074,3075,3080,3084,3242
h116,h30,712,712,11,12,13,14
h58,h30,429,429,81,248,274
h1,h25,366,366,537,539,542,543,544,558,559,559,560,691,731,752,867,868,869,870,884,918,919,951,1053,1099,1105,1145,1146,1148,1242,1243,1292,1294,1292,1431,1431,1446,1510,1514,1660,1674,1675,1675,1815,1816,1818,1819,1965,1966,2168,2197,2308,2559,3220,4038
h20,h30,728,728,20,23,36,37,386,387,466,467,468,470,471,472,539,571,611,612,1052,1055,1056,1056,1062,1074,1075,1180,1243,1244,1314,1317,1318,1323,1324,1325,1352,1353,1379,1384,1385,1386,1443,1481,1482,1482,1486,1486,1518
h7,h15,713,713,185,186,512,513,515,516,824,825,828,829,826,860,901,939,942,945,965,966,1240,1241,1268,1269,1270,1271,1272,1700,1702,1706,1717,1852,1856,1857,1857,1859,1860,1861
h95,h15,141,141,98
h105,h17,627,627,552,553,554,554,555,558,575,753,902,903,904,905,907,1005,1004,1008,1027,1127,1276,1280,1281,1280,1456,1458,1459,1462,1625,1650,1652,1651,1675,1766,1767,1797,1797,1798,2046,2047,2048,2086
h83,h30,102,102,91,118,123,124,182
h142,h25,620,620,382,381,520,519,521,522,548,549,550,550,553,554,559,560,559,622,621,623,733,763,764,771,771,842,843,848,852,854,853,856,894,907,906,1008,1011,1129
h39,h25,742,742,13,11,12,19,17,18,259,337,397,505,506,530,528,529,561,591,588,589,590,589,590,705,704,718,721,719,720,813,816,823,825,827,826,826,828,883,884,886,887,899,1040,1041,1042,1046,1045,1047,1048,1049,1052,1106,1104,1106,1131,1132,1132,1253,1257,1278,1280,1282,1415,1414,1601,1604,1603,1606,1604,1605,1865,1864,1866,1872,1871,1873,2209,2211,2217,2329,2330,2395,2475,2478,2479,2982,3128
h117,h26,737,737,22,54,55,56,58,71,73,96,98,162,170,171,187,189,210,211,213,213,214,215,215,472,474,496,499,500,501,532,533,593,606,663,667,668,669,734,735,742,741,760,762,763,904,905,908,1028,1038,1093,1097,1097,1305,1625,1626,1640,1641,1715,2025,2059
h10,h21,606,606,418,841,846,1042,1042,1043,1042
h55,h18,732,732,13,14,231,231,232
h33,h3,385,385,1157,1864,2024,2033,2034,2048,2051,2107,2117,2118,2119,2129,2136,2137,2155,2211,2212,2213,2214,2213,2214,2215,2537,2824,2949,2950,3499,3712,3936,4250,4270,4271,4393,4396
h30,h18,774,774,22,25,26,28,44,47,49
h24,h8,765,765,9,14,207,208
h44,h8,771,771,16,17,18,228,233,242,241,246,248,249,329,330,345,347,367,372,394,516,517,539,617,675,1095,1097,1098
h144,h2,778,778,16
h71,h18,775,775,7,12,13,14,248,331,332,333,336,337,335,337,335,336,336,338,340,342,343,451,455,452,452,644,777,776,790,818,819,1031,1032,1031,1032,1035,1251,1253,1254,1255,1257,1576,1669,1696,1940,1941,1942,1943,2212,2448,2561,3177,3297,4789,4790
h121,h2,730,730,116,227,334,404,411,412,413,487,488,489,490,499,505,509,507,530,651,652,653,654,655,673,674,673,703,704,705,706,735,834,835,835,838,840,839,841,848,931,932,931,1026,1027,1096,1095,1097,1341,1344,1476,1488,1490,1495,1505,1602,1603,1699,1698,1703,1781,1783,1813,1824,1828,1902,1903,2142,2536,2707,3041,3095,4360,4405,4408,4715,5718,6421,7660,7666,8779
h117,h20,456,456,443,444,485,486,487,488,585,587,633,700,701,702,704,718,719,720,721,722,815,1040,1041,1042,1066,1194,1564,1565,1599,2361,2371,2372,2475,2915,2921,3334,3333,3527,4400,4401,4402
h136,h21,783,783,26
h82,h20,391,391,558,559,602,603,604,689,764,765,766,767,766,777,778,779,783,816,903,920,921,944,945,947,948,1166,1183,1358,1379,1708,1724,1725,1991,2076,2667,3099,3121,3147,4317
h34,h20,738,738,171,205,206,314,319,320,419,420,421,571,572,575,576,1249,1273,1275,1288,1291,1292,1308,1311,1376,1377,1582,1583
h66,h11,785,785,13,14
h80,h9,532,532,440,442,605,606,878,909,907,908,910,935,939,945,1034,1052,1055,1057,1094,1095,1099,1097,1098,1104,1099,1100,1101,1102,1103,1109,1110,1131,1132,1134,1135,1137,1137,1137,1205,1204,1211,1421,1422,1423,1422,1430,1427,1454,1452,1457,1458,1457,1495,1502,1682,1687,1693,1718,1720,2049,2047,2048,2073,2075,2105
h110,h12,500,500,693,694,783,1243,1484,1616,1611,1614,1616,1616,1617,1617,1618,1619,1620,1619,1764,1766,1765,1767,1783,1783,1785,1798,1797,1802,1803,1824,1830,1828,1829,1863,2172,2195,2197,2197
h53,h10,725,725,184,723,724,725,727,780,987,1226,1303,1304,1305,1306,1336,1337,1455,1506,1638,1639,1641,1646,1664,1665,1669,1670,1839,2189
h28,h8,758,758,87,88,89,345,352,369,395,396,448,458,483,485,502,503,502,503,504,504,670,730,750,751,757,768,903,1016
h40,h13,792,792,35,36,37,38,39,40,41,42,44,45,47
h11,h13,797,797,16,17,18,19,21,24,33,34,35
h55,h26,796,796,27
h102,h13,764,764,47,150,156,169,170,194,225,226,231,276,303,304,305,306,307,308,335,336,339,361,376,377,381,382,385,396,397,440,446,546,549,559,576,576,800,982,983,1090
h127,h13,791,791,15,224,223,229,232,233,233,256,258,273,370,372,369,371,393,392,398,398,418,424,591,600,634,635,642,667,672,675,676,678,708,709,751,754,849,1007,1011,1011,1012,1172,1284,1464,1471,1471,1472,1475,1475,1497,1498,1634,1638,1900,1901,1902,1903,2456,2505,2503,2504,2506,2507,3132,4488
h40,h13,547,547,165,166,331
h31,h26,387,387,959,968,969,1296,1297,1382,1386,1388,1396,1639,1640,1643,1828,1830,1830,1834,1831,1832,1833,1837,1838,1839,1840,1874,1925,1926,1927,1938,1939,1957,1968,1969,1974,1975,1989,1990,1996,2001,2015,2020,2027,2044,2045,2046,2448,2451,2453,2454,2455
h44,h26,262,262,564,571,645,727,728,729,730,764,765,766,841,886,896,909,912,927,938,939,1042,1044,1064,1143,1151,1151,1154,1155,1183,1212,1236,1302,1309,1753,2067,2630,2785,2920
h142,h30,801,801,19
h97,h13,807,807,5,6,7,8,9,10,11,12,13,14,16,17,12,45,46
h58,h13,809,809,2,5,7,9,10,11,2,3,4,5,13,32,144
h63,h9,394,394,586,586,674,882,898,903,904,941,942,943,944,961,962,991,992,993,993,994,1120,1122,1123,1122,1214,1216,1217,1391,1392,1406,1407,1408,1411,1414,1415,1581,1610,1610,1611,1708,1709,1713,1759,1781,1867,1868,1870,1885,1887,1885,1886,1943,1969,2112,2167,2405,2673,2769,2801,2891,3459,3745,3818,4053,5509,5746,5810,6232,7219
h6,h1,636,636,495,496,671,923,1151,1151,1152,1152,1153,1160,1247,1359,1360,1361,1382,1387,1396,1397,1400,1405,1406,1470,1626,1627,1629,1630,2086,2087,2094,2107,2113,2116,2244,2437,2442,2443,2443,2449,2450,2451,2548,3387,3396,3398,3733,3736
h141,h24,744,744,141,234,236,265,268,271,276,342,349,350,351,352,356,367,387,388,389,479,480,583,584,584,585,589,590,591,591,593,597,598,618,620,621,630,709,739,740,898,899,972,1158,1222,1242,1343,1344,1346,1528,1814,1815,2256,2257
h35,h24,486,486,518,626,630,628,629,629,674,912,913,919,919,920,921,922,923,923,924,925,948
h38,h14,790,790,14
h106,h32,818,818,3,4,75,76,160,161,162,163,390,390,391,392,618,619,618,619,620,621,639,640,641,642,643,646,687,688,689,721,759,785,826,902,903,905,902,905,906,992,1063,1213,1221,1252,1254,1267,1287,1308,1678,1817,1879,1945,1946,2345,2373
h33,h32,704,704,282,497,697,698,699,700,743,744,754,797,798,815,816,816,831,832,849,861,862,878,879,914,1011,1209,1256,1440,1441,1446,1447,1471,1654,1655
h123,h24,816,816,7,8,9,10,11,12,13,14,20,20,21,478,478
h60,h32,701,701,331,365,454,450,451,452,453,455,456,457,453,454,453,524,525,525,526,527,526,525,542,544,543,588,591,614,637,638,657,707,745,879,901,902,903,905,906,915,916,923,1048,1050,1083,1085,1099,1257,1261,1301,1303,1436,1448,1508,1511,1511,1538,1976,2249,2250,2253,2252,2254,2255,2255,2444,2445,2446,2581,2597
h106,h25,824,824,8,12,14
h45,h2,820,820,30,31,33,34,49,51,52,53,222,223,370,378,378,379,451,452,453,454,650,651,701,702,705,716,764,766,1061,1062,1068,1070,1071,1072,1185,1186,1326,1353,1356,1578,1592,1593,1682,1927,2099,2099,2100,2101,2101,2566,2591,2592,2882
h143,h27,826,826,9
h51,h22,498,498,1086,1529,1530,1531,1532,1533,2305,2306,2307,2420,2586,2598
h144,h12,823,823,26,107,112,113,107,217,218,219,222,375,539,540,541,542,543,545,546,545,546,646,648,675,676,677,678,764,967,1190,1226
h12,h25,808,808,56,263,267,303,434,435,438,438,480,481,482,564,572,573,573,614,619,620,620,622,657,655,664,665,718,720,765,766,767,767,768,769,770,874,911,954,973,1378,1507,1520,1523,1524,1690,1981,2969,3146,3147,3271,3475,3816
h47,h29,835,835,2,6
h133,h17,833,833,13,28,22,24,25
h11,h17,837,837,13,10,11,12,14,395,654,657,654,656,657,727,726,731,743,744,804,832,985,986,987,988,988,991,991,992,1001,1003,1010,1108,1130,1132,1131,1339,1347,1346,1365,1364,1369,1551,1553,1862,2111,2109,2112
h132,h29,420,420,560,562,645,735,774,811,812,957,958,959,961,961,962,979,980,980,981,1001,1004,1005,1002,1184,1185,1186,1187,1218,1321,1322,1323,1472,1474,1477,1520,1586,1762,1765,1766,1768,1769,2254,2346,2499,2500,2695,3359,3808,4211
h80,h25,716,716,112,205,227,234,235,554,560
h34,h10,666,666,434,436,472,473,491,687,688,703,704,962,1418,1547,1548,1611,1692,1695,1709,1713,1829,1918,1921,1922,2171
h116,h17,152,152,387,388,390,638,735
h6,h1,740,740,254,254,255,830,948,1017
h13,h11,649,649,529,556,557,767,825,891,892,896,897,988,989,990,991,992,1000,1004,1003,1004,1014,1015,1033,1034,1036,1069,1072,1090,1104,1107,1179,1180,1288,1291,1293,1355,1368,1383
h132,h5,838,838,29,184,186,191,192,193,221,222,223,224,225,717,718,721,992,1012,1221,1222,1242,1244,1244,1245,1323,1336
h82,h10,355,355,441,458
h36,h17,20,20,192
h60,h17,469,469,201,252,380,381,475,548,549,594,675
h70,h7,830,830,43,44,134,183,209,248,373,372,389,392,497,500,508,509,509,510,511,513,551,566,568,569,746,777,776,781,987,1021,1081,1144,1152,1160,1247,1251,1275,1483,1638,1636,1852,2011,2012,2016,2208,2210,2213,2307,2308,2436,2440,2441,2439,2964,2966,3087
h80,h21,836,836,13
h99,h21,857,857,11,13,14
h58,h7,610,610,433,499,633,638,641,669,672,669,839,840,845,864,866,864,866,866,868,870,876,1075,1138,1218,1239,1556,1557,1651,1721,1978,2166,2366,2630,2631,2630,2635,2776,2779,3150,3282,3488,3487,3683,3684,3685,3983
h78,h12,494,494,930,931,932,1031,1330,1418,1419,1419,1418,1482,1523,1618,1619,1618,1648,1647,1678,1740,1742,1743,1873,1877,1878,1877,1881,1882,1884,1885,1947,2109,2110,2110,2120,2121,2289,2477,2728,2744,2743
h133,h12,861,861,3,5
h64,h7,300,300,1035,1036,1083,1209,1210,1436,1453,1455,1456,1655,1666,1664,1667,1666,1670,1715,1865,1864,1901,1904,1905,2088,2142,2143,2377,2440,2688,2729,2781,2907,2908,2909
h134,h12,832,832,82,83,84,85,86,88,89,263,264,265,279,279,280,413,474,539,641,642,644,645,935,1022,1160,1166,1805,1815,1816,1832,2236,2236,2473,2495,2496
h119,h12,754,754,239,240,241,276,364,375,377,378,379,407,413,408,410,408,409,410,410,453,456,457,458,469,500,501,907,908,911,1090,1110,1269,1272,1273,1274,1291,1555,1557,1774,1794,2153,2461,2465,2466,2696,2742,2747,2750,3228,3868,3871,3869,3872,3873,4019,4374,4709,5041,5069,5230,5234
h15,h7,457,457,1119,1120,1376,1377,1378,1416,1418,1428,1465,1487,1488,1658,1659,1664,1707,1848,1883,1885,1889,1886,1888,1889,1891,1892,1915,1920,1973,1974,2014,2057,2057,2058,2138,2140,2143,2152,2153,2155,2156,2158,2159,2161,2213,2214,2220,2221,2377,2414,2415,2416,2554,2557,2572,2578,2579,2599,2601,2603,2613,2620,2621,2624,2628,2631,2632,2812,3044,3443,3444,3453,3457
h78,h7,260,260,1099,1248,1251,1267,1268,1269,1275,1284,1290,1291,1305,1318,1317,1319,1327,1365,1366,1484,1485,1498,1499,1500,1499,1500,1500,1501,1502,1557,1555,1560,1565,1601,1602,1607,1660,1660,1661,1664,1883,2079,2245,2682,2846,2861,2862,2862,2866,3390,3391,3392,3393,4010,4011,4257
h141,h12,858,858,7,8,9,14,15,16,17,145,146,159,163,178,359,362,385,386,387,388,385,391,421,422,459,459,460,466,467,472,473,474,590,622,797,980
h125,h8,859,859,22,26
h92,h21,817,817,69,70,71,178,229,283,285,286,311,333,334,335,334,336,337,370,411,624,658,718,753,944,1101,1229,1536,1656,1765,1887,1890,1909,1911,1941,2094,2475,2685,2689
h103,h21,804,804,148,151,152,188,314,315,316,320,384,390,434,433,460,463,464,788,790,791,833,832,912,1076,1119,1120,1188,1203,1280,1286,1528,1610,1823,1906,1908,1998,1999,2001,2209,2302,2302,2303,2303,2480,2558,2559,2560,2561,2736,3340,3966
h28,h3,674,674,481,483,574,673,733,735,737,738,834,835,835,834,848,1208,1209,1210,1442,1443,1446,1460,1460,1666,1667,1668,1776,1805,2284,2653
h21,h3,770,770,241,425,427,629,626,627,628,629,630,637,640,639,662,661,706,709,708,709,723,724,725,727,805,808,809,1093,1098,1252,1475,1476,1477,1479,1481,1485,1559,1557,1558,1918,1930,1946,1947,1946,2296,2684,2683,3558,3557
h88,h21,855,855,19,20,153,353,433,434,435,474,477,482,483,519,918,921,981,982,986,1057
h38,h21,392,392,285,308,534,651
h135,h20,763,763,103,230
h123,h20,678,678,75,111,184,185,194,195,259
h8,h32,877,877,2
h32,h32,793,793,234,235,236,301,460,461,462,464,463,464,545,548,549,649,650,651,652,653,654,654,655,694,695,857,858,859,1055,1057,1060,1061,1064,1083,1111,1115,1115,1119,1207,1309,1824,1827,1828,1879,1880,1892
h141,h32,854,854,61,62,63,64,122,202,203,252,252,253,260,295,323,367,368,369,370,459,460,639,690,736,772,909,911,912,913,934
h4,h26,511,511,458,476,489,514,572,590,650,653,654,679,685,686,681,682,865,867,869,865,866,867,944,1023,1054,1056,1073,1192,1194,1195,1192,1522,1537
h115,h32,644,644,77,78,196,350
h69,h32,845,845,35
h71,h26,884,884,5,6,8,9,10,30,33,34,56,56,57,58,69,140,141,152,175,176,177,207,211,212,210,211,387,388,399,413,569,673,674,675,676,677,967,1109,1111
h122,h26,883,883,13,114,238,239,242,374,375,378,446,444,445,450,452,623,625,626,627,640,641,643,644,847,1003,1164,1167,1261,1307,1308,1309,1327,1705,1997,2002,2518,2520,2976,3428,3428,3431,3447,3541
h6,h26,143,143,984,985,987,995,996
h18,h19,888,888,13,19,25,26,27,332,805,846,847,849,850,863,1162,1163,1167,1256,1257,1323,1324,1323,1324,1325,1365,1376,1399,1400,1401,1418,1966,2453,2454,2459,2519,3131,3139,3806
h24,h18,814,814,154,325,335,340,378,783,784,788,789,791,794,795,794,795,795,875,877,878,880,881,882,885,889
h108,h18,846,846,60,64,65,67,68,69,74,76,110,111,112,113,362,446,447,446,577,600,823,824,826,824,825,1082,1105,1233,1234,1366,1419,1580,1584,1806,1808,1830,1830,1831
h20,h5,800,800,165,163,164,528,529,530,663,664,801,802,815,816,907,1200,1254,1308,1307,1309,1335,1336,1666,1664,1666,1668,1769,1903,2269
h6,h5,894,894,5,6,11,92,103,236,237,287,288,394,397,425,426,432,433,542,548,640,641,785,787,788,789,835,1107,1110,1113,1168
h37,h5,887,887,25,60,142,268,269,271,292,293,294,292,340,340,347,399,501,514,514,515,537,588,600,601,610,652,757,1073,1138
h130,h19,293,293,85
h89,h5,459,459,1335,1338,1355,1360,1440,1437,1438,1472,1471,1524,1731,1732,1733,1733,1736,1811,2105,2258,2294,2370,2553,2653,2804,3421
h120,h11,914,914,18,19,20,21,22,23,24,25,26,27,29,34
h129,h9,864,864,121,122,124,457,535,537,538,547,548,642,644,645,646,646,672,673,674,675,676,703,826,827,830,847,852,870,871,890,892,913,927,933,942,1043,1142,1144,1150,1151,1158,1159,1158,1159,1160,1170,1171,1249,1264,1273,1274,1282,1422,1510,1544,1734,1736,1736,1739,1740,1991,2090,2308,2428,2544,2591,2792,2793,3405,3719,4152,4507,4509,5005,5989,5990,5991
h76,h13,865,865,127,140,141,151,152,176,179,247,294,299,337,358,360,361,363,489,490,491,561,562,563,633,634,635,647,648,649,688,689,996,1002,1004,1010,1014,1103,1104,1105,1106,1108,1109,1111,1111,1112,1443,1444,1444,1445,1461,1462,1468,1489,1490,1594,1598,1598,1599,2055,2281,2799,2819,2914,2915,3031,3032,3161,3162,3164
h133,h28,751,751,391,393,560,784,834,1148
h88,h26,917,917,4,5,6,7,12,14,16,17,19,20,21,22,24
h15,h26,335,335,751,753,847,852,873,973,1038,1083,1087,1114,1115,1140,1139,1142,1149,1147,1148,1160,1160,1450,1632,1633,1666,1665,1667,1672,1856,1857,1859,1893,2104,2105,2261,2271,2314,2533,2529,2529,2533,2771,2790,2788,2873,2874,3063
h134,h8,918,918,5,8,10,11,12,13,64,65,84,144,196,197,199,199,371,372,401,402,404,403,437,440,515,529,530,557,695,798,831,861,926,937,944,945,993,1002,1003,1004,1051,1244,1251,1252,1253,1340,1372,1373,1397,1426,1502,1505,1619,1783,1784,2113,2536,2640,2810,2908,2909,3195,3196,3700,3701,4111
h100,h28,438,438,1139,1292,1523,1542,1557,1558,1788,1789,1790,1791,1810,1813,1848,1866,1869,1870,2113,2353,2357,2356,2673,2677,2980,3473,3647,3708,3709,3709,4094,4476,4896,5416,5874
h23,h24,325,325,1767,2153,2154,2224,2255,2365,2366,2474,2475,2479,2480,2481,2482,2490,2556,2557,2558,2576,2577,2578,2580,2581,2583,2587,2588,2589,2596,2604,2609,2610,2648,2652,2718
h42,h24,916,916,11,392,393,393,394,700,703,704,721,721,722,752,753,813,813,814,815,938,940,962,963,1147,1150,1178
h24,h7,905,905,37,38,39,86,123,126,133,167,282,282,283,283,284,337,338,360,458,459,463,464,465,684,772,940,966,966,1230,1420,1456,1500,1503,1560,1607,1835,1960,1961,1972
h47,h7,915,915,14,128,208,242,323,325,386,488,489,495,496,497,498,502,532,533,534,535,627,630,667,933,934,1282,1289,1305,1306,1307,1315,1317,1387,1388,1389,1390,1406,1415,1561,1645
h41,h13,568,568,124,299
h58,h8,664,664,83,161,225
h40,h8,756,756,289,290,417,449,450,571,572,578,611,612,613,670,669,671,751,749,750,755,749,750,752,754,754,755,758,757,792,843,859,922,943
h106,h13,927,927,17,20,24,251,405,406,407,469,613,616,617,668,669,738,739,740,742,928,929,1097,1135,1137,1140,1144,1147,1147,1148,1154,1158,1161,1190,1191,1192,1194,1392,1399,1411,1441,1637,1697,1847,1851,1852,1853,1852,1853,1862,1866,2486,2489,2490,2491,2861,2862,2863,2901,2902,2903,2904,2905,3062,3063,3185,3187,3188,3706,3707,4648,7891
h144,h8,612,612,556,554,817,818,865,866,867,1052,1296,1297,1357,1359
h88,h15,929,929,16,17,18,22,23,26,27,34
h144,h8,931,931,17
h66,h9,930,930,24
h9,h12,936,936,13,14
h30,h12,937,937,1,2,4,7,11,14
h86,h8,880,880,80,81,82,139,213,212,221,235,261,322,390,392,394,402,401,403,461,461,636,742,746,747,796,797,971,1001,1002,1226,1227,1509,1509,1510,1662,1669,1828,1829,1928,1929,2125,2126,2126,2127,2128,2410,2411
h73,h15,802,802,300,301,490,489,491,492,498,499,494,491,492,493,767,768,769,771,769,770,773,839,840,843,844,975,978,1051,1052,1077,1165,1166,1172,1170,1171,1187,1188,1189,1229,1229,1448,1446,1447,1446,1448,1480,1601,1602,1835,1977,2022,2023,2052,2896,2947,2944,3166,3548,3547,3690,4130,4129
h23,h12,874,874,132,194,311,337,339,343,495,497,498,682,687,688,686,687,688,730,731,733,839,1019,1021,1022,1020,1032,1033,1040,1042,1286,1288,1317,1552,1553,1560,1897,1898,1916,3031
h117,h17,942,942,19,20,21,22,25,24,27,28
h69,h17,941,941,17,18,19,20,21,22,33,34,35,103,304,313,314,315,409,686,687,834,835,838,841,841,841,842,956,1084,1134,1157,1163,1175,1188,1228,1399,1439,1650,1651,1652,1865,2043,2342,2433,2587,2714,2716,2718,2895,2897,3227,3229,3230,3231,3234,3235,3398
h80,h25,852,852,163,219,224,225,279,432,437,440,439,483,484,520,520,524,527,528,533,582,586,680,683,684,687,711,911,912,913,915,916,914,959,960,960,1173,1180,1210,1345,1577,1687,1688,2051,2353,2352,2661,2660,2943,3170,3171,3342
h131,h23,947,947,11
h109,h10,946,946,20,22,23
h71,h10,935,935,47,49,218,220,221,322,323,325,326,369,370,430,431,459,485,512,513,646,708,709,723,727,723,724,725,922,924,925,931,937,1031,1034,1193,1196,1285,1579,1582
h54,h2,318,318,2072,2073,2449,2450,2576,2670,2671,2682,2822,2823,2912,2915,2916,2917,2958,2960,3176,3265,3266,3267,3644,4309,4463,4499,4502,4503,4504,4505,4509,4531,4532,4699,4863,4864,4863,4864,5052,5067,5216,5649,5805,5808,5809,6365
h85,h13,943,943,33
h24,h29,651,651,520,698,698,740,750,751,989,991,992,989,990,1180
h4,h29,415,415,733,806,808,1222,1390,1391,1391,1392,1516,1706,1707,1817,1820,1950,1985,1986,1990,1991,1992,1993,2268,2269,2274,2277,2272
h22,h23,485,485,1637,1693,1694,2099,2137,2138,2285
h43,h10,619,619,328,332,345,346,351,403,421,476,477,637,638,811,812,854,867,870,907,908,938,942,950,951,1042,1251,1351
h32,h10,885,885,77,166,167,168,267,292,362,410,568,639,704,931,932,933,955,955,1077,1081,1082,1085,1168,1338,1339
h41,h4,779,779,417,443,444,445,538,539,725,868,867,874,1019,1026,1027,1028,1041,1084,1095,1095,1096,1097,1107,1106,1106,1108,1278,1337,1356,1360,1359,1360,1361,1362,1829,2046,2051,2060,2273,2662,2947,2952,2953,3785,3789,3799,3800,4020,4163,4297,4372,4374,4378,4381,4871
h89,h17,384,384,439,440,441,520
h113,h17,951,951,36,449,450,451,454,464,486,554,555,559,558,827,858,884,887,890,1044,1046,1047,1048,1075,1078,1078,1079,1078,1083,1084,1108,1107,1141,1139,1140,1142,1141,1140,1187,1225,1227
h49,h22,967,967,32,33,34,35,36,37,39,40
h97,h32,966,966,30,32,37,42,43,45,42,43,46,47
h128,h30,114,114,418,515,553,554,576
h26,h11,913,913,80,81,120,131,159,160,201,202,203,206,219,220,225,260,261,265,274,276,277,293,299,462,509,620,642,820,821,824,826,1083,1087,1250,1261,1262,1612,1680,1683,1684,1680,1684,1686,1687,1964,1965,2544,2545,2720,2724,3087,3091,3092,3218,3554,3686,3687,3688,3819,3820
h20,h7,812,812,336,706,1013,1060,1061,1064,1065,1108,1212,1213,1237,1239,1277,1281,1282,1283,1284,1517,1555,1556,1557,1580,1582,1583,1584,1587,1589,1590,1609,1683,1689,1886,1892,1894,1895,1896,2096,2097,2098,2301,2770
h144,h32,969,969,10,11,12,13,14,104,110,106,106,106,116,117,118,156,157,158,159,156,157,180,181,235,236,238,239,272,334,335,369,370,371,372,387,388,399,405,611,609,610,612,616,618,619,641,642,643,737,748,748,749,752,751,794,797,798,799,800,846,847,980,1009,1013,1211,1213,1216,1216,1347,1349,1350,1375,1376,1378,1379,1379,1567,1568,1991,1993,1994,1995,1994,1995,1997,1994
h22,h32,878,878,344,345,346,439,440,441,441,445,446,446,447,448,448,449,450,488,806,861,870,871,1040,1042,1044,1067,1071,1071,1073,1077,1100,1100,1102,1106,1163,1453,1454,1455,1531,1532,1533,1535,1542,1646,1649,1651,1652,1654,1655,1683,1701,1774,1775
h4,h29,972,972,7,10,11,131,620
h90,h10,426,426,680,859
h94,h29,983,983,7,9,10,12,13,5,6,12,11,11,12,14,15,256,258,257,430,648,649,670,674,676,1175,1182,1180,1181,1231,1390,1392,1752,1753,1756,1759,1756,1759,1758,1756,1758,1775,2074,2072,2080,2082,2081,2084,2132,2206,2209,2210,2211,2386,2389
h55,h29,414,414,683,684,686,687,688,864
h21,h29,964,964,51,56,57,61,377,656,657,659,660,681,718,722,723,724,722,726,1026,1033
h18,h29,30,30,2550,2552,2553,2633,2637,2638,2639,2640,2641,2836,2846,2859,2860,2866,3226,3227,3261,3491,3492,3518,3519,3520,3688,3689,3805,4123,4127,4483,4484,4485,4486,4503,4961,4964,4965,5132,5133,5204,5692,5719,5822,6082,6088,6091,6092,6198
h121,h29,2,2,1483,1484,1485,1531,1532,1533,1534,1535,1836,1843,2123,2124,2125,2180,2181,2183,2184,2185,2306,2352,2353,2354,2675,3009,3010,3011,3011,3247,3258,3504,3506,3505,3508,3509,4112,4141,4347
h138,h27,750,750,521,522,523,520,524,525,593,594,591,592,596,795,796,906,1244,1243,1271,1272,1273,1301,1303,1300,1302,1301,1300,1330,1363,1434,1435,1575,1576,1574,1685,1687,1688,1727,1726,1887,1958,2049,2155,2303,2956,2962,2966,3169,3184,3307,3308,3313,3493,3492,3815,3818,3819
h109,h27,992,992,19,20
h137,h27,702,702,789,790,791,792,793,831,980,981,1227,1228,1382,1493,1624,1625,1656,1694,1695,1718,1719,1794,1851,1852,2251,2661,2770,2771,2772,2807,2811,3567,3568
h70,h27,291,291,1532,1533,1534,1535,1851,1852,1853,1855,1949,1954,2067,2114,2135,2142,2154,2155,2163,2172,2174,2277,2278,2282,2283,2682
h16,h27,781,781,322,386,387,622,625,627,627,630,629,635,634,636,637,638,810,1210,1207,1208,1209,1211,1277,1314,1350,1352,1362,1363,1364,1508,1509,1708,1946,2211,2449,2483,2484,2599,3293,3294,3470
h133,h18,989,989,20,45,44,92,93,94,98,96,97,268,354,355,356,364,357,358,359,360,361,362,363,382,383,387,388,486,485,487,488,492,487,488,485,486,489,503,504,514,593,593,595,768,770,789,788,865,864,867,1135,1222,1223,1227,1329,1392,1535,1559
h111,h18,948,948,94,123,124,173,174,176,181,174,175,176,177,178,336,338,340,374,375,487,521,522,542,562,575,574,575,846,848,896,897,898,995,996,1008,1094,1094,1095,1227
h143,h24,994,994,17,36,36,37,39,41,114,113,187,225,226,224,230,228,229,248,308,314,312,314,314,466,467,471,466,467,468,505,507,508,527,529,542,541,688,715,811,812,811,812,813,1399,1401,1398,1402,1547
h92,h5,1002,1002,16,18,19
h107,h14,472,472,1599,1601,1602,1600,1828,1829,1830,1876,1877,1898,1910,1911,2014,2015,2027,2031,2033,2088,2136,2160,2161,2162,2406,2410,2411,2518,2728,2731,2732,2733,2853,2936,2973,2974,3037,3137,3137,3151,3158,3159,3158,3159,3163,3166,3460,3842,3843,3844,4012,4117,5825,7128,7310,7805,8569,9194,12479
h131,h15,997,997,23,25,24,33,38,39,74,346,348,382,383,414,415,416,508,554,553,602,625,635,638,722,767,769,770,767,817,819,827,848,902,912,1220,1387,1394,1395,1399,1956,2072,2461,2545,2545,2808,2841,2857,2992,3763
h134,h27,924,924,122,124,139,143,141,142,233,234,235,398,485,491,579,580,646,666,786,814,847,906,923,924,938,947,948,1361,1463,1467,1554,1556,1596,1676,1677,1679,1959,1960,2093,2425,2425,2426,2445,2446
h73,h31,944,944,126,127,142,193,250,251,252,253,307,343,367,368,496,542,761,762,763,764,765,767,768,817,857,932,957,1118,1119,1174,1175,1179,1182,1181,1193,1194,1202,1356,1360,1365,1505
h75,h9,1003,1003,26
h10,h19,86,86,588,606,754,755
h116,h19,1006,1006,3,5
h85,h9,640,640,634,644,646,647,667,668,669,701,717,718,743,744,793,800,805,806,814,815,827,878,943,947,1032,1033,1067,1176,1177,1182,1184,1185,1381,1383,1398,1399,2023,2056,2057,2151,2167,2168,2313,2327,2328,2518,2520,2519,2520
h70,h11,984,984,64,70,114,121,147,153,333,334,335,335,479,481,483,486,529,533,532,533,656,1024,1301,1302,1307,1385,1575,1576,1579,1595,1599
h52,h31,1004,1004,10,12,253,252
h53,h4,1008,1008,28
h87,h24,1013,1013,2,8,17,9,14,16,14,17,19,20,24
h127,h26,1010,1010,14,18,19,20,20,43,47,53,54,56,137,140,147,148,200,201,199,224,226,236,246,247,262,290,328,329,489,488,532,533,535,540,546,548,552,564,567,568,573,796,797,798,936,994,996,999,998,1000,998,1244,1556,1559,1558,1760,1907,2735,2990
h52,h20,881,881,317,318,328,356,357,359,360,516,558,557,912,913,914,1056,1091,1092,1118,1847
h57,h20,185,185,1692,1693,1694,1922,2210,2212,2265,2274,2275,2276,2277,2278,2289,2292
h92,h20,1009,1009,17,23,59,807,818,982,983,1265,1269,1270,1304,1313,1314,1385,1761,1809,1810,1811
h39,h24,991,991,64,339,340,343,344,346,347,348,417,443,461,462,538,539,545,542,543,551,559,560,612,614,616,617,618,636,679,680,681,683,935,958,1241,1242,1469,1483,1485,1586,1590,1963,1964,2220,2351,2451,2452,3229
h72,h29,1016,1016,9
h115,h9,1011,1011,18,22,23,24,25,54,55,56,56,57,57,58,474,478,480,481,559,560,561,566,567,634,635,639,658,659,660,661,659,661,662,661,662,752,754,758,776,796,798,806,972,974,972,975,977,980,981,982,1014,1015,1016,1029,1030,1031,1032,1051,1172,1176,1178,1190,1191,1192,1193,1194,1195,1196,1367,1368,1452,1617,1618,2239,2361
h17,h11,968,968,30,108,167,168,367
h127,h26,965,965,71,183,209,658,785
h70,h26,132,132,455,541,610
h19,h29,195,195,215
h30,h29,363,363,83
h29,h24,517,517,203,204,205,357,533,534
h86,h24,990,990,11,166,244
h132,h4,1026,1026,13,14
h45,h14,1027,1027,18,20,21,22,23
h12,h7,1028,1028,15,16,17
h100,h4,683,683,803,804,924,923,924,925,928,939,941,944,945,947,954,961,1003,1002,1004,1079,1080,1085,1266
h112,h7,945,945,185,269,357,355,356,655,668,669,671,759,761,863,861,862,956,979,984,985,986,1048,1054,1324,1342,1343,1345,1390,1392,1392,1619,1663,1689,1692,1691,1693,1694,1695,1725,1728,1727,1729,1819,1821,1842,1897,1896,1981,1985,2421,2422,2423
h17,h1,1017,1017,14,90
h105,h1,673,673,55,56
h24,h14,729,729,719,754,881,884,883,884,885,1065,1066,1067,1066,1207,1212,1217,1218,1220,1221,1220,1262
h84,h14,777,777,531,608,1099,1105,1106,1110,1111,1175,1180,1181,1215,1216,1225,1226,1229
h97,h14,834,834,401,544,543,549,549,553,552,785,801,801,803,802,913,916,917,943,946,947,948,963,965,1095,1094,1195,1194,1197,1195,1201,1363,1571,1572,1674,1675,1676,1675,1991,1994,2007
h90,h30,1034,1034,28,37,38
h6,h4,1041,1041,10,11,13
h79,h12,980,980,115,170,189,188,190,191,216,218,216,217,218,219,220,269,352,351,464,465,675,753,901,1061,1060,1061,1060,1062,1070,1207
h56,h12,954,954,44,85,114,149,152,153,165,303,388
h78,h12,848,848,164,165,449,450,462,463
h31,h18,1047,1047,8,10,11,12,13,8,9,11,12,11,12,16,16,17,54,55,63,141,200,235,362,362,363,364,365,368,369,368,369,371,372,373,374,375,572,579,579,582,583,583,792,795,797,798,801,867,1103,1138,1258,1362,1363,1366
h19,h18,1048,1048,10,11,12,13,14,15,16,17,11,13,12,13,351,353,387,391,665,667,668,669,670,670,670,671,672,678,679,682,825,828,828,832,834,835,869,961,1097,1099,1100,1100,1100,1101,1424,1425,1442,1443,1444,1453
h142,h19,1045,1045,34
h58,h19,920,920,341,425,427,426,428,430,638,635,636,637,720,722,739,744,752,753,755,763,884,885,885,894,894,904,916,917,928,929,1304,1595,1596,2149
h17,h31,1055,1055,10,11,12,19,20,22
h81,h21,1043,1043,14,31,32,33,34,35,86,87,88,144,145,148,149,150,151,148,213,214,424,427,424,425,426,427,463,464,465,480,481,486,696,718,807,989,995,1075,1080,1353,1356,1374,1375,1448,1449,1450,1851,2037
h112,h32,1057,1057,7,8
h57,h20,1021,1021,166,167,168,301,385,452,453,454,455,717,718,719,868,869,870,871,897,898,1177,1207,1213,1223,1224,1257,1258,1257,1258
h24,h13,1049,1049,21,22,23,24,28,32
h126,h11,1056,1056,11,12,13,14,14,178,180,217,218,220,224,225,278,279,284,288,288,289,290,465,630,688,689,694,708,747,749,751,810,947,1437,1571,1922,1924,1929,2481,2506,2519,2668,2806,2807,3068,3070,3071,3352,3354
h15,h11,1058,1058,19,20,23,25,28
h55,h11,1060,1060,2,6,3,4,5,13,16
h110,h5,1062,1062,12,14,22,91,92,508,506,543,544,548,549,551,550,614,615,616,763,764,765,779,780,877,920,1020,1020,1021,1022
h44,h13,803,803,196,202,202,203,239,241,242,267,268,267,268,268,269,288,344,345,346,346,347,496,528,557,582,690,736,747,824,825,826,827,828,827,949,978,1145,1247,1248,1250,1251,1755,1863,1871,1872,1872,1873,2067,2230,2284,2285,2286,2287,2289,2293,2399,2401,3838
h121,h11,602,602,675,676,675,676,907,907,908,911,912,925,926,976,1015,1057,1104,1126,1243,1244,1245,1247,1246,1248,1260,1260,1469,1475,1476,1477,1474,1476,1482,1489,1490,1614,1642,1643,1645,1647,1929,1933,2473,2534,3095,3097,3104,3198,3478,3589,3593,3718
h84,h11,346,346,91,163,238,248,346
h68,h11,633,633,66,67,192,193,281,376,398
h5,h5,871,871,542,543,1018,1356,1359,1358,1360,1366,1370,1505,1532,1824,1939,1964,1965,2140,2141,2307,2308,2336,3267,3369,3395,3808
h3,h8,919,919,295,670,671,672,673,677,689,719,720,810,811,812,811,969,972,974,976,980,1165,1165,1166,1486,1487,1506,1507,1508,1776,1777,1783,1839,1840,1957,2093,2094,2095
h95,h2,1064,1064,8,9,12,14,40,41,83,184,185,278,281,284,288,296,298,298,456,458,460,469,500,503,503,505,506,507,561,563,667,690,691,1097,1099,1100,1114,1115,1134,1343,1344,1496,1518,1661,1711,1794,1795,1796,1911,1992,2002,2115,2552,2920,3050,3054,9538,12059,12108
h55,h2,1059,1059,39,46,48,65,66,131,329,330,446,447,448,450,451,450,455,461,462,549,551,725,726,763,920,956,1030,1340,1343,1344,1426,1517,1826,2227,2351,2652,2657
h59,h15,949,949,267,268,398,397,400,402,403,404,405,406,408,407,438,439,484,497,498,637,634,636,765,888,912,1050,1053,1135,1136,1137,1138,1135,1136,1137,1424,1425,1565,1642,1642,1643,1643,1650,1742,1851,1855,1927
h102,h7,1019,1019,51,73,113,114,115,150,312,313,314,315,316,432,433,434,449,474,577,580,581,592,630,776,792,968,992,993,993,1107,1111,1110,1138,1137,1192
h127,h21,1066,1066,20,21,22,24,26,28
h10,h30,1053,1053,50,351,400,442,447,450,451,491,492,493,494,655,656,752,753,755,756,757,754,797,895,896,898,918,919,920,1113,1131,1424,1426,1524,1545
h32,h21,1070,1070,6,7,8,9,10,11,12,13,14,136,137,138,137,181,183,210,214,215,216,221,222,224,245,246,249,247,307,337,345,541,542,544,546,547,547,576,583,1210,1244,1353,1415,1416,1569,1570,1571,1574,1575,1576,1577,1755,1793,1794,1797,1801,1802,1967,1970,1971,1971,1973,2239,2240,2280,2281,2282
h128,h21,1018,1018,96,124,168,170,170,168,169,170,171,182,184,185,234,238,507,508,509,511,550,566,567,570,571,593,609,613,615,794,946,1160,1161,1162,1559,1647,1648,1808,1808,1809,1810,1965,1998,2001,2135,2139,2259,2418,2420,2422,2960,3075,3076,4133,4761
h70,h23,1022,1022,129,350,352,528,530,531,532,762,807,805,957,958,1053,1411,1439,1635,1636,1650,1736,1738,1838,1840,1841,1905,1970,2190,2347,2389,2418,2419,2468,3827,3969,4113,4114
h99,h3,1075,1075,13,14,4,8,9,10,194,295,296
h30,h14,360,360,894,895,934,973,974,1012,1017,1160,1199,1200,1384,1385,1386,1384,1385,1387,1388,1566,1570,1585,1586,1585,1586,1630,1680,1823,2199,2495,2614,2615,2779,2782,2782,2783,2968,3081,3647,4051,4052,4053,4318,4319,4415
h114,h25,978,978,166,167,174,176,259,283,284,296,377,378,379,382,415,414,416,417,418,453,455,458,458,459,461,462,465,702,704,708,715,716,749,794,799,894,897,898,899,938,939,1091,1090,1096,1097,1132,1181,1184,1190,1191,1191,1213,1217,1218,1222,1223,1445,1446,1447,1712,1713,1714,1715,1718,1881,1883,1882,2035,2037,2038,2459,3480,3481
h95,h25,1077,1077,24,25,26,27,28,29,30,39
h51,h22,1076,1076,17,18,19,26,28,31,32
h104,h31,999,999,180,182,516,514,515,518,519,701,702,859,860,861,862,861,862,879,1017,1020,1022,1023
h17,h7,271,271,833,1026,1120,1121,1300,1339,1340,1346,1366,1477,1480,1477,1478,1480,1479,1480,1481,1490,1491,1845,1944,1989,1989,1992,2087,2260,2261,2262,2468,2470,2477,2724,2733,3136,3137,3247,3250,3251,3251,3367,3368,3369,3371,3373,3544,3545,3550,3805,3956
h35,h13,531,531,494,547,596,621,622,691,694,746,747,749,747,903,960,1010,1037,1051,1052,1053,1172,1179,1182,1183,1311,1311,1312,1315,1344,1431,1522,1817,1819,1925,1943
h51,h25,908,908,347,348,349,350,351,365,366,368,367,365,366,369,371,370,380,439,440,441,442,441,443,444,464,465,593,594,595,646,647,648,695,698,701,699,700,701,702,703,764,765,783,843,844,848,845,846,1023,1027,1118,1119,1373,1474,1528
h48,h22,1079,1079,14,38,39,40,259,265,315,924,928,927,926,925
h76,h22,1052,1052,127,801,802,805,806,818,818,819,829,830,949,951,950,951,952,953
h8,h21,1083,1083,28,29,77,152,157,156,266,298,299,300,301,302,302,303,345,348,349,428,429,430,564,777,952,968,972,971,973,1025,1033,1058,1059,1110,1111,1449,1773,1774,1816,1983,1983,1984,1985,1987,2196,2675,2677,2675,2676
h128,h3,922,922,314,379,544,545,546,547,573,636,637,645,665,666,725,728,726,727,727,913,1040,1041,1059,1059,1060,1194,1197,1364,1365,1591,1606,1882,2203,2336,2337,3166,3165,3794,3795,4279,4516,4517,4534,4537,5366,5382,6108,6806,9500,11561,11568,13173,15604,15611,15612,17092
h10,h3,993,993,281,286,287,293,413,416,417,418,438,439,457,520,522,535,536,684,685,693,696,700,703,704,978,982,1123,1124,1207,1208,1217,1373,1374,1437,1840,2253,2254,2514,2515,2516,2767,2768
h46,h6,598,598,427,594,729,739,763,767,768,767,768,843,887,888,889,891,893,894,895,896,894,895,895,1005,1008,1009,1008,1034,1236,1236,1237,1379,1485
h105,h12,1091,1091,12,14,18,18,19,20,21,24,106,183,184,185,187,188,189,241,283,284,286,303,304,394,395,394,398,469,582,668,842,1043,1044,1648,1816,1952
h2,h26,1094,1094,6,11,13,13
h48,h32,1089,1089,19,20,21,22,23,24,84,144,145,247,248,303,304,305,340,434,436,482,483,484,485,486,495,541,545,566,583,731,731,732,856,858,859,861,861,874,875,876,1114,1125,1126,1128,1272,1273,1404,1405,1460,1727,1762,1790,1803,1892,1897,2006,2008,2198,2544,3003
h135,h32,1092,1092,1,2,3,4,5,6,7,8,9,10,11,12,97,103,104,149,274,275,276,277,278,329,330,331,330,347,390,554,554,557,588,589,919,1080,1081,1153,1193,1194,1232,1233,1234,1521,1522,1712,1718,1747,1866,2608,2620,2828,2829,3168,3171,3171,3596
h139,h32,1065,1065,73,74,75,73,74,75,129,130,129,130,132,134,135,185,196,235,236,259,277,278,409,427,444,685,686,688,705,870,871,1003,1006,1199,1637,1638,1639,1644,1840
h124,h22,1095,1095,10,11,9,13,16,23,24,24,25,62,63
h35,h23,933,933,477,485,518,521,723,724,725,729,730,952,953,976,1172,1173,1174,1175,1178,1179,1205,1243,1244,1268,1271,1277,1297,1315,1316,1320,1390,1391,1392,1503,1608,1720,1722,1724,1725,2092,2187,2188,2296,2298,2299,2300,3055,3092,3093
h120,h22,1096,1096,7,13,12,18,20,19,20,36,37,38,41
h111,h19,1113,1113,1,2,3,3,4,7,8,11,219,221,249,302,311,312,314,315,428,830,845,846,849,1254,1352,1623,1767
h30,h19,1105,1105,69,70,74,77,121,122,123,124,502,506,518,519,565,576,580,608,609
h19,h29,1115,1115,4,12,14,29,30,31,33
h143,h25,1111,1111,15,16,17,90,91,97,98,233,265,266,268,269,270,579,581,582,592,593,603,604,603,642,643,644,645,678,680,750,753,757,855,931,933,1138,1150,1150,1206,1282,1338,1390,1655,2028,2032,2030,2264,2265,2267,2266,2269,2286,2287,2288,2289,2405,2406,2407,2408,2410,2414,2416,2670,2671,2829,2951,2954,2955,3127,3129,3152,3437,3580,3581,3582
h29,h27,1037,1037,553,554,620,623,624,626,627,628,653,654,655,719,821,869,870,888,889,903,948,949,953,988,989,1121,1344,1346,1352,1354,1429,1777,1782,2001,2003
h90,h27,1114,1114,5,6,36,36,41,119,206,209,298,378,561,575,669,735,838,1216,1402,2180,2181,2440,2604,3032,3033
h40,h27,1081,1081,123,157,159,162,163,163,164,282,283,284,410,411,412,410,411,414,421,422,475,476,479,480,726,847,850,1040,1043,1045,1046,1054,1055,1102,1102,1103,1148,1149,1150,1151,1152,1204,1219,1220,1482
h63,h19,545,545,196,210,211
h72,h10,1086,1086,72,333,334,389,400,429,429,430,431,442,507,561,562,569,633,646,647,647,742,743,1073,1074,1075,1298,1687,1701,1710,2904
h98,h25,57,57,236,237,238,326,339,340,375,376,409,789
h83,h17,1023,1023,269,279,380,611,612,650,653,666,668,669,726,766,768,871,872,874,876,878,875
h45,h7,1126,1126,7,12,13
h101,h26,1125,1125,12,261,262,442,462,491,492
h38,h11,1124,1124,14,46,47,48,48,75,140,142,143,143,144,152,157,158,171,172,173,336,398,409,410,410,461,461,462,510,513,514,531,532,645,657,659,775,824,962,964,1067,1178,1274,1486,1564,1564,1568,1569,1625,1635,1833,1859,1860,2166,3328,3331,3334
h125,h11,1123,1123,15,16,17,18,19,20,58,63,96,97,99,100,170,171,172,173,174,177,177,192,193,371,372,373,404,408,409,463,464,642,643,645,784,786,787,785,786,787,788,789,790,800,806,807,808,1019,1221,1223
h141,h28,1127,1127,11,23
h63,h32,1129,1129,2,13,14,4,7,4,5,7,6,7
h3,h29,1131,1131,0,6,9,12,13
h122,h26,1133,1133,1,6,7,30,35,42,40,41,126,127,128,129,130,127,128,162,163,168,169,170,172,251,354,380,381,382,400,421,423,457,565,567,595,624,626,749,748,758,759,974,982,983,984,989,1025
h117,h28,1031,1031,299,303,302,476,477,496,497,518,595,825,830,828,829,829,828,865,864,870,933,1173,1413,1414,1415,2076,2073,2075,2118,2134,2306,2312,2311
h19,h23,1136,1136,14
h137,h15,1140,1140,7,8,2,9,3,4,11,13,15,16,8,9,16,8,9,10
h127,h28,433,433,582
h133,h29,1001,1001,120,203,204,213,431
h49,h9,998,998,229,331,352,446,495,497,500,500,501,503,505,583,803,804,805,971,972,1006,1008,1009,1048,1049,1137,1138,1154,1156,1157,1159,1160,1263,1309,1328,1332,1333,1332,1681,1682,1756,1765,1766,1767,1770,1840,1840,1842,1986,2069,2201,2202,2203,2204,2430
h110,h5,1134,1134,16,18,20,15,68,69,71,71,81,81,96,98,130,131,162,177,376,377,393,515,522,532,561,562,678,685,703,704,726,725,738,864,986,1053
h109,h9,538,538,96,246,434,437,438,500,570,571
h25,h13,1135,1135,18,218,309,310,311,312,313,345,347,394,395,396,397,398,425,427,428,436,438,439,545,544,565,566,567,568,596,598,598,609,610,868,869,874,1014,1015,1043,1044,1132,1156,1157,1231
h131,h15,631,631,53
h93,h27,1132,1132,48,50,240,241,311,312,589,587,588,588,587,589,589,591,603,618,721,745,762,766,788,787,790,791,806,841,852,898,899,910
h46,h18,1162,1162,1,12,4,11,93
h68,h13,977,977,292,293,403,405,472,471,568,569,572,584,594,598,597,599,600,620,619,639,640,638,850,894,894,895,898,899,900,906,1078,1080,1210,1234,1371,1373,1374,1375,1378,1540,1542,1697,1839,1841,1842,1843,1856,1854,1855,1858,1861,1858,1859,1863,1863,2027,2329,2701,2702,2703,5057,5056
h134,h13,1160,1160,23
h28,h23,487,487,447,448,501,502
h54,h23,1156,1156,14,15,147
h126,h27,981,981,87
h31,h15,1130,1130,38,39,43,158
h16,h26,1163,1163,6,7,11,68,72
h114,h8,988,988,223,222,225,227,237,286,281,282,283,285,287,288,356,357,358,359,384,433,435,435,436,437,517,517,660,772,776,956,1091,1092,1092,1095,1096,1095,1096,1113,1114,1261,1349,1534,1538,1805,1804,1808,1809,2231,2310
h79,h8,1172,1172,15,17,18,19,35,37,56,57,58,186,188,189,309,383,386,388,749,755,829,990,1023
h90,h13,1176,1176,25,33,456,457,458,468,469,579,580,586,620,625,627,627,629,648,654,655,674,675,677,689,694,695,716,720,719,721,726,727,727,729,736,736,741,759,760,868,916,970,973,1246,1246,1251,1497,1715,1716,1727,1728,1729,1729,1730,1731,2938,3592,3593,4074,4076,5934,6900
h57,h5,910,910,594,600,628,635,633,634,643,643,644,752,753,754,755,756,754,837,906,1178,1184,1185,1230,1345,1346,1507,2047,2049,2160,2160,2161,2162
h28,h13,1067,1067,183,269,356,360,380,383,384,408,413,428,443,444,443,481,485,487,487,518,560,561,562,717,721,723,724,724,726,799,822,823,840,841,874,882,1024,1123,1126,1127,1126,1152,1164,1189,1268,1270,1269,1488,1492,1582,1900,1901,1975,1976,2094,2182,2192,2196,2197,3262,3263,5394
h95,h8,1173,1173,8,9,11,12,13,14
h125,h14,1078,1078,225,372,375,376,437,438,442,439,440,569,641,643,647,662,663,748,749,750,751,873,873,948,953,955,1046,1103
h30,h29,1181,1181,28
h131,h3,1179,1179,17,18,19
h77,h3,62,62,456
h95,h13,516,516,159,206,254,260
h3,h3,1182,1182,12,13,14,63,64,65,66,67
h71,h3,33,33,689,821,898
h96,h11,1189,1189,13,14,17,25,29,31,32
h65,h6,1194,1194,4,7,13,10,9,175
h40,h15,1193,1193,12,50,51,71,84,85,86,220,252,253,357,431,433,431,432,482,483,483,721,977,979,1133,1195,1199,1200,1199,1203,1220,1264,1267,2299,2348,2349,2350,2351,2354,2713,3471
h86,h3,1203,1203,12
h75,h10,1204,1204,10,13,14
h24,h10,1166,1166,118,121,309,327,330,509,526,750,757,1068,1120,1122,1123,1124,1301,1824,2140,2187,2413,2420,2432,2433
h15,h6,1051,1051,544,1023,1024,1025,1026,1027,1028,1028,1030,1050,1053,1092,1093,1094,1109,1110,1109,1110,1114,1115,1116,1125,1126,1128,1130,1129,1130,1131,1144,1145,1148,1148,1149,1149,1150,1157,1158,1157,1664,1666,1667,1750,1751,1752,1753,1750,1751,1754,1755,1755,1756,1759,1813
h48,h32,1210,1210,0,1,2,3,4,8,7,10,12,9,12,14
h26,h15,1196,1196,23,91,92,94,102,100,101,105,591,592,685,686,687,687,747,755,877,879,1021,1041,1077,1078,1080,1081,1082,1343,1346,1346,1345,1347,1349,1417,1418,1494,1837,1838,1841,1842,1843,2426
h88,h15,1119,1119,186,242,243,244,257,278,279,280,298,312,313,471,504,506,506,524,550,551,741,808,809,916,930,959,1049,1065,1070,1295,1453,1496,1551,1552,1556,1667,1927
h35,h26,1207,1207,12,13,15,19,20,21,16,18,19,20,22,23,20,23,24,146,257,301,334,368,369,370,408,612,613,644,645,651,651,652,653,714,797,798,799,817,818,819,850,989,991,992,1000,1002,1003,1001,1067,1074,1070,1072,1071,1278,1279,1280,3075,3618
h54,h17,1208,1208,11,12,13,14,15,17,22,23,21,22,30,32,136,137,140,169,170,173,175,178,223,224,318,326,655,660,662,658,659,679,680,794,951,952,1140,1147,1148,1179,1180,1182,1183,1184,1185,1232,1239,1240,1351,1367,1710,2193,2349,2804,2806,2804,2808,2860,3082,3101,3104,3105,3505,3518,3536
h53,h25,1214,1214,1,2,3,6,7,8,10,12,13,7,11,12,13
h12,h10,1202,1202,14
h11,h32,1206,1206,6,7,8,9,10,11,12,13,14,73,74,75,185,189,185,186,187,188,187,191,225,389,481,482,894,1190,1193,1194,1210,1215,1580,1582,1697,1699,1700,1762,1763,1765,1763,1764,1887,2210,2546
h43,h3,853,853,62
h9,h26,1168,1168,17,115,116,192,353,378,379,380
h72,h22,1088,1088,265
h60,h22,741,741,525,585
h5,h22,1201,1201,27,28,78
h2,h12,676,676,665,824,868,901,902
h72,h4,182,182,294,295,713
h108,h17,1229,1229,26,27,28,30
h77,h1,1211,1211,29,35,34,37,463,464,466,467,573,571,572,593,664,723,759,761,806,890,891,889,892,1032,1754,1793,1912,1913,2425,2468,2818,2817,2823
h139,h17,1225,1225,16,17,18,19,20,80,158,161,368,369,370,398,399,400,402,436,435,438,504,575,630,631,733,817,818,821,824,825,826,838,840,842,844,1021,1192,1336,1358,1382,1386,1387,1508,1565,1688,1687,1725,1884,2047,2048,2049,2353,2351,2352,2354,2355,2613,2618,2615,2617,2616,2617,2618
h83,h17,1226,1226,7,8,92,120,146,147,151,156,189,295,295,297,298,299,301,302,313,476,477,478,512,539,590,617,619,902,908,1201,1202,1204,1207,1458,1703,1872,2151,2861,3070
h23,h29,1174,1174,264,265,305,636,638,639,696,776,876,878,925,928
h47,h29,1012,1012,179
h15,h14,1240,1240,11
h129,h14,1238,1238,7,8,9,10,11,12,13,14,11,16,17,19,23,32,34,36,37,38,40,40,164,184,185,186,188,186,186,187,236,264,310,311,417,418,830,831,1153,1703,1707,1708,1817,2198,2199,2478,2751,3860,4374,6773,8625
h39,h14,1199,1199,75,76,81,83,188,189,196,192,195,449,451,453,455,456,455,457,455,456,455,456,579,757,760,762,858,863,921,923,923,922,1057,1056,1284,1285,1281,1282,1283,1284,1355,1508,1509,1508,1509,1654,1684,2055,2555,2556,2917,2918,3102,3106,3105,3109,3650,3695,3696,3698,3697,5673,6525,6526,7735,12184
h42,h7,1213,1213,14,575
h50,h21,1243,1243,27,30,36,37,38,41,39,41,45
h131,h31,1248,1248,21,22,23,25
h143,h21,1239,1239,15,16,17,18,19,20,21,22,48,49,251,264,291,337,445,447,555,556,557,559,591,701,720,827,915,917,973,974,975,1184,1409,1673,1722,1932,2044,2204,2204,2282,2457,2530,2654,2805,3301,3305,3695,4113,4113,4114
h143,h3,1242,1242,67,71,74
h103,h7,1251,1251,48
h2,h4,1219,1219,133,200,201,203,227,228,229,286,289,294,436,437,606,607,628,629,630,630,631,632,635,636,1127,1183,1212,1264,1266,1275,1340,1342,1343,1344,1353,1387
h48,h24,1261,1261,11,12,14
h129,h7,1256,1256,11,12,13,14,49,69
h30,h19,1264,1264,22,30,32,33
h76,h24,1245,1245,47,48,49,50,52,53,54,58,59,60,80,81,323,421,423,424,482,483,485,486,487,487,487,488,490,491,492,587,594,594,595,620,621,622,777,778,779,878,879,882,958,959,962,963,972,973,995,997,998,998,999,1215,1216,1596,1604,1843,2281,2282,2340,5048
h70,h26,1262,1262,19,25,26
h128,h18,1233,1233,99,100,101,104,105,145,146,147,148,146,147,148,146,147,242,243,242,244,450,451,453,472,473,775,776,777,777,795,902,902,905,904,904,905,906,904,1050,1054,1110,1271,1272,1427,1660,1664,1664,1918,2003,3025,3610,3879
h80,h25,1267,1267,4
h5,h26,1269,1269,1
h40,h27,1247,1247,13,14,283,284,285,284
h113,h17,1236,1236,20,21,193,278,366
h6,h17,42,42,304,304,305
h143,h9,1271,1271,7,8,11,18
h1,h5,1272,1272,17,18,24,19,20
h72,h25,1218,1218,50,58,58
h45,h14,1274,1274,14,16,23,26,27
h75,h13,1277,1277,8,9
h117,h25,1266,1266,13,14,15,16
h125,h14,1253,1253,89,351,350,354,412,419,547,550,547,550,549,551,693,719,720,720,763,764,923,926,1103,1125,1515,1623,1624,1625,1837,1834,1835,1948,2430,2433,2436,2435,2439,2439,2948
h20,h20,1294,1294,10,11,13,14,23
h142,h9,1297,1297,4,5,11,12,12,34
h114,h2,1291,1291,30
h126,h1,1171,1171,202,258,286,376,377,378,379,380,382,661,662,661,662,745,746,747,750,905,906,908,908,909,953,954
h54,h11,1293,1293,11,12,13,121
h62,h15,1280,1280,27,60,141,142,143,144,145,158,210,211,212,213,434
h76,h15,1295,1295,11,112,113,112,112
h52,h13,1305,1305,16,17,23,24,25,29,30
h1,h11,1307,1307,30,31,32
h52,h8,1310,1310,2
h69,h31,1311,1311,10,12,13
h35,h13,1232,1232,84,85,86,95,165,166,173,170,174,287,292,309,362,364,392,393,394,395,395,509,511,512,513,514,515,582,586,651,691,846,848,849,850,877,981,982,983,1045,1046,1049,1143,1143,1144,1250,1367
h41,h31,1292,1292,25,101,102,101
h12,h31,677,677,409
h46,h30,322,322,533,619,620,621,622,654,736
h9,h8,1317,1317,11,12,13,14,616
h50,h12,1337,1337,2,3,5,0,1,7,8,9,10,11,11,13
h42,h21,1335,1335,10,14
h84,h3,1285,1285,154,155,158,157,210,211,212,216,216,221,222,239,262,259,260,261,288,289,372,373,376,374,375,376,723,720,721,723,725,945,946,950,1202,1219,1311,1321,1337,1458
h51,h3,1334,1334,3,6,14,11,10,18,28,29,30,31,71,73,94,116,117,117,118,119,121,122,123,136,138,231,259,593,648,658,666,673,701,702,911,1040,1222,1362,1363,1463,1474,1577,1578,1605,2782
h9,h25,1270,1270,311,312,313,316,317,319,369,654,652,653,661,662,676,678,719,741,760,761,759,761,764,763,766,768,769,800,799,843,847,848,852,862,893,896,895,899,900,958,1028,1044,1043,1088,1089,1202,1243,1242,1244,1242,1243,1244,1245,1246,1492,1493,1495,1492,1494,1495,1495,1496,1497,1496,1634,1636
h111,h3,1257,1257,123,124,125,126,123,124,125,138,160,161,163,164,215,219,228,229,231,235,487,490,491,505,506,505,668,738,739,842,1196
h29,h12,1338,1338,11,8,9,10,12,19,10,9,12,27
h17,h4,1339,1339,6,7,36,37,38,39
h92,h2,239,239,673,674
h85,h25,1308,1308,139,140,142,143,145,146,171,182,183,184,183,184,185,213,214,215,216,217,216,217,218,218,219,223,265,266,267,449,450,452,453,477,482,483,560,561,560,566,567,568,687,719,720,746,826,928,930,930,930,931,1079,1089,1090,1091,1089,1091,1093,1098,1100,1101,1102,1103,1324,1575
h40,h3,1340,1340,1,3,4,5,6
h25,h12,1278,1278,150,154,153,177,179,205,214,220,227,260,261,262,434,491,492,496,495,497,501,501,502,681,719,720,725,828,831,831,845,846,847
h5,h32,1303,1303,71,72,74,75,131,132,133,132,356,368,370,371,398,511,577,654,817,820
h125,h5,1342,1342,6,7,10,11,20,21,22,28,29,37
h16,h17,162,162,536,568
h25,h22,1349,1349,10,11,13,14,15,16,17,17,19
h127,h23,1348,1348,10
h84,h21,611,611,202,355
h121,h30,1354,1354,29,134,168,174,244,244,245,318,372,406,406,491,493,496,585,588,660,663,661,813,841,845,863,862,869,1039,1041,1052,1075,1343,1343,1346,1345,1755,1758,2049,2051,2050,2322,2321,2327,2510,2712,3342,3341,3345,4063,4201,4202,4203
h33,h1,1364,1364,6,9,11,61,118,119,120,167,432,435,437,438,545,547,692,696,964,965,966,1101,1171,1431,1542,2098,3158,3854,4246
h43,h23,1371,1371,2,3,16,3,4,7,10
h4,h23,1372,1372,5,7,10,9,5,6,9,11,12,38,35,36,37
h20,h3,1369,1369,18,17,24,25,19,23,24,28,29
h65,h21,1344,1344,83,84,85,86,87,87,88,89,110,314,315,319,316,317,343,357,358,412,545,546,586,741,743,858,862,916,927,931,1056,1057,1056,1113,1203,1204,1497,1498,1534,1536,1766,1883,1884
h88,h23,1155,1155,90,113,239,240,516
h16,h23,1061,1061,184
h60,h6,1374,1374,6,150,159,160,194,195,194,196,196,197,198,198,199,200,442,446,447,446,447,789,1014,1059,1237,1239,1251,1386,1388,1386,1387,1389,1861
h107,h10,1376,1376,22,24
h129,h32,1377,1377,26,28,29,30,31,32,33,37,38,41,35,36,40,41,44,41,42,43,44,45,41,45
h55,h18,1300,1300,299,303,308,327,328,520,522,541,638,640,640,641,642,641,668,670,677,678,680,681,681,703,706,830,1168,1170,1170,1171,1170,1172,1171,1179,1180
h31,h18,1375,1375,41,43,44,45,141,142,143,144,147,590,593,595,595,596,849,911,1103,1104,1143,1166,1167,1168,1215,1364,1366,1367,1371,1372,1373,1373,1375,1376,1460,1468,2239,2571,2628,2629,2683,2825,2826,2828,2829,3934,5535
h102,h19,1325,1325,149,386,390,396,516,613,617,662,674,826,825,913,966,1008,1012,1115,1180,1213,1657
h130,h32,1380,1380,4,5,6,7,8,9,10,11,12,14,10,11,12,243,243,247,269,270,271,272,272,311,342,415,416,440,453,454,455,594,616,748,765,889,892,926,1112,1175,1180,1188,1212,1233,1234,1234,1235,1234
h52,h20,1383,1383,21,23,24,29,38
h17,h2,1326,1326,108,114,190,195,196,324,325,325,326,327,328,330,331,332,333,335,336,399,400,402,403,501,503,763,811,972,1435,1628,1629,1630,1631,2000,2000,2405,2638,2885,3006,3324,3325,3328,3329,3412,3413,3871,4453
h102,h32,1379,1379,2,3,4,5,6,7,55,364
h19,h5,1315,1315,104,105,107,216,218,219,219,254,323,323,326,327,343,345,346,344,345,582,830,851,1470,1471,1472,1473,1891,1892
h120,h10,1386,1386,18,32,33
h62,h13,1322,1322,118,119,120,118,271,274,309,310,365,368,369,416,421,423,424,471,477,504,508,509,513,540,541,543,709,710,720,723,764,765,767,766,766,767,770,773,801
h61,h17,1385,1385,16,15,17,49,56,62,61,63,87,89,93,94,95,160,167,166,225,229,230,240,241,242,324,605,658,679,680,681,744,745,744,746,747,760,1005,1007,1039,1116,1213,1473,1474,1554,1556,1840,1892
h121,h15,1370,1370,13,14,89
h49,h17,1388,1388,9,10,11,12,13,14
h67,h26,1396,1396,2,3,173,176,294,295,296,297,298,380,565,610,613,614,615,645,652,689,870,1029,1083,1086,1089,1115,1253
h51,h18,1404,1404,1,8,11,13,14,7,15,17,23
h11,h28,1150,1150,455,456,797,798,812,813,815,875,878,909,910,911,912,1110,1134,1135,1136,1139,1140,1386,1387,1386,1389,1394,1764,1765,1767,1768,1769,1891,1893,1893,1911,1912,1914,1927,1928,1930,1931,2034,2336,2486,2719,2723,3011,3013,3188,3189
h131,h28,1215,1215,328,400,401,402,403,421,418,420,422,444,446,704,727,732,765,783,782,783,782,785,827,1001,1003,1005,1006,1007,1006,1181,1266,1269,1292,1293,1441,1561,1764,1855,1856,1858,2566,2566,2567,2568,2570,2571
h85,h28,1363,1363,74,109,130,140,139,146,234,232,233,237,317,423,425,428,429,485,687,688,690,693,694,695,736,737,739,741,742,922,924,926,1133,1134,1149,1302,1460,2972,3124,3124,3125
h112,h21,1378,1378,51,54,53,54,205,230,245,306,305,307,485,489,490,490,622,833,836,956,1053,1084,1085,1178,1206,1279,1280,1483,1862,1863,2010,2116,2116,2117,2351
h106,h21,1406,1406,2
h42,h31,1324,1324,248,506,507,508,589,613,614,615,771,772,773,775,777,779,782,812,1008,1009
h60,h12,1387,1387,100,104,104,105,104,266,264,265,267,291,292,293,297,363,383,384,388,419,420,425,586,587,614,613,618,619,620,621,625,628,629,627,669,670,671,675,760,761,881,882,883,901,904,905,907,918,1335,1343,1342,1357,1358,1363
h133,h12,1397,1397,46,47,53,55,124,140,242,256,282,286,288,291,288,289,292,291,302,301,303,304,305,648,651,680,882,892,1205,1206,1374,1695
h42,h12,1360,1360,116,225,226,235,238,239,261,265,284,286,411,424,424,427,523,541,781,783,798,891,1067,1068,1500,1502,1523,1605,1756,1884,1888,1986,1987,2030,2053,2232,2233,2266,2518,2521
h144,h12,1411,1411,5,6,8,11,12,11,9,10,79,95,188,202,203,219,447,535,534,585,587,621,621,622,661,741,918
h89,h28,1230,1230,329,330,331,706,714,725,727,821,954,1066,1068,1069,1070,1071,1074,1076,1076,1078,1102,1103,1106,1272,1633,1635,1637,1649,1714,1719,1773,1774,1778,1949,1950,1951,2378,2381,2489,2638,2982,3873,5558
h31,h32,1416,1416,16,17,20,21,22,23,25,27,28,29,30,30,31,32
h73,h30,1417,1417,2
h76,h28,1401,1401,13,14,154,327,344
h45,h28,926,926,475
h88,h28,1169,1169,68,68,689
h80,h32,1286,1286,41,63,64,65,122,138
h101,h25,1428,1428,0,1,2,3,6,5,7
h66,h25,1424,1424,25,26,30,36
h55,h8,1414,1414,48,55,62,167,168,167,176,247,250,248,249,265,266,271,473,483,490,515,538,539,538,650,937,942,944,944,945,958,956,1236,1248,1537,1536,1538,1539,1674,1675,1675,1676,1771,1775,2024,2487,2488,2997,7368
h141,h25,1429,1429,15
h137,h6,1433,1433,6,3,9,14,282,283,528
h70,h11,1427,1427,12,17,18,50,51,52,54,55,56,52,54,55,56,129,158,211,393,408,409,464,465,466,514,516,514,537,538,538,539,541,542,689,785,972,973,974,1100,1258,1962,1966,2126,2126,2128,2242,2243,2244,2638,2643
h90,h4,1346,1346,197,196,199,200,201,202,203,218,238,245,246,248,332,333,390,391,440,441,451,465,558,559,650,667,683,1016,1017,1065,1268,2406
h38,h3,1447,1447,24,25,26,27,28,30
h70,h21,1425,1425,66,67,68,69,120,358,371,374,375,399,454,467,469,656,657,660,720,722,733,734,737,866,870,967,968,970,972,973,974,975,978,979,1148,1347,1423,1427,1425,1426,1427,1600,1600,1601,1737,1959,2003
h22,h30,1435,1435,29,87,89,92,96,117,117,120,121,122,126,127,152,153,159,385,429,435,436,436,622,623,629,633,635,640,642,643,644,899,950,1175,1176,1177,1178,1215,1216,1217,1271,1271,1273,1274,1275,1278,1278,1283,1285,1283,1284,1286,1287,1290,1290,1301,1452,2078,2079,2080,2518,2591,4027,4292
h144,h30,1453,1453,7,9,43
h113,h26,1451,1451,21,32,36,37,38
h69,h13,1412,1412,43,56,57,90,92,94,94,95,111,112,328,329,330,337,376,410,412,435,456,456,457,463,464,464,465,484,500,666,695,713,720,841,1356,1357,1358,1558,1561,1563,1574,1576,1577,1579,1581,1582,1600,1601,1698,1848,2006,2129
h96,h2,1454,1454,11,12,13,14
h46,h21,1290,1290,60,345,378
h2,h17,1439,1439,70,71,78,126,127,128,129,144,162,322,329,331,332,333,336,338,338,339,340,416,603,604,605,614,616,617,617,622,738,901,902,923,924,971,992,1117,1121,1170,1388,1389,1390,1391,1392,1464,1599,1598,1799,1801,1800,1802,1905
h102,h3,1458,1458,2,3,4,5
h87,h22,1441,1441,40,41,42,45,523,2004,2081
h128,h30,1153,1153,49
h32,h5,1455,1455,14,22
h119,h12,1438,1438,3,4,5,11,12,62,68,69,70,180,181
h39,h4,1459,1459,0,7,11,14,194,199,200,196,197,337,346,339,340,342,463,464,471,474,475,467,473,481,715,960,961,983,1238,1239,1240,1386,1667,1673
h20,h14,1446,1446,12,13,21
h119,h22,1426,1426,4,13,14
h134,h17,1461,1461,9,10,11,12,13,20,22,10,11
h97,h11,996,996,91,210
h105,h26,1462,1462,13,14,60,75,76,93,94,95,95,96,96,270,650,651,653,668,671,672,674,675,733,734,749,766,768,774,794,796,1015,1017,1171,1238,1240,1242,1634,2272,2353,2539,2541
h2,h26,1466,1466,4,5,6,7,99,100,155,156,183,181,185,184,194,205,207,208,272,277,278,333,364,390,486,487,494,497,496,546,558,559,558,571,572,711,834,836,837,1028,1029,1031,1199,1251,2070,2254,2806
h40,h1,1467,1467,48,52,53,54
h115,h1,1398,1398,168,169,170,171,172,173,169,170,173,171,172,222,221,315,390,437,463,697,700,707,761,760,762,763,895,962,988,1817,2625,2792,2794,2917,2963
h100,h23,1469,1469,10,9,107,108,124,276,277,283,286,299,300,309,310,310,514,536,540,686,700,701,702,725,726,725,726,974,975,972,973,974,1023,1204,1247,1249,1253,1335,1452,1451,1581,1660,1660,1661
h14,h21,1472,1472,1,12,13,14,5,6,44,45,46,45,47
h137,h23,1430,1430,130,129,130,131,245,270,271,272,274,273,404,409,417,418,1043,1216,1217,1244,1243,1245,1246,1491,1488,1489,1490,1491,1494,1493,1494,1713,1841,2113,2270,3159
h25,h13,1476,1476,1,5,6,8,3,5
h56,h10,1408,1408,97,100,100,140,151,161,232,233,233,379,380,380,943,955,1183,1194,1198
h45,h3,1475,1475,9,10,13,14,15,14,102,104,105,120,121,122,194,195,196,197,440,441,443,443,444,455,456,456,457,457,459,717,720,1443,1445,2069
h4,h11,1480,1480,13,15,16,22,33,42,43,47,48,43,44,45,46,50,73
h24,h18,1477,1477,14,17,45,46,47,122,131,132,171,172,174,225,322,323,323,392,424,425,473,475,866,867,868,869,874,877,879,881,885,886,1091,1283,1303,1303,1517,1559,1862,1863,2479,2480,2480
h93,h10,1478,1478,10,11,13,15,16,13
h134,h21,739,739,133,146,147,148,182,183,184,185
h17,h29,1471,1471,5,10,12
h131,h8,1488,1488,22,24,28,44,45,49
h109,h27,1463,1463,140,145,137,139,141,143,144,146,225,317,330,331,330,522,523,529,559,560,559,561,712,710,814,814,816,1029,1122,1145,1172,1266,1269,1442,1444
h30,h32,1448,1448,122,123,239,240,241,242,567,637,660,662,700,704,711,711,942,948,949,950,974,975,1006,1322,1330,1331,1332,1426,1430,1431,1453,1483,1517,1518,1518,1522,1525,1526,2159,2160,2380,2381,2600,2901,2938,2939,2945,2946,2955,2960,2964,2966
h126,h16,1494,1494,1,3,4,14
h48,h16,1036,1036,1012,1013,1015,1016,1019,1060,1539,1540,1541,1542,1567,1568,1597,1598,2007,2213,2303,2305,2408,2641
h72,h24,1465,1465,117,119,123,133,134,135,134,135,156,157,158,159,371,448,449,450,451,503,504,507,509,508,508,509,514,515,543,560,561,562,587,709,710,919,1112,1201,1378,1520,1636,1642,1859,1974,2886,3584
h15,h19,1301,1301,406,433,434,435,527,528,717,849,852,1185,1186
h45,h27,1479,1479,49,50,51,52,57,58,59,60,93,265,266,319,733,876,884,924,1262,1276,1346,1391,1771,1772,1850,1852
h13,h16,1259,1259,1083,1084,1175,1176,1181,1554,1555,1556,1566,1580,1581,1665,1666,1667,1671,1680,1681,1690,1691
h6,h7,1492,1492,9,10,11,12,13,14
h71,h13,1497,1497,6,16,10,11,12,13,14,16,17,15,16,18
h105,h24,1499,1499,4,2,3,4,7,85,207
h83,h24,1275,1275,86
h124,h13,1223,1223,282,282,283,307,308,310,414,464,466,467,468,468,502,507,546,598,601,603,728,763,972,973,975,977,1004,1174,1239,1389,1390,1872,1899,1900,1916,2086,2087,2098,2439,2441,2457,2458,2623,3181,3182,3316,3626,3627,3631,5540
h76,h2,1500,1500,6
h40,h10,1496,1496,19,263,315,359,360,388,391,388,389,390,452,468,522,523,572,575,576,590,875,885,904,1348,1349,1445,1557,1580,1599,1603
h70,h10,1341,1341,211,380,648,649,842,851,852,846,902,905,906,909,919,916,918,920,922,991,1310,1622,1623,1646,2503,2514,2515
h94,h2,1487,1487,13,65,66,237,263,319,317
h38,h2,1384,1384,140,141
h94,h2,492,492,317,377,378,467,468,467,468,492,493
h138,h21,1510,1510,25,28,46,47,51,50
h133,h17,1508,1508,0,1,2,4,5,11,12,13,183,184
h144,h31,1356,1356,374,375,703,704,705,706,707,769,770,771,772,934,948,949,963,1043,1096,1169,1173,1256,1507,1605,2244,2255,2479,2625,2950,2953,3671,6656,9544
h79,h31,1474,1474,101,217,534,535,536,536,539,540,1386,1391,1833,4955,6578,7765,7820,7821,8664,8720,9302,9534
h68,h31,1490,1490,91,92,98,97,149,164,200,202,207,778,782,790,852,4339,4340,4848,6038,6037
h110,h25,1514,1514,11,12,14
h29,h21,1241,1241,373,375
h105,h9,1519,1519,10,11,12,13,14,19,18
h58,h14,1521,1521,2,3,4,10,13,6,7,11,12,12,15,16,64,84,86,88,91,142,142,646,647,649,752,785,1027,1185,1189,1191,1192,1192,1192,1298
h56,h14,1445,1445,142,302,303,304,318,319,334,431,433,461,464,463,468,467,515,517,515,516,519,699,700,701,717,733,734,733,803,805,804,857,964
h97,h5,1522,1522,10,11,12,66,142,143,185,241,372,386,452,711,712,731,802,932,960,1152,1245,1441,1516,1518,1974,2092,2897,2898,2915,2916,3509,5559,6689,8306,8648,10353,10740,10744,12189,14178,16191,16192
h28,h23,1531,1531,4,5,9,10,11,15,11,16,56,57,74,112,115,117,118,138,182,242,246,247,292,296,297,1303,1304,1309,1310,1311,1330,1331,1333,1334,2051,2131,2132,2320,2321,2533,2537,2538,2539,2871,2878
h97,h7,1515,1515,12,13,14,41,42,128,364
h79,h30,1443,1443,186,297,300,301,310,309,310,309,519,521,610,608,609,611,726,746,835,834,926,927,928,1092,1092,1094,1095,1099,1099,1100,1101,1109,1266,1271,1267,1266,1282,1281
h95,h17,1529,1529,6,11,14,21,23,22,23,24,44,45,48,185,186,199,200,399,402,403,438,537,784,784,785,952,955,964,965,971,1310,1389,1429,1725,2016,2018,2252,2254,2252,2253,2254,2256,2257,2382,2391,2517,2518,2520,3065
h69,h20,860,860,244
h101,h20,1513,1513,14
h140,h20,106,106,369,418
h83,h20,1044,1044,125,126
h81,h23,1527,1527,9,11,12
h107,h22,1544,1544,5
h59,h20,1542,1542,17,26,28,29,30
h105,h30,253,253,475,476
h48,h20,1530,1530,31,100,158
h110,h4,1553,1553,11,97,194,195,262,438,440,445,444,444,442,443,445,455,454,514,594,634,632,633,636,650,653,705,953,970,1249,1277,1280,1296,1297
h1,h6,1450,1450,456,492,493,495,496,498,580,581,582,583,586,585,589,590,591,1188,1195,1198,1197,1198,1200,1201,1206,1211,1213,1214,1215,1218,1223,1231,1745,1750,1748,1750,1756,1769,2116,2117,2141,2142,2143,2151,2191
h47,h13,1554,1554,13,14,25,28,111,112,113,112,113,113,143,147,148,188,194,195,194,196,248,249,367,368,369,370,371,377,450,559,561,561,563,581,586,720,721,721,724,725,726,729,730,729,732,733,1176,1570,1571,1781,1861,1957,1958,1959,2040,2041,2044,2165,2168
h17,h9,1546,1546,10,11,79,201,234,250,251,260,271,597
h72,h6,1556,1556,3,61,62,122,144,336
h10,h26,1567,1567,11,13,14,22,24,21
h115,h8,1564,1564,12,13,9,10,11,14,36,96,97,177
h115,h3,1565,1565,15,18,19,20,42,73,132,292,696,700,721,724,788,789,856,860,882,1384,1393,1394,1486,1486,1487,1501,1539,1559,1649,1651,1658,1659,1995,2098,2580,2581,3787,3921,4693
h81,h25,1571,1571,0,1,2,3,4,8,10,11,10,11,12,13,14,19,20,21,34,35,151,152,246,246,247,312,313,314,386,389,387,388,440,656,659,957,984,985,1396,1397,1399,1401
h116,h8,1572,1572,3,5,7,8
h42,h24,1573,1573,13,81,83,84,85,138,399,402,414,440,441,469,471,474,476,530,612,615,616,634,663,817,818,889,1200,1201,1200,1862,1863,2174
h43,h9,1484,1484,159,160,162,163,166,167,168,168,212,213,276,276,281,282,283,358,357,359,360,361,367,421,463,464,552,574,575,580,580,581,585,596,599,597,596,763,808,809,810,811,811,812,813,813,815,818,831,844,1008,1007,1009,1011,1013,1033,1032,1032,1034,1035,1036,1035,1036,1039,1039,1040,1041,1244,1246
h12,h9,1585,1585,13,14,590
h131,h19,1588,1588,8,9,13,18,20,22
h144,h19,1587,1587,16,15,21,23,22
h34,h21,1586,1586,32,36,37,38,41
h106,h7,1581,1581,43,60,114,117,144,145,178,179,180,290,294,293,296,296,296,297,298,372,789,813,814,816,815,1108,1552,1579,1582,1590,1591,1594,1618,1761,1771,1769,1770,1771,2468,2469,2796,2797,2798,2798,2798,2799,2801,4208
h2,h19,1592,1592,7,11,14
h4,h25,1590,1590,19
h31,h10,1593,1593,10,11,12,13,75
h141,h2,1595,1595,13,84,384
h85,h14,1537,1537,229,237,284,300,316,323,346,345,364,375,387,388,392,479,482,483,712,728,729,885,889,890,1051,1144,1149
h99,h14,1594,1594,9,10,11,12,16,16,17,18,19,35,36,37,36,37,180,181,304,358,359,452,453,456,487,554,555,560,1206,1207,1357,1545,1558,1560,1559,1690,2012,2261,2781,3134,3262,3485,3486,3491,3681,8545
h143,h5,1584,1584,10,11,12,13
h33,h23,1609,1609,5
h132,h31,1306,1306,169
h130,h13,1613,1613,1,0,2,3,5,6,7,9,10
h18,h13,1612,1612,16,17,19,24,30,25,26,27,30,31,32,35
h115,h21,1616,1616,2,4,5,3
h47,h21,1618,1618,1,4,6,9,11,12
h41,h30,1619,1619,2,5,4
h48,h30,160,160,587,585,586
h74,h15,1605,1605,48,49,50,56,57,65,81,82,122,173,249,250,340,459,644,644,847
h120,h8,1511,1511,241,242,273,320,321,322,335,336,438,439,440,515,516,517,535,537,584,586,633,680,793,794,813,815,832,843,1101,1223,1224,1228,1230,1231,1232,1251,1256,1258,1262,1277,1451,1453,1577,1579
h2,h30,1617,1617,19,20
h59,h24,1614,1614,1,2,8,9,10,11,13,26
h74,h2,1526,1526,58,110
h32,h9,1631,1631,19,30,41,118,119,120,121,122,123,125,127,127,128,294,295,296,320,321,390,412,414,450,451,473,474,597,602,604,604,605,609,610,628,628,629,638,639,640,641,642,641,714,716,717,717,810,811,811,812,909,913,914,1117,1515,1514,1915
h106,h19,1634,1634,10,11,12,11,12,13,15,16,170,208,214,232,1184,1198,1206,1207,1653,1805,1979,2535
h49,h19,1620,1620,12,19,142
h127,h16,1628,1628,10,11
h88,h16,755,755,513
h22,h19,1330,1330,83,325,326,327
h1,h12,1639,1639,21,24,27,28,22,23,34,38,39
h15,h8,1640,1640,10,13,16,305,311,313,348,353,354,417,418,419,420,422,455,459,462,463,479,480,481,704,707,745,748,750,808,817,1178,1178,1183,1184,1185,1186,1212,1238,1242,1243,1800,1825,1828,1828,1831,1832,2290,2446,2447,2452,2833
h91,h7,1642,1642,11,14,11,12
h70,h8,1591,1591,62,139,141,208,210,210,211,211,221,328,385,784,785,786,914,1016,1017,1124,1126,1362,1366,1574,1679,1845,2036,7137,7138,7605
h30,h4,1643,1643,4,7,15,16,7,8,11,12,8,10,16,44,75,76,203,220,447,1006,1007,1007,1026,1340
h26,h31,1575,1575,72,259
h73,h9,1635,1635,49,50,51,52
h68,h4,1648,1648,11,13
h27,h14,1625,1625,117,118,254,255,286,287,426,427,431,432,588,589,873,874,875,876,877,923,1040,1043,1044
h106,h14,1633,1633,36,37,38,39,40,42,43,52,53,54,81,82,99,109,110,109,111,457,699,702,789,832,896,900,912,1129,1131,1133,1380,1382,1436,1759,1895,1910,1911,2349,2765,2766,2765,2766,2767,3215,3595
h130,h6,1647,1647,11,14,133,144,145,147,148,149,189,191,192,195,196,197,197,197,201,202,522,523,524,525,527,528,522,523,525,527,529,529,531,532,549,811,816,815,816,817,819,820,821,903,1513,1515,1830,2042
h141,h26,1106,1106,271,379,412,565,595,773,774
h10,h12,1644,1644,3,4,5,6,7,8,9,11,12,13
h7,h13,1652,1652,9,11,12,14,188,349,350,351
h92,h13,1139,1139,109,110,118,176,193,362
h23,h13,1555,1555,56,227,228,229,254
h23,h18,1149,1149,547,548,549
h32,h17,1641,1641,100,101,102,114,269,270,276,366,397,472,496,497,530,531,532,539,540,541,547,602,605,876,877,946,947,1151,1152,1195,1197,1198,1214,1262,1265,1266,1277,1509,1513,1512,1513,1539,2008,2009,2010,2020,2024,2390,2391,2392,2390,2391,2669,2672,2673,2928,2931,2932,3212,3448,3770,3771,3772,3773,3781,3800,3801,3802,3831
h31,h32,1421,1421,338,338
h83,h1,1569,1569,50,169,200,297,298,296,674
h144,h1,1630,1630,12,13,325
h58,h2,1668,1668,18,19,25,26
h43,h31,1661,1661,25
h7,h2,1671,1671,14,31,32,33,34,40,41,53,69,73,79,80,82,90,92,95,100,103,110,111,114,114,605,611,679,685,694,950,953,953,955,1303,1304,1305,1356,1358,1359,1361,1641,1879,1889,2310,2542,2548,2554
h87,h28,1681,1681,11,12,13,14,29,30,33,31,32,51,56,87,88,94,278,304,313,387,392,461,501,503,504,505,507,508,509,511,510,539,540,552,1273
h118,h28,1646,1646,80,81,85,94,170,175,176,177,322,510,513,586,893,894
h113,h12,1687,1687,9
h12,h2,1689,1689,29,37
h14,h6,1688,1688,42,109,113,114,115,120,121,123,133,136,137,138,141,142,143,148,149,149,150,151,153,154,157,158,160,161,734,1458,1462,1497,1502,1503,1502,1503,2311,2401,2574,2576,2576,2579,2590,2591,2619,2631
h41,h24,1692,1692,11,12,13,14,10,37
h69,h24,1651,1651,86,89,90,100,101,145,148,149,150,151,292,298,299,347,351,352,390,391,395,397,438,451,455,480,540,543,542,545,558,704,705,785,786,787,834,895,1015,1204,1205,1425,1428,1860,1895,1896,2224,3056
h86,h24,1673,1673,48,56,57,58,59,144,163,222,227,228,229,230,269,309,310,361,362,363,366,367,367,404,426,488,935,939,940,942,943,956,957,958,1062
h94,h21,1684,1684,45,79,80,81,80,79,130,129,138,139,175,283,284,285,406,736,741,761,762,919,954,955,1052,1053,1054,1154,1156,1327,1324,1325,1328,1329,1332,1333,1333,1690,1692,1768,1768,1769
h22,h24,1361,1361,298,517,578
h52,h12,1695,1695,9,11,13,16,17,19,22,24
h123,h4,1697,1697,2,3,4,6,8,9,11,12,13,14,16,22,36,38,40,56
h116,h11,1528,1528,100,99,145,181,179,180,193,194,372,486,596,597
h135,h3,1657,1657,224,292,294,295,382,384,745,746,749,750,751,749,750,751,752,906
h143,h11,1700,1700,2,3,4,5,15,4,11
h74,h2,1701,1701,13,10,11,15,16,88,116,117,134,149,154,156,155,378,395,402,399,400,401,407,517,518,516,698,700,699,701,725,729,730,731,822,1062,1063,1061,1220,1338,1341,1435,1433,1434,1553,1608,1953,1951,1952,1955,2072,2076,3158
h129,h11,1702,1702,8,9,10,11,12,13,14,13,14,15,22,23
h81,h11,1696,1696,13,14,135,154
h63,h14,380,380,378,379,392,406
h125,h29,1709,1709,0,1,2,6,7,9,10,2,3,4,9
h59,h29,1707,1707,0,1,6,10,11,12,13,14,387,443,443,687,694,689,690,691,691,883,887,888,1028,1028,1783,1784,1884,2157,2171,2208,2266,2267,2381,2551,4517,4522,4523,4525
h64,h18,1638,1638,191,343,344,343,345,345,347,348,347,351,391,391,392,397,398,415,413,544,545,543,544,633,634,641,642,642,727,792,819
h76,h13,1670,1670,41,42,40,46,105
h2,h26,1716,1716,1,2,3,8,10,11,12,13,14
h144,h24,1727,1727,0,1,11,155,156,168,170,173,174,193,197,198,198,200,205,206,223,368,403,548,548,694,779,779,850,912,1518,1522
h32,h30,1718,1718,28,32,33,34,69,109,110,111,118,119,120,187,188,255,463,633,634,685,687,762,771,773,793,801,843,877,899,1067,1145,1179,1230,1474,1475,2198,2199
h70,h26,1677,1677,39
h128,h14,1741,1741,7,13
h84,h14,1737,1737,33
h116,h12,1742,1742,23,27,33,32,39,40,41
h69,h3,1736,1736,25,26,37,39,40,161,165,380,422,423,424,635,792,793,904,1066,1069,1121,1163,1351,1354,1358,1629,1738,1739
h5,h11,1750,1750,11,12,16,17,20,23,28,31,33,34,35,30,46
h121,h7,799,799,175
h24,h11,1748,1748,7,8,9,10,11,12,13,9,10,12,13,149,153,154,155,156,180,404,453,454,458,459,469,470,469,470,471,514,515,568,595,596,825,826,829,828,836,842,1051
h139,h30,1752,1752,9
h135,h7,1753,1753,6,7,8,21,24
h36,h10,1654,1654,177,182,647,648,751,752,779,965,969,970,972,986,987,988,987,988,1494,1498
h144,h30,1175,1175,197
h113,h8,1732,1732,48,58,100,103,168,169,170,237,253,492,493,845,945,958,961,1013,1014,1097,1290,1291,1477,1478,1479,1480,1481,1490,1618,1621,1902,1905,1907,2091,2095,2095,2096
h67,h9,352,352,254,261,279,345,344,362,360,361,620
h31,h1,1761,1761,4,7,9,14,13,17,19,19
h70,h13,1525,1525,118,145,146,279,550,550,550,806
h32,h13,1763,1763,5
h51,h3,1757,1757,12,13,12,13,14,15,41,43,100,104,105,105,106,107,123,124,125,152,235,572,763
h30,h6,1558,1558,118
h8,h6,1304,1304,457,581
h140,h6,724,724,272,350,445,497,727
h97,h31,1762,1762,15,202,208,209,206,593,624,652,653,655,701,705,1233,1234,1235,1267
h51,h3,1440,1440,221
h69,h15,720,720,308
h4,h10,1764,1764,2,3,4,6,7,12,13
h66,h19,1759,1759,13,14,63,63
h96,h31,1769,1769,9,12,13,17,20,24
h97,h14,1780,1780,13,15,16,177,178,179,188,196,198,199,212,217,231,235,237,236,339,349,350,352,446,465,467,648,652,653,657,837,838,1020,1023,1673,2216,2217,2399,2506,2507,3009,3212,15653
h48,h30,1778,1778,43,44,119,125,123,124,153,167,246,249,307,308,311,307,308,309,310,312,435,453,455,457,782,783,887,1019
h103,h23,1682,1682,396,410,551,645,647,646,719,737,751,834,835,836,1465,1477,1757,1758,1880,2131,2152,2263
h118,h31,1699,1699,185,186,187,188,219,612,615,616,666
h41,h26,1790,1790,4,5,32
h134,h9,1786,1786,35,36,44,45,46,57,61,67,70,72,75,76
h26,h31,1789,1789,3,7,10,11,12,22
h115,h31,1690,1690,26
h46,h9,1791,1791,6,7,9,10,11,12,13,14,42,43,89,91,160,161,254,255,260,259,282,308,401,410,411,446,463,467,478,479,480,673,675,718,720,724,724,737,864,880,904,1235,1237,1242,1239,1240,1242,1475,1479,1917,2499,2610,2772,2876,2877
h135,h2,1793,1793,13,7,8,13,14,62,63
h15,h8,1798,1798,1,4,8
h83,h4,1799,1799,18
h134,h6,1765,1765,21,119,127,128
h64,h28,1739,1739,138,144,212,214,222,223,223,419,422,431,473,474,474,578,770,938,942,968,1007,1008,1038,1057,1152,1181,1308,1310,1311,1312,1313,1314,1399,1628,1629,1630,1631,1633,1635,1830,2026,2536,2791
h113,h25,1792,1792,31,32,150,151,195,196,197,199,199,387,388,389,392,395,396,433,434,466,495,496,498,500,512,514,517,518,842,888,889,890,891,1031,1032,1034,1204,1205,1206,1215,1303,1305,1307,1311,1535,1537,1690,1693,1808
h37,h25,1807,1807,3,5,10,5,6,70,82,281,281,389,390,389,390,459,460,888
h30,h24,1775,1775,134,145,167,168,188,194,268,269,279,411,454,455,469,472,473,476,478,480,528,622,623,624,622,623,624,624,625,626,746,751,1032,1034,1197,1198,1199,1563
h43,h19,1658,1658,64,86,87,88,220
h113,h28,1777,1777,7,8,233
h58,h9,1805,1805,22,23,29,29,30,83,84,82,85,108,109,110,133,134,186,187,200,201,201,202,216,371,426,453,458,461,462,572,583,584,592,591,640,645,755,757,758,758,761,762,766,767,766,767,768,894,997,998,999,1007,1062,1120,1121,1209,1579
h59,h12,1813,1813,10,24,25
h100,h24,1815,1815,14,18,19,24,25,26,27
h119,h24,1817,1817,3,5,7,8,13,15,16
h114,h2,1818,1818,13,14,15,12,12,13,14,15
h125,h22,1812,1812,16,293,361,773,1088,1159
h98,h16,1814,1814,26,27,40
h50,h16,1819,1819,4,5,9,19,20,21,22,33,64,70,74,97,117,562
h43,h5,1721,1721,210,211,216,210,213,385,410,432,563,642,834,960,963,1058,1190,1221,1330,1422,1423,1539
h42,h7,1816,1816,27
h51,h2,1796,1796,24,433,434,435
h56,h2,862,862,322,323,325,432
h54,h6,1367,1367,144,187,186,205
h42,h22,1660,1660,506,506,507,508,521,625,624
h26,h12,1679,1679,89
h102,h28,1758,1758,88,87,228,227,253
h132,h19,1831,1831,5,6,7,8,9,12,13,14
h90,h28,1827,1827,15,16,21,24,25,29
h55,h27,1832,1832,3
h46,h28,1829,1829,7,21,58,59,132,324,325,326,326,327,489,519,520,521,1608,1738,2006,2008
h43,h24,1835,1835,3,4
h30,h8,1833,1833,21,22,27,29,24,28,31
h112,h13,1836,1836,14,16,20,16,54,55,56,59,62,89,92,305,306,355,356,371,374,519,520,521,731,733,736,821,822,919,921,923,924
h59,h12,1839,1839,13,28,42,43
h17,h15,1842,1842,7,8,19,83,84,106,111,112,223,224,223,225,227,226,261,261,262,264,494,496,495,498,499,498,500,576,576,646,645,921,934,1094,1190,1191,1465,1468,1467,1578,2277,2464
h64,h23,1810,1810,97,205,283,285,295,297,431,432,447,806,976,979,976,978
h115,h23,1838,1838,17,193,193,194,202,301,396,428,429,602,603,766,765,1008,1080,1092,1430,1429,1433,1553,1554,1555,2176,2477,2478,2568
h14,h7,1773,1773,90,271
h142,h27,1843,1843,6,7,27,31,47,74,119,136,170,175,202,356,389,390,412,445,599,1119,1131,1282,1286,1387,1724,1935,2022,2024,2030,2313,2563
h141,h12,1845,1845,13,14
h26,h15,1849,1849,15
h46,h14,736,736,236
h84,h9,1860,1860,7,8,9,10,5,6,13,14,11,10,12,15,23,24,24,25
h58,h9,1859,1859,13,14,21,16,23,20,27
h25,h17,1865,1865,5
h97,h27,1864,1864,2,3,11,12,9
h143,h25,557,557,769,793
h53,h25,1678,1678,54
h134,h25,1653,1653,66,114,115,116,325,339
h49,h25,1287,1287,139,139,141,152,153,231,232
h126,h30,1866,1866,10,13
h133,h9,1854,1854,15,16,17,18,19,20,31,76,78,76,79,80,122,123,124,139,141,188,189,227,285,305,306,310,387,547,565,567,570,570,704,716,717,806,810,825,955,956,957,958,1125,1333,1335,1510,1618
h37,h17,1857,1857,19,20,21,44,45,58,61,61,62,233,233,234,465,479,480,481,481,490,514,515,516,568,581,582,583,581,582,601,605,606,736,737,834,874,997,1161,1186,1250,1250,1252,1253,1254,1253,1346,1349,1360,1368,1370,1464,1552,1686
h94,h29,1868,1868,4,5,6,74,129,130,131,132,159,161,163,164,304,327,899,903,904,905,904,904,905,1176,1251,1252,1257,1258,1259,1461,1462,1467,1472,1472,1473,1497,1842,2016,2017,2223,4782,5507,5945
h97,h6,1867,1867,24,27,35
h73,h6,1871,1871,0,1,3,6,7,8,1,41,97,98,99,100,113,111,112,115,115,116,358,539,546,547,548,549,544,545,755,758,792,791,793,1030
h65,h25,1856,1856,9,10,11,12,13,14,37,38,39,106,261
h56,h12,1872,1872,9,10,11,13,14,12,13,87,88,89,90,132,208,384,384,386,387,547,548,552,707,727,728,804,1323,1351,2901,2902
h128,h6,1743,1743,31,32,92
h122,h9,1870,1870,24,61,62,85,88,111,121,122,224,229,253,255,372,387,392,405,474,475,508,509,514,514,521,523,587,601,655,656,656,775,909,964,980,1017,1104,1204,1333,1389,2493,2626
h85,h4,1851,1851,98,99,100,101,107,206,207,276,343,430,698,712,743,743,774,775,776,780,778,779,860,862,866,1057,1062
h113,h17,1878,1878,9,7,8,10,12,75,132,236,238,234,235,237,239,241,240,244,241,242,255,257,256,260,259,268,436,439,455,456,460,498,503,698,696,697,735,759,765,777,776,892,906,904,930,931,1073,1072,1167,1249,1446,1444,1445,1447,1446,1585,1584,1586,1588,1589,1635,1846,2031,2033,2034
h125,h20,1876,1876,47
h129,h14,1847,1847,49,48,88,204,203,257,256,263,282,285,284,435,445,444,470,572,577,612,728,1065,1094,1275,1291,1294,1502,1503,1500,1504,1798,1800,1982,1981,1986,1985,1986,2137,2141,2140,2334,2335,2338,2338,2337,7811
h6,h3,1879,1879,11,12,13,14
h71,h32,1881,1881,30
h110,h32,1840,1840,47,48,51,82,81,99,100,210,380,381,383,381,382,397,398,397,399,517,528,639,736,737,745,766,776,849,918,1003,1004,1219,1277,1771,1989,5596
h61,h18,1887,1887,1,2,3,6,32
h26,h17,1892,1892,18,22,23,25,26,29,30,48,48,49,50,51
h132,h9,1896,1896,17,18
h79,h32,1902,1902,11,13,14,18,19,20,21,22,31,44,99,272,276,405,411,412,424,425,438,439,439,508,681,857,860,894,916,973,1262,1369,1543,1698,1733,1749,1816,1818,1850,1851,1855,2104,2602,2607,2607,2606,2608
h42,h6,1186,1186,157,201,202,419
h141,h20,1855,1855,98,99,251,265,267,455,481,1777,1896
h56,h13,1894,1894,0,1,2,3,4,5,375
h48,h24,1888,1888,51,104,121,122,186,188,348,351,353,354,355,496,497,789,792,830,831,876,877,879,890,891,892,1003,1004
h79,h9,1906,1906,18,19,20,26,27,44,45,46,44,48
h127,h15,1828,1828,103,105,235,233,237,274,295,421,423,636,726,729,760,801,817,838,838,882,884,908,909,1109,1121,1124,1129,1211,1268,1388,1458,1613,1812,1813,4088,4403,5335
h123,h12,1908,1908,7,19,22
h118,h1,1907,1907,12,64,65,160,164,165,166,166,167,190,478,479,482,734,980,981,986,1120,1123
h143,h4,1909,1909,12,13,10,11
h61,h9,1875,1875,26,27,51,113,264,356,367,386
h32,h2,1897,1897,20,63,64,65,103
h108,h28,1895,1895,70,74,75,321
h39,h25,1911,1911,10,11,25,38,100,102,103,159,165,166,331,422,424,426,623,625,627,774,812,813,840,859,861,862,959,959,987,988,1064,1065,1227,1227,1228,1229,1229,1230,1342,1384,1428,1598,1601,1607,1982,2130,2317
h127,h12,1917,1917,50
h143,h5,1924,1924,20
h123,h12,1925,1925,0,1,2,34,35,36,282,283,286
h29,h7,1929,1929,5,7,11,12
h5,h22,1923,1923,43,44,83,86
h13,h16,1934,1934,9,12,16,17,19
h17,h11,1936,1936,2,3,4,4
h7,h16,1714,1714,376
h121,h31,1941,1941,2,4
h117,h25,1940,1940,8,9,16
h67,h19,1938,1938,5,4,56,85,93,96,361,363,713,715,714
h108,h26,1869,1869,162,163,164,183,184,187,197,309,312,320,358,359,360,363,364,365,365,366,564,568,702,728,824,1022,1023,1190,1554,1672,1682,1940,2177,2177,2178,2194,3680,3981,4017,4020,4512,4513
h121,h26,1942,1942,9,11,12
h10,h31,1932,1932,16,17,18
h55,h31,1935,1935,11,12,13,14
h19,h31,1804,1804,173,174
h36,h31,1943,1943,7,8,9,12
h17,h30,1945,1945,11,13,14,15,16,17,30,31,32,33,66,67,161,165,247,248,325,326,329,330,331,360,361,859,860,861,1100,1101,1146,1149,1150,1151,1153,1165,1166,1239,1242,1562,1563,1769,1769,1770,2098,2099,2103,2478,2479,2482
h56,h8,1913,1913,69,67,68,70,150,152,149,153,178,298,389,390,465,666,669,670,670,735,736,1041,1042,1044,1045,1378,1380,1382,1384,1391,1394,1565,1580,1698,1701,1702,1935,1938,2115,2114,2116,2118,2120,2119,2191,2193,2383,2384,2653,3207,3787
h132,h14,1948,1948,4,5,9,12,13,14,4,8,5,6,7,164,239,350,439,444,445,446,450,451,485,585,586,607,608,887,932,933,986,991,992,1075,1077,1267,1268
h20,h1,1949,1949,28,30
h33,h1,1955,1955,7,8
h138,h20,1953,1953,27,29
h127,h28,1954,1954,14,15,208,209,210,211,212,210,415,418,419,421,440,467,622,628,629,630,632,634,635,667,749,776,814,817,817,850,851,1144,1253,1254,1752,1753,2156,2158,2294,2737
h66,h28,1927,1927,61,62,63,62,63,64,65,142,246,250,253,252,253,264,318,319,320,322,569,1046,1070,1077,1106,1107,1204,1206,1207,1209,1533,1670,1793,1797,1962,1964,2083,2279,2280,2356,2357,2865,3125,3126,3132,3829
h76,h20,1937,1937,28,29,58,243,244,244,370,407,499,541,645,762,794,1297,1559,1794,2042,2043
h77,h12,1962,1962,12,13,14,64,68,70
h24,h2,1946,1946,64,65,66,67,68,75,95,96,97,99,100,177,246,248,295,320,413,414,416,548,599,600,765,963,968,982,1207,1379,1480,1854,1977,2264,2267
h72,h2,1883,1883,225,226,227,226,227,265,266,267,268,271,272,273,271,272,275,534,554,555,616,617,621,620,622,798,800,841,1384,1543,1625,1849,1850,1852,1977,1978,2490,2625,2663,2794,2795,2798,2800
h24,h20,1967,1967,17,19
h137,h26,1966,1966,1,8,9,10,8,11,165,175,193,202,203,203,325,326,356,359,797,925,1041,1155,1181,1182,1183
h19,h27,1957,1957,37,38,40,43,106,130,163,164,503,504,505,601,767,789,790,1189,1190,1194,1195,1541,1743,1895,2411,2441,2883,2884,2891,3478,3479,3649,3661,3927,3928,3929
h86,h23,1960,1960,8,9,12,13,14
h116,h21,1944,1944,71,88,94,111,112,160,290,439,505,528,531,773,842,1042,1141,1204,1346,1417,1419,1422,1423,1586,1628,1751,2609,2612
h103,h6,1970,1970,22,25
h135,h24,1971,1971,8,25,149,150,152,153,155,188,220,221,223,224,225,277,282,513,626,849,987,1018,1493,1494,1495,2200,2581
h112,h13,1965,1965,12,13,14,12,13,14,15
h14,h13,1862,1862,98
h87,h11,1968,1968,0,1,2,106,153
h11,h14,1698,1698,170
h86,h6,561,561,321,402,403,404,653
h29,h15,1781,1781,341,372,384,483,485,509,520,521,533,858,860,861
h68,h5,1939,1939,76,79,95,126,127,127,128,207,221,222,348,377,551,553,555,666,769,990,1009,1010,1009,1011,1172
h17,h21,1984,1984,10,11,13
h94,h3,1981,1981,4,5
h112,h15,1985,1985,3
h39,h3,1974,1974,64,68,69,70,71,96,107,211,216,548,549,552,553,572,573,574,1225,1230,1231,1439,1555,1832,2470,2992,2993,3017,3018,3820
h120,h21,1978,1978,20,21,22,26,86,87,88,86,87,319,329,329,417,424,726,727,782,784,879,880,901,902,959,960,1058,1059,1060,1168,1169,1326,1327,1344,1345,1346,1347,1345,1346,1419,2370,2372,2373,2371,2372,2373,2374,2377,2394,2396,2397,2398,3560,4367,4371
h71,h2,1989,1989,13,28,27,33,34,35
h143,h2,1993,1993,4
h100,h2,1997,1997,4,5,8,9,5,6,7,8,9,14
h87,h25,1982,1982,32,33,34,89,90,88,111,112,112,146,153,160,163,164,216,217,253,281,318,322,442,485,499,671,792,879,880,907,1036,1037,1038,1038,1174,1175,1187,1189,1399,2085,2276,2695,2696,2694,2796,2895
h125,h2,1994,1994,17,18,19
h104,h2,1998,1998,0,1,2,3,4,6,7,8,9,10,11,8,9,10
h93,h19,1999,1999,2,3,4,5,6,17,14
h4,h27,1983,1983,12,14
h9,h3,2007,2007,5,6,7,8,12,10,11,12,13
h119,h8,2006,2006,3,2,4,6,5,8,7,10,9,11,12,13,14,6
h44,h5,2002,2002,16,17,19,21,23,25,26
h51,h6,2000,2000,23,25,22,24,27,28,30,32,33,34,35,36,23,24,26,25,28,29,24,26,25
h11,h6,2003,2003,15,16,18,20,21,22,25,27,28,30
h104,h4,2005,2005,9,10,11,43,102,103,186,187,189,189,390,507,553,750,930,929,1107,1128,1145,1146,1220,1577
h143,h25,2004,2004,18,25,33
h70,h9,1988,1988,45,73,77,88,89,90,88,89,93,97,143,145,187,222,223,271,275,366,369,460,461,482,484,484,485,487,488,635,688,708,859,860,875,876,951,951,1180
h32,h24,2010,2010,12,13,35,36
h13,h24,1231,1231,146,270,271
h120,h5,2015,2015,0,1,2,5,6,10,52,105,107,151,178,244,252,279,280,322,343,354,355,431,487,488,545,553,1061,1157
h85,h25,1992,1992,42,99,97,98,170,173,209,210,288,289,290,309,310,313,313,314,375,374,379,408,499,545,544,684,686,736,765,766,767,1065,1067,1068,1069,1109,1168,1315,1381,1384,1385,1384,1387,2787,2788
h94,h9,1995,1995,40,72,75,72,73,74,81,84,149,222,225,227,225,226,250,338,339,345,441,629,654,659,660,763,770,771,770,771,785,789,1006,1183,1187,1493,1493,1681,1896,1899,1900,1900,1901,2007,2008,2007,2008,2010,2151
h76,h7,2019,2019,45,46,47,50,51,53,54,58,60
h51,h8,2027,2027,2
h3,h13,2028,2028,11,13,15
h134,h14,2024,2024,11,27,28,29,33,34,35,57,261,262,263,263,273,274,275,306,403,431,456,457,458,459,769,770,1010,1205,1366,1369,1515,1517,1667,1668,1667,1668,1670,1671,1859,1861,2136,2139,2140,2474,3081,5205,6754,7410,7413,11645
h111,h14,1964,1964,109,173,172,172,259,279,333,339,426,481,482,662,663,664,755,757,758,762,763,764,844,935,936,935,936,1119,1123,1132,1133,1136,1151,1150,1394,1736,1739,1927,1928,2945,3181,6717,6766,11591
h15,h20,2026,2026,17,22,29
h125,h14,2025,2025,6,7,49,98
h135,h26,2030,2030,0,1,67,68,198,201,249,336,400,409,428,452,586,595,596,623,680,794,796,996,1065
h31,h27,2029,2029,10,11,12,35,322,443,445,446,1005,1006
h97,h20,2012,2012,43,44,45,152,220,223,224,221,223,296,301,301,302,303,397,642,657,658,659,1151,1153,1410,1411,2070,2081,2440,2443,3395,3481,3489,3671,3905,4108,4320,4899,5248
h134,h8,2022,2022,11,13,11,12,14
h120,h26,1809,1809,138,382
h44,h9,2038,2038,1,3,5,7,2,3,9,11,12,13
h10,h4,2035,2035,17,18
h34,h15,1920,1920,178,188,190,268,342,402,466,512,537,537,538,904,906,1090,1094,1417,1451,1577,1697,1825,1964,2323,2337,2530,2532,2613,2738,3433,3435,3910,3911,3912,4437,4986,5333,5376
h70,h9,2034,2034,0,1,2,3,4,5,8,1,2,4,5,6,7,12,17,18,21,67,72,73,122,249,250,254,251,252,277,579,589,590,591,589,877,880,1151,1152,1157,1371,1401,1402,1401,1498,1518,1519,1523,1522,1932,1934,1935,1937,2018,2117,2119,2118,2459,2694,2696,2697,2715,2731,3044,3045,4684,6130
h122,h19,2032,2032,21,22,24
h54,h28,2016,2016,92,101,102,144,228,229,230,231,234,235,236,265,301,304,305,636,640,639,643,643,644,678,992,1021,1022,1023,1024,1023,1024,1040,1050,1419,1420,1592,1593,2377,2634,2635,2971,2972,3542,4736,4737,4738
h31,h17,2042,2042,2,9,10,11,12,13,14
h91,h23,1662,1662,190
h5,h23,2037,2037,10,11,87,195
h74,h25,2045,2045,10,11,12,13,14
h110,h10,2048,2048,15,16,17,19,23
h14,h12,2052,2052,5
h72,h12,2053,2053,2,3
h7,h10,2054,2054,8,9,10
h24,h12,1969,1969,26
h142,h12,2043,2043,6,62
h66,h32,2046,2046,20,20,51,52,119,120,120,410,470,523,531,532,585,610,611,718,725,726,811,812,983,1120,1199,1357,1534,1818
h138,h3,2047,2047,8,9,9,10,11
h109,h6,1779,1779,200,218,219
h116,h16,1473,1473,266
h72,h9,1331,1331,242,388,436,479,545
h55,h16,1921,1921,137
h128,h21,2061,2061,45
h61,h18,2068,2068,1,4,6,8,9,10,11,12,13,14,2,4,6,7,8,8,9,10
h61,h13,2051,2051,41,42,43,77,79,152,156,186,187,188,189,391,394,396,410,430,431,434,508,578,583,603,610,704,705,858,859,961,1080,1170,1181,1182,1238,1239,1240,1275,1336,1393,1708,1709,1709,2169,2393,2601,2714,2920,3071,3855,8221
h131,h10,2067,2067,10,11,8,9
h21,h18,2069,2069,3,4,9,14,269,320,382,383,384,861,866,870,910,912,956,1016,1148,1730,1731,1732,1748,1749,2070,2071,2287,2331,2336,2555,2765,2766,2767,3023,3024,3611,3922,3923,3932,4100,4103,4104
h112,h18,2031,2031,119,120,122,126,120,121,122,123,122,123,124,158,252,259,264,306,308,309,312,435,436,437,436,548,550,560,561,562,562,563,876,899,915,916,1015,1174,1325,1345,2155
h39,h30,2063,2063,16,18,64
h10,h16,1996,1996,367,374,943,957,958,959,981,1035,1084,1086,1089,1095,2031,2541
h137,h16,2055,2055,11,12,13,14,169
h18,h16,1919,1919,57
h40,h1,2059,2059,28,27,58,59
h80,h24,2077,2077,3,5,7,11,13,15,18
h139,h29,1905,1905,240,263,263,324,345,349,372,373,395,475,476,635,638,644,645,702,918,964,1035,1038,1058,1060,1111,1207,1335
h64,h32,2076,2076,8,14,10,20,243,304,323,325,325,464,674,675,697,697,805,805,806,1017,1030,1065,1065,1066,1300,1322,1390,1391,1391,1396,1487,1488
h75,h1,867,867,215
h39,h20,2041,2041,108,225,224,227,228,702,737,739,756,808
h109,h2,2084,2084,1,3,4,5,7,8,9,10,11,13,14,10,11,12
h97,h2,2080,2080,22,23,17,18,19,20,21,24,70,71,68,69,76,75,165,164,166,171,172,171,175,174,177,176,178,240,238,239,372,372,403,597,597,603,605,606,607,609,828,829,831,844,845
h73,h2,2078,2078,20,21,22,22,23,61,64,61,66,67,70,327,328,353,355,353,355,378,405,689,691,824,824,825,826,855,1127,1315
h92,h9,2090,2090,12,13,7,8,9,10,11
h143,h4,2091,2091,6,7,9,11,14
h114,h7,2082,2082,49,50,51,55,56,59,65,51,53,55,56,57,51,52,53,60,62,69,81,84
h4,h7,2094,2094,11,12,19,16,17,18,20,21,20,36,39
h28,h12,2092,2092,10,14,26,27,30,29,30,31,41,42,41,42,126,434,436,439,440,441,462,464,530,543,642,661,791,792,794,916,921,1031,1033,1035,1037,1038
h7,h23,2062,2062,120,330,329,336,365,436,449,448,856,860,861,862,1208,1209,1537,1540,1543,1537,1540,1539,1730,1731,1732,1736,1739,1740,1741,1776,1778,1852,1953,2085,2160,2729,3521,3522
h127,h28,1910,1910,91,92,226
h101,h28,2097,2097,10,15,16,17,31,32,33,41,42,42,44,46,47,48,54
h61,h23,2093,2093,23,24,26,27,200,202,203,204,206,215,437,563,573,575,578,579,768,769,1207,1214,1674,2709,2711
h115,h8,2101,2101,5
h141,h28,1667,1667,106
h62,h30,2103,2103,10,11,12,13,14
h39,h29,2087,2087,14
h128,h29,2083,2083,18,19,122
h57,h29,2039,2039,48,49,48,282
h124,h24,2102,2102,13,14,64,65,113,114,115,155,159,177,180,183,200,202,379,692,691,691,693,703,701,702,763,767,769,927,1620,1621,1788,2438,2439
h31,h13,2100,2100,21,21,23,53,54,55,56,56,57,57,57,100,143,145,147,148,264,405,531,536,559,576,579,580,718,719,720,719,720,721,735,846,942,983
h139,h30,2104,2104,3,4,5,6,66,70,71,67,68,69,70,71,79,90,148,155,188,191,265,278,297,299,300,324,348,359,361,362,362,450,451,624,627,628,629,657,716,717,718,834,835,965,1024,1073,1075,1210,1300,1405,1477,1478,1489,1573
h37,h17,2089,2089,41,83,86,162,164,178,238,290,323,323,330,344,360,480,485,487,531,693,695,740,740,743,838,838,839,838,915,1032,1033,1120,1233,1493,1768
h116,h2,2011,2011,63,64,62,62,63
h122,h7,2115,2115,7,11,15,16,49,50,123,124,123,124,125,129,202,714,863,1137,1310,1456,1476,1757,1955,1956,1957,2084,2099
h37,h1,2065,2065,106,397
h87,h9,2119,2119,7,8,9,11,13,14,7,9,12,14,15,40,44,45,46,43,67,89,93,89,91,91,190,201,207,208,318,349,600,612,613,746,799,799,800,910,911,1066,1070,1174,1175,1176,1177,1327,1328,1779
h120,h29,2116,2116,22,23,91,249,250,251,252,253,254,254,255,256,254,256,258,263,263,264,268,489,490,493,494,495,574,591,782,791,792,789,792,793,791,794,795,1321,1323,1541,1747,1748,1749,1819,2283,2445,2744,2745,2968,3302,3746,4256,4257
h40,h3,2118,2118,4,5,12,13,14
h114,h29,2108,2108,42,168,169,170,173,170,282,530,531,531,532,534,652,653,654,656,657,657,728,732,801,1232,1254,1376,1426,1823,2243,2245,2852
h51,h20,2122,2122,12
h101,h5,2085,2085,63,130,185,194,195,196,270,271,326,337,343,632,633,641,922,933,934,935,986,988,990,990,1065
h63,h15,2132,2132,4,5,6,7,8,9,10,11,12,13,14,50,51,52,144,163,175,194,195,196,337,339,340,386,399,400,546,758,774,885,1028,1029,1416,1417,1427,1991,2016,2017,2096,2390,2412,2413,2534,2535,5225,5224,6210
h61,h28,2141,2141,0,4,6,11,12,13,14,42
h36,h31,2138,2138,16,18,24,25,29
h103,h1,2124,2124,76,89,92,94,131,182,198,201,597,598,600,740,810,823,1235,1732,2297,2324,2976,3934,3935
h44,h2,2148,2148,18,22,23,25
h16,h11,2153,2153,19,20,21,22,23,28,29,30,32,33,39,57,340,471,476,495,496,497,502,506,509,523,525,924,955,1001,1231,1316,1318,1320,1324,1598,1599,1621,1663,1664,1778,2376,2554,2557,2570,2572,2574,3119,3120,3122,3124,3125,3301,3308,3483,3486,3986
h4,h12,2158,2158,5,9
h77,h6,2156,2156,6,7,7,9,9,10,9,12,13,14,15,16,16,16,17,331,333,333,334,333,334,334,335,338,356,650,651,651,652,653,1136,1399,1402,1404,1425,1949
h65,h27,2157,2157,8,9,10,11,12,24
h83,h27,2150,2150,22,23,24,26,191,335,401,503,519,521,1100,1152,1153,1218,1361,1615,1616,1955,1957,1958,2303,2304,2308,2309,2520,2956,3503
h132,h27,2081,2081,110,151,270,271,275,299,393,438,452,456,757,758,767,817,937,982,983,1451,1470,1807,2131
h59,h25,2162,2162,7,9,12,14,7,9,10,12,9
h87,h3,2151,2151,8,9,10
h58,h32,2163,2163,5
h103,h4,2147,2147,53,55,56,60,61,137,219,246,245,405,406,437,441,439,442,707,844,1020,1021,1295,1312,1316
h143,h17,2168,2168,13,14
h134,h32,2161,2161,13,15,16,138,234,235,320,334,335,336,338,350,352,354,407,408,637,638,641,641,648,671,679,686,725,933,934,1079,1080,1081,1102,1126,1127,1350,1351,1550,1553,2093,2094,2095,2097,2361,2361,2366,2369,2829,2829,2831,2846
h119,h4,2159,2159,11,12,13,14,256,257
h94,h4,2128,2128,25,54,151
h55,h30,2123,2123,154,156,161,179,197,196,199,206,212,214,295,298,370,371,372,373,372,373,408,540,539,645,646,656,674,673,689,687,688,688,687,1043,1048,1048,1256,1257,1259,1257,1256,1258,1263,1723,1721,1925,1928,2271,2270,2330,3051,3650
h27,h14,2173,2173,17,25,30
h94,h18,2111,2111,107,109,110,111,151,261,299,325,328,331,518,673,678,673,674,675,677,678,807,808,816,819,935,979,980,1363,1370,1638,1643,1638,1719,1720
h128,h14,2177,2177,0,1,2,7,7
h41,h8,2136,2136,107,106,109,106,108,109,261,331,335,336,337,410,432,603,606,918,920,920,922,923,1329,1356,1358,1360,1359,1362,1363,1550,1819,2120,2121,2122,2124,2125,2266
h116,h10,2178,2178,1,4,2,3,4,5
h77,h7,2176,2176,20,69,70,71,73,74,72,77,78,83,100,189,213,212,475,515,518,519,614,646,703,867,878,882,883,884,915,1092,1095,1514,1513,1684,1890,2344,2345,2342,2342,2346,2350,2353,2352,2350,2352,2351
h86,h16,2137,2137,97,98,139,142,831,847,984
h23,h24,2179,2179,24,25,43,44,46,48,143,147,151,623,628,629,632,636,637,775,834,1093,1232,1232,1743,1902,1917,1920,1921,1924
h142,h10,2164,2164,2,3
h84,h28,2188,2188,1,2,4,5,12,13,14,15,5,6,8,11,12,17,16,19,22
h68,h28,2186,2186,4,6,7,14,15,16,18,6,7,9,10,13,30
h14,h26,2183,2183,12,13,14,22,139,148,150,305,306,465,533,533,627,674,842,843,844,845,844,845,978,979,1087,1088,1129,1130,1235,1236,1237,2372
h101,h21,2189,2189,13,14,28
h47,h18,2187,2187,21,29,30
h45,h28,2190,2190,3,5,6,48,49,49,50,56,58,93,94,96,98,99,100,392,395,394,549,581,665,777,778,796,1703,1704,1709,1868,3046,3046,3275,4115,4296
h11,h26,2199,2199,1,3,4,7,9,11,13
h86,h24,1850,1850,151,152,153,158
h99,h2,2152,2152,202,203,205,254,254,259,260,261,263,307,311,519,520,520,526,547,548,549,554,553,886,994,1245,1246,1246,1247,1477,1585,1708,1722,1844,1844,1845,1846,1885,2405,2910,3390
h128,h30,2196,2196,21,22,23,69,70,96,251,252,253,314,320,326,327,340,354,355,356,415,416,724,748,749,934,938,939,942,969,970,969,1304,1468,1469,1691,1697,1691,1693,1694,1698,1699,1699,1876,1877,2088,2217
h75,h7,2201,2201,17,19,21,22,23,25,25
h107,h19,2202,2202,5
h126,h7,2182,2182,48,49,50,306,307,308,310,374,517,522,695,800,1007,1245,1362,1434,1595,1602,1885,1886,2648,3276,3280,3490,3492
h11,h19,2194,2194,26,50,53,207,208,211,213,214,215,217,1072
h9,h23,2064,2064,364,365,367,373,706,946,1017,1016,1124,1125,1126,1142,1146,1145,1217,1334,1335,1333,1424,1522,1523,1528,1559,1560,1559,1647,1648,1748,1883,2169
h18,h24,2206,2206,1,5
h59,h4,2207,2207,2,5,7,14,15,12,13,14,15,17,20
h108,h4,2208,2208,5,7,10,12
h22,h8,2209,2209,11,12,14
h91,h19,2210,2210,12,14,17
h32,h19,2213,2213,0,3,5
h69,h4,1403,1403,229
h131,h20,2216,2216,15,17,21,22
h47,h32,2204,2204,12,13,14,158
h13,h17,2218,2218,9,10,15,16,17,18,20,23,23,24,27,169,170,176,187,190,322,385,738,739,764,765,768,771,772,795,813,1014,1062,1062
h68,h9,2220,2220,3,5,11,13,2,7,9,10,12,14,59,58,61,102,104,136,139,173,176,217,218,219,249,250,252,262,265,267,270,283,284,284,285,286,288,289,290,332,334,335,331,336,337,355,355,357,357,358,478,479,477,480,481,479,480,510,506,507,508,509,510,510,509,513,514,632,633,633,635,638,639,640,791,790,792,795,897,898,1029,1030,1154
h13,h2,2170,2170,55,56
h29,h2,1858,1858,122,122,128,168,459,468
h67,h15,2225,2225,5,9,14,12
h104,h10,2217,2217,20,24
h10,h6,2185,2185,190,191,192,193,354,933,995,996,999,1000,1005,1011,1012,1016,1017,1018,1020,1060,1061,1062,1065,1066,1065,1072,1073,1082,1089,1690,1695
h138,h12,2195,2195,122,123,122,125,126,125,221,258,259,260,262,265,273,278,298,526,527,528,533,526,530,658,673,684,838,1018,1268,1272,1273,1274
h104,h10,2215,2215,12,14,144
h97,h8,2223,2223,10,11,14,101,124,311,314,312,313,329,385,437,694,761,764,882,949,962,1140,1142,1143,1144,1296,1430,1511
h49,h17,1903,1903,221
h136,h10,2229,2229,2,5,6,3
h18,h21,2239,2239,26,27,35,34,35,36,60,61
h94,h12,2237,2237,26
h96,h27,2238,2238,19,92,243,298,299,405,408,420,461,464,519,735,770,1128,1129,1235,1236,1237,1459,1460,1731,2083,2159,2556,2876
h100,h20,2244,2244,4,6,14
h130,h28,2234,2234,40,41,44,109,411,412,421,446,447,479,482,483,480,482,483,484,485,806,807,1020,1311,1398,1399,1408,1409,1614,1638,1639,1826,1827,2734,2735,2765,3054,3055
h87,h13,2247,2247,4
h27,h25,2248,2248,18,20,28,30,30,31,35
h85,h30,2252,2252,3,5,7,9,13,8,10,11,12
h9,h30,2251,2251,5
h10,h30,2245,2245,10,12,14,13,14,15
h121,h17,2240,2240,6,274
h109,h15,2255,2255,13,12,14,22,30
h1,h30,2224,2224,48,50,130,322,375,376,455,478,480,481,545,687,780,791,794,795,1014,1056,1108,1110,1197,1198,1400,2559
h60,h16,2172,2172,121,122,262,283,355,409,593,672,753,790,1026,1029,1067,1068,1128,1129,1130,1131,1502,1503,1508,1508,1691,2198
h21,h6,2257,2257,13,14,8,9,10,11,12
h94,h6,2256,2256,15,16,17
h121,h30,2146,2146,40,112
h133,h5,2096,2096,205,206,207,274,275,514,617,743,1013,1139,1427,1428,1493,1586
h68,h10,2261,2261,10,13,14,6,80,138,161,161,162,164,464,580,799,1067,1076
h66,h1,2260,2260,10,11,12,13,14,123,124,125,232,270,828
h61,h7,2253,2253,105,106,163,170,173,335,662,690,752,754,757,816,923,927,1099,1102,1115,1117,1118,1121,1408,2196,2197,2589,2743,2748,3773
h142,h31,2254,2254,62,93,514,515,516,517,722,723,1446,1447,1448,2628,3345,3347,4118
h124,h9,1951,1951,118,121
h105,h5,2166,2166,197,303,387,388,491,786,1682,1844,1845,1845,2012
h140,h11,1622,1622,223,441,497
h67,h11,1436,1436,313,524,583,605,725
h86,h16,2203,2203,264,266,267,271,275,282,283,1545
h144,h19,2236,2236,118,131,373,378,379,381,382,411,413,534,723,1501,1500
h27,h9,2098,2098,137,137,138,218,565
h41,h9,1659,1659,91,91
h29,h4,1491,1491,246,380
h107,h21,1749,1749,192
h87,h30,2231,2231,39,240
h71,h16,1610,1610,646
h66,h18,1980,1980,311,312
h43,h25,2121,2121,117,129,130,150,165,257
h18,h7,1033,1033,288,335,623
h57,h18,615,615,632
h68,h17,1931,1931,404,820
h131,h14,2250,2250,195,396
h133,h21,1452,1452,285
h14,h29,2120,2120,309,340
h78,h1,1886,1886,519
