t,i,dest_port,size
0,0,0,160
0,1,0,160
0,2,-1,-1
0,3,-1,-1
0,4,-1,-1
0,5,-1,-1
0,6,-1,-1
0,7,-1,-1
1,0,0,160
1,1,0,160
1,2,-1,-1
1,3,-1,-1
1,4,-1,-1
1,5,-1,-1
1,6,-1,-1
1,7,-1,-1
2,0,0,160
2,1,0,160
2,2,-1,-1
2,3,-1,-1
2,4,-1,-1
2,5,-1,-1
2,6,-1,-1
2,7,-1,-1
3,0,0,160
3,1,0,160
3,2,-1,-1
3,3,-1,-1
3,4,-1,-1
3,5,-1,-1
3,6,-1,-1
3,7,-1,-1
4,0,0,160
4,1,0,160
4,2,-1,-1
4,3,-1,-1
4,4,-1,-1
4,5,-1,-1
4,6,-1,-1
4,7,-1,-1
5,0,0,160
5,1,0,160
5,2,-1,-1
5,3,-1,-1
5,4,-1,-1
5,5,-1,-1
5,6,-1,-1
5,7,-1,-1
6,0,0,160
6,1,0,160
6,2,-1,-1
6,3,-1,-1
6,4,-1,-1
6,5,-1,-1
6,6,-1,-1
6,7,-1,-1
7,0,0,160
7,1,0,160
7,2,-1,-1
7,3,-1,-1
7,4,-1,-1
7,5,-1,-1
7,6,-1,-1
7,7,-1,-1
8,0,0,160
8,1,0,160
8,2,-1,-1
8,3,-1,-1
8,4,-1,-1
8,5,-1,-1
8,6,-1,-1
8,7,-1,-1
9,0,0,160
9,1,0,160
9,2,-1,-1
9,3,-1,-1
9,4,-1,-1
9,5,-1,-1
9,6,-1,-1
9,7,-1,-1
10,0,0,160
10,1,0,160
10,2,-1,-1
10,3,-1,-1
10,4,-1,-1
10,5,-1,-1
10,6,-1,-1
10,7,-1,-1
11,0,0,160
11,1,0,160
11,2,-1,-1
11,3,-1,-1
11,4,-1,-1
11,5,-1,-1
11,6,-1,-1
11,7,-1,-1
12,0,0,160
12,1,0,160
12,2,-1,-1
12,3,-1,-1
12,4,-1,-1
12,5,-1,-1
12,6,-1,-1
12,7,-1,-1
13,0,0,160
13,1,0,160
13,2,-1,-1
13,3,-1,-1
13,4,-1,-1
13,5,-1,-1
13,6,-1,-1
13,7,-1,-1
14,0,0,160
14,1,0,160
14,2,-1,-1
14,3,-1,-1
14,4,-1,-1
14,5,-1,-1
14,6,-1,-1
14,7,-1,-1
15,0,0,160
15,1,0,160
15,2,-1,-1
15,3,-1,-1
15,4,-1,-1
15,5,-1,-1
15,6,-1,-1
15,7,-1,-1
16,0,0,160
16,1,0,160
16,2,-1,-1
16,3,-1,-1
16,4,-1,-1
16,5,-1,-1
16,6,-1,-1
16,7,-1,-1
17,0,0,160
17,1,0,160
17,2,-1,-1
17,3,-1,-1
17,4,-1,-1
17,5,-1,-1
17,6,-1,-1
17,7,-1,-1
18,0,0,160
18,1,0,160
18,2,-1,-1
18,3,-1,-1
18,4,-1,-1
18,5,-1,-1
18,6,-1,-1
18,7,-1,-1
19,0,0,160
19,1,0,160
19,2,-1,-1
19,3,-1,-1
19,4,-1,-1
19,5,-1,-1
19,6,-1,-1
19,7,-1,-1
20,0,0,160
20,1,0,160
20,2,-1,-1
20,3,-1,-1
20,4,-1,-1
20,5,-1,-1
20,6,-1,-1
20,7,-1,-1
21,0,0,160
21,1,0,160
21,2,-1,-1
21,3,-1,-1
21,4,-1,-1
21,5,-1,-1
21,6,-1,-1
21,7,-1,-1
22,0,0,160
22,1,0,160
22,2,-1,-1
22,3,-1,-1
22,4,-1,-1
22,5,-1,-1
22,6,-1,-1
22,7,-1,-1
23,0,0,160
23,1,0,160
23,2,-1,-1
23,3,-1,-1
23,4,-1,-1
23,5,-1,-1
23,6,-1,-1
23,7,-1,-1
24,0,0,160
24,1,0,160
24,2,-1,-1
24,3,-1,-1
24,4,-1,-1
24,5,-1,-1
24,6,-1,-1
24,7,-1,-1
25,0,0,160
25,1,0,160
25,2,-1,-1
25,3,-1,-1
25,4,-1,-1
25,5,-1,-1
25,6,-1,-1
25,7,-1,-1
26,0,0,160
26,1,0,160
26,2,-1,-1
26,3,-1,-1
26,4,-1,-1
26,5,-1,-1
26,6,-1,-1
26,7,-1,-1
27,0,0,160
27,1,0,160
27,2,-1,-1
27,3,-1,-1
27,4,-1,-1
27,5,-1,-1
27,6,-1,-1
27,7,-1,-1
28,0,0,160
28,1,0,160
28,2,-1,-1
28,3,-1,-1
28,4,-1,-1
28,5,-1,-1
28,6,-1,-1
28,7,-1,-1
29,0,0,160
29,1,0,160
29,2,-1,-1
29,3,-1,-1
29,4,-1,-1
29,5,-1,-1
29,6,-1,-1
29,7,-1,-1
30,0,0,160
30,1,0,160
30,2,-1,-1
30,3,-1,-1
30,4,-1,-1
30,5,-1,-1
30,6,-1,-1
30,7,-1,-1
31,0,0,160
31,1,0,160
31,2,-1,-1
31,3,-1,-1
31,4,-1,-1
31,5,-1,-1
31,6,-1,-1
31,7,-1,-1
32,0,0,160
32,1,0,160
32,2,-1,-1
32,3,-1,-1
32,4,-1,-1
32,5,-1,-1
32,6,-1,-1
32,7,-1,-1
33,0,0,160
33,1,0,160
33,2,-1,-1
33,3,-1,-1
33,4,-1,-1
33,5,-1,-1
33,6,-1,-1
33,7,-1,-1
34,0,0,160
34,1,0,160
34,2,-1,-1
34,3,-1,-1
34,4,-1,-1
34,5,-1,-1
34,6,-1,-1
34,7,-1,-1
35,0,0,160
35,1,0,160
35,2,-1,-1
35,3,-1,-1
35,4,-1,-1
35,5,-1,-1
35,6,-1,-1
35,7,-1,-1
36,0,0,160
36,1,0,160
36,2,-1,-1
36,3,-1,-1
36,4,-1,-1
36,5,-1,-1
36,6,-1,-1
36,7,-1,-1
37,0,0,160
37,1,0,160
37,2,-1,-1
37,3,-1,-1
37,4,-1,-1
37,5,-1,-1
37,6,-1,-1
37,7,-1,-1
38,0,0,160
38,1,0,160
38,2,-1,-1
38,3,-1,-1
38,4,-1,-1
38,5,-1,-1
38,6,-1,-1
38,7,-1,-1
39,0,0,160
39,1,0,160
39,2,-1,-1
39,3,-1,-1
39,4,-1,-1
39,5,-1,-1
39,6,-1,-1
39,7,-1,-1
40,0,0,160
40,1,0,160
40,2,-1,-1
40,3,-1,-1
40,4,-1,-1
40,5,-1,-1
40,6,-1,-1
40,7,-1,-1
41,0,0,160
41,1,0,160
41,2,-1,-1
41,3,-1,-1
41,4,-1,-1
41,5,-1,-1
41,6,-1,-1
41,7,-1,-1
42,0,0,160
42,1,0,160
42,2,-1,-1
42,3,-1,-1
42,4,-1,-1
42,5,-1,-1
42,6,-1,-1
42,7,-1,-1
43,0,0,160
43,1,0,160
43,2,-1,-1
43,3,-1,-1
43,4,-1,-1
43,5,-1,-1
43,6,-1,-1
43,7,-1,-1
44,0,0,160
44,1,0,160
44,2,-1,-1
44,3,-1,-1
44,4,-1,-1
44,5,-1,-1
44,6,-1,-1
44,7,-1,-1
45,0,0,160
45,1,0,160
45,2,-1,-1
45,3,-1,-1
45,4,-1,-1
45,5,-1,-1
45,6,-1,-1
45,7,-1,-1
46,0,0,160
46,1,0,160
46,2,-1,-1
46,3,-1,-1
46,4,-1,-1
46,5,-1,-1
46,6,-1,-1
46,7,-1,-1
47,0,0,160
47,1,0,160
47,2,-1,-1
47,3,-1,-1
47,4,-1,-1
47,5,-1,-1
47,6,-1,-1
47,7,-1,-1
48,0,0,160
48,1,0,160
48,2,-1,-1
48,3,-1,-1
48,4,-1,-1
48,5,-1,-1
48,6,-1,-1
48,7,-1,-1
49,0,0,160
49,1,0,160
49,2,-1,-1
49,3,-1,-1
49,4,-1,-1
49,5,-1,-1
49,6,-1,-1
49,7,-1,-1
50,0,0,160
50,1,0,160
50,2,-1,-1
50,3,-1,-1
50,4,-1,-1
50,5,-1,-1
50,6,-1,-1
50,7,-1,-1
51,0,0,160
51,1,0,160
51,2,-1,-1
51,3,-1,-1
51,4,-1,-1
51,5,-1,-1
51,6,-1,-1
51,7,-1,-1
52,0,0,160
52,1,0,160
52,2,-1,-1
52,3,-1,-1
52,4,-1,-1
52,5,-1,-1
52,6,-1,-1
52,7,-1,-1
53,0,0,160
53,1,0,160
53,2,-1,-1
53,3,-1,-1
53,4,-1,-1
53,5,-1,-1
53,6,-1,-1
53,7,-1,-1
54,0,0,160
54,1,0,160
54,2,-1,-1
54,3,-1,-1
54,4,-1,-1
54,5,-1,-1
54,6,-1,-1
54,7,-1,-1
55,0,0,160
55,1,0,160
55,2,-1,-1
55,3,-1,-1
55,4,-1,-1
55,5,-1,-1
55,6,-1,-1
55,7,-1,-1
56,0,0,160
56,1,0,160
56,2,-1,-1
56,3,-1,-1
56,4,-1,-1
56,5,-1,-1
56,6,-1,-1
56,7,-1,-1
57,0,0,160
57,1,0,160
57,2,-1,-1
57,3,-1,-1
57,4,-1,-1
57,5,-1,-1
57,6,-1,-1
57,7,-1,-1
58,0,0,160
58,1,0,160
58,2,-1,-1
58,3,-1,-1
58,4,-1,-1
58,5,-1,-1
58,6,-1,-1
58,7,-1,-1
59,0,0,160
59,1,0,160
59,2,-1,-1
59,3,-1,-1
59,4,-1,-1
59,5,-1,-1
59,6,-1,-1
59,7,-1,-1
60,0,0,160
60,1,0,160
60,2,-1,-1
60,3,-1,-1
60,4,-1,-1
60,5,-1,-1
60,6,-1,-1
60,7,-1,-1
61,0,0,160
61,1,0,160
61,2,-1,-1
61,3,-1,-1
61,4,-1,-1
61,5,-1,-1
61,6,-1,-1
61,7,-1,-1
62,0,0,160
62,1,0,160
62,2,-1,-1
62,3,-1,-1
62,4,-1,-1
62,5,-1,-1
62,6,-1,-1
62,7,-1,-1
63,0,0,160
63,1,0,160
63,2,-1,-1
63,3,-1,-1
63,4,-1,-1
63,5,-1,-1
63,6,-1,-1
63,7,-1,-1
64,0,0,160
64,1,0,160
64,2,-1,-1
64,3,-1,-1
64,4,-1,-1
64,5,-1,-1
64,6,-1,-1
64,7,-1,-1
65,0,0,160
65,1,0,160
65,2,-1,-1
65,3,-1,-1
65,4,-1,-1
65,5,-1,-1
65,6,-1,-1
65,7,-1,-1
66,0,0,160
66,1,0,160
66,2,-1,-1
66,3,-1,-1
66,4,-1,-1
66,5,-1,-1
66,6,-1,-1
66,7,-1,-1
67,0,0,160
67,1,0,160
67,2,-1,-1
67,3,-1,-1
67,4,-1,-1
67,5,-1,-1
67,6,-1,-1
67,7,-1,-1
68,0,0,160
68,1,0,160
68,2,-1,-1
68,3,-1,-1
68,4,-1,-1
68,5,-1,-1
68,6,-1,-1
68,7,-1,-1
69,0,0,160
69,1,0,160
69,2,-1,-1
69,3,-1,-1
69,4,-1,-1
69,5,-1,-1
69,6,-1,-1
69,7,-1,-1
70,0,0,160
70,1,0,160
70,2,-1,-1
70,3,-1,-1
70,4,-1,-1
70,5,-1,-1
70,6,-1,-1
70,7,-1,-1
71,0,0,160
71,1,0,160
71,2,-1,-1
71,3,-1,-1
71,4,-1,-1
71,5,-1,-1
71,6,-1,-1
71,7,-1,-1
72,0,0,160
72,1,0,160
72,2,-1,-1
72,3,-1,-1
72,4,-1,-1
72,5,-1,-1
72,6,-1,-1
72,7,-1,-1
73,0,0,160
73,1,0,160
73,2,-1,-1
73,3,-1,-1
73,4,-1,-1
73,5,-1,-1
73,6,-1,-1
73,7,-1,-1
74,0,0,160
74,1,0,160
74,2,-1,-1
74,3,-1,-1
74,4,-1,-1
74,5,-1,-1
74,6,-1,-1
74,7,-1,-1
75,0,0,160
75,1,0,160
75,2,-1,-1
75,3,-1,-1
75,4,-1,-1
75,5,-1,-1
75,6,-1,-1
75,7,-1,-1
76,0,0,160
76,1,0,160
76,2,-1,-1
76,3,-1,-1
76,4,-1,-1
76,5,-1,-1
76,6,-1,-1
76,7,-1,-1
77,0,0,160
77,1,0,160
77,2,-1,-1
77,3,-1,-1
77,4,-1,-1
77,5,-1,-1
77,6,-1,-1
77,7,-1,-1
78,0,0,160
78,1,0,160
78,2,-1,-1
78,3,-1,-1
78,4,-1,-1
78,5,-1,-1
78,6,-1,-1
78,7,-1,-1
79,0,0,160
79,1,0,160
79,2,-1,-1
79,3,-1,-1
79,4,-1,-1
79,5,-1,-1
79,6,-1,-1
79,7,-1,-1
80,0,0,160
80,1,0,160
80,2,-1,-1
80,3,-1,-1
80,4,-1,-1
80,5,-1,-1
80,6,-1,-1
80,7,-1,-1
81,0,0,160
81,1,0,160
81,2,-1,-1
81,3,-1,-1
81,4,-1,-1
81,5,-1,-1
81,6,-1,-1
81,7,-1,-1
82,0,0,160
82,1,0,160
82,2,-1,-1
82,3,-1,-1
82,4,-1,-1
82,5,-1,-1
82,6,-1,-1
82,7,-1,-1
83,0,0,160
83,1,0,160
83,2,-1,-1
83,3,-1,-1
83,4,-1,-1
83,5,-1,-1
83,6,-1,-1
83,7,-1,-1
84,0,0,160
84,1,0,160
84,2,-1,-1
84,3,-1,-1
84,4,-1,-1
84,5,-1,-1
84,6,-1,-1
84,7,-1,-1
85,0,0,160
85,1,0,160
85,2,-1,-1
85,3,-1,-1
85,4,-1,-1
85,5,-1,-1
85,6,-1,-1
85,7,-1,-1
86,0,0,160
86,1,0,160
86,2,-1,-1
86,3,-1,-1
86,4,-1,-1
86,5,-1,-1
86,6,-1,-1
86,7,-1,-1
87,0,0,160
87,1,0,160
87,2,-1,-1
87,3,-1,-1
87,4,-1,-1
87,5,-1,-1
87,6,-1,-1
87,7,-1,-1
88,0,0,160
88,1,0,160
88,2,-1,-1
88,3,-1,-1
88,4,-1,-1
88,5,-1,-1
88,6,-1,-1
88,7,-1,-1
89,0,0,160
89,1,0,160
89,2,-1,-1
89,3,-1,-1
89,4,-1,-1
89,5,-1,-1
89,6,-1,-1
89,7,-1,-1
90,0,0,160
90,1,0,160
90,2,-1,-1
90,3,-1,-1
90,4,-1,-1
90,5,-1,-1
90,6,-1,-1
90,7,-1,-1
91,0,0,160
91,1,0,160
91,2,-1,-1
91,3,-1,-1
91,4,-1,-1
91,5,-1,-1
91,6,-1,-1
91,7,-1,-1
92,0,0,160
92,1,0,160
92,2,-1,-1
92,3,-1,-1
92,4,-1,-1
92,5,-1,-1
92,6,-1,-1
92,7,-1,-1
93,0,0,160
93,1,0,160
93,2,-1,-1
93,3,-1,-1
93,4,-1,-1
93,5,-1,-1
93,6,-1,-1
93,7,-1,-1
94,0,0,160
94,1,0,160
94,2,-1,-1
94,3,-1,-1
94,4,-1,-1
94,5,-1,-1
94,6,-1,-1
94,7,-1,-1
95,0,0,160
95,1,0,160
95,2,-1,-1
95,3,-1,-1
95,4,-1,-1
95,5,-1,-1
95,6,-1,-1
95,7,-1,-1
96,0,0,160
96,1,0,160
96,2,-1,-1
96,3,-1,-1
96,4,-1,-1
96,5,-1,-1
96,6,-1,-1
96,7,-1,-1
97,0,0,160
97,1,0,160
97,2,-1,-1
97,3,-1,-1
97,4,-1,-1
97,5,-1,-1
97,6,-1,-1
97,7,-1,-1
98,0,0,160
98,1,0,160
98,2,-1,-1
98,3,-1,-1
98,4,-1,-1
98,5,-1,-1
98,6,-1,-1
98,7,-1,-1
99,0,0,160
99,1,0,160
99,2,-1,-1
99,3,-1,-1
99,4,-1,-1
99,5,-1,-1
99,6,-1,-1
99,7,-1,-1
100,0,0,160
100,1,0,160
100,2,-1,-1
100,3,-1,-1
100,4,-1,-1
100,5,-1,-1
100,6,-1,-1
100,7,-1,-1
101,0,0,160
101,1,0,160
101,2,-1,-1
101,3,-1,-1
101,4,-1,-1
101,5,-1,-1
101,6,-1,-1
101,7,-1,-1
102,0,0,160
102,1,0,160
102,2,-1,-1
102,3,-1,-1
102,4,-1,-1
102,5,-1,-1
102,6,-1,-1
102,7,-1,-1
103,0,0,160
103,1,0,160
103,2,-1,-1
103,3,-1,-1
103,4,-1,-1
103,5,-1,-1
103,6,-1,-1
103,7,-1,-1
104,0,0,160
104,1,0,160
104,2,-1,-1
104,3,-1,-1
104,4,-1,-1
104,5,-1,-1
104,6,-1,-1
104,7,-1,-1
105,0,0,160
105,1,0,160
105,2,-1,-1
105,3,-1,-1
105,4,-1,-1
105,5,-1,-1
105,6,-1,-1
105,7,-1,-1
106,0,0,160
106,1,0,160
106,2,-1,-1
106,3,-1,-1
106,4,-1,-1
106,5,-1,-1
106,6,-1,-1
106,7,-1,-1
107,0,0,160
107,1,0,160
107,2,-1,-1
107,3,-1,-1
107,4,-1,-1
107,5,-1,-1
107,6,-1,-1
107,7,-1,-1
108,0,0,160
108,1,0,160
108,2,-1,-1
108,3,-1,-1
108,4,-1,-1
108,5,-1,-1
108,6,-1,-1
108,7,-1,-1
109,0,0,160
109,1,0,160
109,2,-1,-1
109,3,-1,-1
109,4,-1,-1
109,5,-1,-1
109,6,-1,-1
109,7,-1,-1
110,0,0,160
110,1,0,160
110,2,-1,-1
110,3,-1,-1
110,4,-1,-1
110,5,-1,-1
110,6,-1,-1
110,7,-1,-1
111,0,0,160
111,1,0,160
111,2,-1,-1
111,3,-1,-1
111,4,-1,-1
111,5,-1,-1
111,6,-1,-1
111,7,-1,-1
112,0,0,160
112,1,0,160
112,2,-1,-1
112,3,-1,-1
112,4,-1,-1
112,5,-1,-1
112,6,-1,-1
112,7,-1,-1
113,0,0,160
113,1,0,160
113,2,-1,-1
113,3,-1,-1
113,4,-1,-1
113,5,-1,-1
113,6,-1,-1
113,7,-1,-1
114,0,0,160
114,1,0,160
114,2,-1,-1
114,3,-1,-1
114,4,-1,-1
114,5,-1,-1
114,6,-1,-1
114,7,-1,-1
115,0,0,160
115,1,0,160
115,2,-1,-1
115,3,-1,-1
115,4,-1,-1
115,5,-1,-1
115,6,-1,-1
115,7,-1,-1
116,0,0,160
116,1,0,160
116,2,-1,-1
116,3,-1,-1
116,4,-1,-1
116,5,-1,-1
116,6,-1,-1
116,7,-1,-1
117,0,0,160
117,1,0,160
117,2,-1,-1
117,3,-1,-1
117,4,-1,-1
117,5,-1,-1
117,6,-1,-1
117,7,-1,-1
118,0,0,160
118,1,0,160
118,2,-1,-1
118,3,-1,-1
118,4,-1,-1
118,5,-1,-1
118,6,-1,-1
118,7,-1,-1
119,0,0,160
119,1,0,160
119,2,-1,-1
119,3,-1,-1
119,4,-1,-1
119,5,-1,-1
119,6,-1,-1
119,7,-1,-1
120,0,0,160
120,1,0,160
120,2,-1,-1
120,3,-1,-1
120,4,-1,-1
120,5,-1,-1
120,6,-1,-1
120,7,-1,-1
121,0,0,160
121,1,0,160
121,2,-1,-1
121,3,-1,-1
121,4,-1,-1
121,5,-1,-1
121,6,-1,-1
121,7,-1,-1
122,0,0,160
122,1,0,160
122,2,-1,-1
122,3,-1,-1
122,4,-1,-1
122,5,-1,-1
122,6,-1,-1
122,7,-1,-1
123,0,0,160
123,1,0,160
123,2,-1,-1
123,3,-1,-1
123,4,-1,-1
123,5,-1,-1
123,6,-1,-1
123,7,-1,-1
124,0,0,160
124,1,0,160
124,2,-1,-1
124,3,-1,-1
124,4,-1,-1
124,5,-1,-1
124,6,-1,-1
124,7,-1,-1
125,0,0,160
125,1,0,160
125,2,-1,-1
125,3,-1,-1
125,4,-1,-1
125,5,-1,-1
125,6,-1,-1
125,7,-1,-1
126,0,0,160
126,1,0,160
126,2,-1,-1
126,3,-1,-1
126,4,-1,-1
126,5,-1,-1
126,6,-1,-1
126,7,-1,-1
127,0,0,160
127,1,0,160
127,2,-1,-1
127,3,-1,-1
127,4,-1,-1
127,5,-1,-1
127,6,-1,-1
127,7,-1,-1
128,0,0,160
128,1,0,160
128,2,-1,-1
128,3,-1,-1
128,4,-1,-1
128,5,-1,-1
128,6,-1,-1
128,7,-1,-1
129,0,0,160
129,1,0,160
129,2,-1,-1
129,3,-1,-1
129,4,-1,-1
129,5,-1,-1
129,6,-1,-1
129,7,-1,-1
130,0,0,160
130,1,0,160
130,2,-1,-1
130,3,-1,-1
130,4,-1,-1
130,5,-1,-1
130,6,-1,-1
130,7,-1,-1
131,0,0,160
131,1,0,160
131,2,-1,-1
131,3,-1,-1
131,4,-1,-1
131,5,-1,-1
131,6,-1,-1
131,7,-1,-1
132,0,0,160
132,1,0,160
132,2,-1,-1
132,3,-1,-1
132,4,-1,-1
132,5,-1,-1
132,6,-1,-1
132,7,-1,-1
133,0,0,160
133,1,0,160
133,2,-1,-1
133,3,-1,-1
133,4,-1,-1
133,5,-1,-1
133,6,-1,-1
133,7,-1,-1
134,0,0,160
134,1,0,160
134,2,-1,-1
134,3,-1,-1
134,4,-1,-1
134,5,-1,-1
134,6,-1,-1
134,7,-1,-1
135,0,0,160
135,1,0,160
135,2,-1,-1
135,3,-1,-1
135,4,-1,-1
135,5,-1,-1
135,6,-1,-1
135,7,-1,-1
136,0,0,160
136,1,0,160
136,2,-1,-1
136,3,-1,-1
136,4,-1,-1
136,5,-1,-1
136,6,-1,-1
136,7,-1,-1
137,0,0,160
137,1,0,160
137,2,-1,-1
137,3,-1,-1
137,4,-1,-1
137,5,-1,-1
137,6,-1,-1
137,7,-1,-1
138,0,0,160
138,1,0,160
138,2,-1,-1
138,3,-1,-1
138,4,-1,-1
138,5,-1,-1
138,6,-1,-1
138,7,-1,-1
139,0,0,160
139,1,0,160
139,2,-1,-1
139,3,-1,-1
139,4,-1,-1
139,5,-1,-1
139,6,-1,-1
139,7,-1,-1
140,0,0,160
140,1,0,160
140,2,-1,-1
140,3,-1,-1
140,4,-1,-1
140,5,-1,-1
140,6,-1,-1
140,7,-1,-1
141,0,0,160
141,1,0,160
141,2,-1,-1
141,3,-1,-1
141,4,-1,-1
141,5,-1,-1
141,6,-1,-1
141,7,-1,-1
142,0,0,160
142,1,0,160
142,2,-1,-1
142,3,-1,-1
142,4,-1,-1
142,5,-1,-1
142,6,-1,-1
142,7,-1,-1
143,0,0,160
143,1,0,160
143,2,-1,-1
143,3,-1,-1
143,4,-1,-1
143,5,-1,-1
143,6,-1,-1
143,7,-1,-1
144,0,0,160
144,1,0,160
144,2,-1,-1
144,3,-1,-1
144,4,-1,-1
144,5,-1,-1
144,6,-1,-1
144,7,-1,-1
145,0,0,160
145,1,0,160
145,2,-1,-1
145,3,-1,-1
145,4,-1,-1
145,5,-1,-1
145,6,-1,-1
145,7,-1,-1
146,0,0,160
146,1,0,160
146,2,-1,-1
146,3,-1,-1
146,4,-1,-1
146,5,-1,-1
146,6,-1,-1
146,7,-1,-1
147,0,0,160
147,1,0,160
147,2,-1,-1
147,3,-1,-1
147,4,-1,-1
147,5,-1,-1
147,6,-1,-1
147,7,-1,-1
148,0,0,160
148,1,0,160
148,2,-1,-1
148,3,-1,-1
148,4,-1,-1
148,5,-1,-1
148,6,-1,-1
148,7,-1,-1
149,0,0,160
149,1,0,160
149,2,-1,-1
149,3,-1,-1
149,4,-1,-1
149,5,-1,-1
149,6,-1,-1
149,7,-1,-1
150,0,0,160
150,1,0,160
150,2,-1,-1
150,3,-1,-1
150,4,-1,-1
150,5,-1,-1
150,6,-1,-1
150,7,-1,-1
151,0,0,160
151,1,0,160
151,2,-1,-1
151,3,-1,-1
151,4,-1,-1
151,5,-1,-1
151,6,-1,-1
151,7,-1,-1
152,0,0,160
152,1,0,160
152,2,-1,-1
152,3,-1,-1
152,4,-1,-1
152,5,-1,-1
152,6,-1,-1
152,7,-1,-1
153,0,0,160
153,1,0,160
153,2,-1,-1
153,3,-1,-1
153,4,-1,-1
153,5,-1,-1
153,6,-1,-1
153,7,-1,-1
154,0,0,160
154,1,0,160
154,2,-1,-1
154,3,-1,-1
154,4,-1,-1
154,5,-1,-1
154,6,-1,-1
154,7,-1,-1
155,0,0,160
155,1,0,160
155,2,-1,-1
155,3,-1,-1
155,4,-1,-1
155,5,-1,-1
155,6,-1,-1
155,7,-1,-1
156,0,0,160
156,1,0,160
156,2,-1,-1
156,3,-1,-1
156,4,-1,-1
156,5,-1,-1
156,6,-1,-1
156,7,-1,-1
157,0,0,160
157,1,0,160
157,2,-1,-1
157,3,-1,-1
157,4,-1,-1
157,5,-1,-1
157,6,-1,-1
157,7,-1,-1
158,0,0,160
158,1,0,160
158,2,-1,-1
158,3,-1,-1
158,4,-1,-1
158,5,-1,-1
158,6,-1,-1
158,7,-1,-1
159,0,0,160
159,1,0,160
159,2,-1,-1
159,3,-1,-1
159,4,-1,-1
159,5,-1,-1
159,6,-1,-1
159,7,-1,-1
160,0,0,160
160,1,0,160
160,2,-1,-1
160,3,-1,-1
160,4,-1,-1
160,5,-1,-1
160,6,-1,-1
160,7,-1,-1
161,0,0,160
161,1,0,160
161,2,-1,-1
161,3,-1,-1
161,4,-1,-1
161,5,-1,-1
161,6,-1,-1
161,7,-1,-1
162,0,0,160
162,1,0,160
162,2,-1,-1
162,3,-1,-1
162,4,-1,-1
162,5,-1,-1
162,6,-1,-1
162,7,-1,-1
163,0,0,160
163,1,0,160
163,2,-1,-1
163,3,-1,-1
163,4,-1,-1
163,5,-1,-1
163,6,-1,-1
163,7,-1,-1
164,0,0,160
164,1,0,160
164,2,-1,-1
164,3,-1,-1
164,4,-1,-1
164,5,-1,-1
164,6,-1,-1
164,7,-1,-1
165,0,0,160
165,1,0,160
165,2,-1,-1
165,3,-1,-1
165,4,-1,-1
165,5,-1,-1
165,6,-1,-1
165,7,-1,-1
166,0,0,160
166,1,0,160
166,2,-1,-1
166,3,-1,-1
166,4,-1,-1
166,5,-1,-1
166,6,-1,-1
166,7,-1,-1
167,0,0,160
167,1,0,160
167,2,-1,-1
167,3,-1,-1
167,4,-1,-1
167,5,-1,-1
167,6,-1,-1
167,7,-1,-1
168,0,0,160
168,1,0,160
168,2,-1,-1
168,3,-1,-1
168,4,-1,-1
168,5,-1,-1
168,6,-1,-1
168,7,-1,-1
169,0,0,160
169,1,0,160
169,2,-1,-1
169,3,-1,-1
169,4,-1,-1
169,5,-1,-1
169,6,-1,-1
169,7,-1,-1
170,0,0,160
170,1,0,160
170,2,-1,-1
170,3,-1,-1
170,4,-1,-1
170,5,-1,-1
170,6,-1,-1
170,7,-1,-1
171,0,0,160
171,1,0,160
171,2,-1,-1
171,3,-1,-1
171,4,-1,-1
171,5,-1,-1
171,6,-1,-1
171,7,-1,-1
172,0,0,160
172,1,0,160
172,2,-1,-1
172,3,-1,-1
172,4,-1,-1
172,5,-1,-1
172,6,-1,-1
172,7,-1,-1
173,0,0,160
173,1,0,160
173,2,-1,-1
173,3,-1,-1
173,4,-1,-1
173,5,-1,-1
173,6,-1,-1
173,7,-1,-1
174,0,0,160
174,1,0,160
174,2,-1,-1
174,3,-1,-1
174,4,-1,-1
174,5,-1,-1
174,6,-1,-1
174,7,-1,-1
175,0,0,160
175,1,0,160
175,2,-1,-1
175,3,-1,-1
175,4,-1,-1
175,5,-1,-1
175,6,-1,-1
175,7,-1,-1
176,0,0,160
176,1,0,160
176,2,-1,-1
176,3,-1,-1
176,4,-1,-1
176,5,-1,-1
176,6,-1,-1
176,7,-1,-1
177,0,0,160
177,1,0,160
177,2,-1,-1
177,3,-1,-1
177,4,-1,-1
177,5,-1,-1
177,6,-1,-1
177,7,-1,-1
178,0,0,160
178,1,0,160
178,2,-1,-1
178,3,-1,-1
178,4,-1,-1
178,5,-1,-1
178,6,-1,-1
178,7,-1,-1
179,0,0,160
179,1,0,160
179,2,-1,-1
179,3,-1,-1
179,4,-1,-1
179,5,-1,-1
179,6,-1,-1
179,7,-1,-1
180,0,0,160
180,1,0,160
180,2,-1,-1
180,3,-1,-1
180,4,-1,-1
180,5,-1,-1
180,6,-1,-1
180,7,-1,-1
181,0,0,160
181,1,0,160
181,2,-1,-1
181,3,-1,-1
181,4,-1,-1
181,5,-1,-1
181,6,-1,-1
181,7,-1,-1
182,0,0,160
182,1,0,160
182,2,-1,-1
182,3,-1,-1
182,4,-1,-1
182,5,-1,-1
182,6,-1,-1
182,7,-1,-1
183,0,0,160
183,1,0,160
183,2,-1,-1
183,3,-1,-1
183,4,-1,-1
183,5,-1,-1
183,6,-1,-1
183,7,-1,-1
184,0,0,160
184,1,0,160
184,2,-1,-1
184,3,-1,-1
184,4,-1,-1
184,5,-1,-1
184,6,-1,-1
184,7,-1,-1
185,0,0,160
185,1,0,160
185,2,-1,-1
185,3,-1,-1
185,4,-1,-1
185,5,-1,-1
185,6,-1,-1
185,7,-1,-1
186,0,0,160
186,1,0,160
186,2,-1,-1
186,3,-1,-1
186,4,-1,-1
186,5,-1,-1
186,6,-1,-1
186,7,-1,-1
187,0,0,160
187,1,0,160
187,2,-1,-1
187,3,-1,-1
187,4,-1,-1
187,5,-1,-1
187,6,-1,-1
187,7,-1,-1
188,0,0,160
188,1,0,160
188,2,-1,-1
188,3,-1,-1
188,4,-1,-1
188,5,-1,-1
188,6,-1,-1
188,7,-1,-1
189,0,0,160
189,1,0,160
189,2,-1,-1
189,3,-1,-1
189,4,-1,-1
189,5,-1,-1
189,6,-1,-1
189,7,-1,-1
190,0,0,160
190,1,0,160
190,2,-1,-1
190,3,-1,-1
190,4,-1,-1
190,5,-1,-1
190,6,-1,-1
190,7,-1,-1
191,0,0,160
191,1,0,160
191,2,-1,-1
191,3,-1,-1
191,4,-1,-1
191,5,-1,-1
191,6,-1,-1
191,7,-1,-1
192,0,0,160
192,1,0,160
192,2,-1,-1
192,3,-1,-1
192,4,-1,-1
192,5,-1,-1
192,6,-1,-1
192,7,-1,-1
193,0,0,160
193,1,0,160
193,2,-1,-1
193,3,-1,-1
193,4,-1,-1
193,5,-1,-1
193,6,-1,-1
193,7,-1,-1
194,0,0,160
194,1,0,160
194,2,-1,-1
194,3,-1,-1
194,4,-1,-1
194,5,-1,-1
194,6,-1,-1
194,7,-1,-1
195,0,0,160
195,1,0,160
195,2,-1,-1
195,3,-1,-1
195,4,-1,-1
195,5,-1,-1
195,6,-1,-1
195,7,-1,-1
196,0,0,160
196,1,0,160
196,2,-1,-1
196,3,-1,-1
196,4,-1,-1
196,5,-1,-1
196,6,-1,-1
196,7,-1,-1
197,0,0,160
197,1,0,160
197,2,-1,-1
197,3,-1,-1
197,4,-1,-1
197,5,-1,-1
197,6,-1,-1
197,7,-1,-1
198,0,0,160
198,1,0,160
198,2,-1,-1
198,3,-1,-1
198,4,-1,-1
198,5,-1,-1
198,6,-1,-1
198,7,-1,-1
199,0,0,160
199,1,0,160
199,2,-1,-1
199,3,-1,-1
199,4,-1,-1
199,5,-1,-1
199,6,-1,-1
199,7,-1,-1
200,0,0,160
200,1,0,160
200,2,-1,-1
200,3,-1,-1
200,4,-1,-1
200,5,-1,-1
200,6,-1,-1
200,7,-1,-1
201,0,0,160
201,1,0,160
201,2,-1,-1
201,3,-1,-1
201,4,-1,-1
201,5,-1,-1
201,6,-1,-1
201,7,-1,-1
202,0,0,160
202,1,0,160
202,2,-1,-1
202,3,-1,-1
202,4,-1,-1
202,5,-1,-1
202,6,-1,-1
202,7,-1,-1
203,0,0,160
203,1,0,160
203,2,-1,-1
203,3,-1,-1
203,4,-1,-1
203,5,-1,-1
203,6,-1,-1
203,7,-1,-1
204,0,0,160
204,1,0,160
204,2,-1,-1
204,3,-1,-1
204,4,-1,-1
204,5,-1,-1
204,6,-1,-1
204,7,-1,-1
205,0,0,160
205,1,0,160
205,2,-1,-1
205,3,-1,-1
205,4,-1,-1
205,5,-1,-1
205,6,-1,-1
205,7,-1,-1
206,0,0,160
206,1,0,160
206,2,-1,-1
206,3,-1,-1
206,4,-1,-1
206,5,-1,-1
206,6,-1,-1
206,7,-1,-1
207,0,0,160
207,1,0,160
207,2,-1,-1
207,3,-1,-1
207,4,-1,-1
207,5,-1,-1
207,6,-1,-1
207,7,-1,-1
208,0,0,160
208,1,0,160
208,2,-1,-1
208,3,-1,-1
208,4,-1,-1
208,5,-1,-1
208,6,-1,-1
208,7,-1,-1
209,0,0,160
209,1,0,160
209,2,-1,-1
209,3,-1,-1
209,4,-1,-1
209,5,-1,-1
209,6,-1,-1
209,7,-1,-1
210,0,0,160
210,1,0,160
210,2,-1,-1
210,3,-1,-1
210,4,-1,-1
210,5,-1,-1
210,6,-1,-1
210,7,-1,-1
211,0,0,160
211,1,0,160
211,2,-1,-1
211,3,-1,-1
211,4,-1,-1
211,5,-1,-1
211,6,-1,-1
211,7,-1,-1
212,0,0,160
212,1,0,160
212,2,-1,-1
212,3,-1,-1
212,4,-1,-1
212,5,-1,-1
212,6,-1,-1
212,7,-1,-1
213,0,0,160
213,1,0,160
213,2,-1,-1
213,3,-1,-1
213,4,-1,-1
213,5,-1,-1
213,6,-1,-1
213,7,-1,-1
214,0,0,160
214,1,0,160
214,2,-1,-1
214,3,-1,-1
214,4,-1,-1
214,5,-1,-1
214,6,-1,-1
214,7,-1,-1
215,0,0,160
215,1,0,160
215,2,-1,-1
215,3,-1,-1
215,4,-1,-1
215,5,-1,-1
215,6,-1,-1
215,7,-1,-1
216,0,0,160
216,1,0,160
216,2,-1,-1
216,3,-1,-1
216,4,-1,-1
216,5,-1,-1
216,6,-1,-1
216,7,-1,-1
217,0,0,160
217,1,0,160
217,2,-1,-1
217,3,-1,-1
217,4,-1,-1
217,5,-1,-1
217,6,-1,-1
217,7,-1,-1
218,0,0,160
218,1,0,160
218,2,-1,-1
218,3,-1,-1
218,4,-1,-1
218,5,-1,-1
218,6,-1,-1
218,7,-1,-1
219,0,0,160
219,1,0,160
219,2,-1,-1
219,3,-1,-1
219,4,-1,-1
219,5,-1,-1
219,6,-1,-1
219,7,-1,-1
220,0,0,160
220,1,0,160
220,2,-1,-1
220,3,-1,-1
220,4,-1,-1
220,5,-1,-1
220,6,-1,-1
220,7,-1,-1
221,0,0,160
221,1,0,160
221,2,-1,-1
221,3,-1,-1
221,4,-1,-1
221,5,-1,-1
221,6,-1,-1
221,7,-1,-1
222,0,0,160
222,1,0,160
222,2,-1,-1
222,3,-1,-1
222,4,-1,-1
222,5,-1,-1
222,6,-1,-1
222,7,-1,-1
223,0,0,160
223,1,0,160
223,2,-1,-1
223,3,-1,-1
223,4,-1,-1
223,5,-1,-1
223,6,-1,-1
223,7,-1,-1
224,0,0,160
224,1,0,160
224,2,-1,-1
224,3,-1,-1
224,4,-1,-1
224,5,-1,-1
224,6,-1,-1
224,7,-1,-1
225,0,0,160
225,1,0,160
225,2,-1,-1
225,3,-1,-1
225,4,-1,-1
225,5,-1,-1
225,6,-1,-1
225,7,-1,-1
226,0,0,160
226,1,0,160
226,2,-1,-1
226,3,-1,-1
226,4,-1,-1
226,5,-1,-1
226,6,-1,-1
226,7,-1,-1
227,0,0,160
227,1,0,160
227,2,-1,-1
227,3,-1,-1
227,4,-1,-1
227,5,-1,-1
227,6,-1,-1
227,7,-1,-1
228,0,0,160
228,1,0,160
228,2,-1,-1
228,3,-1,-1
228,4,-1,-1
228,5,-1,-1
228,6,-1,-1
228,7,-1,-1
229,0,0,160
229,1,0,160
229,2,-1,-1
229,3,-1,-1
229,4,-1,-1
229,5,-1,-1
229,6,-1,-1
229,7,-1,-1
230,0,0,160
230,1,0,160
230,2,-1,-1
230,3,-1,-1
230,4,-1,-1
230,5,-1,-1
230,6,-1,-1
230,7,-1,-1
231,0,0,160
231,1,0,160
231,2,-1,-1
231,3,-1,-1
231,4,-1,-1
231,5,-1,-1
231,6,-1,-1
231,7,-1,-1
232,0,0,160
232,1,0,160
232,2,-1,-1
232,3,-1,-1
232,4,-1,-1
232,5,-1,-1
232,6,-1,-1
232,7,-1,-1
233,0,0,160
233,1,0,160
233,2,-1,-1
233,3,-1,-1
233,4,-1,-1
233,5,-1,-1
233,6,-1,-1
233,7,-1,-1
234,0,0,160
234,1,0,160
234,2,-1,-1
234,3,-1,-1
234,4,-1,-1
234,5,-1,-1
234,6,-1,-1
234,7,-1,-1
235,0,0,160
235,1,0,160
235,2,-1,-1
235,3,-1,-1
235,4,-1,-1
235,5,-1,-1
235,6,-1,-1
235,7,-1,-1
236,0,0,160
236,1,0,160
236,2,-1,-1
236,3,-1,-1
236,4,-1,-1
236,5,-1,-1
236,6,-1,-1
236,7,-1,-1
237,0,0,160
237,1,0,160
237,2,-1,-1
237,3,-1,-1
237,4,-1,-1
237,5,-1,-1
237,6,-1,-1
237,7,-1,-1
238,0,0,160
238,1,0,160
238,2,-1,-1
238,3,-1,-1
238,4,-1,-1
238,5,-1,-1
238,6,-1,-1
238,7,-1,-1
239,0,0,160
239,1,0,160
239,2,-1,-1
239,3,-1,-1
239,4,-1,-1
239,5,-1,-1
239,6,-1,-1
239,7,-1,-1
240,0,0,160
240,1,0,160
240,2,-1,-1
240,3,-1,-1
240,4,-1,-1
240,5,-1,-1
240,6,-1,-1
240,7,-1,-1
241,0,0,160
241,1,0,160
241,2,-1,-1
241,3,-1,-1
241,4,-1,-1
241,5,-1,-1
241,6,-1,-1
241,7,-1,-1
242,0,0,160
242,1,0,160
242,2,-1,-1
242,3,-1,-1
242,4,-1,-1
242,5,-1,-1
242,6,-1,-1
242,7,-1,-1
243,0,0,160
243,1,0,160
243,2,-1,-1
243,3,-1,-1
243,4,-1,-1
243,5,-1,-1
243,6,-1,-1
243,7,-1,-1
244,0,0,160
244,1,0,160
244,2,-1,-1
244,3,-1,-1
244,4,-1,-1
244,5,-1,-1
244,6,-1,-1
244,7,-1,-1
245,0,0,160
245,1,0,160
245,2,-1,-1
245,3,-1,-1
245,4,-1,-1
245,5,-1,-1
245,6,-1,-1
245,7,-1,-1
246,0,0,160
246,1,0,160
246,2,-1,-1
246,3,-1,-1
246,4,-1,-1
246,5,-1,-1
246,6,-1,-1
246,7,-1,-1
247,0,0,160
247,1,0,160
247,2,-1,-1
247,3,-1,-1
247,4,-1,-1
247,5,-1,-1
247,6,-1,-1
247,7,-1,-1
248,0,0,160
248,1,0,160
248,2,-1,-1
248,3,-1,-1
248,4,-1,-1
248,5,-1,-1
248,6,-1,-1
248,7,-1,-1
249,0,0,160
249,1,0,160
249,2,-1,-1
249,3,-1,-1
249,4,-1,-1
249,5,-1,-1
249,6,-1,-1
249,7,-1,-1
250,0,0,160
250,1,0,160
250,2,-1,-1
250,3,-1,-1
250,4,-1,-1
250,5,-1,-1
250,6,-1,-1
250,7,-1,-1
251,0,0,160
251,1,0,160
251,2,-1,-1
251,3,-1,-1
251,4,-1,-1
251,5,-1,-1
251,6,-1,-1
251,7,-1,-1
252,0,0,160
252,1,0,160
252,2,-1,-1
252,3,-1,-1
252,4,-1,-1
252,5,-1,-1
252,6,-1,-1
252,7,-1,-1
253,0,0,160
253,1,0,160
253,2,-1,-1
253,3,-1,-1
253,4,-1,-1
253,5,-1,-1
253,6,-1,-1
253,7,-1,-1
254,0,0,160
254,1,0,160
254,2,-1,-1
254,3,-1,-1
254,4,-1,-1
254,5,-1,-1
254,6,-1,-1
254,7,-1,-1
255,0,0,160
255,1,0,160
255,2,-1,-1
255,3,-1,-1
255,4,-1,-1
255,5,-1,-1
255,6,-1,-1
255,7,-1,-1
256,0,0,160
256,1,0,160
256,2,-1,-1
256,3,-1,-1
256,4,-1,-1
256,5,-1,-1
256,6,-1,-1
256,7,-1,-1
257,0,0,160
257,1,0,160
257,2,-1,-1
257,3,-1,-1
257,4,-1,-1
257,5,-1,-1
257,6,-1,-1
257,7,-1,-1
258,0,0,160
258,1,0,160
258,2,-1,-1
258,3,-1,-1
258,4,-1,-1
258,5,-1,-1
258,6,-1,-1
258,7,-1,-1
259,0,0,160
259,1,0,160
259,2,-1,-1
259,3,-1,-1
259,4,-1,-1
259,5,-1,-1
259,6,-1,-1
259,7,-1,-1
260,0,0,160
260,1,0,160
260,2,-1,-1
260,3,-1,-1
260,4,-1,-1
260,5,-1,-1
260,6,-1,-1
260,7,-1,-1
261,0,0,160
261,1,0,160
261,2,-1,-1
261,3,-1,-1
261,4,-1,-1
261,5,-1,-1
261,6,-1,-1
261,7,-1,-1
262,0,0,160
262,1,0,160
262,2,-1,-1
262,3,-1,-1
262,4,-1,-1
262,5,-1,-1
262,6,-1,-1
262,7,-1,-1
263,0,0,160
263,1,0,160
263,2,-1,-1
263,3,-1,-1
263,4,-1,-1
263,5,-1,-1
263,6,-1,-1
263,7,-1,-1
264,0,0,160
264,1,0,160
264,2,-1,-1
264,3,-1,-1
264,4,-1,-1
264,5,-1,-1
264,6,-1,-1
264,7,-1,-1
265,0,0,160
265,1,0,160
265,2,-1,-1
265,3,-1,-1
265,4,-1,-1
265,5,-1,-1
265,6,-1,-1
265,7,-1,-1
266,0,0,160
266,1,0,160
266,2,-1,-1
266,3,-1,-1
266,4,-1,-1
266,5,-1,-1
266,6,-1,-1
266,7,-1,-1
267,0,0,160
267,1,0,160
267,2,-1,-1
267,3,-1,-1
267,4,-1,-1
267,5,-1,-1
267,6,-1,-1
267,7,-1,-1
268,0,0,160
268,1,0,160
268,2,-1,-1
268,3,-1,-1
268,4,-1,-1
268,5,-1,-1
268,6,-1,-1
268,7,-1,-1
269,0,0,160
269,1,0,160
269,2,-1,-1
269,3,-1,-1
269,4,-1,-1
269,5,-1,-1
269,6,-1,-1
269,7,-1,-1
270,0,0,160
270,1,0,160
270,2,-1,-1
270,3,-1,-1
270,4,-1,-1
270,5,-1,-1
270,6,-1,-1
270,7,-1,-1
271,0,0,160
271,1,0,160
271,2,-1,-1
271,3,-1,-1
271,4,-1,-1
271,5,-1,-1
271,6,-1,-1
271,7,-1,-1
272,0,0,160
272,1,0,160
272,2,-1,-1
272,3,-1,-1
272,4,-1,-1
272,5,-1,-1
272,6,-1,-1
272,7,-1,-1
273,0,0,160
273,1,0,160
273,2,-1,-1
273,3,-1,-1
273,4,-1,-1
273,5,-1,-1
273,6,-1,-1
273,7,-1,-1
274,0,0,160
274,1,0,160
274,2,-1,-1
274,3,-1,-1
274,4,-1,-1
274,5,-1,-1
274,6,-1,-1
274,7,-1,-1
275,0,0,160
275,1,0,160
275,2,-1,-1
275,3,-1,-1
275,4,-1,-1
275,5,-1,-1
275,6,-1,-1
275,7,-1,-1
276,0,0,160
276,1,0,160
276,2,-1,-1
276,3,-1,-1
276,4,-1,-1
276,5,-1,-1
276,6,-1,-1
276,7,-1,-1
277,0,0,160
277,1,0,160
277,2,-1,-1
277,3,-1,-1
277,4,-1,-1
277,5,-1,-1
277,6,-1,-1
277,7,-1,-1
278,0,0,160
278,1,0,160
278,2,-1,-1
278,3,-1,-1
278,4,-1,-1
278,5,-1,-1
278,6,-1,-1
278,7,-1,-1
279,0,0,160
279,1,0,160
279,2,-1,-1
279,3,-1,-1
279,4,-1,-1
279,5,-1,-1
279,6,-1,-1
279,7,-1,-1
280,0,0,160
280,1,0,160
280,2,-1,-1
280,3,-1,-1
280,4,-1,-1
280,5,-1,-1
280,6,-1,-1
280,7,-1,-1
281,0,0,160
281,1,0,160
281,2,-1,-1
281,3,-1,-1
281,4,-1,-1
281,5,-1,-1
281,6,-1,-1
281,7,-1,-1
282,0,0,160
282,1,0,160
282,2,-1,-1
282,3,-1,-1
282,4,-1,-1
282,5,-1,-1
282,6,-1,-1
282,7,-1,-1
283,0,0,160
283,1,0,160
283,2,-1,-1
283,3,-1,-1
283,4,-1,-1
283,5,-1,-1
283,6,-1,-1
283,7,-1,-1
284,0,0,160
284,1,0,160
284,2,-1,-1
284,3,-1,-1
284,4,-1,-1
284,5,-1,-1
284,6,-1,-1
284,7,-1,-1
285,0,0,160
285,1,0,160
285,2,-1,-1
285,3,-1,-1
285,4,-1,-1
285,5,-1,-1
285,6,-1,-1
285,7,-1,-1
286,0,0,160
286,1,0,160
286,2,-1,-1
286,3,-1,-1
286,4,-1,-1
286,5,-1,-1
286,6,-1,-1
286,7,-1,-1
287,0,0,160
287,1,0,160
287,2,-1,-1
287,3,-1,-1
287,4,-1,-1
287,5,-1,-1
287,6,-1,-1
287,7,-1,-1
288,0,0,160
288,1,0,160
288,2,-1,-1
288,3,-1,-1
288,4,-1,-1
288,5,-1,-1
288,6,-1,-1
288,7,-1,-1
289,0,0,160
289,1,0,160
289,2,-1,-1
289,3,-1,-1
289,4,-1,-1
289,5,-1,-1
289,6,-1,-1
289,7,-1,-1
290,0,0,160
290,1,0,160
290,2,-1,-1
290,3,-1,-1
290,4,-1,-1
290,5,-1,-1
290,6,-1,-1
290,7,-1,-1
291,0,0,160
291,1,0,160
291,2,-1,-1
291,3,-1,-1
291,4,-1,-1
291,5,-1,-1
291,6,-1,-1
291,7,-1,-1
292,0,0,160
292,1,0,160
292,2,-1,-1
292,3,-1,-1
292,4,-1,-1
292,5,-1,-1
292,6,-1,-1
292,7,-1,-1
293,0,0,160
293,1,0,160
293,2,-1,-1
293,3,-1,-1
293,4,-1,-1
293,5,-1,-1
293,6,-1,-1
293,7,-1,-1
294,0,0,160
294,1,0,160
294,2,-1,-1
294,3,-1,-1
294,4,-1,-1
294,5,-1,-1
294,6,-1,-1
294,7,-1,-1
295,0,0,160
295,1,0,160
295,2,-1,-1
295,3,-1,-1
295,4,-1,-1
295,5,-1,-1
295,6,-1,-1
295,7,-1,-1
296,0,0,160
296,1,0,160
296,2,-1,-1
296,3,-1,-1
296,4,-1,-1
296,5,-1,-1
296,6,-1,-1
296,7,-1,-1
297,0,0,160
297,1,0,160
297,2,-1,-1
297,3,-1,-1
297,4,-1,-1
297,5,-1,-1
297,6,-1,-1
297,7,-1,-1
298,0,0,160
298,1,0,160
298,2,-1,-1
298,3,-1,-1
298,4,-1,-1
298,5,-1,-1
298,6,-1,-1
298,7,-1,-1
299,0,0,160
299,1,0,160
299,2,-1,-1
299,3,-1,-1
299,4,-1,-1
299,5,-1,-1
299,6,-1,-1
299,7,-1,-1
300,0,0,160
300,1,0,160
300,2,-1,-1
300,3,-1,-1
300,4,-1,-1
300,5,-1,-1
300,6,-1,-1
300,7,-1,-1
301,0,0,160
301,1,0,160
301,2,-1,-1
301,3,-1,-1
301,4,-1,-1
301,5,-1,-1
301,6,-1,-1
301,7,-1,-1
302,0,0,160
302,1,0,160
302,2,-1,-1
302,3,-1,-1
302,4,-1,-1
302,5,-1,-1
302,6,-1,-1
302,7,-1,-1
303,0,0,160
303,1,0,160
303,2,-1,-1
303,3,-1,-1
303,4,-1,-1
303,5,-1,-1
303,6,-1,-1
303,7,-1,-1
304,0,0,160
304,1,0,160
304,2,-1,-1
304,3,-1,-1
304,4,-1,-1
304,5,-1,-1
304,6,-1,-1
304,7,-1,-1
305,0,0,160
305,1,0,160
305,2,-1,-1
305,3,-1,-1
305,4,-1,-1
305,5,-1,-1
305,6,-1,-1
305,7,-1,-1
306,0,0,160
306,1,0,160
306,2,-1,-1
306,3,-1,-1
306,4,-1,-1
306,5,-1,-1
306,6,-1,-1
306,7,-1,-1
307,0,0,160
307,1,0,160
307,2,-1,-1
307,3,-1,-1
307,4,-1,-1
307,5,-1,-1
307,6,-1,-1
307,7,-1,-1
308,0,0,160
308,1,0,160
308,2,-1,-1
308,3,-1,-1
308,4,-1,-1
308,5,-1,-1
308,6,-1,-1
308,7,-1,-1
309,0,0,160
309,1,0,160
309,2,-1,-1
309,3,-1,-1
309,4,-1,-1
309,5,-1,-1
309,6,-1,-1
309,7,-1,-1
310,0,0,160
310,1,0,160
310,2,-1,-1
310,3,-1,-1
310,4,-1,-1
310,5,-1,-1
310,6,-1,-1
310,7,-1,-1
311,0,0,160
311,1,0,160
311,2,-1,-1
311,3,-1,-1
311,4,-1,-1
311,5,-1,-1
311,6,-1,-1
311,7,-1,-1
312,0,0,160
312,1,0,160
312,2,-1,-1
312,3,-1,-1
312,4,-1,-1
312,5,-1,-1
312,6,-1,-1
312,7,-1,-1
313,0,0,160
313,1,0,160
313,2,-1,-1
313,3,-1,-1
313,4,-1,-1
313,5,-1,-1
313,6,-1,-1
313,7,-1,-1
314,0,0,160
314,1,0,160
314,2,-1,-1
314,3,-1,-1
314,4,-1,-1
314,5,-1,-1
314,6,-1,-1
314,7,-1,-1
315,0,0,160
315,1,0,160
315,2,-1,-1
315,3,-1,-1
315,4,-1,-1
315,5,-1,-1
315,6,-1,-1
315,7,-1,-1
316,0,0,160
316,1,0,160
316,2,-1,-1
316,3,-1,-1
316,4,-1,-1
316,5,-1,-1
316,6,-1,-1
316,7,-1,-1
317,0,0,160
317,1,0,160
317,2,-1,-1
317,3,-1,-1
317,4,-1,-1
317,5,-1,-1
317,6,-1,-1
317,7,-1,-1
318,0,0,160
318,1,0,160
318,2,-1,-1
318,3,-1,-1
318,4,-1,-1
318,5,-1,-1
318,6,-1,-1
318,7,-1,-1
319,0,0,160
319,1,0,160
319,2,-1,-1
319,3,-1,-1
319,4,-1,-1
319,5,-1,-1
319,6,-1,-1
319,7,-1,-1
320,0,0,160
320,1,0,160
320,2,-1,-1
320,3,-1,-1
320,4,-1,-1
320,5,-1,-1
320,6,-1,-1
320,7,-1,-1
321,0,0,160
321,1,0,160
321,2,-1,-1
321,3,-1,-1
321,4,-1,-1
321,5,-1,-1
321,6,-1,-1
321,7,-1,-1
322,0,0,160
322,1,0,160
322,2,-1,-1
322,3,-1,-1
322,4,-1,-1
322,5,-1,-1
322,6,-1,-1
322,7,-1,-1
323,0,0,160
323,1,0,160
323,2,-1,-1
323,3,-1,-1
323,4,-1,-1
323,5,-1,-1
323,6,-1,-1
323,7,-1,-1
324,0,0,160
324,1,0,160
324,2,-1,-1
324,3,-1,-1
324,4,-1,-1
324,5,-1,-1
324,6,-1,-1
324,7,-1,-1
325,0,0,160
325,1,0,160
325,2,-1,-1
325,3,-1,-1
325,4,-1,-1
325,5,-1,-1
325,6,-1,-1
325,7,-1,-1
326,0,0,160
326,1,0,160
326,2,-1,-1
326,3,-1,-1
326,4,-1,-1
326,5,-1,-1
326,6,-1,-1
326,7,-1,-1
327,0,0,160
327,1,0,160
327,2,-1,-1
327,3,-1,-1
327,4,-1,-1
327,5,-1,-1
327,6,-1,-1
327,7,-1,-1
328,0,0,160
328,1,0,160
328,2,-1,-1
328,3,-1,-1
328,4,-1,-1
328,5,-1,-1
328,6,-1,-1
328,7,-1,-1
329,0,0,160
329,1,0,160
329,2,-1,-1
329,3,-1,-1
329,4,-1,-1
329,5,-1,-1
329,6,-1,-1
329,7,-1,-1
330,0,0,160
330,1,0,160
330,2,-1,-1
330,3,-1,-1
330,4,-1,-1
330,5,-1,-1
330,6,-1,-1
330,7,-1,-1
331,0,0,160
331,1,0,160
331,2,-1,-1
331,3,-1,-1
331,4,-1,-1
331,5,-1,-1
331,6,-1,-1
331,7,-1,-1
332,0,0,160
332,1,0,160
332,2,-1,-1
332,3,-1,-1
332,4,-1,-1
332,5,-1,-1
332,6,-1,-1
332,7,-1,-1
333,0,0,160
333,1,0,160
333,2,-1,-1
333,3,-1,-1
333,4,-1,-1
333,5,-1,-1
333,6,-1,-1
333,7,-1,-1
334,0,0,160
334,1,0,160
334,2,-1,-1
334,3,-1,-1
334,4,-1,-1
334,5,-1,-1
334,6,-1,-1
334,7,-1,-1
335,0,0,160
335,1,0,160
335,2,-1,-1
335,3,-1,-1
335,4,-1,-1
335,5,-1,-1
335,6,-1,-1
335,7,-1,-1
336,0,0,160
336,1,0,160
336,2,-1,-1
336,3,-1,-1
336,4,-1,-1
336,5,-1,-1
336,6,-1,-1
336,7,-1,-1
337,0,0,160
337,1,0,160
337,2,-1,-1
337,3,-1,-1
337,4,-1,-1
337,5,-1,-1
337,6,-1,-1
337,7,-1,-1
338,0,0,160
338,1,0,160
338,2,-1,-1
338,3,-1,-1
338,4,-1,-1
338,5,-1,-1
338,6,-1,-1
338,7,-1,-1
339,0,0,160
339,1,0,160
339,2,-1,-1
339,3,-1,-1
339,4,-1,-1
339,5,-1,-1
339,6,-1,-1
339,7,-1,-1
340,0,0,160
340,1,0,160
340,2,-1,-1
340,3,-1,-1
340,4,-1,-1
340,5,-1,-1
340,6,-1,-1
340,7,-1,-1
341,0,0,160
341,1,0,160
341,2,-1,-1
341,3,-1,-1
341,4,-1,-1
341,5,-1,-1
341,6,-1,-1
341,7,-1,-1
342,0,0,160
342,1,0,160
342,2,-1,-1
342,3,-1,-1
342,4,-1,-1
342,5,-1,-1
342,6,-1,-1
342,7,-1,-1
343,0,0,160
343,1,0,160
343,2,-1,-1
343,3,-1,-1
343,4,-1,-1
343,5,-1,-1
343,6,-1,-1
343,7,-1,-1
344,0,0,160
344,1,0,160
344,2,-1,-1
344,3,-1,-1
344,4,-1,-1
344,5,-1,-1
344,6,-1,-1
344,7,-1,-1
345,0,0,160
345,1,0,160
345,2,-1,-1
345,3,-1,-1
345,4,-1,-1
345,5,-1,-1
345,6,-1,-1
345,7,-1,-1
346,0,0,160
346,1,0,160
346,2,-1,-1
346,3,-1,-1
346,4,-1,-1
346,5,-1,-1
346,6,-1,-1
346,7,-1,-1
347,0,0,160
347,1,0,160
347,2,-1,-1
347,3,-1,-1
347,4,-1,-1
347,5,-1,-1
347,6,-1,-1
347,7,-1,-1
348,0,0,160
348,1,0,160
348,2,-1,-1
348,3,-1,-1
348,4,-1,-1
348,5,-1,-1
348,6,-1,-1
348,7,-1,-1
349,0,0,160
349,1,0,160
349,2,-1,-1
349,3,-1,-1
349,4,-1,-1
349,5,-1,-1
349,6,-1,-1
349,7,-1,-1
350,0,0,160
350,1,0,160
350,2,-1,-1
350,3,-1,-1
350,4,-1,-1
350,5,-1,-1
350,6,-1,-1
350,7,-1,-1
351,0,0,160
351,1,0,160
351,2,-1,-1
351,3,-1,-1
351,4,-1,-1
351,5,-1,-1
351,6,-1,-1
351,7,-1,-1
352,0,0,160
352,1,0,160
352,2,-1,-1
352,3,-1,-1
352,4,-1,-1
352,5,-1,-1
352,6,-1,-1
352,7,-1,-1
353,0,0,160
353,1,0,160
353,2,-1,-1
353,3,-1,-1
353,4,-1,-1
353,5,-1,-1
353,6,-1,-1
353,7,-1,-1
354,0,0,160
354,1,0,160
354,2,-1,-1
354,3,-1,-1
354,4,-1,-1
354,5,-1,-1
354,6,-1,-1
354,7,-1,-1
355,0,0,160
355,1,0,160
355,2,-1,-1
355,3,-1,-1
355,4,-1,-1
355,5,-1,-1
355,6,-1,-1
355,7,-1,-1
356,0,0,160
356,1,0,160
356,2,-1,-1
356,3,-1,-1
356,4,-1,-1
356,5,-1,-1
356,6,-1,-1
356,7,-1,-1
357,0,0,160
357,1,0,160
357,2,-1,-1
357,3,-1,-1
357,4,-1,-1
357,5,-1,-1
357,6,-1,-1
357,7,-1,-1
358,0,0,160
358,1,0,160
358,2,-1,-1
358,3,-1,-1
358,4,-1,-1
358,5,-1,-1
358,6,-1,-1
358,7,-1,-1
359,0,0,160
359,1,0,160
359,2,-1,-1
359,3,-1,-1
359,4,-1,-1
359,5,-1,-1
359,6,-1,-1
359,7,-1,-1
360,0,0,160
360,1,0,160
360,2,-1,-1
360,3,-1,-1
360,4,-1,-1
360,5,-1,-1
360,6,-1,-1
360,7,-1,-1
361,0,0,160
361,1,0,160
361,2,-1,-1
361,3,-1,-1
361,4,-1,-1
361,5,-1,-1
361,6,-1,-1
361,7,-1,-1
362,0,0,160
362,1,0,160
362,2,-1,-1
362,3,-1,-1
362,4,-1,-1
362,5,-1,-1
362,6,-1,-1
362,7,-1,-1
363,0,0,160
363,1,0,160
363,2,-1,-1
363,3,-1,-1
363,4,-1,-1
363,5,-1,-1
363,6,-1,-1
363,7,-1,-1
364,0,0,160
364,1,0,160
364,2,-1,-1
364,3,-1,-1
364,4,-1,-1
364,5,-1,-1
364,6,-1,-1
364,7,-1,-1
365,0,0,160
365,1,0,160
365,2,-1,-1
365,3,-1,-1
365,4,-1,-1
365,5,-1,-1
365,6,-1,-1
365,7,-1,-1
366,0,0,160
366,1,0,160
366,2,-1,-1
366,3,-1,-1
366,4,-1,-1
366,5,-1,-1
366,6,-1,-1
366,7,-1,-1
367,0,0,160
367,1,0,160
367,2,-1,-1
367,3,-1,-1
367,4,-1,-1
367,5,-1,-1
367,6,-1,-1
367,7,-1,-1
368,0,0,160
368,1,0,160
368,2,-1,-1
368,3,-1,-1
368,4,-1,-1
368,5,-1,-1
368,6,-1,-1
368,7,-1,-1
369,0,0,160
369,1,0,160
369,2,-1,-1
369,3,-1,-1
369,4,-1,-1
369,5,-1,-1
369,6,-1,-1
369,7,-1,-1
370,0,0,160
370,1,0,160
370,2,-1,-1
370,3,-1,-1
370,4,-1,-1
370,5,-1,-1
370,6,-1,-1
370,7,-1,-1
371,0,0,160
371,1,0,160
371,2,-1,-1
371,3,-1,-1
371,4,-1,-1
371,5,-1,-1
371,6,-1,-1
371,7,-1,-1
372,0,0,160
372,1,0,160
372,2,-1,-1
372,3,-1,-1
372,4,-1,-1
372,5,-1,-1
372,6,-1,-1
372,7,-1,-1
373,0,0,160
373,1,0,160
373,2,-1,-1
373,3,-1,-1
373,4,-1,-1
373,5,-1,-1
373,6,-1,-1
373,7,-1,-1
374,0,0,160
374,1,0,160
374,2,-1,-1
374,3,-1,-1
374,4,-1,-1
374,5,-1,-1
374,6,-1,-1
374,7,-1,-1
375,0,0,160
375,1,0,160
375,2,-1,-1
375,3,-1,-1
375,4,-1,-1
375,5,-1,-1
375,6,-1,-1
375,7,-1,-1
376,0,0,160
376,1,0,160
376,2,-1,-1
376,3,-1,-1
376,4,-1,-1
376,5,-1,-1
376,6,-1,-1
376,7,-1,-1
377,0,0,160
377,1,0,160
377,2,-1,-1
377,3,-1,-1
377,4,-1,-1
377,5,-1,-1
377,6,-1,-1
377,7,-1,-1
378,0,0,160
378,1,0,160
378,2,-1,-1
378,3,-1,-1
378,4,-1,-1
378,5,-1,-1
378,6,-1,-1
378,7,-1,-1
379,0,0,160
379,1,0,160
379,2,-1,-1
379,3,-1,-1
379,4,-1,-1
379,5,-1,-1
379,6,-1,-1
379,7,-1,-1
380,0,0,160
380,1,0,160
380,2,-1,-1
380,3,-1,-1
380,4,-1,-1
380,5,-1,-1
380,6,-1,-1
380,7,-1,-1
381,0,0,160
381,1,0,160
381,2,-1,-1
381,3,-1,-1
381,4,-1,-1
381,5,-1,-1
381,6,-1,-1
381,7,-1,-1
382,0,0,160
382,1,0,160
382,2,-1,-1
382,3,-1,-1
382,4,-1,-1
382,5,-1,-1
382,6,-1,-1
382,7,-1,-1
383,0,0,160
383,1,0,160
383,2,-1,-1
383,3,-1,-1
383,4,-1,-1
383,5,-1,-1
383,6,-1,-1
383,7,-1,-1
384,0,0,160
384,1,0,160
384,2,-1,-1
384,3,-1,-1
384,4,-1,-1
384,5,-1,-1
384,6,-1,-1
384,7,-1,-1
385,0,0,160
385,1,0,160
385,2,-1,-1
385,3,-1,-1
385,4,-1,-1
385,5,-1,-1
385,6,-1,-1
385,7,-1,-1
386,0,0,160
386,1,0,160
386,2,-1,-1
386,3,-1,-1
386,4,-1,-1
386,5,-1,-1
386,6,-1,-1
386,7,-1,-1
387,0,0,160
387,1,0,160
387,2,-1,-1
387,3,-1,-1
387,4,-1,-1
387,5,-1,-1
387,6,-1,-1
387,7,-1,-1
388,0,0,160
388,1,0,160
388,2,-1,-1
388,3,-1,-1
388,4,-1,-1
388,5,-1,-1
388,6,-1,-1
388,7,-1,-1
389,0,0,160
389,1,0,160
389,2,-1,-1
389,3,-1,-1
389,4,-1,-1
389,5,-1,-1
389,6,-1,-1
389,7,-1,-1
390,0,0,160
390,1,0,160
390,2,-1,-1
390,3,-1,-1
390,4,-1,-1
390,5,-1,-1
390,6,-1,-1
390,7,-1,-1
391,0,0,160
391,1,0,160
391,2,-1,-1
391,3,-1,-1
391,4,-1,-1
391,5,-1,-1
391,6,-1,-1
391,7,-1,-1
392,0,0,160
392,1,0,160
392,2,-1,-1
392,3,-1,-1
392,4,-1,-1
392,5,-1,-1
392,6,-1,-1
392,7,-1,-1
393,0,0,160
393,1,0,160
393,2,-1,-1
393,3,-1,-1
393,4,-1,-1
393,5,-1,-1
393,6,-1,-1
393,7,-1,-1
394,0,0,160
394,1,0,160
394,2,-1,-1
394,3,-1,-1
394,4,-1,-1
394,5,-1,-1
394,6,-1,-1
394,7,-1,-1
395,0,0,160
395,1,0,160
395,2,-1,-1
395,3,-1,-1
395,4,-1,-1
395,5,-1,-1
395,6,-1,-1
395,7,-1,-1
396,0,0,160
396,1,0,160
396,2,-1,-1
396,3,-1,-1
396,4,-1,-1
396,5,-1,-1
396,6,-1,-1
396,7,-1,-1
397,0,0,160
397,1,0,160
397,2,-1,-1
397,3,-1,-1
397,4,-1,-1
397,5,-1,-1
397,6,-1,-1
397,7,-1,-1
398,0,0,160
398,1,0,160
398,2,-1,-1
398,3,-1,-1
398,4,-1,-1
398,5,-1,-1
398,6,-1,-1
398,7,-1,-1
399,0,0,160
399,1,0,160
399,2,-1,-1
399,3,-1,-1
399,4,-1,-1
399,5,-1,-1
399,6,-1,-1
399,7,-1,-1
400,0,0,160
400,1,0,160
400,2,-1,-1
400,3,-1,-1
400,4,-1,-1
400,5,-1,-1
400,6,-1,-1
400,7,-1,-1
401,0,0,160
401,1,0,160
401,2,-1,-1
401,3,-1,-1
401,4,-1,-1
401,5,-1,-1
401,6,-1,-1
401,7,-1,-1
402,0,0,160
402,1,0,160
402,2,-1,-1
402,3,-1,-1
402,4,-1,-1
402,5,-1,-1
402,6,-1,-1
402,7,-1,-1
403,0,0,160
403,1,0,160
403,2,-1,-1
403,3,-1,-1
403,4,-1,-1
403,5,-1,-1
403,6,-1,-1
403,7,-1,-1
404,0,0,160
404,1,0,160
404,2,-1,-1
404,3,-1,-1
404,4,-1,-1
404,5,-1,-1
404,6,-1,-1
404,7,-1,-1
405,0,0,160
405,1,0,160
405,2,-1,-1
405,3,-1,-1
405,4,-1,-1
405,5,-1,-1
405,6,-1,-1
405,7,-1,-1
406,0,0,160
406,1,0,160
406,2,-1,-1
406,3,-1,-1
406,4,-1,-1
406,5,-1,-1
406,6,-1,-1
406,7,-1,-1
407,0,0,160
407,1,0,160
407,2,-1,-1
407,3,-1,-1
407,4,-1,-1
407,5,-1,-1
407,6,-1,-1
407,7,-1,-1
408,0,0,160
408,1,0,160
408,2,-1,-1
408,3,-1,-1
408,4,-1,-1
408,5,-1,-1
408,6,-1,-1
408,7,-1,-1
409,0,0,160
409,1,0,160
409,2,-1,-1
409,3,-1,-1
409,4,-1,-1
409,5,-1,-1
409,6,-1,-1
409,7,-1,-1
410,0,0,160
410,1,0,160
410,2,-1,-1
410,3,-1,-1
410,4,-1,-1
410,5,-1,-1
410,6,-1,-1
410,7,-1,-1
411,0,0,160
411,1,0,160
411,2,-1,-1
411,3,-1,-1
411,4,-1,-1
411,5,-1,-1
411,6,-1,-1
411,7,-1,-1
412,0,0,160
412,1,0,160
412,2,-1,-1
412,3,-1,-1
412,4,-1,-1
412,5,-1,-1
412,6,-1,-1
412,7,-1,-1
413,0,0,160
413,1,0,160
413,2,-1,-1
413,3,-1,-1
413,4,-1,-1
413,5,-1,-1
413,6,-1,-1
413,7,-1,-1
414,0,0,160
414,1,0,160
414,2,-1,-1
414,3,-1,-1
414,4,-1,-1
414,5,-1,-1
414,6,-1,-1
414,7,-1,-1
415,0,0,160
415,1,0,160
415,2,-1,-1
415,3,-1,-1
415,4,-1,-1
415,5,-1,-1
415,6,-1,-1
415,7,-1,-1
416,0,0,160
416,1,0,160
416,2,-1,-1
416,3,-1,-1
416,4,-1,-1
416,5,-1,-1
416,6,-1,-1
416,7,-1,-1
417,0,0,160
417,1,0,160
417,2,-1,-1
417,3,-1,-1
417,4,-1,-1
417,5,-1,-1
417,6,-1,-1
417,7,-1,-1
418,0,0,160
418,1,0,160
418,2,-1,-1
418,3,-1,-1
418,4,-1,-1
418,5,-1,-1
418,6,-1,-1
418,7,-1,-1
419,0,0,160
419,1,0,160
419,2,-1,-1
419,3,-1,-1
419,4,-1,-1
419,5,-1,-1
419,6,-1,-1
419,7,-1,-1
420,0,0,160
420,1,0,160
420,2,-1,-1
420,3,-1,-1
420,4,-1,-1
420,5,-1,-1
420,6,-1,-1
420,7,-1,-1
421,0,0,160
421,1,0,160
421,2,-1,-1
421,3,-1,-1
421,4,-1,-1
421,5,-1,-1
421,6,-1,-1
421,7,-1,-1
422,0,0,160
422,1,0,160
422,2,-1,-1
422,3,-1,-1
422,4,-1,-1
422,5,-1,-1
422,6,-1,-1
422,7,-1,-1
423,0,0,160
423,1,0,160
423,2,-1,-1
423,3,-1,-1
423,4,-1,-1
423,5,-1,-1
423,6,-1,-1
423,7,-1,-1
424,0,0,160
424,1,0,160
424,2,-1,-1
424,3,-1,-1
424,4,-1,-1
424,5,-1,-1
424,6,-1,-1
424,7,-1,-1
425,0,0,160
425,1,0,160
425,2,-1,-1
425,3,-1,-1
425,4,-1,-1
425,5,-1,-1
425,6,-1,-1
425,7,-1,-1
426,0,0,160
426,1,0,160
426,2,-1,-1
426,3,-1,-1
426,4,-1,-1
426,5,-1,-1
426,6,-1,-1
426,7,-1,-1
427,0,0,160
427,1,0,160
427,2,-1,-1
427,3,-1,-1
427,4,-1,-1
427,5,-1,-1
427,6,-1,-1
427,7,-1,-1
428,0,0,160
428,1,0,160
428,2,-1,-1
428,3,-1,-1
428,4,-1,-1
428,5,-1,-1
428,6,-1,-1
428,7,-1,-1
429,0,0,160
429,1,0,160
429,2,-1,-1
429,3,-1,-1
429,4,-1,-1
429,5,-1,-1
429,6,-1,-1
429,7,-1,-1
430,0,0,160
430,1,0,160
430,2,-1,-1
430,3,-1,-1
430,4,-1,-1
430,5,-1,-1
430,6,-1,-1
430,7,-1,-1
431,0,0,160
431,1,0,160
431,2,-1,-1
431,3,-1,-1
431,4,-1,-1
431,5,-1,-1
431,6,-1,-1
431,7,-1,-1
432,0,0,160
432,1,0,160
432,2,-1,-1
432,3,-1,-1
432,4,-1,-1
432,5,-1,-1
432,6,-1,-1
432,7,-1,-1
433,0,0,160
433,1,0,160
433,2,-1,-1
433,3,-1,-1
433,4,-1,-1
433,5,-1,-1
433,6,-1,-1
433,7,-1,-1
434,0,0,160
434,1,0,160
434,2,-1,-1
434,3,-1,-1
434,4,-1,-1
434,5,-1,-1
434,6,-1,-1
434,7,-1,-1
435,0,0,160
435,1,0,160
435,2,-1,-1
435,3,-1,-1
435,4,-1,-1
435,5,-1,-1
435,6,-1,-1
435,7,-1,-1
436,0,0,160
436,1,0,160
436,2,-1,-1
436,3,-1,-1
436,4,-1,-1
436,5,-1,-1
436,6,-1,-1
436,7,-1,-1
437,0,0,160
437,1,0,160
437,2,-1,-1
437,3,-1,-1
437,4,-1,-1
437,5,-1,-1
437,6,-1,-1
437,7,-1,-1
438,0,0,160
438,1,0,160
438,2,-1,-1
438,3,-1,-1
438,4,-1,-1
438,5,-1,-1
438,6,-1,-1
438,7,-1,-1
439,0,0,160
439,1,0,160
439,2,-1,-1
439,3,-1,-1
439,4,-1,-1
439,5,-1,-1
439,6,-1,-1
439,7,-1,-1
440,0,0,160
440,1,0,160
440,2,-1,-1
440,3,-1,-1
440,4,-1,-1
440,5,-1,-1
440,6,-1,-1
440,7,-1,-1
441,0,0,160
441,1,0,160
441,2,-1,-1
441,3,-1,-1
441,4,-1,-1
441,5,-1,-1
441,6,-1,-1
441,7,-1,-1
442,0,0,160
442,1,0,160
442,2,-1,-1
442,3,-1,-1
442,4,-1,-1
442,5,-1,-1
442,6,-1,-1
442,7,-1,-1
443,0,0,160
443,1,0,160
443,2,-1,-1
443,3,-1,-1
443,4,-1,-1
443,5,-1,-1
443,6,-1,-1
443,7,-1,-1
444,0,0,160
444,1,0,160
444,2,-1,-1
444,3,-1,-1
444,4,-1,-1
444,5,-1,-1
444,6,-1,-1
444,7,-1,-1
445,0,0,160
445,1,0,160
445,2,-1,-1
445,3,-1,-1
445,4,-1,-1
445,5,-1,-1
445,6,-1,-1
445,7,-1,-1
446,0,0,160
446,1,0,160
446,2,-1,-1
446,3,-1,-1
446,4,-1,-1
446,5,-1,-1
446,6,-1,-1
446,7,-1,-1
447,0,0,160
447,1,0,160
447,2,-1,-1
447,3,-1,-1
447,4,-1,-1
447,5,-1,-1
447,6,-1,-1
447,7,-1,-1
448,0,0,160
448,1,0,160
448,2,-1,-1
448,3,-1,-1
448,4,-1,-1
448,5,-1,-1
448,6,-1,-1
448,7,-1,-1
449,0,0,160
449,1,0,160
449,2,-1,-1
449,3,-1,-1
449,4,-1,-1
449,5,-1,-1
449,6,-1,-1
449,7,-1,-1
450,0,0,160
450,1,0,160
450,2,-1,-1
450,3,-1,-1
450,4,-1,-1
450,5,-1,-1
450,6,-1,-1
450,7,-1,-1
451,0,0,160
451,1,0,160
451,2,-1,-1
451,3,-1,-1
451,4,-1,-1
451,5,-1,-1
451,6,-1,-1
451,7,-1,-1
452,0,0,160
452,1,0,160
452,2,-1,-1
452,3,-1,-1
452,4,-1,-1
452,5,-1,-1
452,6,-1,-1
452,7,-1,-1
453,0,0,160
453,1,0,160
453,2,-1,-1
453,3,-1,-1
453,4,-1,-1
453,5,-1,-1
453,6,-1,-1
453,7,-1,-1
454,0,0,160
454,1,0,160
454,2,-1,-1
454,3,-1,-1
454,4,-1,-1
454,5,-1,-1
454,6,-1,-1
454,7,-1,-1
455,0,0,160
455,1,0,160
455,2,-1,-1
455,3,-1,-1
455,4,-1,-1
455,5,-1,-1
455,6,-1,-1
455,7,-1,-1
456,0,0,160
456,1,0,160
456,2,-1,-1
456,3,-1,-1
456,4,-1,-1
456,5,-1,-1
456,6,-1,-1
456,7,-1,-1
457,0,0,160
457,1,0,160
457,2,-1,-1
457,3,-1,-1
457,4,-1,-1
457,5,-1,-1
457,6,-1,-1
457,7,-1,-1
458,0,0,160
458,1,0,160
458,2,-1,-1
458,3,-1,-1
458,4,-1,-1
458,5,-1,-1
458,6,-1,-1
458,7,-1,-1
459,0,0,160
459,1,0,160
459,2,-1,-1
459,3,-1,-1
459,4,-1,-1
459,5,-1,-1
459,6,-1,-1
459,7,-1,-1
460,0,0,160
460,1,0,160
460,2,-1,-1
460,3,-1,-1
460,4,-1,-1
460,5,-1,-1
460,6,-1,-1
460,7,-1,-1
461,0,0,160
461,1,0,160
461,2,-1,-1
461,3,-1,-1
461,4,-1,-1
461,5,-1,-1
461,6,-1,-1
461,7,-1,-1
462,0,0,160
462,1,0,160
462,2,-1,-1
462,3,-1,-1
462,4,-1,-1
462,5,-1,-1
462,6,-1,-1
462,7,-1,-1
463,0,0,160
463,1,0,160
463,2,-1,-1
463,3,-1,-1
463,4,-1,-1
463,5,-1,-1
463,6,-1,-1
463,7,-1,-1
464,0,0,160
464,1,0,160
464,2,-1,-1
464,3,-1,-1
464,4,-1,-1
464,5,-1,-1
464,6,-1,-1
464,7,-1,-1
465,0,0,160
465,1,0,160
465,2,-1,-1
465,3,-1,-1
465,4,-1,-1
465,5,-1,-1
465,6,-1,-1
465,7,-1,-1
466,0,0,160
466,1,0,160
466,2,-1,-1
466,3,-1,-1
466,4,-1,-1
466,5,-1,-1
466,6,-1,-1
466,7,-1,-1
467,0,0,160
467,1,0,160
467,2,-1,-1
467,3,-1,-1
467,4,-1,-1
467,5,-1,-1
467,6,-1,-1
467,7,-1,-1
468,0,0,160
468,1,0,160
468,2,-1,-1
468,3,-1,-1
468,4,-1,-1
468,5,-1,-1
468,6,-1,-1
468,7,-1,-1
469,0,0,160
469,1,0,160
469,2,-1,-1
469,3,-1,-1
469,4,-1,-1
469,5,-1,-1
469,6,-1,-1
469,7,-1,-1
470,0,0,160
470,1,0,160
470,2,-1,-1
470,3,-1,-1
470,4,-1,-1
470,5,-1,-1
470,6,-1,-1
470,7,-1,-1
471,0,0,160
471,1,0,160
471,2,-1,-1
471,3,-1,-1
471,4,-1,-1
471,5,-1,-1
471,6,-1,-1
471,7,-1,-1
472,0,0,160
472,1,0,160
472,2,-1,-1
472,3,-1,-1
472,4,-1,-1
472,5,-1,-1
472,6,-1,-1
472,7,-1,-1
473,0,0,160
473,1,0,160
473,2,-1,-1
473,3,-1,-1
473,4,-1,-1
473,5,-1,-1
473,6,-1,-1
473,7,-1,-1
474,0,0,160
474,1,0,160
474,2,-1,-1
474,3,-1,-1
474,4,-1,-1
474,5,-1,-1
474,6,-1,-1
474,7,-1,-1
475,0,0,160
475,1,0,160
475,2,-1,-1
475,3,-1,-1
475,4,-1,-1
475,5,-1,-1
475,6,-1,-1
475,7,-1,-1
476,0,0,160
476,1,0,160
476,2,-1,-1
476,3,-1,-1
476,4,-1,-1
476,5,-1,-1
476,6,-1,-1
476,7,-1,-1
477,0,0,160
477,1,0,160
477,2,-1,-1
477,3,-1,-1
477,4,-1,-1
477,5,-1,-1
477,6,-1,-1
477,7,-1,-1
478,0,0,160
478,1,0,160
478,2,-1,-1
478,3,-1,-1
478,4,-1,-1
478,5,-1,-1
478,6,-1,-1
478,7,-1,-1
479,0,0,160
479,1,0,160
479,2,-1,-1
479,3,-1,-1
479,4,-1,-1
479,5,-1,-1
479,6,-1,-1
479,7,-1,-1
480,0,0,160
480,1,0,160
480,2,-1,-1
480,3,-1,-1
480,4,-1,-1
480,5,-1,-1
480,6,-1,-1
480,7,-1,-1
481,0,0,160
481,1,0,160
481,2,-1,-1
481,3,-1,-1
481,4,-1,-1
481,5,-1,-1
481,6,-1,-1
481,7,-1,-1
482,0,0,160
482,1,0,160
482,2,-1,-1
482,3,-1,-1
482,4,-1,-1
482,5,-1,-1
482,6,-1,-1
482,7,-1,-1
483,0,0,160
483,1,0,160
483,2,-1,-1
483,3,-1,-1
483,4,-1,-1
483,5,-1,-1
483,6,-1,-1
483,7,-1,-1
484,0,0,160
484,1,0,160
484,2,-1,-1
484,3,-1,-1
484,4,-1,-1
484,5,-1,-1
484,6,-1,-1
484,7,-1,-1
485,0,0,160
485,1,0,160
485,2,-1,-1
485,3,-1,-1
485,4,-1,-1
485,5,-1,-1
485,6,-1,-1
485,7,-1,-1
486,0,0,160
486,1,0,160
486,2,-1,-1
486,3,-1,-1
486,4,-1,-1
486,5,-1,-1
486,6,-1,-1
486,7,-1,-1
487,0,0,160
487,1,0,160
487,2,-1,-1
487,3,-1,-1
487,4,-1,-1
487,5,-1,-1
487,6,-1,-1
487,7,-1,-1
488,0,0,160
488,1,0,160
488,2,-1,-1
488,3,-1,-1
488,4,-1,-1
488,5,-1,-1
488,6,-1,-1
488,7,-1,-1
489,0,0,160
489,1,0,160
489,2,-1,-1
489,3,-1,-1
489,4,-1,-1
489,5,-1,-1
489,6,-1,-1
489,7,-1,-1
490,0,0,160
490,1,0,160
490,2,-1,-1
490,3,-1,-1
490,4,-1,-1
490,5,-1,-1
490,6,-1,-1
490,7,-1,-1
491,0,0,160
491,1,0,160
491,2,-1,-1
491,3,-1,-1
491,4,-1,-1
491,5,-1,-1
491,6,-1,-1
491,7,-1,-1
492,0,0,160
492,1,0,160
492,2,-1,-1
492,3,-1,-1
492,4,-1,-1
492,5,-1,-1
492,6,-1,-1
492,7,-1,-1
493,0,0,160
493,1,0,160
493,2,-1,-1
493,3,-1,-1
493,4,-1,-1
493,5,-1,-1
493,6,-1,-1
493,7,-1,-1
494,0,0,160
494,1,0,160
494,2,-1,-1
494,3,-1,-1
494,4,-1,-1
494,5,-1,-1
494,6,-1,-1
494,7,-1,-1
495,0,0,160
495,1,0,160
495,2,-1,-1
495,3,-1,-1
495,4,-1,-1
495,5,-1,-1
495,6,-1,-1
495,7,-1,-1
496,0,0,160
496,1,0,160
496,2,-1,-1
496,3,-1,-1
496,4,-1,-1
496,5,-1,-1
496,6,-1,-1
496,7,-1,-1
497,0,0,160
497,1,0,160
497,2,-1,-1
497,3,-1,-1
497,4,-1,-1
497,5,-1,-1
497,6,-1,-1
497,7,-1,-1
498,0,0,160
498,1,0,160
498,2,-1,-1
498,3,-1,-1
498,4,-1,-1
498,5,-1,-1
498,6,-1,-1
498,7,-1,-1
499,0,0,160
499,1,0,160
499,2,-1,-1
499,3,-1,-1
499,4,-1,-1
499,5,-1,-1
499,6,-1,-1
499,7,-1,-1
500,0,0,160
500,1,0,160
500,2,-1,-1
500,3,-1,-1
500,4,-1,-1
500,5,-1,-1
500,6,-1,-1
500,7,-1,-1
501,0,0,160
501,1,0,160
501,2,-1,-1
501,3,-1,-1
501,4,-1,-1
501,5,-1,-1
501,6,-1,-1
501,7,-1,-1
502,0,0,160
502,1,0,160
502,2,-1,-1
502,3,-1,-1
502,4,-1,-1
502,5,-1,-1
502,6,-1,-1
502,7,-1,-1
503,0,0,160
503,1,0,160
503,2,-1,-1
503,3,-1,-1
503,4,-1,-1
503,5,-1,-1
503,6,-1,-1
503,7,-1,-1
504,0,0,160
504,1,0,160
504,2,-1,-1
504,3,-1,-1
504,4,-1,-1
504,5,-1,-1
504,6,-1,-1
504,7,-1,-1
505,0,0,160
505,1,0,160
505,2,-1,-1
505,3,-1,-1
505,4,-1,-1
505,5,-1,-1
505,6,-1,-1
505,7,-1,-1
506,0,0,160
506,1,0,160
506,2,-1,-1
506,3,-1,-1
506,4,-1,-1
506,5,-1,-1
506,6,-1,-1
506,7,-1,-1
507,0,0,160
507,1,0,160
507,2,-1,-1
507,3,-1,-1
507,4,-1,-1
507,5,-1,-1
507,6,-1,-1
507,7,-1,-1
508,0,0,160
508,1,0,160
508,2,-1,-1
508,3,-1,-1
508,4,-1,-1
508,5,-1,-1
508,6,-1,-1
508,7,-1,-1
509,0,0,160
509,1,0,160
509,2,-1,-1
509,3,-1,-1
509,4,-1,-1
509,5,-1,-1
509,6,-1,-1
509,7,-1,-1
510,0,0,160
510,1,0,160
510,2,-1,-1
510,3,-1,-1
510,4,-1,-1
510,5,-1,-1
510,6,-1,-1
510,7,-1,-1
511,0,0,160
511,1,0,160
511,2,-1,-1
511,3,-1,-1
511,4,-1,-1
511,5,-1,-1
511,6,-1,-1
511,7,-1,-1
512,0,0,160
512,1,0,160
512,2,-1,-1
512,3,-1,-1
512,4,-1,-1
512,5,-1,-1
512,6,-1,-1
512,7,-1,-1
513,0,0,160
513,1,0,160
513,2,-1,-1
513,3,-1,-1
513,4,-1,-1
513,5,-1,-1
513,6,-1,-1
513,7,-1,-1
514,0,0,160
514,1,0,160
514,2,-1,-1
514,3,-1,-1
514,4,-1,-1
514,5,-1,-1
514,6,-1,-1
514,7,-1,-1
515,0,0,160
515,1,0,160
515,2,-1,-1
515,3,-1,-1
515,4,-1,-1
515,5,-1,-1
515,6,-1,-1
515,7,-1,-1
516,0,0,160
516,1,0,160
516,2,-1,-1
516,3,-1,-1
516,4,-1,-1
516,5,-1,-1
516,6,-1,-1
516,7,-1,-1
517,0,0,160
517,1,0,160
517,2,-1,-1
517,3,-1,-1
517,4,-1,-1
517,5,-1,-1
517,6,-1,-1
517,7,-1,-1
518,0,0,160
518,1,0,160
518,2,-1,-1
518,3,-1,-1
518,4,-1,-1
518,5,-1,-1
518,6,-1,-1
518,7,-1,-1
519,0,0,160
519,1,0,160
519,2,-1,-1
519,3,-1,-1
519,4,-1,-1
519,5,-1,-1
519,6,-1,-1
519,7,-1,-1
520,0,0,160
520,1,0,160
520,2,-1,-1
520,3,-1,-1
520,4,-1,-1
520,5,-1,-1
520,6,-1,-1
520,7,-1,-1
521,0,0,160
521,1,0,160
521,2,-1,-1
521,3,-1,-1
521,4,-1,-1
521,5,-1,-1
521,6,-1,-1
521,7,-1,-1
522,0,0,160
522,1,0,160
522,2,-1,-1
522,3,-1,-1
522,4,-1,-1
522,5,-1,-1
522,6,-1,-1
522,7,-1,-1
523,0,0,160
523,1,0,160
523,2,-1,-1
523,3,-1,-1
523,4,-1,-1
523,5,-1,-1
523,6,-1,-1
523,7,-1,-1
524,0,0,160
524,1,0,160
524,2,-1,-1
524,3,-1,-1
524,4,-1,-1
524,5,-1,-1
524,6,-1,-1
524,7,-1,-1
525,0,0,160
525,1,0,160
525,2,-1,-1
525,3,-1,-1
525,4,-1,-1
525,5,-1,-1
525,6,-1,-1
525,7,-1,-1
526,0,0,160
526,1,0,160
526,2,-1,-1
526,3,-1,-1
526,4,-1,-1
526,5,-1,-1
526,6,-1,-1
526,7,-1,-1
527,0,0,160
527,1,0,160
527,2,-1,-1
527,3,-1,-1
527,4,-1,-1
527,5,-1,-1
527,6,-1,-1
527,7,-1,-1
528,0,0,160
528,1,0,160
528,2,-1,-1
528,3,-1,-1
528,4,-1,-1
528,5,-1,-1
528,6,-1,-1
528,7,-1,-1
529,0,0,160
529,1,0,160
529,2,-1,-1
529,3,-1,-1
529,4,-1,-1
529,5,-1,-1
529,6,-1,-1
529,7,-1,-1
530,0,0,160
530,1,0,160
530,2,-1,-1
530,3,-1,-1
530,4,-1,-1
530,5,-1,-1
530,6,-1,-1
530,7,-1,-1
531,0,0,160
531,1,0,160
531,2,-1,-1
531,3,-1,-1
531,4,-1,-1
531,5,-1,-1
531,6,-1,-1
531,7,-1,-1
532,0,0,160
532,1,0,160
532,2,-1,-1
532,3,-1,-1
532,4,-1,-1
532,5,-1,-1
532,6,-1,-1
532,7,-1,-1
533,0,0,160
533,1,0,160
533,2,-1,-1
533,3,-1,-1
533,4,-1,-1
533,5,-1,-1
533,6,-1,-1
533,7,-1,-1
534,0,0,160
534,1,0,160
534,2,-1,-1
534,3,-1,-1
534,4,-1,-1
534,5,-1,-1
534,6,-1,-1
534,7,-1,-1
535,0,0,160
535,1,0,160
535,2,-1,-1
535,3,-1,-1
535,4,-1,-1
535,5,-1,-1
535,6,-1,-1
535,7,-1,-1
536,0,0,160
536,1,0,160
536,2,-1,-1
536,3,-1,-1
536,4,-1,-1
536,5,-1,-1
536,6,-1,-1
536,7,-1,-1
537,0,0,160
537,1,0,160
537,2,-1,-1
537,3,-1,-1
537,4,-1,-1
537,5,-1,-1
537,6,-1,-1
537,7,-1,-1
538,0,0,160
538,1,0,160
538,2,-1,-1
538,3,-1,-1
538,4,-1,-1
538,5,-1,-1
538,6,-1,-1
538,7,-1,-1
539,0,0,160
539,1,0,160
539,2,-1,-1
539,3,-1,-1
539,4,-1,-1
539,5,-1,-1
539,6,-1,-1
539,7,-1,-1
540,0,0,160
540,1,0,160
540,2,-1,-1
540,3,-1,-1
540,4,-1,-1
540,5,-1,-1
540,6,-1,-1
540,7,-1,-1
541,0,0,160
541,1,0,160
541,2,-1,-1
541,3,-1,-1
541,4,-1,-1
541,5,-1,-1
541,6,-1,-1
541,7,-1,-1
542,0,0,160
542,1,0,160
542,2,-1,-1
542,3,-1,-1
542,4,-1,-1
542,5,-1,-1
542,6,-1,-1
542,7,-1,-1
543,0,0,160
543,1,0,160
543,2,-1,-1
543,3,-1,-1
543,4,-1,-1
543,5,-1,-1
543,6,-1,-1
543,7,-1,-1
544,0,0,160
544,1,0,160
544,2,-1,-1
544,3,-1,-1
544,4,-1,-1
544,5,-1,-1
544,6,-1,-1
544,7,-1,-1
545,0,0,160
545,1,0,160
545,2,-1,-1
545,3,-1,-1
545,4,-1,-1
545,5,-1,-1
545,6,-1,-1
545,7,-1,-1
546,0,0,160
546,1,0,160
546,2,-1,-1
546,3,-1,-1
546,4,-1,-1
546,5,-1,-1
546,6,-1,-1
546,7,-1,-1
547,0,0,160
547,1,0,160
547,2,-1,-1
547,3,-1,-1
547,4,-1,-1
547,5,-1,-1
547,6,-1,-1
547,7,-1,-1
548,0,0,160
548,1,0,160
548,2,-1,-1
548,3,-1,-1
548,4,-1,-1
548,5,-1,-1
548,6,-1,-1
548,7,-1,-1
549,0,0,160
549,1,0,160
549,2,-1,-1
549,3,-1,-1
549,4,-1,-1
549,5,-1,-1
549,6,-1,-1
549,7,-1,-1
550,0,0,160
550,1,0,160
550,2,-1,-1
550,3,-1,-1
550,4,-1,-1
550,5,-1,-1
550,6,-1,-1
550,7,-1,-1
551,0,0,160
551,1,0,160
551,2,-1,-1
551,3,-1,-1
551,4,-1,-1
551,5,-1,-1
551,6,-1,-1
551,7,-1,-1
552,0,0,160
552,1,0,160
552,2,-1,-1
552,3,-1,-1
552,4,-1,-1
552,5,-1,-1
552,6,-1,-1
552,7,-1,-1
553,0,0,160
553,1,0,160
553,2,-1,-1
553,3,-1,-1
553,4,-1,-1
553,5,-1,-1
553,6,-1,-1
553,7,-1,-1
554,0,0,160
554,1,0,160
554,2,-1,-1
554,3,-1,-1
554,4,-1,-1
554,5,-1,-1
554,6,-1,-1
554,7,-1,-1
555,0,0,160
555,1,0,160
555,2,-1,-1
555,3,-1,-1
555,4,-1,-1
555,5,-1,-1
555,6,-1,-1
555,7,-1,-1
556,0,0,160
556,1,0,160
556,2,-1,-1
556,3,-1,-1
556,4,-1,-1
556,5,-1,-1
556,6,-1,-1
556,7,-1,-1
557,0,0,160
557,1,0,160
557,2,-1,-1
557,3,-1,-1
557,4,-1,-1
557,5,-1,-1
557,6,-1,-1
557,7,-1,-1
558,0,0,160
558,1,0,160
558,2,-1,-1
558,3,-1,-1
558,4,-1,-1
558,5,-1,-1
558,6,-1,-1
558,7,-1,-1
559,0,0,160
559,1,0,160
559,2,-1,-1
559,3,-1,-1
559,4,-1,-1
559,5,-1,-1
559,6,-1,-1
559,7,-1,-1
560,0,0,160
560,1,0,160
560,2,-1,-1
560,3,-1,-1
560,4,-1,-1
560,5,-1,-1
560,6,-1,-1
560,7,-1,-1
561,0,0,160
561,1,0,160
561,2,-1,-1
561,3,-1,-1
561,4,-1,-1
561,5,-1,-1
561,6,-1,-1
561,7,-1,-1
562,0,0,160
562,1,0,160
562,2,-1,-1
562,3,-1,-1
562,4,-1,-1
562,5,-1,-1
562,6,-1,-1
562,7,-1,-1
563,0,0,160
563,1,0,160
563,2,-1,-1
563,3,-1,-1
563,4,-1,-1
563,5,-1,-1
563,6,-1,-1
563,7,-1,-1
564,0,0,160
564,1,0,160
564,2,-1,-1
564,3,-1,-1
564,4,-1,-1
564,5,-1,-1
564,6,-1,-1
564,7,-1,-1
565,0,0,160
565,1,0,160
565,2,-1,-1
565,3,-1,-1
565,4,-1,-1
565,5,-1,-1
565,6,-1,-1
565,7,-1,-1
566,0,0,160
566,1,0,160
566,2,-1,-1
566,3,-1,-1
566,4,-1,-1
566,5,-1,-1
566,6,-1,-1
566,7,-1,-1
567,0,0,160
567,1,0,160
567,2,-1,-1
567,3,-1,-1
567,4,-1,-1
567,5,-1,-1
567,6,-1,-1
567,7,-1,-1
568,0,0,160
568,1,0,160
568,2,-1,-1
568,3,-1,-1
568,4,-1,-1
568,5,-1,-1
568,6,-1,-1
568,7,-1,-1
569,0,0,160
569,1,0,160
569,2,-1,-1
569,3,-1,-1
569,4,-1,-1
569,5,-1,-1
569,6,-1,-1
569,7,-1,-1
570,0,0,160
570,1,0,160
570,2,-1,-1
570,3,-1,-1
570,4,-1,-1
570,5,-1,-1
570,6,-1,-1
570,7,-1,-1
571,0,0,160
571,1,0,160
571,2,-1,-1
571,3,-1,-1
571,4,-1,-1
571,5,-1,-1
571,6,-1,-1
571,7,-1,-1
572,0,0,160
572,1,0,160
572,2,-1,-1
572,3,-1,-1
572,4,-1,-1
572,5,-1,-1
572,6,-1,-1
572,7,-1,-1
573,0,0,160
573,1,0,160
573,2,-1,-1
573,3,-1,-1
573,4,-1,-1
573,5,-1,-1
573,6,-1,-1
573,7,-1,-1
574,0,0,160
574,1,0,160
574,2,-1,-1
574,3,-1,-1
574,4,-1,-1
574,5,-1,-1
574,6,-1,-1
574,7,-1,-1
575,0,0,160
575,1,0,160
575,2,-1,-1
575,3,-1,-1
575,4,-1,-1
575,5,-1,-1
575,6,-1,-1
575,7,-1,-1
576,0,0,160
576,1,0,160
576,2,-1,-1
576,3,-1,-1
576,4,-1,-1
576,5,-1,-1
576,6,-1,-1
576,7,-1,-1
577,0,0,160
577,1,0,160
577,2,-1,-1
577,3,-1,-1
577,4,-1,-1
577,5,-1,-1
577,6,-1,-1
577,7,-1,-1
578,0,0,160
578,1,0,160
578,2,-1,-1
578,3,-1,-1
578,4,-1,-1
578,5,-1,-1
578,6,-1,-1
578,7,-1,-1
579,0,0,160
579,1,0,160
579,2,-1,-1
579,3,-1,-1
579,4,-1,-1
579,5,-1,-1
579,6,-1,-1
579,7,-1,-1
580,0,0,160
580,1,0,160
580,2,-1,-1
580,3,-1,-1
580,4,-1,-1
580,5,-1,-1
580,6,-1,-1
580,7,-1,-1
581,0,0,160
581,1,0,160
581,2,-1,-1
581,3,-1,-1
581,4,-1,-1
581,5,-1,-1
581,6,-1,-1
581,7,-1,-1
582,0,0,160
582,1,0,160
582,2,-1,-1
582,3,-1,-1
582,4,-1,-1
582,5,-1,-1
582,6,-1,-1
582,7,-1,-1
583,0,0,160
583,1,0,160
583,2,-1,-1
583,3,-1,-1
583,4,-1,-1
583,5,-1,-1
583,6,-1,-1
583,7,-1,-1
584,0,0,160
584,1,0,160
584,2,-1,-1
584,3,-1,-1
584,4,-1,-1
584,5,-1,-1
584,6,-1,-1
584,7,-1,-1
585,0,0,160
585,1,0,160
585,2,-1,-1
585,3,-1,-1
585,4,-1,-1
585,5,-1,-1
585,6,-1,-1
585,7,-1,-1
586,0,0,160
586,1,0,160
586,2,-1,-1
586,3,-1,-1
586,4,-1,-1
586,5,-1,-1
586,6,-1,-1
586,7,-1,-1
587,0,0,160
587,1,0,160
587,2,-1,-1
587,3,-1,-1
587,4,-1,-1
587,5,-1,-1
587,6,-1,-1
587,7,-1,-1
588,0,0,160
588,1,0,160
588,2,-1,-1
588,3,-1,-1
588,4,-1,-1
588,5,-1,-1
588,6,-1,-1
588,7,-1,-1
589,0,0,160
589,1,0,160
589,2,-1,-1
589,3,-1,-1
589,4,-1,-1
589,5,-1,-1
589,6,-1,-1
589,7,-1,-1
590,0,0,160
590,1,0,160
590,2,-1,-1
590,3,-1,-1
590,4,-1,-1
590,5,-1,-1
590,6,-1,-1
590,7,-1,-1
591,0,0,160
591,1,0,160
591,2,-1,-1
591,3,-1,-1
591,4,-1,-1
591,5,-1,-1
591,6,-1,-1
591,7,-1,-1
592,0,0,160
592,1,0,160
592,2,-1,-1
592,3,-1,-1
592,4,-1,-1
592,5,-1,-1
592,6,-1,-1
592,7,-1,-1
593,0,0,160
593,1,0,160
593,2,-1,-1
593,3,-1,-1
593,4,-1,-1
593,5,-1,-1
593,6,-1,-1
593,7,-1,-1
594,0,0,160
594,1,0,160
594,2,-1,-1
594,3,-1,-1
594,4,-1,-1
594,5,-1,-1
594,6,-1,-1
594,7,-1,-1
595,0,0,160
595,1,0,160
595,2,-1,-1
595,3,-1,-1
595,4,-1,-1
595,5,-1,-1
595,6,-1,-1
595,7,-1,-1
596,0,0,160
596,1,0,160
596,2,-1,-1
596,3,-1,-1
596,4,-1,-1
596,5,-1,-1
596,6,-1,-1
596,7,-1,-1
597,0,0,160
597,1,0,160
597,2,-1,-1
597,3,-1,-1
597,4,-1,-1
597,5,-1,-1
597,6,-1,-1
597,7,-1,-1
598,0,0,160
598,1,0,160
598,2,-1,-1
598,3,-1,-1
598,4,-1,-1
598,5,-1,-1
598,6,-1,-1
598,7,-1,-1
599,0,0,160
599,1,0,160
599,2,-1,-1
599,3,-1,-1
599,4,-1,-1
599,5,-1,-1
599,6,-1,-1
599,7,-1,-1
600,0,0,160
600,1,0,160
600,2,-1,-1
600,3,-1,-1
600,4,-1,-1
600,5,-1,-1
600,6,-1,-1
600,7,-1,-1
601,0,0,160
601,1,0,160
601,2,-1,-1
601,3,-1,-1
601,4,-1,-1
601,5,-1,-1
601,6,-1,-1
601,7,-1,-1
602,0,0,160
602,1,0,160
602,2,-1,-1
602,3,-1,-1
602,4,-1,-1
602,5,-1,-1
602,6,-1,-1
602,7,-1,-1
603,0,0,160
603,1,0,160
603,2,-1,-1
603,3,-1,-1
603,4,-1,-1
603,5,-1,-1
603,6,-1,-1
603,7,-1,-1
604,0,0,160
604,1,0,160
604,2,-1,-1
604,3,-1,-1
604,4,-1,-1
604,5,-1,-1
604,6,-1,-1
604,7,-1,-1
605,0,0,160
605,1,0,160
605,2,-1,-1
605,3,-1,-1
605,4,-1,-1
605,5,-1,-1
605,6,-1,-1
605,7,-1,-1
606,0,0,160
606,1,0,160
606,2,-1,-1
606,3,-1,-1
606,4,-1,-1
606,5,-1,-1
606,6,-1,-1
606,7,-1,-1
607,0,0,160
607,1,0,160
607,2,-1,-1
607,3,-1,-1
607,4,-1,-1
607,5,-1,-1
607,6,-1,-1
607,7,-1,-1
608,0,0,160
608,1,0,160
608,2,-1,-1
608,3,-1,-1
608,4,-1,-1
608,5,-1,-1
608,6,-1,-1
608,7,-1,-1
609,0,0,160
609,1,0,160
609,2,-1,-1
609,3,-1,-1
609,4,-1,-1
609,5,-1,-1
609,6,-1,-1
609,7,-1,-1
610,0,0,160
610,1,0,160
610,2,-1,-1
610,3,-1,-1
610,4,-1,-1
610,5,-1,-1
610,6,-1,-1
610,7,-1,-1
611,0,0,160
611,1,0,160
611,2,-1,-1
611,3,-1,-1
611,4,-1,-1
611,5,-1,-1
611,6,-1,-1
611,7,-1,-1
612,0,0,160
612,1,0,160
612,2,-1,-1
612,3,-1,-1
612,4,-1,-1
612,5,-1,-1
612,6,-1,-1
612,7,-1,-1
613,0,0,160
613,1,0,160
613,2,-1,-1
613,3,-1,-1
613,4,-1,-1
613,5,-1,-1
613,6,-1,-1
613,7,-1,-1
614,0,0,160
614,1,0,160
614,2,-1,-1
614,3,-1,-1
614,4,-1,-1
614,5,-1,-1
614,6,-1,-1
614,7,-1,-1
615,0,0,160
615,1,0,160
615,2,-1,-1
615,3,-1,-1
615,4,-1,-1
615,5,-1,-1
615,6,-1,-1
615,7,-1,-1
616,0,0,160
616,1,0,160
616,2,-1,-1
616,3,-1,-1
616,4,-1,-1
616,5,-1,-1
616,6,-1,-1
616,7,-1,-1
617,0,0,160
617,1,0,160
617,2,-1,-1
617,3,-1,-1
617,4,-1,-1
617,5,-1,-1
617,6,-1,-1
617,7,-1,-1
618,0,0,160
618,1,0,160
618,2,-1,-1
618,3,-1,-1
618,4,-1,-1
618,5,-1,-1
618,6,-1,-1
618,7,-1,-1
619,0,0,160
619,1,0,160
619,2,-1,-1
619,3,-1,-1
619,4,-1,-1
619,5,-1,-1
619,6,-1,-1
619,7,-1,-1
620,0,0,160
620,1,0,160
620,2,-1,-1
620,3,-1,-1
620,4,-1,-1
620,5,-1,-1
620,6,-1,-1
620,7,-1,-1
621,0,0,160
621,1,0,160
621,2,-1,-1
621,3,-1,-1
621,4,-1,-1
621,5,-1,-1
621,6,-1,-1
621,7,-1,-1
622,0,0,160
622,1,0,160
622,2,-1,-1
622,3,-1,-1
622,4,-1,-1
622,5,-1,-1
622,6,-1,-1
622,7,-1,-1
623,0,0,160
623,1,0,160
623,2,-1,-1
623,3,-1,-1
623,4,-1,-1
623,5,-1,-1
623,6,-1,-1
623,7,-1,-1
624,0,0,160
624,1,0,160
624,2,-1,-1
624,3,-1,-1
624,4,-1,-1
624,5,-1,-1
624,6,-1,-1
624,7,-1,-1
625,0,0,160
625,1,0,160
625,2,-1,-1
625,3,-1,-1
625,4,-1,-1
625,5,-1,-1
625,6,-1,-1
625,7,-1,-1
626,0,0,160
626,1,0,160
626,2,-1,-1
626,3,-1,-1
626,4,-1,-1
626,5,-1,-1
626,6,-1,-1
626,7,-1,-1
627,0,0,160
627,1,0,160
627,2,-1,-1
627,3,-1,-1
627,4,-1,-1
627,5,-1,-1
627,6,-1,-1
627,7,-1,-1
628,0,0,160
628,1,0,160
628,2,-1,-1
628,3,-1,-1
628,4,-1,-1
628,5,-1,-1
628,6,-1,-1
628,7,-1,-1
629,0,0,160
629,1,0,160
629,2,-1,-1
629,3,-1,-1
629,4,-1,-1
629,5,-1,-1
629,6,-1,-1
629,7,-1,-1
630,0,0,160
630,1,0,160
630,2,-1,-1
630,3,-1,-1
630,4,-1,-1
630,5,-1,-1
630,6,-1,-1
630,7,-1,-1
631,0,0,160
631,1,0,160
631,2,-1,-1
631,3,-1,-1
631,4,-1,-1
631,5,-1,-1
631,6,-1,-1
631,7,-1,-1
632,0,0,160
632,1,0,160
632,2,-1,-1
632,3,-1,-1
632,4,-1,-1
632,5,-1,-1
632,6,-1,-1
632,7,-1,-1
633,0,0,160
633,1,0,160
633,2,-1,-1
633,3,-1,-1
633,4,-1,-1
633,5,-1,-1
633,6,-1,-1
633,7,-1,-1
634,0,0,160
634,1,0,160
634,2,-1,-1
634,3,-1,-1
634,4,-1,-1
634,5,-1,-1
634,6,-1,-1
634,7,-1,-1
635,0,0,160
635,1,0,160
635,2,-1,-1
635,3,-1,-1
635,4,-1,-1
635,5,-1,-1
635,6,-1,-1
635,7,-1,-1
636,0,0,160
636,1,0,160
636,2,-1,-1
636,3,-1,-1
636,4,-1,-1
636,5,-1,-1
636,6,-1,-1
636,7,-1,-1
637,0,0,160
637,1,0,160
637,2,-1,-1
637,3,-1,-1
637,4,-1,-1
637,5,-1,-1
637,6,-1,-1
637,7,-1,-1
638,0,0,160
638,1,0,160
638,2,-1,-1
638,3,-1,-1
638,4,-1,-1
638,5,-1,-1
638,6,-1,-1
638,7,-1,-1
639,0,0,160
639,1,0,160
639,2,-1,-1
639,3,-1,-1
639,4,-1,-1
639,5,-1,-1
639,6,-1,-1
639,7,-1,-1
640,0,0,160
640,1,0,160
640,2,-1,-1
640,3,-1,-1
640,4,-1,-1
640,5,-1,-1
640,6,-1,-1
640,7,-1,-1
641,0,0,160
641,1,0,160
641,2,-1,-1
641,3,-1,-1
641,4,-1,-1
641,5,-1,-1
641,6,-1,-1
641,7,-1,-1
642,0,0,160
642,1,0,160
642,2,-1,-1
642,3,-1,-1
642,4,-1,-1
642,5,-1,-1
642,6,-1,-1
642,7,-1,-1
643,0,0,160
643,1,0,160
643,2,-1,-1
643,3,-1,-1
643,4,-1,-1
643,5,-1,-1
643,6,-1,-1
643,7,-1,-1
644,0,0,160
644,1,0,160
644,2,-1,-1
644,3,-1,-1
644,4,-1,-1
644,5,-1,-1
644,6,-1,-1
644,7,-1,-1
645,0,0,160
645,1,0,160
645,2,-1,-1
645,3,-1,-1
645,4,-1,-1
645,5,-1,-1
645,6,-1,-1
645,7,-1,-1
646,0,0,160
646,1,0,160
646,2,-1,-1
646,3,-1,-1
646,4,-1,-1
646,5,-1,-1
646,6,-1,-1
646,7,-1,-1
647,0,0,160
647,1,0,160
647,2,-1,-1
647,3,-1,-1
647,4,-1,-1
647,5,-1,-1
647,6,-1,-1
647,7,-1,-1
648,0,0,160
648,1,0,160
648,2,-1,-1
648,3,-1,-1
648,4,-1,-1
648,5,-1,-1
648,6,-1,-1
648,7,-1,-1
649,0,0,160
649,1,0,160
649,2,-1,-1
649,3,-1,-1
649,4,-1,-1
649,5,-1,-1
649,6,-1,-1
649,7,-1,-1
650,0,0,160
650,1,0,160
650,2,-1,-1
650,3,-1,-1
650,4,-1,-1
650,5,-1,-1
650,6,-1,-1
650,7,-1,-1
651,0,0,160
651,1,0,160
651,2,-1,-1
651,3,-1,-1
651,4,-1,-1
651,5,-1,-1
651,6,-1,-1
651,7,-1,-1
652,0,0,160
652,1,0,160
652,2,-1,-1
652,3,-1,-1
652,4,-1,-1
652,5,-1,-1
652,6,-1,-1
652,7,-1,-1
653,0,0,160
653,1,0,160
653,2,-1,-1
653,3,-1,-1
653,4,-1,-1
653,5,-1,-1
653,6,-1,-1
653,7,-1,-1
654,0,0,160
654,1,0,160
654,2,-1,-1
654,3,-1,-1
654,4,-1,-1
654,5,-1,-1
654,6,-1,-1
654,7,-1,-1
655,0,0,160
655,1,0,160
655,2,-1,-1
655,3,-1,-1
655,4,-1,-1
655,5,-1,-1
655,6,-1,-1
655,7,-1,-1
656,0,0,160
656,1,0,160
656,2,-1,-1
656,3,-1,-1
656,4,-1,-1
656,5,-1,-1
656,6,-1,-1
656,7,-1,-1
657,0,0,160
657,1,0,160
657,2,-1,-1
657,3,-1,-1
657,4,-1,-1
657,5,-1,-1
657,6,-1,-1
657,7,-1,-1
658,0,0,160
658,1,0,160
658,2,-1,-1
658,3,-1,-1
658,4,-1,-1
658,5,-1,-1
658,6,-1,-1
658,7,-1,-1
659,0,0,160
659,1,0,160
659,2,-1,-1
659,3,-1,-1
659,4,-1,-1
659,5,-1,-1
659,6,-1,-1
659,7,-1,-1
660,0,0,160
660,1,0,160
660,2,-1,-1
660,3,-1,-1
660,4,-1,-1
660,5,-1,-1
660,6,-1,-1
660,7,-1,-1
661,0,0,160
661,1,0,160
661,2,-1,-1
661,3,-1,-1
661,4,-1,-1
661,5,-1,-1
661,6,-1,-1
661,7,-1,-1
662,0,0,160
662,1,0,160
662,2,-1,-1
662,3,-1,-1
662,4,-1,-1
662,5,-1,-1
662,6,-1,-1
662,7,-1,-1
663,0,0,160
663,1,0,160
663,2,-1,-1
663,3,-1,-1
663,4,-1,-1
663,5,-1,-1
663,6,-1,-1
663,7,-1,-1
664,0,0,160
664,1,0,160
664,2,-1,-1
664,3,-1,-1
664,4,-1,-1
664,5,-1,-1
664,6,-1,-1
664,7,-1,-1
665,0,0,160
665,1,0,160
665,2,-1,-1
665,3,-1,-1
665,4,-1,-1
665,5,-1,-1
665,6,-1,-1
665,7,-1,-1
666,0,0,160
666,1,0,160
666,2,-1,-1
666,3,-1,-1
666,4,-1,-1
666,5,-1,-1
666,6,-1,-1
666,7,-1,-1
667,0,0,160
667,1,0,160
667,2,-1,-1
667,3,-1,-1
667,4,-1,-1
667,5,-1,-1
667,6,-1,-1
667,7,-1,-1
668,0,0,160
668,1,0,160
668,2,-1,-1
668,3,-1,-1
668,4,-1,-1
668,5,-1,-1
668,6,-1,-1
668,7,-1,-1
669,0,0,160
669,1,0,160
669,2,-1,-1
669,3,-1,-1
669,4,-1,-1
669,5,-1,-1
669,6,-1,-1
669,7,-1,-1
670,0,0,160
670,1,0,160
670,2,-1,-1
670,3,-1,-1
670,4,-1,-1
670,5,-1,-1
670,6,-1,-1
670,7,-1,-1
671,0,0,160
671,1,0,160
671,2,-1,-1
671,3,-1,-1
671,4,-1,-1
671,5,-1,-1
671,6,-1,-1
671,7,-1,-1
672,0,0,160
672,1,0,160
672,2,-1,-1
672,3,-1,-1
672,4,-1,-1
672,5,-1,-1
672,6,-1,-1
672,7,-1,-1
673,0,0,160
673,1,0,160
673,2,-1,-1
673,3,-1,-1
673,4,-1,-1
673,5,-1,-1
673,6,-1,-1
673,7,-1,-1
674,0,0,160
674,1,0,160
674,2,-1,-1
674,3,-1,-1
674,4,-1,-1
674,5,-1,-1
674,6,-1,-1
674,7,-1,-1
675,0,0,160
675,1,0,160
675,2,-1,-1
675,3,-1,-1
675,4,-1,-1
675,5,-1,-1
675,6,-1,-1
675,7,-1,-1
676,0,0,160
676,1,0,160
676,2,-1,-1
676,3,-1,-1
676,4,-1,-1
676,5,-1,-1
676,6,-1,-1
676,7,-1,-1
677,0,0,160
677,1,0,160
677,2,-1,-1
677,3,-1,-1
677,4,-1,-1
677,5,-1,-1
677,6,-1,-1
677,7,-1,-1
678,0,0,160
678,1,0,160
678,2,-1,-1
678,3,-1,-1
678,4,-1,-1
678,5,-1,-1
678,6,-1,-1
678,7,-1,-1
679,0,0,160
679,1,0,160
679,2,-1,-1
679,3,-1,-1
679,4,-1,-1
679,5,-1,-1
679,6,-1,-1
679,7,-1,-1
680,0,0,160
680,1,0,160
680,2,-1,-1
680,3,-1,-1
680,4,-1,-1
680,5,-1,-1
680,6,-1,-1
680,7,-1,-1
681,0,0,160
681,1,0,160
681,2,-1,-1
681,3,-1,-1
681,4,-1,-1
681,5,-1,-1
681,6,-1,-1
681,7,-1,-1
682,0,0,160
682,1,0,160
682,2,-1,-1
682,3,-1,-1
682,4,-1,-1
682,5,-1,-1
682,6,-1,-1
682,7,-1,-1
683,0,0,160
683,1,0,160
683,2,-1,-1
683,3,-1,-1
683,4,-1,-1
683,5,-1,-1
683,6,-1,-1
683,7,-1,-1
684,0,0,160
684,1,0,160
684,2,-1,-1
684,3,-1,-1
684,4,-1,-1
684,5,-1,-1
684,6,-1,-1
684,7,-1,-1
685,0,0,160
685,1,0,160
685,2,-1,-1
685,3,-1,-1
685,4,-1,-1
685,5,-1,-1
685,6,-1,-1
685,7,-1,-1
686,0,0,160
686,1,0,160
686,2,-1,-1
686,3,-1,-1
686,4,-1,-1
686,5,-1,-1
686,6,-1,-1
686,7,-1,-1
687,0,0,160
687,1,0,160
687,2,-1,-1
687,3,-1,-1
687,4,-1,-1
687,5,-1,-1
687,6,-1,-1
687,7,-1,-1
688,0,0,160
688,1,0,160
688,2,-1,-1
688,3,-1,-1
688,4,-1,-1
688,5,-1,-1
688,6,-1,-1
688,7,-1,-1
689,0,0,160
689,1,0,160
689,2,-1,-1
689,3,-1,-1
689,4,-1,-1
689,5,-1,-1
689,6,-1,-1
689,7,-1,-1
690,0,0,160
690,1,0,160
690,2,-1,-1
690,3,-1,-1
690,4,-1,-1
690,5,-1,-1
690,6,-1,-1
690,7,-1,-1
691,0,0,160
691,1,0,160
691,2,-1,-1
691,3,-1,-1
691,4,-1,-1
691,5,-1,-1
691,6,-1,-1
691,7,-1,-1
692,0,0,160
692,1,0,160
692,2,-1,-1
692,3,-1,-1
692,4,-1,-1
692,5,-1,-1
692,6,-1,-1
692,7,-1,-1
693,0,0,160
693,1,0,160
693,2,-1,-1
693,3,-1,-1
693,4,-1,-1
693,5,-1,-1
693,6,-1,-1
693,7,-1,-1
694,0,0,160
694,1,0,160
694,2,-1,-1
694,3,-1,-1
694,4,-1,-1
694,5,-1,-1
694,6,-1,-1
694,7,-1,-1
695,0,0,160
695,1,0,160
695,2,-1,-1
695,3,-1,-1
695,4,-1,-1
695,5,-1,-1
695,6,-1,-1
695,7,-1,-1
696,0,0,160
696,1,0,160
696,2,-1,-1
696,3,-1,-1
696,4,-1,-1
696,5,-1,-1
696,6,-1,-1
696,7,-1,-1
697,0,0,160
697,1,0,160
697,2,-1,-1
697,3,-1,-1
697,4,-1,-1
697,5,-1,-1
697,6,-1,-1
697,7,-1,-1
698,0,0,160
698,1,0,160
698,2,-1,-1
698,3,-1,-1
698,4,-1,-1
698,5,-1,-1
698,6,-1,-1
698,7,-1,-1
699,0,0,160
699,1,0,160
699,2,-1,-1
699,3,-1,-1
699,4,-1,-1
699,5,-1,-1
699,6,-1,-1
699,7,-1,-1
700,0,0,160
700,1,0,160
700,2,-1,-1
700,3,-1,-1
700,4,-1,-1
700,5,-1,-1
700,6,-1,-1
700,7,-1,-1
701,0,0,160
701,1,0,160
701,2,-1,-1
701,3,-1,-1
701,4,-1,-1
701,5,-1,-1
701,6,-1,-1
701,7,-1,-1
702,0,0,160
702,1,0,160
702,2,-1,-1
702,3,-1,-1
702,4,-1,-1
702,5,-1,-1
702,6,-1,-1
702,7,-1,-1
703,0,0,160
703,1,0,160
703,2,-1,-1
703,3,-1,-1
703,4,-1,-1
703,5,-1,-1
703,6,-1,-1
703,7,-1,-1
704,0,0,160
704,1,0,160
704,2,-1,-1
704,3,-1,-1
704,4,-1,-1
704,5,-1,-1
704,6,-1,-1
704,7,-1,-1
705,0,0,160
705,1,0,160
705,2,-1,-1
705,3,-1,-1
705,4,-1,-1
705,5,-1,-1
705,6,-1,-1
705,7,-1,-1
706,0,0,160
706,1,0,160
706,2,-1,-1
706,3,-1,-1
706,4,-1,-1
706,5,-1,-1
706,6,-1,-1
706,7,-1,-1
707,0,0,160
707,1,0,160
707,2,-1,-1
707,3,-1,-1
707,4,-1,-1
707,5,-1,-1
707,6,-1,-1
707,7,-1,-1
708,0,0,160
708,1,0,160
708,2,-1,-1
708,3,-1,-1
708,4,-1,-1
708,5,-1,-1
708,6,-1,-1
708,7,-1,-1
709,0,0,160
709,1,0,160
709,2,-1,-1
709,3,-1,-1
709,4,-1,-1
709,5,-1,-1
709,6,-1,-1
709,7,-1,-1
710,0,0,160
710,1,0,160
710,2,-1,-1
710,3,-1,-1
710,4,-1,-1
710,5,-1,-1
710,6,-1,-1
710,7,-1,-1
711,0,0,160
711,1,0,160
711,2,-1,-1
711,3,-1,-1
711,4,-1,-1
711,5,-1,-1
711,6,-1,-1
711,7,-1,-1
712,0,0,160
712,1,0,160
712,2,-1,-1
712,3,-1,-1
712,4,-1,-1
712,5,-1,-1
712,6,-1,-1
712,7,-1,-1
713,0,0,160
713,1,0,160
713,2,-1,-1
713,3,-1,-1
713,4,-1,-1
713,5,-1,-1
713,6,-1,-1
713,7,-1,-1
714,0,0,160
714,1,0,160
714,2,-1,-1
714,3,-1,-1
714,4,-1,-1
714,5,-1,-1
714,6,-1,-1
714,7,-1,-1
715,0,0,160
715,1,0,160
715,2,-1,-1
715,3,-1,-1
715,4,-1,-1
715,5,-1,-1
715,6,-1,-1
715,7,-1,-1
716,0,0,160
716,1,0,160
716,2,-1,-1
716,3,-1,-1
716,4,-1,-1
716,5,-1,-1
716,6,-1,-1
716,7,-1,-1
717,0,0,160
717,1,0,160
717,2,-1,-1
717,3,-1,-1
717,4,-1,-1
717,5,-1,-1
717,6,-1,-1
717,7,-1,-1
718,0,0,160
718,1,0,160
718,2,-1,-1
718,3,-1,-1
718,4,-1,-1
718,5,-1,-1
718,6,-1,-1
718,7,-1,-1
719,0,0,160
719,1,0,160
719,2,-1,-1
719,3,-1,-1
719,4,-1,-1
719,5,-1,-1
719,6,-1,-1
719,7,-1,-1
720,0,0,160
720,1,0,160
720,2,-1,-1
720,3,-1,-1
720,4,-1,-1
720,5,-1,-1
720,6,-1,-1
720,7,-1,-1
721,0,0,160
721,1,0,160
721,2,-1,-1
721,3,-1,-1
721,4,-1,-1
721,5,-1,-1
721,6,-1,-1
721,7,-1,-1
722,0,0,160
722,1,0,160
722,2,-1,-1
722,3,-1,-1
722,4,-1,-1
722,5,-1,-1
722,6,-1,-1
722,7,-1,-1
723,0,0,160
723,1,0,160
723,2,-1,-1
723,3,-1,-1
723,4,-1,-1
723,5,-1,-1
723,6,-1,-1
723,7,-1,-1
724,0,0,160
724,1,0,160
724,2,-1,-1
724,3,-1,-1
724,4,-1,-1
724,5,-1,-1
724,6,-1,-1
724,7,-1,-1
725,0,0,160
725,1,0,160
725,2,-1,-1
725,3,-1,-1
725,4,-1,-1
725,5,-1,-1
725,6,-1,-1
725,7,-1,-1
726,0,0,160
726,1,0,160
726,2,-1,-1
726,3,-1,-1
726,4,-1,-1
726,5,-1,-1
726,6,-1,-1
726,7,-1,-1
727,0,0,160
727,1,0,160
727,2,-1,-1
727,3,-1,-1
727,4,-1,-1
727,5,-1,-1
727,6,-1,-1
727,7,-1,-1
728,0,0,160
728,1,0,160
728,2,-1,-1
728,3,-1,-1
728,4,-1,-1
728,5,-1,-1
728,6,-1,-1
728,7,-1,-1
729,0,0,160
729,1,0,160
729,2,-1,-1
729,3,-1,-1
729,4,-1,-1
729,5,-1,-1
729,6,-1,-1
729,7,-1,-1
730,0,0,160
730,1,0,160
730,2,-1,-1
730,3,-1,-1
730,4,-1,-1
730,5,-1,-1
730,6,-1,-1
730,7,-1,-1
731,0,0,160
731,1,0,160
731,2,-1,-1
731,3,-1,-1
731,4,-1,-1
731,5,-1,-1
731,6,-1,-1
731,7,-1,-1
732,0,0,160
732,1,0,160
732,2,-1,-1
732,3,-1,-1
732,4,-1,-1
732,5,-1,-1
732,6,-1,-1
732,7,-1,-1
733,0,0,160
733,1,0,160
733,2,-1,-1
733,3,-1,-1
733,4,-1,-1
733,5,-1,-1
733,6,-1,-1
733,7,-1,-1
734,0,0,160
734,1,0,160
734,2,-1,-1
734,3,-1,-1
734,4,-1,-1
734,5,-1,-1
734,6,-1,-1
734,7,-1,-1
735,0,0,160
735,1,0,160
735,2,-1,-1
735,3,-1,-1
735,4,-1,-1
735,5,-1,-1
735,6,-1,-1
735,7,-1,-1
736,0,0,160
736,1,0,160
736,2,-1,-1
736,3,-1,-1
736,4,-1,-1
736,5,-1,-1
736,6,-1,-1
736,7,-1,-1
737,0,0,160
737,1,0,160
737,2,-1,-1
737,3,-1,-1
737,4,-1,-1
737,5,-1,-1
737,6,-1,-1
737,7,-1,-1
738,0,0,160
738,1,0,160
738,2,-1,-1
738,3,-1,-1
738,4,-1,-1
738,5,-1,-1
738,6,-1,-1
738,7,-1,-1
739,0,0,160
739,1,0,160
739,2,-1,-1
739,3,-1,-1
739,4,-1,-1
739,5,-1,-1
739,6,-1,-1
739,7,-1,-1
740,0,0,160
740,1,0,160
740,2,-1,-1
740,3,-1,-1
740,4,-1,-1
740,5,-1,-1
740,6,-1,-1
740,7,-1,-1
741,0,0,160
741,1,0,160
741,2,-1,-1
741,3,-1,-1
741,4,-1,-1
741,5,-1,-1
741,6,-1,-1
741,7,-1,-1
742,0,0,160
742,1,0,160
742,2,-1,-1
742,3,-1,-1
742,4,-1,-1
742,5,-1,-1
742,6,-1,-1
742,7,-1,-1
743,0,0,160
743,1,0,160
743,2,-1,-1
743,3,-1,-1
743,4,-1,-1
743,5,-1,-1
743,6,-1,-1
743,7,-1,-1
744,0,0,160
744,1,0,160
744,2,-1,-1
744,3,-1,-1
744,4,-1,-1
744,5,-1,-1
744,6,-1,-1
744,7,-1,-1
745,0,0,160
745,1,0,160
745,2,-1,-1
745,3,-1,-1
745,4,-1,-1
745,5,-1,-1
745,6,-1,-1
745,7,-1,-1
746,0,0,160
746,1,0,160
746,2,-1,-1
746,3,-1,-1
746,4,-1,-1
746,5,-1,-1
746,6,-1,-1
746,7,-1,-1
747,0,0,160
747,1,0,160
747,2,-1,-1
747,3,-1,-1
747,4,-1,-1
747,5,-1,-1
747,6,-1,-1
747,7,-1,-1
748,0,0,160
748,1,0,160
748,2,-1,-1
748,3,-1,-1
748,4,-1,-1
748,5,-1,-1
748,6,-1,-1
748,7,-1,-1
749,0,0,160
749,1,0,160
749,2,-1,-1
749,3,-1,-1
749,4,-1,-1
749,5,-1,-1
749,6,-1,-1
749,7,-1,-1
750,0,0,160
750,1,0,160
750,2,-1,-1
750,3,-1,-1
750,4,-1,-1
750,5,-1,-1
750,6,-1,-1
750,7,-1,-1
751,0,0,160
751,1,0,160
751,2,-1,-1
751,3,-1,-1
751,4,-1,-1
751,5,-1,-1
751,6,-1,-1
751,7,-1,-1
752,0,0,160
752,1,0,160
752,2,-1,-1
752,3,-1,-1
752,4,-1,-1
752,5,-1,-1
752,6,-1,-1
752,7,-1,-1
753,0,0,160
753,1,0,160
753,2,-1,-1
753,3,-1,-1
753,4,-1,-1
753,5,-1,-1
753,6,-1,-1
753,7,-1,-1
754,0,0,160
754,1,0,160
754,2,-1,-1
754,3,-1,-1
754,4,-1,-1
754,5,-1,-1
754,6,-1,-1
754,7,-1,-1
755,0,0,160
755,1,0,160
755,2,-1,-1
755,3,-1,-1
755,4,-1,-1
755,5,-1,-1
755,6,-1,-1
755,7,-1,-1
756,0,0,160
756,1,0,160
756,2,-1,-1
756,3,-1,-1
756,4,-1,-1
756,5,-1,-1
756,6,-1,-1
756,7,-1,-1
757,0,0,160
757,1,0,160
757,2,-1,-1
757,3,-1,-1
757,4,-1,-1
757,5,-1,-1
757,6,-1,-1
757,7,-1,-1
758,0,0,160
758,1,0,160
758,2,-1,-1
758,3,-1,-1
758,4,-1,-1
758,5,-1,-1
758,6,-1,-1
758,7,-1,-1
759,0,0,160
759,1,0,160
759,2,-1,-1
759,3,-1,-1
759,4,-1,-1
759,5,-1,-1
759,6,-1,-1
759,7,-1,-1
760,0,0,160
760,1,0,160
760,2,-1,-1
760,3,-1,-1
760,4,-1,-1
760,5,-1,-1
760,6,-1,-1
760,7,-1,-1
761,0,0,160
761,1,0,160
761,2,-1,-1
761,3,-1,-1
761,4,-1,-1
761,5,-1,-1
761,6,-1,-1
761,7,-1,-1
762,0,0,160
762,1,0,160
762,2,-1,-1
762,3,-1,-1
762,4,-1,-1
762,5,-1,-1
762,6,-1,-1
762,7,-1,-1
763,0,0,160
763,1,0,160
763,2,-1,-1
763,3,-1,-1
763,4,-1,-1
763,5,-1,-1
763,6,-1,-1
763,7,-1,-1
764,0,0,160
764,1,0,160
764,2,-1,-1
764,3,-1,-1
764,4,-1,-1
764,5,-1,-1
764,6,-1,-1
764,7,-1,-1
765,0,0,160
765,1,0,160
765,2,-1,-1
765,3,-1,-1
765,4,-1,-1
765,5,-1,-1
765,6,-1,-1
765,7,-1,-1
766,0,0,160
766,1,0,160
766,2,-1,-1
766,3,-1,-1
766,4,-1,-1
766,5,-1,-1
766,6,-1,-1
766,7,-1,-1
767,0,0,160
767,1,0,160
767,2,-1,-1
767,3,-1,-1
767,4,-1,-1
767,5,-1,-1
767,6,-1,-1
767,7,-1,-1
768,0,0,160
768,1,0,160
768,2,-1,-1
768,3,-1,-1
768,4,-1,-1
768,5,-1,-1
768,6,-1,-1
768,7,-1,-1
769,0,0,160
769,1,0,160
769,2,-1,-1
769,3,-1,-1
769,4,-1,-1
769,5,-1,-1
769,6,-1,-1
769,7,-1,-1
770,0,0,160
770,1,0,160
770,2,-1,-1
770,3,-1,-1
770,4,-1,-1
770,5,-1,-1
770,6,-1,-1
770,7,-1,-1
771,0,0,160
771,1,0,160
771,2,-1,-1
771,3,-1,-1
771,4,-1,-1
771,5,-1,-1
771,6,-1,-1
771,7,-1,-1
772,0,0,160
772,1,0,160
772,2,-1,-1
772,3,-1,-1
772,4,-1,-1
772,5,-1,-1
772,6,-1,-1
772,7,-1,-1
773,0,0,160
773,1,0,160
773,2,-1,-1
773,3,-1,-1
773,4,-1,-1
773,5,-1,-1
773,6,-1,-1
773,7,-1,-1
774,0,0,160
774,1,0,160
774,2,-1,-1
774,3,-1,-1
774,4,-1,-1
774,5,-1,-1
774,6,-1,-1
774,7,-1,-1
775,0,0,160
775,1,0,160
775,2,-1,-1
775,3,-1,-1
775,4,-1,-1
775,5,-1,-1
775,6,-1,-1
775,7,-1,-1
776,0,0,160
776,1,0,160
776,2,-1,-1
776,3,-1,-1
776,4,-1,-1
776,5,-1,-1
776,6,-1,-1
776,7,-1,-1
777,0,0,160
777,1,0,160
777,2,-1,-1
777,3,-1,-1
777,4,-1,-1
777,5,-1,-1
777,6,-1,-1
777,7,-1,-1
778,0,0,160
778,1,0,160
778,2,-1,-1
778,3,-1,-1
778,4,-1,-1
778,5,-1,-1
778,6,-1,-1
778,7,-1,-1
779,0,0,160
779,1,0,160
779,2,-1,-1
779,3,-1,-1
779,4,-1,-1
779,5,-1,-1
779,6,-1,-1
779,7,-1,-1
780,0,0,160
780,1,0,160
780,2,-1,-1
780,3,-1,-1
780,4,-1,-1
780,5,-1,-1
780,6,-1,-1
780,7,-1,-1
781,0,0,160
781,1,0,160
781,2,-1,-1
781,3,-1,-1
781,4,-1,-1
781,5,-1,-1
781,6,-1,-1
781,7,-1,-1
782,0,0,160
782,1,0,160
782,2,-1,-1
782,3,-1,-1
782,4,-1,-1
782,5,-1,-1
782,6,-1,-1
782,7,-1,-1
783,0,0,160
783,1,0,160
783,2,-1,-1
783,3,-1,-1
783,4,-1,-1
783,5,-1,-1
783,6,-1,-1
783,7,-1,-1
784,0,0,160
784,1,0,160
784,2,-1,-1
784,3,-1,-1
784,4,-1,-1
784,5,-1,-1
784,6,-1,-1
784,7,-1,-1
785,0,0,160
785,1,0,160
785,2,-1,-1
785,3,-1,-1
785,4,-1,-1
785,5,-1,-1
785,6,-1,-1
785,7,-1,-1
786,0,0,160
786,1,0,160
786,2,-1,-1
786,3,-1,-1
786,4,-1,-1
786,5,-1,-1
786,6,-1,-1
786,7,-1,-1
787,0,0,160
787,1,0,160
787,2,-1,-1
787,3,-1,-1
787,4,-1,-1
787,5,-1,-1
787,6,-1,-1
787,7,-1,-1
788,0,0,160
788,1,0,160
788,2,-1,-1
788,3,-1,-1
788,4,-1,-1
788,5,-1,-1
788,6,-1,-1
788,7,-1,-1
789,0,0,160
789,1,0,160
789,2,-1,-1
789,3,-1,-1
789,4,-1,-1
789,5,-1,-1
789,6,-1,-1
789,7,-1,-1
790,0,0,160
790,1,0,160
790,2,-1,-1
790,3,-1,-1
790,4,-1,-1
790,5,-1,-1
790,6,-1,-1
790,7,-1,-1
791,0,0,160
791,1,0,160
791,2,-1,-1
791,3,-1,-1
791,4,-1,-1
791,5,-1,-1
791,6,-1,-1
791,7,-1,-1
792,0,0,160
792,1,0,160
792,2,-1,-1
792,3,-1,-1
792,4,-1,-1
792,5,-1,-1
792,6,-1,-1
792,7,-1,-1
793,0,0,160
793,1,0,160
793,2,-1,-1
793,3,-1,-1
793,4,-1,-1
793,5,-1,-1
793,6,-1,-1
793,7,-1,-1
794,0,0,160
794,1,0,160
794,2,-1,-1
794,3,-1,-1
794,4,-1,-1
794,5,-1,-1
794,6,-1,-1
794,7,-1,-1
795,0,0,160
795,1,0,160
795,2,-1,-1
795,3,-1,-1
795,4,-1,-1
795,5,-1,-1
795,6,-1,-1
795,7,-1,-1
796,0,0,160
796,1,0,160
796,2,-1,-1
796,3,-1,-1
796,4,-1,-1
796,5,-1,-1
796,6,-1,-1
796,7,-1,-1
797,0,0,160
797,1,0,160
797,2,-1,-1
797,3,-1,-1
797,4,-1,-1
797,5,-1,-1
797,6,-1,-1
797,7,-1,-1
798,0,0,160
798,1,0,160
798,2,-1,-1
798,3,-1,-1
798,4,-1,-1
798,5,-1,-1
798,6,-1,-1
798,7,-1,-1
799,0,0,160
799,1,0,160
799,2,-1,-1
799,3,-1,-1
799,4,-1,-1
799,5,-1,-1
799,6,-1,-1
799,7,-1,-1
800,0,0,160
800,1,0,160
800,2,-1,-1
800,3,-1,-1
800,4,-1,-1
800,5,-1,-1
800,6,-1,-1
800,7,-1,-1
801,0,0,160
801,1,0,160
801,2,-1,-1
801,3,-1,-1
801,4,-1,-1
801,5,-1,-1
801,6,-1,-1
801,7,-1,-1
802,0,0,160
802,1,0,160
802,2,-1,-1
802,3,-1,-1
802,4,-1,-1
802,5,-1,-1
802,6,-1,-1
802,7,-1,-1
803,0,0,160
803,1,0,160
803,2,-1,-1
803,3,-1,-1
803,4,-1,-1
803,5,-1,-1
803,6,-1,-1
803,7,-1,-1
804,0,0,160
804,1,0,160
804,2,-1,-1
804,3,-1,-1
804,4,-1,-1
804,5,-1,-1
804,6,-1,-1
804,7,-1,-1
805,0,0,160
805,1,0,160
805,2,-1,-1
805,3,-1,-1
805,4,-1,-1
805,5,-1,-1
805,6,-1,-1
805,7,-1,-1
806,0,0,160
806,1,0,160
806,2,-1,-1
806,3,-1,-1
806,4,-1,-1
806,5,-1,-1
806,6,-1,-1
806,7,-1,-1
807,0,0,160
807,1,0,160
807,2,-1,-1
807,3,-1,-1
807,4,-1,-1
807,5,-1,-1
807,6,-1,-1
807,7,-1,-1
808,0,0,160
808,1,0,160
808,2,-1,-1
808,3,-1,-1
808,4,-1,-1
808,5,-1,-1
808,6,-1,-1
808,7,-1,-1
809,0,0,160
809,1,0,160
809,2,-1,-1
809,3,-1,-1
809,4,-1,-1
809,5,-1,-1
809,6,-1,-1
809,7,-1,-1
810,0,0,160
810,1,0,160
810,2,-1,-1
810,3,-1,-1
810,4,-1,-1
810,5,-1,-1
810,6,-1,-1
810,7,-1,-1
811,0,0,160
811,1,0,160
811,2,-1,-1
811,3,-1,-1
811,4,-1,-1
811,5,-1,-1
811,6,-1,-1
811,7,-1,-1
812,0,0,160
812,1,0,160
812,2,-1,-1
812,3,-1,-1
812,4,-1,-1
812,5,-1,-1
812,6,-1,-1
812,7,-1,-1
813,0,0,160
813,1,0,160
813,2,-1,-1
813,3,-1,-1
813,4,-1,-1
813,5,-1,-1
813,6,-1,-1
813,7,-1,-1
814,0,0,160
814,1,0,160
814,2,-1,-1
814,3,-1,-1
814,4,-1,-1
814,5,-1,-1
814,6,-1,-1
814,7,-1,-1
815,0,0,160
815,1,0,160
815,2,-1,-1
815,3,-1,-1
815,4,-1,-1
815,5,-1,-1
815,6,-1,-1
815,7,-1,-1
816,0,0,160
816,1,0,160
816,2,-1,-1
816,3,-1,-1
816,4,-1,-1
816,5,-1,-1
816,6,-1,-1
816,7,-1,-1
817,0,0,160
817,1,0,160
817,2,-1,-1
817,3,-1,-1
817,4,-1,-1
817,5,-1,-1
817,6,-1,-1
817,7,-1,-1
818,0,0,160
818,1,0,160
818,2,-1,-1
818,3,-1,-1
818,4,-1,-1
818,5,-1,-1
818,6,-1,-1
818,7,-1,-1
819,0,0,160
819,1,0,160
819,2,-1,-1
819,3,-1,-1
819,4,-1,-1
819,5,-1,-1
819,6,-1,-1
819,7,-1,-1
820,0,0,160
820,1,0,160
820,2,-1,-1
820,3,-1,-1
820,4,-1,-1
820,5,-1,-1
820,6,-1,-1
820,7,-1,-1
821,0,0,160
821,1,0,160
821,2,-1,-1
821,3,-1,-1
821,4,-1,-1
821,5,-1,-1
821,6,-1,-1
821,7,-1,-1
822,0,0,160
822,1,0,160
822,2,-1,-1
822,3,-1,-1
822,4,-1,-1
822,5,-1,-1
822,6,-1,-1
822,7,-1,-1
823,0,0,160
823,1,0,160
823,2,-1,-1
823,3,-1,-1
823,4,-1,-1
823,5,-1,-1
823,6,-1,-1
823,7,-1,-1
824,0,0,160
824,1,0,160
824,2,-1,-1
824,3,-1,-1
824,4,-1,-1
824,5,-1,-1
824,6,-1,-1
824,7,-1,-1
825,0,0,160
825,1,0,160
825,2,-1,-1
825,3,-1,-1
825,4,-1,-1
825,5,-1,-1
825,6,-1,-1
825,7,-1,-1
826,0,0,160
826,1,0,160
826,2,-1,-1
826,3,-1,-1
826,4,-1,-1
826,5,-1,-1
826,6,-1,-1
826,7,-1,-1
827,0,0,160
827,1,0,160
827,2,-1,-1
827,3,-1,-1
827,4,-1,-1
827,5,-1,-1
827,6,-1,-1
827,7,-1,-1
828,0,0,160
828,1,0,160
828,2,-1,-1
828,3,-1,-1
828,4,-1,-1
828,5,-1,-1
828,6,-1,-1
828,7,-1,-1
829,0,0,160
829,1,0,160
829,2,-1,-1
829,3,-1,-1
829,4,-1,-1
829,5,-1,-1
829,6,-1,-1
829,7,-1,-1
830,0,0,160
830,1,0,160
830,2,-1,-1
830,3,-1,-1
830,4,-1,-1
830,5,-1,-1
830,6,-1,-1
830,7,-1,-1
831,0,0,160
831,1,0,160
831,2,-1,-1
831,3,-1,-1
831,4,-1,-1
831,5,-1,-1
831,6,-1,-1
831,7,-1,-1
832,0,0,160
832,1,0,160
832,2,-1,-1
832,3,-1,-1
832,4,-1,-1
832,5,-1,-1
832,6,-1,-1
832,7,-1,-1
833,0,0,160
833,1,0,160
833,2,-1,-1
833,3,-1,-1
833,4,-1,-1
833,5,-1,-1
833,6,-1,-1
833,7,-1,-1
834,0,0,160
834,1,0,160
834,2,-1,-1
834,3,-1,-1
834,4,-1,-1
834,5,-1,-1
834,6,-1,-1
834,7,-1,-1
835,0,0,160
835,1,0,160
835,2,-1,-1
835,3,-1,-1
835,4,-1,-1
835,5,-1,-1
835,6,-1,-1
835,7,-1,-1
836,0,0,160
836,1,0,160
836,2,-1,-1
836,3,-1,-1
836,4,-1,-1
836,5,-1,-1
836,6,-1,-1
836,7,-1,-1
837,0,0,160
837,1,0,160
837,2,-1,-1
837,3,-1,-1
837,4,-1,-1
837,5,-1,-1
837,6,-1,-1
837,7,-1,-1
838,0,0,160
838,1,0,160
838,2,-1,-1
838,3,-1,-1
838,4,-1,-1
838,5,-1,-1
838,6,-1,-1
838,7,-1,-1
839,0,0,160
839,1,0,160
839,2,-1,-1
839,3,-1,-1
839,4,-1,-1
839,5,-1,-1
839,6,-1,-1
839,7,-1,-1
840,0,0,160
840,1,0,160
840,2,-1,-1
840,3,-1,-1
840,4,-1,-1
840,5,-1,-1
840,6,-1,-1
840,7,-1,-1
841,0,0,160
841,1,0,160
841,2,-1,-1
841,3,-1,-1
841,4,-1,-1
841,5,-1,-1
841,6,-1,-1
841,7,-1,-1
842,0,0,160
842,1,0,160
842,2,-1,-1
842,3,-1,-1
842,4,-1,-1
842,5,-1,-1
842,6,-1,-1
842,7,-1,-1
843,0,0,160
843,1,0,160
843,2,-1,-1
843,3,-1,-1
843,4,-1,-1
843,5,-1,-1
843,6,-1,-1
843,7,-1,-1
844,0,0,160
844,1,0,160
844,2,-1,-1
844,3,-1,-1
844,4,-1,-1
844,5,-1,-1
844,6,-1,-1
844,7,-1,-1
845,0,0,160
845,1,0,160
845,2,-1,-1
845,3,-1,-1
845,4,-1,-1
845,5,-1,-1
845,6,-1,-1
845,7,-1,-1
846,0,0,160
846,1,0,160
846,2,-1,-1
846,3,-1,-1
846,4,-1,-1
846,5,-1,-1
846,6,-1,-1
846,7,-1,-1
847,0,0,160
847,1,0,160
847,2,-1,-1
847,3,-1,-1
847,4,-1,-1
847,5,-1,-1
847,6,-1,-1
847,7,-1,-1
848,0,0,160
848,1,0,160
848,2,-1,-1
848,3,-1,-1
848,4,-1,-1
848,5,-1,-1
848,6,-1,-1
848,7,-1,-1
849,0,0,160
849,1,0,160
849,2,-1,-1
849,3,-1,-1
849,4,-1,-1
849,5,-1,-1
849,6,-1,-1
849,7,-1,-1
850,0,0,160
850,1,0,160
850,2,-1,-1
850,3,-1,-1
850,4,-1,-1
850,5,-1,-1
850,6,-1,-1
850,7,-1,-1
851,0,0,160
851,1,0,160
851,2,-1,-1
851,3,-1,-1
851,4,-1,-1
851,5,-1,-1
851,6,-1,-1
851,7,-1,-1
852,0,0,160
852,1,0,160
852,2,-1,-1
852,3,-1,-1
852,4,-1,-1
852,5,-1,-1
852,6,-1,-1
852,7,-1,-1
853,0,0,160
853,1,0,160
853,2,-1,-1
853,3,-1,-1
853,4,-1,-1
853,5,-1,-1
853,6,-1,-1
853,7,-1,-1
854,0,0,160
854,1,0,160
854,2,-1,-1
854,3,-1,-1
854,4,-1,-1
854,5,-1,-1
854,6,-1,-1
854,7,-1,-1
855,0,0,160
855,1,0,160
855,2,-1,-1
855,3,-1,-1
855,4,-1,-1
855,5,-1,-1
855,6,-1,-1
855,7,-1,-1
856,0,0,160
856,1,0,160
856,2,-1,-1
856,3,-1,-1
856,4,-1,-1
856,5,-1,-1
856,6,-1,-1
856,7,-1,-1
857,0,0,160
857,1,0,160
857,2,-1,-1
857,3,-1,-1
857,4,-1,-1
857,5,-1,-1
857,6,-1,-1
857,7,-1,-1
858,0,0,160
858,1,0,160
858,2,-1,-1
858,3,-1,-1
858,4,-1,-1
858,5,-1,-1
858,6,-1,-1
858,7,-1,-1
859,0,0,160
859,1,0,160
859,2,-1,-1
859,3,-1,-1
859,4,-1,-1
859,5,-1,-1
859,6,-1,-1
859,7,-1,-1
860,0,0,160
860,1,0,160
860,2,-1,-1
860,3,-1,-1
860,4,-1,-1
860,5,-1,-1
860,6,-1,-1
860,7,-1,-1
861,0,0,160
861,1,0,160
861,2,-1,-1
861,3,-1,-1
861,4,-1,-1
861,5,-1,-1
861,6,-1,-1
861,7,-1,-1
862,0,0,160
862,1,0,160
862,2,-1,-1
862,3,-1,-1
862,4,-1,-1
862,5,-1,-1
862,6,-1,-1
862,7,-1,-1
863,0,0,160
863,1,0,160
863,2,-1,-1
863,3,-1,-1
863,4,-1,-1
863,5,-1,-1
863,6,-1,-1
863,7,-1,-1
864,0,0,160
864,1,0,160
864,2,-1,-1
864,3,-1,-1
864,4,-1,-1
864,5,-1,-1
864,6,-1,-1
864,7,-1,-1
865,0,0,160
865,1,0,160
865,2,-1,-1
865,3,-1,-1
865,4,-1,-1
865,5,-1,-1
865,6,-1,-1
865,7,-1,-1
866,0,0,160
866,1,0,160
866,2,-1,-1
866,3,-1,-1
866,4,-1,-1
866,5,-1,-1
866,6,-1,-1
866,7,-1,-1
867,0,0,160
867,1,0,160
867,2,-1,-1
867,3,-1,-1
867,4,-1,-1
867,5,-1,-1
867,6,-1,-1
867,7,-1,-1
868,0,0,160
868,1,0,160
868,2,-1,-1
868,3,-1,-1
868,4,-1,-1
868,5,-1,-1
868,6,-1,-1
868,7,-1,-1
869,0,0,160
869,1,0,160
869,2,-1,-1
869,3,-1,-1
869,4,-1,-1
869,5,-1,-1
869,6,-1,-1
869,7,-1,-1
870,0,0,160
870,1,0,160
870,2,-1,-1
870,3,-1,-1
870,4,-1,-1
870,5,-1,-1
870,6,-1,-1
870,7,-1,-1
871,0,0,160
871,1,0,160
871,2,-1,-1
871,3,-1,-1
871,4,-1,-1
871,5,-1,-1
871,6,-1,-1
871,7,-1,-1
872,0,0,160
872,1,0,160
872,2,-1,-1
872,3,-1,-1
872,4,-1,-1
872,5,-1,-1
872,6,-1,-1
872,7,-1,-1
873,0,0,160
873,1,0,160
873,2,-1,-1
873,3,-1,-1
873,4,-1,-1
873,5,-1,-1
873,6,-1,-1
873,7,-1,-1
874,0,0,160
874,1,0,160
874,2,-1,-1
874,3,-1,-1
874,4,-1,-1
874,5,-1,-1
874,6,-1,-1
874,7,-1,-1
875,0,0,160
875,1,0,160
875,2,-1,-1
875,3,-1,-1
875,4,-1,-1
875,5,-1,-1
875,6,-1,-1
875,7,-1,-1
876,0,0,160
876,1,0,160
876,2,-1,-1
876,3,-1,-1
876,4,-1,-1
876,5,-1,-1
876,6,-1,-1
876,7,-1,-1
877,0,0,160
877,1,0,160
877,2,-1,-1
877,3,-1,-1
877,4,-1,-1
877,5,-1,-1
877,6,-1,-1
877,7,-1,-1
878,0,0,160
878,1,0,160
878,2,-1,-1
878,3,-1,-1
878,4,-1,-1
878,5,-1,-1
878,6,-1,-1
878,7,-1,-1
879,0,0,160
879,1,0,160
879,2,-1,-1
879,3,-1,-1
879,4,-1,-1
879,5,-1,-1
879,6,-1,-1
879,7,-1,-1
880,0,0,160
880,1,0,160
880,2,-1,-1
880,3,-1,-1
880,4,-1,-1
880,5,-1,-1
880,6,-1,-1
880,7,-1,-1
881,0,0,160
881,1,0,160
881,2,-1,-1
881,3,-1,-1
881,4,-1,-1
881,5,-1,-1
881,6,-1,-1
881,7,-1,-1
882,0,0,160
882,1,0,160
882,2,-1,-1
882,3,-1,-1
882,4,-1,-1
882,5,-1,-1
882,6,-1,-1
882,7,-1,-1
883,0,0,160
883,1,0,160
883,2,-1,-1
883,3,-1,-1
883,4,-1,-1
883,5,-1,-1
883,6,-1,-1
883,7,-1,-1
884,0,0,160
884,1,0,160
884,2,-1,-1
884,3,-1,-1
884,4,-1,-1
884,5,-1,-1
884,6,-1,-1
884,7,-1,-1
885,0,0,160
885,1,0,160
885,2,-1,-1
885,3,-1,-1
885,4,-1,-1
885,5,-1,-1
885,6,-1,-1
885,7,-1,-1
886,0,0,160
886,1,0,160
886,2,-1,-1
886,3,-1,-1
886,4,-1,-1
886,5,-1,-1
886,6,-1,-1
886,7,-1,-1
887,0,0,160
887,1,0,160
887,2,-1,-1
887,3,-1,-1
887,4,-1,-1
887,5,-1,-1
887,6,-1,-1
887,7,-1,-1
888,0,0,160
888,1,0,160
888,2,-1,-1
888,3,-1,-1
888,4,-1,-1
888,5,-1,-1
888,6,-1,-1
888,7,-1,-1
889,0,0,160
889,1,0,160
889,2,-1,-1
889,3,-1,-1
889,4,-1,-1
889,5,-1,-1
889,6,-1,-1
889,7,-1,-1
890,0,0,160
890,1,0,160
890,2,-1,-1
890,3,-1,-1
890,4,-1,-1
890,5,-1,-1
890,6,-1,-1
890,7,-1,-1
891,0,0,160
891,1,0,160
891,2,-1,-1
891,3,-1,-1
891,4,-1,-1
891,5,-1,-1
891,6,-1,-1
891,7,-1,-1
892,0,0,160
892,1,0,160
892,2,-1,-1
892,3,-1,-1
892,4,-1,-1
892,5,-1,-1
892,6,-1,-1
892,7,-1,-1
893,0,0,160
893,1,0,160
893,2,-1,-1
893,3,-1,-1
893,4,-1,-1
893,5,-1,-1
893,6,-1,-1
893,7,-1,-1
894,0,0,160
894,1,0,160
894,2,-1,-1
894,3,-1,-1
894,4,-1,-1
894,5,-1,-1
894,6,-1,-1
894,7,-1,-1
895,0,0,160
895,1,0,160
895,2,-1,-1
895,3,-1,-1
895,4,-1,-1
895,5,-1,-1
895,6,-1,-1
895,7,-1,-1
896,0,0,160
896,1,0,160
896,2,-1,-1
896,3,-1,-1
896,4,-1,-1
896,5,-1,-1
896,6,-1,-1
896,7,-1,-1
897,0,0,160
897,1,0,160
897,2,-1,-1
897,3,-1,-1
897,4,-1,-1
897,5,-1,-1
897,6,-1,-1
897,7,-1,-1
898,0,0,160
898,1,0,160
898,2,-1,-1
898,3,-1,-1
898,4,-1,-1
898,5,-1,-1
898,6,-1,-1
898,7,-1,-1
899,0,0,160
899,1,0,160
899,2,-1,-1
899,3,-1,-1
899,4,-1,-1
899,5,-1,-1
899,6,-1,-1
899,7,-1,-1
900,0,3,160
900,1,3,160
900,2,3,160
900,3,3,160
900,4,4,160
900,5,4,160
900,6,4,160
900,7,4,160
901,0,3,160
901,1,3,160
901,2,3,160
901,3,3,160
901,4,4,160
901,5,4,160
901,6,4,160
901,7,4,160
902,0,3,160
902,1,3,160
902,2,3,160
902,3,3,160
902,4,4,160
902,5,4,160
902,6,4,160
902,7,4,160
903,0,3,160
903,1,3,160
903,2,3,160
903,3,3,160
903,4,4,160
903,5,4,160
903,6,4,160
903,7,4,160
904,0,3,160
904,1,3,160
904,2,3,160
904,3,3,160
904,4,4,160
904,5,4,160
904,6,4,160
904,7,4,160
905,0,3,160
905,1,3,160
905,2,3,160
905,3,3,160
905,4,4,160
905,5,4,160
905,6,4,160
905,7,4,160
906,0,3,160
906,1,3,160
906,2,3,160
906,3,3,160
906,4,4,160
906,5,4,160
906,6,4,160
906,7,4,160
907,0,3,160
907,1,3,160
907,2,3,160
907,3,3,160
907,4,4,160
907,5,4,160
907,6,4,160
907,7,4,160
908,0,3,160
908,1,3,160
908,2,3,160
908,3,3,160
908,4,4,160
908,5,4,160
908,6,4,160
908,7,4,160
909,0,3,160
909,1,3,160
909,2,3,160
909,3,3,160
909,4,4,160
909,5,4,160
909,6,4,160
909,7,4,160
910,0,3,160
910,1,3,160
910,2,3,160
910,3,3,160
910,4,4,160
910,5,4,160
910,6,4,160
910,7,4,160
911,0,3,160
911,1,3,160
911,2,3,160
911,3,3,160
911,4,4,160
911,5,4,160
911,6,4,160
911,7,4,160
912,0,3,160
912,1,3,160
912,2,3,160
912,3,3,160
912,4,4,160
912,5,4,160
912,6,4,160
912,7,4,160
913,0,3,160
913,1,3,160
913,2,3,160
913,3,3,160
913,4,4,160
913,5,4,160
913,6,4,160
913,7,4,160
914,0,3,160
914,1,3,160
914,2,3,160
914,3,3,160
914,4,4,160
914,5,4,160
914,6,4,160
914,7,4,160
915,0,3,160
915,1,3,160
915,2,3,160
915,3,3,160
915,4,4,160
915,5,4,160
915,6,4,160
915,7,4,160
916,0,3,160
916,1,3,160
916,2,3,160
916,3,3,160
916,4,4,160
916,5,4,160
916,6,4,160
916,7,4,160
917,0,3,160
917,1,3,160
917,2,3,160
917,3,3,160
917,4,4,160
917,5,4,160
917,6,4,160
917,7,4,160
918,0,3,160
918,1,3,160
918,2,3,160
918,3,3,160
918,4,4,160
918,5,4,160
918,6,4,160
918,7,4,160
919,0,3,160
919,1,3,160
919,2,3,160
919,3,3,160
919,4,4,160
919,5,4,160
919,6,4,160
919,7,4,160
920,0,3,160
920,1,3,160
920,2,3,160
920,3,3,160
920,4,4,160
920,5,4,160
920,6,4,160
920,7,4,160
921,0,3,160
921,1,3,160
921,2,3,160
921,3,3,160
921,4,4,160
921,5,4,160
921,6,4,160
921,7,4,160
922,0,3,160
922,1,3,160
922,2,3,160
922,3,3,160
922,4,4,160
922,5,4,160
922,6,4,160
922,7,4,160
923,0,3,160
923,1,3,160
923,2,3,160
923,3,3,160
923,4,4,160
923,5,4,160
923,6,4,160
923,7,4,160
924,0,3,160
924,1,3,160
924,2,3,160
924,3,3,160
924,4,4,160
924,5,4,160
924,6,4,160
924,7,4,160
925,0,3,160
925,1,3,160
925,2,3,160
925,3,3,160
925,4,4,160
925,5,4,160
925,6,4,160
925,7,4,160
926,0,3,160
926,1,3,160
926,2,3,160
926,3,3,160
926,4,4,160
926,5,4,160
926,6,4,160
926,7,4,160
927,0,3,160
927,1,3,160
927,2,3,160
927,3,3,160
927,4,4,160
927,5,4,160
927,6,4,160
927,7,4,160
928,0,3,160
928,1,3,160
928,2,3,160
928,3,3,160
928,4,4,160
928,5,4,160
928,6,4,160
928,7,4,160
929,0,3,160
929,1,3,160
929,2,3,160
929,3,3,160
929,4,4,160
929,5,4,160
929,6,4,160
929,7,4,160
930,0,3,160
930,1,3,160
930,2,3,160
930,3,3,160
930,4,4,160
930,5,4,160
930,6,4,160
930,7,4,160
931,0,3,160
931,1,3,160
931,2,3,160
931,3,3,160
931,4,4,160
931,5,4,160
931,6,4,160
931,7,4,160
932,0,3,160
932,1,3,160
932,2,3,160
932,3,3,160
932,4,4,160
932,5,4,160
932,6,4,160
932,7,4,160
933,0,3,160
933,1,3,160
933,2,3,160
933,3,3,160
933,4,4,160
933,5,4,160
933,6,4,160
933,7,4,160
934,0,3,160
934,1,3,160
934,2,3,160
934,3,3,160
934,4,4,160
934,5,4,160
934,6,4,160
934,7,4,160
935,0,3,160
935,1,3,160
935,2,3,160
935,3,3,160
935,4,4,160
935,5,4,160
935,6,4,160
935,7,4,160
936,0,3,160
936,1,3,160
936,2,3,160
936,3,3,160
936,4,4,160
936,5,4,160
936,6,4,160
936,7,4,160
937,0,3,160
937,1,3,160
937,2,3,160
937,3,3,160
937,4,4,160
937,5,4,160
937,6,4,160
937,7,4,160
938,0,3,160
938,1,3,160
938,2,3,160
938,3,3,160
938,4,4,160
938,5,4,160
938,6,4,160
938,7,4,160
939,0,3,160
939,1,3,160
939,2,3,160
939,3,3,160
939,4,4,160
939,5,4,160
939,6,4,160
939,7,4,160
940,0,3,160
940,1,3,160
940,2,3,160
940,3,3,160
940,4,4,160
940,5,4,160
940,6,4,160
940,7,4,160
941,0,3,160
941,1,3,160
941,2,3,160
941,3,3,160
941,4,4,160
941,5,4,160
941,6,4,160
941,7,4,160
942,0,3,160
942,1,3,160
942,2,3,160
942,3,3,160
942,4,4,160
942,5,4,160
942,6,4,160
942,7,4,160
943,0,3,160
943,1,3,160
943,2,3,160
943,3,3,160
943,4,4,160
943,5,4,160
943,6,4,160
943,7,4,160
944,0,3,160
944,1,3,160
944,2,3,160
944,3,3,160
944,4,4,160
944,5,4,160
944,6,4,160
944,7,4,160
945,0,3,160
945,1,3,160
945,2,3,160
945,3,3,160
945,4,4,160
945,5,4,160
945,6,4,160
945,7,4,160
946,0,3,160
946,1,3,160
946,2,3,160
946,3,3,160
946,4,4,160
946,5,4,160
946,6,4,160
946,7,4,160
947,0,3,160
947,1,3,160
947,2,3,160
947,3,3,160
947,4,4,160
947,5,4,160
947,6,4,160
947,7,4,160
948,0,3,160
948,1,3,160
948,2,3,160
948,3,3,160
948,4,4,160
948,5,4,160
948,6,4,160
948,7,4,160
949,0,3,160
949,1,3,160
949,2,3,160
949,3,3,160
949,4,4,160
949,5,4,160
949,6,4,160
949,7,4,160
950,0,3,160
950,1,3,160
950,2,3,160
950,3,3,160
950,4,4,160
950,5,4,160
950,6,4,160
950,7,4,160
951,0,3,160
951,1,3,160
951,2,3,160
951,3,3,160
951,4,4,160
951,5,4,160
951,6,4,160
951,7,4,160
952,0,3,160
952,1,3,160
952,2,3,160
952,3,3,160
952,4,4,160
952,5,4,160
952,6,4,160
952,7,4,160
953,0,3,160
953,1,3,160
953,2,3,160
953,3,3,160
953,4,4,160
953,5,4,160
953,6,4,160
953,7,4,160
954,0,3,160
954,1,3,160
954,2,3,160
954,3,3,160
954,4,4,160
954,5,4,160
954,6,4,160
954,7,4,160
955,0,3,160
955,1,3,160
955,2,3,160
955,3,3,160
955,4,4,160
955,5,4,160
955,6,4,160
955,7,4,160
956,0,3,160
956,1,3,160
956,2,3,160
956,3,3,160
956,4,4,160
956,5,4,160
956,6,4,160
956,7,4,160
957,0,3,160
957,1,3,160
957,2,3,160
957,3,3,160
957,4,4,160
957,5,4,160
957,6,4,160
957,7,4,160
958,0,3,160
958,1,3,160
958,2,3,160
958,3,3,160
958,4,4,160
958,5,4,160
958,6,4,160
958,7,4,160
959,0,3,160
959,1,3,160
959,2,3,160
959,3,3,160
959,4,4,160
959,5,4,160
959,6,4,160
959,7,4,160
960,0,3,160
960,1,3,160
960,2,3,160
960,3,3,160
960,4,4,160
960,5,4,160
960,6,4,160
960,7,4,160
961,0,3,160
961,1,3,160
961,2,3,160
961,3,3,160
961,4,4,160
961,5,4,160
961,6,4,160
961,7,4,160
962,0,3,160
962,1,3,160
962,2,3,160
962,3,3,160
962,4,4,160
962,5,4,160
962,6,4,160
962,7,4,160
963,0,3,160
963,1,3,160
963,2,3,160
963,3,3,160
963,4,4,160
963,5,4,160
963,6,4,160
963,7,4,160
964,0,3,160
964,1,3,160
964,2,3,160
964,3,3,160
964,4,4,160
964,5,4,160
964,6,4,160
964,7,4,160
965,0,3,160
965,1,3,160
965,2,3,160
965,3,3,160
965,4,4,160
965,5,4,160
965,6,4,160
965,7,4,160
966,0,3,160
966,1,3,160
966,2,3,160
966,3,3,160
966,4,4,160
966,5,4,160
966,6,4,160
966,7,4,160
967,0,3,160
967,1,3,160
967,2,3,160
967,3,3,160
967,4,4,160
967,5,4,160
967,6,4,160
967,7,4,160
968,0,3,160
968,1,3,160
968,2,3,160
968,3,3,160
968,4,4,160
968,5,4,160
968,6,4,160
968,7,4,160
969,0,3,160
969,1,3,160
969,2,3,160
969,3,3,160
969,4,4,160
969,5,4,160
969,6,4,160
969,7,4,160
970,0,3,160
970,1,3,160
970,2,3,160
970,3,3,160
970,4,4,160
970,5,4,160
970,6,4,160
970,7,4,160
971,0,3,160
971,1,3,160
971,2,3,160
971,3,3,160
971,4,4,160
971,5,4,160
971,6,4,160
971,7,4,160
972,0,3,160
972,1,3,160
972,2,3,160
972,3,3,160
972,4,4,160
972,5,4,160
972,6,4,160
972,7,4,160
973,0,3,160
973,1,3,160
973,2,3,160
973,3,3,160
973,4,4,160
973,5,4,160
973,6,4,160
973,7,4,160
974,0,3,160
974,1,3,160
974,2,3,160
974,3,3,160
974,4,4,160
974,5,4,160
974,6,4,160
974,7,4,160
975,0,3,160
975,1,3,160
975,2,3,160
975,3,3,160
975,4,4,160
975,5,4,160
975,6,4,160
975,7,4,160
976,0,3,160
976,1,3,160
976,2,3,160
976,3,3,160
976,4,4,160
976,5,4,160
976,6,4,160
976,7,4,160
977,0,3,160
977,1,3,160
977,2,3,160
977,3,3,160
977,4,4,160
977,5,4,160
977,6,4,160
977,7,4,160
978,0,3,160
978,1,3,160
978,2,3,160
978,3,3,160
978,4,4,160
978,5,4,160
978,6,4,160
978,7,4,160
979,0,3,160
979,1,3,160
979,2,3,160
979,3,3,160
979,4,4,160
979,5,4,160
979,6,4,160
979,7,4,160
980,0,3,160
980,1,3,160
980,2,3,160
980,3,3,160
980,4,4,160
980,5,4,160
980,6,4,160
980,7,4,160
981,0,3,160
981,1,3,160
981,2,3,160
981,3,3,160
981,4,4,160
981,5,4,160
981,6,4,160
981,7,4,160
982,0,3,160
982,1,3,160
982,2,3,160
982,3,3,160
982,4,4,160
982,5,4,160
982,6,4,160
982,7,4,160
983,0,3,160
983,1,3,160
983,2,3,160
983,3,3,160
983,4,4,160
983,5,4,160
983,6,4,160
983,7,4,160
984,0,3,160
984,1,3,160
984,2,3,160
984,3,3,160
984,4,4,160
984,5,4,160
984,6,4,160
984,7,4,160
985,0,3,160
985,1,3,160
985,2,3,160
985,3,3,160
985,4,4,160
985,5,4,160
985,6,4,160
985,7,4,160
986,0,3,160
986,1,3,160
986,2,3,160
986,3,3,160
986,4,4,160
986,5,4,160
986,6,4,160
986,7,4,160
987,0,3,160
987,1,3,160
987,2,3,160
987,3,3,160
987,4,4,160
987,5,4,160
987,6,4,160
987,7,4,160
988,0,3,160
988,1,3,160
988,2,3,160
988,3,3,160
988,4,4,160
988,5,4,160
988,6,4,160
988,7,4,160
989,0,3,160
989,1,3,160
989,2,3,160
989,3,3,160
989,4,4,160
989,5,4,160
989,6,4,160
989,7,4,160
990,0,3,160
990,1,3,160
990,2,3,160
990,3,3,160
990,4,4,160
990,5,4,160
990,6,4,160
990,7,4,160
991,0,3,160
991,1,3,160
991,2,3,160
991,3,3,160
991,4,4,160
991,5,4,160
991,6,4,160
991,7,4,160
992,0,3,160
992,1,3,160
992,2,3,160
992,3,3,160
992,4,4,160
992,5,4,160
992,6,4,160
992,7,4,160
993,0,3,160
993,1,3,160
993,2,3,160
993,3,3,160
993,4,4,160
993,5,4,160
993,6,4,160
993,7,4,160
994,0,3,160
994,1,3,160
994,2,3,160
994,3,3,160
994,4,4,160
994,5,4,160
994,6,4,160
994,7,4,160
995,0,3,160
995,1,3,160
995,2,3,160
995,3,3,160
995,4,4,160
995,5,4,160
995,6,4,160
995,7,4,160
996,0,3,160
996,1,3,160
996,2,3,160
996,3,3,160
996,4,4,160
996,5,4,160
996,6,4,160
996,7,4,160
997,0,3,160
997,1,3,160
997,2,3,160
997,3,3,160
997,4,4,160
997,5,4,160
997,6,4,160
997,7,4,160
998,0,3,160
998,1,3,160
998,2,3,160
998,3,3,160
998,4,4,160
998,5,4,160
998,6,4,160
998,7,4,160
999,0,3,160
999,1,3,160
999,2,3,160
999,3,3,160
999,4,4,160
999,5,4,160
999,6,4,160
999,7,4,160
1000,0,3,160
1000,1,3,160
1000,2,3,160
1000,3,3,160
1000,4,4,160
1000,5,4,160
1000,6,4,160
1000,7,4,160
1001,0,3,160
1001,1,3,160
1001,2,3,160
1001,3,3,160
1001,4,4,160
1001,5,4,160
1001,6,4,160
1001,7,4,160
1002,0,3,160
1002,1,3,160
1002,2,3,160
1002,3,3,160
1002,4,4,160
1002,5,4,160
1002,6,4,160
1002,7,4,160
1003,0,3,160
1003,1,3,160
1003,2,3,160
1003,3,3,160
1003,4,4,160
1003,5,4,160
1003,6,4,160
1003,7,4,160
1004,0,3,160
1004,1,3,160
1004,2,3,160
1004,3,3,160
1004,4,4,160
1004,5,4,160
1004,6,4,160
1004,7,4,160
1005,0,3,160
1005,1,3,160
1005,2,3,160
1005,3,3,160
1005,4,4,160
1005,5,4,160
1005,6,4,160
1005,7,4,160
1006,0,3,160
1006,1,3,160
1006,2,3,160
1006,3,3,160
1006,4,4,160
1006,5,4,160
1006,6,4,160
1006,7,4,160
1007,0,3,160
1007,1,3,160
1007,2,3,160
1007,3,3,160
1007,4,4,160
1007,5,4,160
1007,6,4,160
1007,7,4,160
1008,0,3,160
1008,1,3,160
1008,2,3,160
1008,3,3,160
1008,4,4,160
1008,5,4,160
1008,6,4,160
1008,7,4,160
1009,0,3,160
1009,1,3,160
1009,2,3,160
1009,3,3,160
1009,4,4,160
1009,5,4,160
1009,6,4,160
1009,7,4,160
1010,0,3,160
1010,1,3,160
1010,2,3,160
1010,3,3,160
1010,4,4,160
1010,5,4,160
1010,6,4,160
1010,7,4,160
1011,0,3,160
1011,1,3,160
1011,2,3,160
1011,3,3,160
1011,4,4,160
1011,5,4,160
1011,6,4,160
1011,7,4,160
1012,0,3,160
1012,1,3,160
1012,2,3,160
1012,3,3,160
1012,4,4,160
1012,5,4,160
1012,6,4,160
1012,7,4,160
1013,0,3,160
1013,1,3,160
1013,2,3,160
1013,3,3,160
1013,4,4,160
1013,5,4,160
1013,6,4,160
1013,7,4,160
1014,0,3,160
1014,1,3,160
1014,2,3,160
1014,3,3,160
1014,4,4,160
1014,5,4,160
1014,6,4,160
1014,7,4,160
1015,0,3,160
1015,1,3,160
1015,2,3,160
1015,3,3,160
1015,4,4,160
1015,5,4,160
1015,6,4,160
1015,7,4,160
1016,0,3,160
1016,1,3,160
1016,2,3,160
1016,3,3,160
1016,4,4,160
1016,5,4,160
1016,6,4,160
1016,7,4,160
1017,0,3,160
1017,1,3,160
1017,2,3,160
1017,3,3,160
1017,4,4,160
1017,5,4,160
1017,6,4,160
1017,7,4,160
1018,0,3,160
1018,1,3,160
1018,2,3,160
1018,3,3,160
1018,4,4,160
1018,5,4,160
1018,6,4,160
1018,7,4,160
1019,0,3,160
1019,1,3,160
1019,2,3,160
1019,3,3,160
1019,4,4,160
1019,5,4,160
1019,6,4,160
1019,7,4,160
1020,0,3,160
1020,1,3,160
1020,2,3,160
1020,3,3,160
1020,4,4,160
1020,5,4,160
1020,6,4,160
1020,7,4,160
1021,0,3,160
1021,1,3,160
1021,2,3,160
1021,3,3,160
1021,4,4,160
1021,5,4,160
1021,6,4,160
1021,7,4,160
1022,0,3,160
1022,1,3,160
1022,2,3,160
1022,3,3,160
1022,4,4,160
1022,5,4,160
1022,6,4,160
1022,7,4,160
1023,0,3,160
1023,1,3,160
1023,2,3,160
1023,3,3,160
1023,4,4,160
1023,5,4,160
1023,6,4,160
1023,7,4,160
1024,0,3,160
1024,1,3,160
1024,2,3,160
1024,3,-1,-1
1024,4,4,160
1024,5,4,160
1024,6,4,160
1024,7,-1,-1
