t,i,dest_port,size
0,0,0,160
0,1,0,160
0,2,-1,-1
0,3,-1,-1
0,4,-1,-1
0,5,-1,-1
0,6,-1,-1
0,7,-1,-1
1,0,0,160
1,1,0,160
1,2,-1,-1
1,3,-1,-1
1,4,-1,-1
1,5,-1,-1
1,6,-1,-1
1,7,-1,-1
2,0,0,160
2,1,0,160
2,2,-1,-1
2,3,-1,-1
2,4,-1,-1
2,5,-1,-1
2,6,-1,-1
2,7,-1,-1
3,0,0,160
3,1,0,160
3,2,-1,-1
3,3,-1,-1
3,4,-1,-1
3,5,-1,-1
3,6,-1,-1
3,7,-1,-1
4,0,0,160
4,1,0,160
4,2,-1,-1
4,3,-1,-1
4,4,-1,-1
4,5,-1,-1
4,6,-1,-1
4,7,-1,-1
5,0,0,160
5,1,0,160
5,2,-1,-1
5,3,-1,-1
5,4,-1,-1
5,5,-1,-1
5,6,-1,-1
5,7,-1,-1
6,0,0,160
6,1,0,160
6,2,-1,-1
6,3,-1,-1
6,4,-1,-1
6,5,-1,-1
6,6,-1,-1
6,7,-1,-1
7,0,0,160
7,1,0,160
7,2,-1,-1
7,3,-1,-1
7,4,-1,-1
7,5,-1,-1
7,6,-1,-1
7,7,-1,-1
8,0,0,160
8,1,0,160
8,2,-1,-1
8,3,-1,-1
8,4,-1,-1
8,5,-1,-1
8,6,-1,-1
8,7,-1,-1
9,0,0,160
9,1,0,160
9,2,-1,-1
9,3,-1,-1
9,4,-1,-1
9,5,-1,-1
9,6,-1,-1
9,7,-1,-1
10,0,0,160
10,1,0,160
10,2,-1,-1
10,3,-1,-1
10,4,-1,-1
10,5,-1,-1
10,6,-1,-1
10,7,-1,-1
11,0,0,160
11,1,0,160
11,2,-1,-1
11,3,-1,-1
11,4,-1,-1
11,5,-1,-1
11,6,-1,-1
11,7,-1,-1
12,0,0,160
12,1,0,160
12,2,-1,-1
12,3,-1,-1
12,4,-1,-1
12,5,-1,-1
12,6,-1,-1
12,7,-1,-1
13,0,0,160
13,1,0,160
13,2,-1,-1
13,3,-1,-1
13,4,-1,-1
13,5,-1,-1
13,6,-1,-1
13,7,-1,-1
14,0,0,160
14,1,0,160
14,2,-1,-1
14,3,-1,-1
14,4,-1,-1
14,5,-1,-1
14,6,-1,-1
14,7,-1,-1
15,0,0,160
15,1,0,160
15,2,-1,-1
15,3,-1,-1
15,4,-1,-1
15,5,-1,-1
15,6,-1,-1
15,7,-1,-1
16,0,0,160
16,1,0,160
16,2,-1,-1
16,3,-1,-1
16,4,-1,-1
16,5,-1,-1
16,6,-1,-1
16,7,-1,-1
17,0,0,160
17,1,0,160
17,2,-1,-1
17,3,-1,-1
17,4,-1,-1
17,5,-1,-1
17,6,-1,-1
17,7,-1,-1
18,0,0,160
18,1,0,160
18,2,-1,-1
18,3,-1,-1
18,4,-1,-1
18,5,-1,-1
18,6,-1,-1
18,7,-1,-1
19,0,0,160
19,1,0,160
19,2,-1,-1
19,3,-1,-1
19,4,-1,-1
19,5,-1,-1
19,6,-1,-1
19,7,-1,-1
20,0,0,160
20,1,0,160
20,2,-1,-1
20,3,-1,-1
20,4,-1,-1
20,5,-1,-1
20,6,-1,-1
20,7,-1,-1
21,0,0,160
21,1,0,160
21,2,-1,-1
21,3,-1,-1
21,4,-1,-1
21,5,-1,-1
21,6,-1,-1
21,7,-1,-1
22,0,0,160
22,1,0,160
22,2,-1,-1
22,3,-1,-1
22,4,-1,-1
22,5,-1,-1
22,6,-1,-1
22,7,-1,-1
23,0,0,160
23,1,0,160
23,2,-1,-1
23,3,-1,-1
23,4,-1,-1
23,5,-1,-1
23,6,-1,-1
23,7,-1,-1
24,0,0,160
24,1,0,160
24,2,-1,-1
24,3,-1,-1
24,4,-1,-1
24,5,-1,-1
24,6,-1,-1
24,7,-1,-1
25,0,0,160
25,1,0,160
25,2,-1,-1
25,3,-1,-1
25,4,-1,-1
25,5,-1,-1
25,6,-1,-1
25,7,-1,-1
26,0,0,160
26,1,0,160
26,2,-1,-1
26,3,-1,-1
26,4,-1,-1
26,5,-1,-1
26,6,-1,-1
26,7,-1,-1
27,0,0,160
27,1,0,160
27,2,-1,-1
27,3,-1,-1
27,4,-1,-1
27,5,-1,-1
27,6,-1,-1
27,7,-1,-1
28,0,0,160
28,1,0,160
28,2,-1,-1
28,3,-1,-1
28,4,-1,-1
28,5,-1,-1
28,6,-1,-1
28,7,-1,-1
29,0,0,160
29,1,0,160
29,2,-1,-1
29,3,-1,-1
29,4,-1,-1
29,5,-1,-1
29,6,-1,-1
29,7,-1,-1
30,0,0,160
30,1,0,160
30,2,-1,-1
30,3,-1,-1
30,4,-1,-1
30,5,-1,-1
30,6,-1,-1
30,7,-1,-1
31,0,0,160
31,1,0,160
31,2,-1,-1
31,3,-1,-1
31,4,-1,-1
31,5,-1,-1
31,6,-1,-1
31,7,-1,-1
32,0,0,160
32,1,0,160
32,2,-1,-1
32,3,-1,-1
32,4,-1,-1
32,5,-1,-1
32,6,-1,-1
32,7,-1,-1
33,0,0,160
33,1,0,160
33,2,-1,-1
33,3,-1,-1
33,4,-1,-1
33,5,-1,-1
33,6,-1,-1
33,7,-1,-1
34,0,0,160
34,1,0,160
34,2,-1,-1
34,3,-1,-1
34,4,-1,-1
34,5,-1,-1
34,6,-1,-1
34,7,-1,-1
35,0,0,160
35,1,0,160
35,2,-1,-1
35,3,-1,-1
35,4,-1,-1
35,5,-1,-1
35,6,-1,-1
35,7,-1,-1
36,0,0,160
36,1,0,160
36,2,-1,-1
36,3,-1,-1
36,4,-1,-1
36,5,-1,-1
36,6,-1,-1
36,7,-1,-1
37,0,0,160
37,1,0,160
37,2,-1,-1
37,3,-1,-1
37,4,-1,-1
37,5,-1,-1
37,6,-1,-1
37,7,-1,-1
38,0,0,160
38,1,0,160
38,2,-1,-1
38,3,-1,-1
38,4,-1,-1
38,5,-1,-1
38,6,-1,-1
38,7,-1,-1
39,0,0,160
39,1,0,160
39,2,-1,-1
39,3,-1,-1
39,4,-1,-1
39,5,-1,-1
39,6,-1,-1
39,7,-1,-1
40,0,0,160
40,1,0,160
40,2,-1,-1
40,3,-1,-1
40,4,-1,-1
40,5,-1,-1
40,6,-1,-1
40,7,-1,-1
41,0,0,160
41,1,0,160
41,2,-1,-1
41,3,-1,-1
41,4,-1,-1
41,5,-1,-1
41,6,-1,-1
41,7,-1,-1
42,0,0,160
42,1,0,160
42,2,-1,-1
42,3,-1,-1
42,4,-1,-1
42,5,-1,-1
42,6,-1,-1
42,7,-1,-1
43,0,0,160
43,1,0,160
43,2,-1,-1
43,3,-1,-1
43,4,-1,-1
43,5,-1,-1
43,6,-1,-1
43,7,-1,-1
44,0,0,160
44,1,0,160
44,2,-1,-1
44,3,-1,-1
44,4,-1,-1
44,5,-1,-1
44,6,-1,-1
44,7,-1,-1
45,0,0,160
45,1,0,160
45,2,-1,-1
45,3,-1,-1
45,4,-1,-1
45,5,-1,-1
45,6,-1,-1
45,7,-1,-1
46,0,0,160
46,1,0,160
46,2,-1,-1
46,3,-1,-1
46,4,-1,-1
46,5,-1,-1
46,6,-1,-1
46,7,-1,-1
47,0,0,160
47,1,0,160
47,2,-1,-1
47,3,-1,-1
47,4,-1,-1
47,5,-1,-1
47,6,-1,-1
47,7,-1,-1
48,0,0,160
48,1,0,160
48,2,-1,-1
48,3,-1,-1
48,4,-1,-1
48,5,-1,-1
48,6,-1,-1
48,7,-1,-1
49,0,0,160
49,1,0,160
49,2,-1,-1
49,3,-1,-1
49,4,-1,-1
49,5,-1,-1
49,6,-1,-1
49,7,-1,-1
50,0,0,160
50,1,0,160
50,2,-1,-1
50,3,-1,-1
50,4,-1,-1
50,5,-1,-1
50,6,-1,-1
50,7,-1,-1
51,0,0,160
51,1,0,160
51,2,-1,-1
51,3,-1,-1
51,4,-1,-1
51,5,-1,-1
51,6,-1,-1
51,7,-1,-1
52,0,0,160
52,1,0,160
52,2,-1,-1
52,3,-1,-1
52,4,-1,-1
52,5,-1,-1
52,6,-1,-1
52,7,-1,-1
53,0,0,160
53,1,0,160
53,2,-1,-1
53,3,-1,-1
53,4,-1,-1
53,5,-1,-1
53,6,-1,-1
53,7,-1,-1
54,0,0,160
54,1,0,160
54,2,-1,-1
54,3,-1,-1
54,4,-1,-1
54,5,-1,-1
54,6,-1,-1
54,7,-1,-1
55,0,0,160
55,1,0,160
55,2,-1,-1
55,3,-1,-1
55,4,-1,-1
55,5,-1,-1
55,6,-1,-1
55,7,-1,-1
56,0,0,160
56,1,0,160
56,2,-1,-1
56,3,-1,-1
56,4,-1,-1
56,5,-1,-1
56,6,-1,-1
56,7,-1,-1
57,0,0,160
57,1,0,160
57,2,-1,-1
57,3,-1,-1
57,4,-1,-1
57,5,-1,-1
57,6,-1,-1
57,7,-1,-1
58,0,0,160
58,1,0,160
58,2,-1,-1
58,3,-1,-1
58,4,-1,-1
58,5,-1,-1
58,6,-1,-1
58,7,-1,-1
59,0,0,160
59,1,0,160
59,2,-1,-1
59,3,-1,-1
59,4,-1,-1
59,5,-1,-1
59,6,-1,-1
59,7,-1,-1
60,0,0,160
60,1,0,160
60,2,-1,-1
60,3,-1,-1
60,4,-1,-1
60,5,-1,-1
60,6,-1,-1
60,7,-1,-1
61,0,0,160
61,1,0,160
61,2,-1,-1
61,3,-1,-1
61,4,-1,-1
61,5,-1,-1
61,6,-1,-1
61,7,-1,-1
62,0,0,160
62,1,0,160
62,2,-1,-1
62,3,-1,-1
62,4,-1,-1
62,5,-1,-1
62,6,-1,-1
62,7,-1,-1
63,0,0,160
63,1,0,160
63,2,-1,-1
63,3,-1,-1
63,4,-1,-1
63,5,-1,-1
63,6,-1,-1
63,7,-1,-1
64,0,0,160
64,1,0,160
64,2,-1,-1
64,3,-1,-1
64,4,-1,-1
64,5,-1,-1
64,6,-1,-1
64,7,-1,-1
65,0,0,160
65,1,0,160
65,2,-1,-1
65,3,-1,-1
65,4,-1,-1
65,5,-1,-1
65,6,-1,-1
65,7,-1,-1
66,0,0,160
66,1,0,160
66,2,-1,-1
66,3,-1,-1
66,4,-1,-1
66,5,-1,-1
66,6,-1,-1
66,7,-1,-1
67,0,0,160
67,1,0,160
67,2,-1,-1
67,3,-1,-1
67,4,-1,-1
67,5,-1,-1
67,6,-1,-1
67,7,-1,-1
68,0,0,160
68,1,0,160
68,2,-1,-1
68,3,-1,-1
68,4,-1,-1
68,5,-1,-1
68,6,-1,-1
68,7,-1,-1
69,0,0,160
69,1,0,160
69,2,-1,-1
69,3,-1,-1
69,4,-1,-1
69,5,-1,-1
69,6,-1,-1
69,7,-1,-1
70,0,0,160
70,1,0,160
70,2,-1,-1
70,3,-1,-1
70,4,-1,-1
70,5,-1,-1
70,6,-1,-1
70,7,-1,-1
71,0,0,160
71,1,0,160
71,2,-1,-1
71,3,-1,-1
71,4,-1,-1
71,5,-1,-1
71,6,-1,-1
71,7,-1,-1
72,0,0,160
72,1,0,160
72,2,-1,-1
72,3,-1,-1
72,4,-1,-1
72,5,-1,-1
72,6,-1,-1
72,7,-1,-1
73,0,0,160
73,1,0,160
73,2,-1,-1
73,3,-1,-1
73,4,-1,-1
73,5,-1,-1
73,6,-1,-1
73,7,-1,-1
74,0,0,160
74,1,0,160
74,2,-1,-1
74,3,-1,-1
74,4,-1,-1
74,5,-1,-1
74,6,-1,-1
74,7,-1,-1
75,0,0,160
75,1,0,160
75,2,-1,-1
75,3,-1,-1
75,4,-1,-1
75,5,-1,-1
75,6,-1,-1
75,7,-1,-1
76,0,0,160
76,1,0,160
76,2,-1,-1
76,3,-1,-1
76,4,-1,-1
76,5,-1,-1
76,6,-1,-1
76,7,-1,-1
77,0,0,160
77,1,0,160
77,2,-1,-1
77,3,-1,-1
77,4,-1,-1
77,5,-1,-1
77,6,-1,-1
77,7,-1,-1
78,0,0,160
78,1,0,160
78,2,-1,-1
78,3,-1,-1
78,4,-1,-1
78,5,-1,-1
78,6,-1,-1
78,7,-1,-1
79,0,0,160
79,1,0,160
79,2,-1,-1
79,3,-1,-1
79,4,-1,-1
79,5,-1,-1
79,6,-1,-1
79,7,-1,-1
80,0,0,160
80,1,0,160
80,2,-1,-1
80,3,-1,-1
80,4,-1,-1
80,5,-1,-1
80,6,-1,-1
80,7,-1,-1
81,0,0,160
81,1,0,160
81,2,-1,-1
81,3,-1,-1
81,4,-1,-1
81,5,-1,-1
81,6,-1,-1
81,7,-1,-1
82,0,0,160
82,1,0,160
82,2,-1,-1
82,3,-1,-1
82,4,-1,-1
82,5,-1,-1
82,6,-1,-1
82,7,-1,-1
83,0,0,160
83,1,0,160
83,2,-1,-1
83,3,-1,-1
83,4,-1,-1
83,5,-1,-1
83,6,-1,-1
83,7,-1,-1
84,0,0,160
84,1,0,160
84,2,-1,-1
84,3,-1,-1
84,4,-1,-1
84,5,-1,-1
84,6,-1,-1
84,7,-1,-1
85,0,0,160
85,1,0,160
85,2,-1,-1
85,3,-1,-1
85,4,-1,-1
85,5,-1,-1
85,6,-1,-1
85,7,-1,-1
86,0,0,160
86,1,0,160
86,2,-1,-1
86,3,-1,-1
86,4,-1,-1
86,5,-1,-1
86,6,-1,-1
86,7,-1,-1
87,0,0,160
87,1,0,160
87,2,-1,-1
87,3,-1,-1
87,4,-1,-1
87,5,-1,-1
87,6,-1,-1
87,7,-1,-1
88,0,0,160
88,1,0,160
88,2,-1,-1
88,3,-1,-1
88,4,-1,-1
88,5,-1,-1
88,6,-1,-1
88,7,-1,-1
89,0,0,160
89,1,0,160
89,2,-1,-1
89,3,-1,-1
89,4,-1,-1
89,5,-1,-1
89,6,-1,-1
89,7,-1,-1
90,0,0,160
90,1,0,160
90,2,-1,-1
90,3,-1,-1
90,4,-1,-1
90,5,-1,-1
90,6,-1,-1
90,7,-1,-1
91,0,0,160
91,1,0,160
91,2,-1,-1
91,3,-1,-1
91,4,-1,-1
91,5,-1,-1
91,6,-1,-1
91,7,-1,-1
92,0,0,160
92,1,0,160
92,2,-1,-1
92,3,-1,-1
92,4,-1,-1
92,5,-1,-1
92,6,-1,-1
92,7,-1,-1
93,0,0,160
93,1,0,160
93,2,-1,-1
93,3,-1,-1
93,4,-1,-1
93,5,-1,-1
93,6,-1,-1
93,7,-1,-1
94,0,0,160
94,1,0,160
94,2,-1,-1
94,3,-1,-1
94,4,-1,-1
94,5,-1,-1
94,6,-1,-1
94,7,-1,-1
95,0,0,160
95,1,0,160
95,2,-1,-1
95,3,-1,-1
95,4,-1,-1
95,5,-1,-1
95,6,-1,-1
95,7,-1,-1
96,0,0,160
96,1,0,160
96,2,-1,-1
96,3,-1,-1
96,4,-1,-1
96,5,-1,-1
96,6,-1,-1
96,7,-1,-1
97,0,0,160
97,1,0,160
97,2,-1,-1
97,3,-1,-1
97,4,-1,-1
97,5,-1,-1
97,6,-1,-1
97,7,-1,-1
98,0,0,160
98,1,0,160
98,2,-1,-1
98,3,-1,-1
98,4,-1,-1
98,5,-1,-1
98,6,-1,-1
98,7,-1,-1
99,0,0,160
99,1,0,160
99,2,-1,-1
99,3,-1,-1
99,4,-1,-1
99,5,-1,-1
99,6,-1,-1
99,7,-1,-1
100,0,0,160
100,1,0,160
100,2,-1,-1
100,3,-1,-1
100,4,-1,-1
100,5,-1,-1
100,6,-1,-1
100,7,-1,-1
101,0,0,160
101,1,0,160
101,2,-1,-1
101,3,-1,-1
101,4,-1,-1
101,5,-1,-1
101,6,-1,-1
101,7,-1,-1
102,0,0,160
102,1,0,160
102,2,-1,-1
102,3,-1,-1
102,4,-1,-1
102,5,-1,-1
102,6,-1,-1
102,7,-1,-1
103,0,0,160
103,1,0,160
103,2,-1,-1
103,3,-1,-1
103,4,-1,-1
103,5,-1,-1
103,6,-1,-1
103,7,-1,-1
104,0,0,160
104,1,0,160
104,2,-1,-1
104,3,-1,-1
104,4,-1,-1
104,5,-1,-1
104,6,-1,-1
104,7,-1,-1
105,0,0,160
105,1,0,160
105,2,-1,-1
105,3,-1,-1
105,4,-1,-1
105,5,-1,-1
105,6,-1,-1
105,7,-1,-1
106,0,0,160
106,1,0,160
106,2,-1,-1
106,3,-1,-1
106,4,-1,-1
106,5,-1,-1
106,6,-1,-1
106,7,-1,-1
107,0,0,160
107,1,0,160
107,2,-1,-1
107,3,-1,-1
107,4,-1,-1
107,5,-1,-1
107,6,-1,-1
107,7,-1,-1
108,0,0,160
108,1,0,160
108,2,-1,-1
108,3,-1,-1
108,4,-1,-1
108,5,-1,-1
108,6,-1,-1
108,7,-1,-1
109,0,0,160
109,1,0,160
109,2,-1,-1
109,3,-1,-1
109,4,-1,-1
109,5,-1,-1
109,6,-1,-1
109,7,-1,-1
110,0,0,160
110,1,0,160
110,2,-1,-1
110,3,-1,-1
110,4,-1,-1
110,5,-1,-1
110,6,-1,-1
110,7,-1,-1
111,0,0,160
111,1,0,160
111,2,-1,-1
111,3,-1,-1
111,4,-1,-1
111,5,-1,-1
111,6,-1,-1
111,7,-1,-1
112,0,0,160
112,1,0,160
112,2,-1,-1
112,3,-1,-1
112,4,-1,-1
112,5,-1,-1
112,6,-1,-1
112,7,-1,-1
113,0,0,160
113,1,0,160
113,2,-1,-1
113,3,-1,-1
113,4,-1,-1
113,5,-1,-1
113,6,-1,-1
113,7,-1,-1
114,0,0,160
114,1,0,160
114,2,-1,-1
114,3,-1,-1
114,4,-1,-1
114,5,-1,-1
114,6,-1,-1
114,7,-1,-1
115,0,0,160
115,1,0,160
115,2,-1,-1
115,3,-1,-1
115,4,-1,-1
115,5,-1,-1
115,6,-1,-1
115,7,-1,-1
116,0,0,160
116,1,0,160
116,2,-1,-1
116,3,-1,-1
116,4,-1,-1
116,5,-1,-1
116,6,-1,-1
116,7,-1,-1
117,0,0,160
117,1,0,160
117,2,-1,-1
117,3,-1,-1
117,4,-1,-1
117,5,-1,-1
117,6,-1,-1
117,7,-1,-1
118,0,0,160
118,1,0,160
118,2,-1,-1
118,3,-1,-1
118,4,-1,-1
118,5,-1,-1
118,6,-1,-1
118,7,-1,-1
119,0,0,160
119,1,0,160
119,2,-1,-1
119,3,-1,-1
119,4,-1,-1
119,5,-1,-1
119,6,-1,-1
119,7,-1,-1
120,0,0,160
120,1,0,160
120,2,-1,-1
120,3,-1,-1
120,4,-1,-1
120,5,-1,-1
120,6,-1,-1
120,7,-1,-1
121,0,0,160
121,1,0,160
121,2,-1,-1
121,3,-1,-1
121,4,-1,-1
121,5,-1,-1
121,6,-1,-1
121,7,-1,-1
122,0,0,160
122,1,0,160
122,2,-1,-1
122,3,-1,-1
122,4,-1,-1
122,5,-1,-1
122,6,-1,-1
122,7,-1,-1
123,0,0,160
123,1,0,160
123,2,-1,-1
123,3,-1,-1
123,4,-1,-1
123,5,-1,-1
123,6,-1,-1
123,7,-1,-1
124,0,0,160
124,1,0,160
124,2,-1,-1
124,3,-1,-1
124,4,-1,-1
124,5,-1,-1
124,6,-1,-1
124,7,-1,-1
125,0,0,160
125,1,0,160
125,2,-1,-1
125,3,-1,-1
125,4,-1,-1
125,5,-1,-1
125,6,-1,-1
125,7,-1,-1
126,0,0,160
126,1,0,160
126,2,-1,-1
126,3,-1,-1
126,4,-1,-1
126,5,-1,-1
126,6,-1,-1
126,7,-1,-1
127,0,0,160
127,1,0,160
127,2,-1,-1
127,3,-1,-1
127,4,-1,-1
127,5,-1,-1
127,6,-1,-1
127,7,-1,-1
128,0,0,160
128,1,0,160
128,2,-1,-1
128,3,-1,-1
128,4,-1,-1
128,5,-1,-1
128,6,-1,-1
128,7,-1,-1
129,0,0,160
129,1,0,160
129,2,-1,-1
129,3,-1,-1
129,4,-1,-1
129,5,-1,-1
129,6,-1,-1
129,7,-1,-1
130,0,0,160
130,1,0,160
130,2,-1,-1
130,3,-1,-1
130,4,-1,-1
130,5,-1,-1
130,6,-1,-1
130,7,-1,-1
131,0,0,160
131,1,0,160
131,2,-1,-1
131,3,-1,-1
131,4,-1,-1
131,5,-1,-1
131,6,-1,-1
131,7,-1,-1
132,0,0,160
132,1,0,160
132,2,-1,-1
132,3,-1,-1
132,4,-1,-1
132,5,-1,-1
132,6,-1,-1
132,7,-1,-1
133,0,0,160
133,1,0,160
133,2,-1,-1
133,3,-1,-1
133,4,-1,-1
133,5,-1,-1
133,6,-1,-1
133,7,-1,-1
134,0,0,160
134,1,0,160
134,2,-1,-1
134,3,-1,-1
134,4,-1,-1
134,5,-1,-1
134,6,-1,-1
134,7,-1,-1
135,0,0,160
135,1,0,160
135,2,-1,-1
135,3,-1,-1
135,4,-1,-1
135,5,-1,-1
135,6,-1,-1
135,7,-1,-1
136,0,0,160
136,1,0,160
136,2,-1,-1
136,3,-1,-1
136,4,-1,-1
136,5,-1,-1
136,6,-1,-1
136,7,-1,-1
137,0,0,160
137,1,0,160
137,2,-1,-1
137,3,-1,-1
137,4,-1,-1
137,5,-1,-1
137,6,-1,-1
137,7,-1,-1
138,0,0,160
138,1,0,160
138,2,-1,-1
138,3,-1,-1
138,4,-1,-1
138,5,-1,-1
138,6,-1,-1
138,7,-1,-1
139,0,0,160
139,1,0,160
139,2,-1,-1
139,3,-1,-1
139,4,-1,-1
139,5,-1,-1
139,6,-1,-1
139,7,-1,-1
140,0,0,160
140,1,0,160
140,2,-1,-1
140,3,-1,-1
140,4,-1,-1
140,5,-1,-1
140,6,-1,-1
140,7,-1,-1
141,0,0,160
141,1,0,160
141,2,-1,-1
141,3,-1,-1
141,4,-1,-1
141,5,-1,-1
141,6,-1,-1
141,7,-1,-1
142,0,0,160
142,1,0,160
142,2,-1,-1
142,3,-1,-1
142,4,-1,-1
142,5,-1,-1
142,6,-1,-1
142,7,-1,-1
143,0,0,160
143,1,0,160
143,2,-1,-1
143,3,-1,-1
143,4,-1,-1
143,5,-1,-1
143,6,-1,-1
143,7,-1,-1
144,0,0,160
144,1,0,160
144,2,-1,-1
144,3,-1,-1
144,4,-1,-1
144,5,-1,-1
144,6,-1,-1
144,7,-1,-1
145,0,0,160
145,1,0,160
145,2,-1,-1
145,3,-1,-1
145,4,-1,-1
145,5,-1,-1
145,6,-1,-1
145,7,-1,-1
146,0,0,160
146,1,0,160
146,2,-1,-1
146,3,-1,-1
146,4,-1,-1
146,5,-1,-1
146,6,-1,-1
146,7,-1,-1
147,0,0,160
147,1,0,160
147,2,-1,-1
147,3,-1,-1
147,4,-1,-1
147,5,-1,-1
147,6,-1,-1
147,7,-1,-1
148,0,0,160
148,1,0,160
148,2,-1,-1
148,3,-1,-1
148,4,-1,-1
148,5,-1,-1
148,6,-1,-1
148,7,-1,-1
149,0,0,160
149,1,0,160
149,2,-1,-1
149,3,-1,-1
149,4,-1,-1
149,5,-1,-1
149,6,-1,-1
149,7,-1,-1
150,0,0,160
150,1,0,160
150,2,-1,-1
150,3,-1,-1
150,4,-1,-1
150,5,-1,-1
150,6,-1,-1
150,7,-1,-1
151,0,0,160
151,1,0,160
151,2,-1,-1
151,3,-1,-1
151,4,-1,-1
151,5,-1,-1
151,6,-1,-1
151,7,-1,-1
152,0,0,160
152,1,0,160
152,2,-1,-1
152,3,-1,-1
152,4,-1,-1
152,5,-1,-1
152,6,-1,-1
152,7,-1,-1
153,0,0,160
153,1,0,160
153,2,-1,-1
153,3,-1,-1
153,4,-1,-1
153,5,-1,-1
153,6,-1,-1
153,7,-1,-1
154,0,0,160
154,1,0,160
154,2,-1,-1
154,3,-1,-1
154,4,-1,-1
154,5,-1,-1
154,6,-1,-1
154,7,-1,-1
155,0,0,160
155,1,0,160
155,2,-1,-1
155,3,-1,-1
155,4,-1,-1
155,5,-1,-1
155,6,-1,-1
155,7,-1,-1
156,0,0,160
156,1,0,160
156,2,-1,-1
156,3,-1,-1
156,4,-1,-1
156,5,-1,-1
156,6,-1,-1
156,7,-1,-1
157,0,0,160
157,1,0,160
157,2,-1,-1
157,3,-1,-1
157,4,-1,-1
157,5,-1,-1
157,6,-1,-1
157,7,-1,-1
158,0,0,160
158,1,0,160
158,2,-1,-1
158,3,-1,-1
158,4,-1,-1
158,5,-1,-1
158,6,-1,-1
158,7,-1,-1
159,0,0,160
159,1,0,160
159,2,-1,-1
159,3,-1,-1
159,4,-1,-1
159,5,-1,-1
159,6,-1,-1
159,7,-1,-1
160,0,0,160
160,1,0,160
160,2,-1,-1
160,3,-1,-1
160,4,-1,-1
160,5,-1,-1
160,6,-1,-1
160,7,-1,-1
161,0,0,160
161,1,0,160
161,2,-1,-1
161,3,-1,-1
161,4,-1,-1
161,5,-1,-1
161,6,-1,-1
161,7,-1,-1
162,0,0,160
162,1,0,160
162,2,-1,-1
162,3,-1,-1
162,4,-1,-1
162,5,-1,-1
162,6,-1,-1
162,7,-1,-1
163,0,0,160
163,1,0,160
163,2,-1,-1
163,3,-1,-1
163,4,-1,-1
163,5,-1,-1
163,6,-1,-1
163,7,-1,-1
164,0,0,160
164,1,0,160
164,2,-1,-1
164,3,-1,-1
164,4,-1,-1
164,5,-1,-1
164,6,-1,-1
164,7,-1,-1
165,0,0,160
165,1,0,160
165,2,-1,-1
165,3,-1,-1
165,4,-1,-1
165,5,-1,-1
165,6,-1,-1
165,7,-1,-1
166,0,0,160
166,1,0,160
166,2,-1,-1
166,3,-1,-1
166,4,-1,-1
166,5,-1,-1
166,6,-1,-1
166,7,-1,-1
167,0,0,160
167,1,0,160
167,2,-1,-1
167,3,-1,-1
167,4,-1,-1
167,5,-1,-1
167,6,-1,-1
167,7,-1,-1
168,0,0,160
168,1,0,160
168,2,-1,-1
168,3,-1,-1
168,4,-1,-1
168,5,-1,-1
168,6,-1,-1
168,7,-1,-1
169,0,0,160
169,1,0,160
169,2,-1,-1
169,3,-1,-1
169,4,-1,-1
169,5,-1,-1
169,6,-1,-1
169,7,-1,-1
170,0,0,160
170,1,0,160
170,2,-1,-1
170,3,-1,-1
170,4,-1,-1
170,5,-1,-1
170,6,-1,-1
170,7,-1,-1
171,0,0,160
171,1,0,160
171,2,-1,-1
171,3,-1,-1
171,4,-1,-1
171,5,-1,-1
171,6,-1,-1
171,7,-1,-1
172,0,0,160
172,1,0,160
172,2,-1,-1
172,3,-1,-1
172,4,-1,-1
172,5,-1,-1
172,6,-1,-1
172,7,-1,-1
173,0,0,160
173,1,0,160
173,2,-1,-1
173,3,-1,-1
173,4,-1,-1
173,5,-1,-1
173,6,-1,-1
173,7,-1,-1
174,0,0,160
174,1,0,160
174,2,-1,-1
174,3,-1,-1
174,4,-1,-1
174,5,-1,-1
174,6,-1,-1
174,7,-1,-1
175,0,0,160
175,1,0,160
175,2,-1,-1
175,3,-1,-1
175,4,-1,-1
175,5,-1,-1
175,6,-1,-1
175,7,-1,-1
176,0,0,160
176,1,0,160
176,2,-1,-1
176,3,-1,-1
176,4,-1,-1
176,5,-1,-1
176,6,-1,-1
176,7,-1,-1
177,0,0,160
177,1,0,160
177,2,-1,-1
177,3,-1,-1
177,4,-1,-1
177,5,-1,-1
177,6,-1,-1
177,7,-1,-1
178,0,0,160
178,1,0,160
178,2,-1,-1
178,3,-1,-1
178,4,-1,-1
178,5,-1,-1
178,6,-1,-1
178,7,-1,-1
179,0,0,160
179,1,0,160
179,2,-1,-1
179,3,-1,-1
179,4,-1,-1
179,5,-1,-1
179,6,-1,-1
179,7,-1,-1
180,0,0,160
180,1,0,160
180,2,-1,-1
180,3,-1,-1
180,4,-1,-1
180,5,-1,-1
180,6,-1,-1
180,7,-1,-1
181,0,0,160
181,1,0,160
181,2,-1,-1
181,3,-1,-1
181,4,-1,-1
181,5,-1,-1
181,6,-1,-1
181,7,-1,-1
182,0,0,160
182,1,0,160
182,2,-1,-1
182,3,-1,-1
182,4,-1,-1
182,5,-1,-1
182,6,-1,-1
182,7,-1,-1
183,0,0,160
183,1,0,160
183,2,-1,-1
183,3,-1,-1
183,4,-1,-1
183,5,-1,-1
183,6,-1,-1
183,7,-1,-1
184,0,0,160
184,1,0,160
184,2,-1,-1
184,3,-1,-1
184,4,-1,-1
184,5,-1,-1
184,6,-1,-1
184,7,-1,-1
185,0,0,160
185,1,0,160
185,2,-1,-1
185,3,-1,-1
185,4,-1,-1
185,5,-1,-1
185,6,-1,-1
185,7,-1,-1
186,0,0,160
186,1,0,160
186,2,-1,-1
186,3,-1,-1
186,4,-1,-1
186,5,-1,-1
186,6,-1,-1
186,7,-1,-1
187,0,0,160
187,1,0,160
187,2,-1,-1
187,3,-1,-1
187,4,-1,-1
187,5,-1,-1
187,6,-1,-1
187,7,-1,-1
188,0,0,160
188,1,0,160
188,2,-1,-1
188,3,-1,-1
188,4,-1,-1
188,5,-1,-1
188,6,-1,-1
188,7,-1,-1
189,0,0,160
189,1,0,160
189,2,-1,-1
189,3,-1,-1
189,4,-1,-1
189,5,-1,-1
189,6,-1,-1
189,7,-1,-1
190,0,0,160
190,1,0,160
190,2,-1,-1
190,3,-1,-1
190,4,-1,-1
190,5,-1,-1
190,6,-1,-1
190,7,-1,-1
191,0,0,160
191,1,0,160
191,2,-1,-1
191,3,-1,-1
191,4,-1,-1
191,5,-1,-1
191,6,-1,-1
191,7,-1,-1
192,0,0,160
192,1,0,160
192,2,-1,-1
192,3,-1,-1
192,4,-1,-1
192,5,-1,-1
192,6,-1,-1
192,7,-1,-1
193,0,0,160
193,1,0,160
193,2,-1,-1
193,3,-1,-1
193,4,-1,-1
193,5,-1,-1
193,6,-1,-1
193,7,-1,-1
194,0,0,160
194,1,0,160
194,2,-1,-1
194,3,-1,-1
194,4,-1,-1
194,5,-1,-1
194,6,-1,-1
194,7,-1,-1
195,0,0,160
195,1,0,160
195,2,-1,-1
195,3,-1,-1
195,4,-1,-1
195,5,-1,-1
195,6,-1,-1
195,7,-1,-1
196,0,0,160
196,1,0,160
196,2,-1,-1
196,3,-1,-1
196,4,-1,-1
196,5,-1,-1
196,6,-1,-1
196,7,-1,-1
197,0,0,160
197,1,0,160
197,2,-1,-1
197,3,-1,-1
197,4,-1,-1
197,5,-1,-1
197,6,-1,-1
197,7,-1,-1
198,0,0,160
198,1,0,160
198,2,-1,-1
198,3,-1,-1
198,4,-1,-1
198,5,-1,-1
198,6,-1,-1
198,7,-1,-1
199,0,0,160
199,1,0,160
199,2,-1,-1
199,3,-1,-1
199,4,-1,-1
199,5,-1,-1
199,6,-1,-1
199,7,-1,-1
200,0,0,160
200,1,0,160
200,2,-1,-1
200,3,-1,-1
200,4,-1,-1
200,5,-1,-1
200,6,-1,-1
200,7,-1,-1
201,0,0,160
201,1,0,160
201,2,-1,-1
201,3,-1,-1
201,4,-1,-1
201,5,-1,-1
201,6,-1,-1
201,7,-1,-1
202,0,0,160
202,1,0,160
202,2,-1,-1
202,3,-1,-1
202,4,-1,-1
202,5,-1,-1
202,6,-1,-1
202,7,-1,-1
203,0,0,160
203,1,0,160
203,2,-1,-1
203,3,-1,-1
203,4,-1,-1
203,5,-1,-1
203,6,-1,-1
203,7,-1,-1
204,0,0,160
204,1,0,160
204,2,-1,-1
204,3,-1,-1
204,4,-1,-1
204,5,-1,-1
204,6,-1,-1
204,7,-1,-1
205,0,0,160
205,1,0,160
205,2,-1,-1
205,3,-1,-1
205,4,-1,-1
205,5,-1,-1
205,6,-1,-1
205,7,-1,-1
206,0,0,160
206,1,0,160
206,2,-1,-1
206,3,-1,-1
206,4,-1,-1
206,5,-1,-1
206,6,-1,-1
206,7,-1,-1
207,0,0,160
207,1,0,160
207,2,-1,-1
207,3,-1,-1
207,4,-1,-1
207,5,-1,-1
207,6,-1,-1
207,7,-1,-1
208,0,0,160
208,1,0,160
208,2,-1,-1
208,3,-1,-1
208,4,-1,-1
208,5,-1,-1
208,6,-1,-1
208,7,-1,-1
209,0,0,160
209,1,0,160
209,2,-1,-1
209,3,-1,-1
209,4,-1,-1
209,5,-1,-1
209,6,-1,-1
209,7,-1,-1
210,0,0,160
210,1,0,160
210,2,-1,-1
210,3,-1,-1
210,4,-1,-1
210,5,-1,-1
210,6,-1,-1
210,7,-1,-1
211,0,0,160
211,1,0,160
211,2,-1,-1
211,3,-1,-1
211,4,-1,-1
211,5,-1,-1
211,6,-1,-1
211,7,-1,-1
212,0,0,160
212,1,0,160
212,2,-1,-1
212,3,-1,-1
212,4,-1,-1
212,5,-1,-1
212,6,-1,-1
212,7,-1,-1
213,0,0,160
213,1,0,160
213,2,-1,-1
213,3,-1,-1
213,4,-1,-1
213,5,-1,-1
213,6,-1,-1
213,7,-1,-1
214,0,0,160
214,1,0,160
214,2,-1,-1
214,3,-1,-1
214,4,-1,-1
214,5,-1,-1
214,6,-1,-1
214,7,-1,-1
215,0,0,160
215,1,0,160
215,2,-1,-1
215,3,-1,-1
215,4,-1,-1
215,5,-1,-1
215,6,-1,-1
215,7,-1,-1
216,0,0,160
216,1,0,160
216,2,-1,-1
216,3,-1,-1
216,4,-1,-1
216,5,-1,-1
216,6,-1,-1
216,7,-1,-1
217,0,0,160
217,1,0,160
217,2,-1,-1
217,3,-1,-1
217,4,-1,-1
217,5,-1,-1
217,6,-1,-1
217,7,-1,-1
218,0,0,160
218,1,0,160
218,2,-1,-1
218,3,-1,-1
218,4,-1,-1
218,5,-1,-1
218,6,-1,-1
218,7,-1,-1
219,0,0,160
219,1,0,160
219,2,-1,-1
219,3,-1,-1
219,4,-1,-1
219,5,-1,-1
219,6,-1,-1
219,7,-1,-1
220,0,0,160
220,1,0,160
220,2,-1,-1
220,3,-1,-1
220,4,-1,-1
220,5,-1,-1
220,6,-1,-1
220,7,-1,-1
221,0,0,160
221,1,0,160
221,2,-1,-1
221,3,-1,-1
221,4,-1,-1
221,5,-1,-1
221,6,-1,-1
221,7,-1,-1
222,0,0,160
222,1,0,160
222,2,-1,-1
222,3,-1,-1
222,4,-1,-1
222,5,-1,-1
222,6,-1,-1
222,7,-1,-1
223,0,0,160
223,1,0,160
223,2,-1,-1
223,3,-1,-1
223,4,-1,-1
223,5,-1,-1
223,6,-1,-1
223,7,-1,-1
224,0,0,160
224,1,0,160
224,2,-1,-1
224,3,-1,-1
224,4,-1,-1
224,5,-1,-1
224,6,-1,-1
224,7,-1,-1
225,0,0,160
225,1,0,160
225,2,-1,-1
225,3,-1,-1
225,4,-1,-1
225,5,-1,-1
225,6,-1,-1
225,7,-1,-1
226,0,0,160
226,1,0,160
226,2,-1,-1
226,3,-1,-1
226,4,-1,-1
226,5,-1,-1
226,6,-1,-1
226,7,-1,-1
227,0,0,160
227,1,0,160
227,2,-1,-1
227,3,-1,-1
227,4,-1,-1
227,5,-1,-1
227,6,-1,-1
227,7,-1,-1
228,0,0,160
228,1,0,160
228,2,-1,-1
228,3,-1,-1
228,4,-1,-1
228,5,-1,-1
228,6,-1,-1
228,7,-1,-1
229,0,0,160
229,1,0,160
229,2,-1,-1
229,3,-1,-1
229,4,-1,-1
229,5,-1,-1
229,6,-1,-1
229,7,-1,-1
230,0,0,160
230,1,0,160
230,2,-1,-1
230,3,-1,-1
230,4,-1,-1
230,5,-1,-1
230,6,-1,-1
230,7,-1,-1
231,0,0,160
231,1,0,160
231,2,-1,-1
231,3,-1,-1
231,4,-1,-1
231,5,-1,-1
231,6,-1,-1
231,7,-1,-1
232,0,0,160
232,1,0,160
232,2,-1,-1
232,3,-1,-1
232,4,-1,-1
232,5,-1,-1
232,6,-1,-1
232,7,-1,-1
233,0,0,160
233,1,0,160
233,2,-1,-1
233,3,-1,-1
233,4,-1,-1
233,5,-1,-1
233,6,-1,-1
233,7,-1,-1
234,0,0,160
234,1,0,160
234,2,-1,-1
234,3,-1,-1
234,4,-1,-1
234,5,-1,-1
234,6,-1,-1
234,7,-1,-1
235,0,0,160
235,1,0,160
235,2,-1,-1
235,3,-1,-1
235,4,-1,-1
235,5,-1,-1
235,6,-1,-1
235,7,-1,-1
236,0,0,160
236,1,0,160
236,2,-1,-1
236,3,-1,-1
236,4,-1,-1
236,5,-1,-1
236,6,-1,-1
236,7,-1,-1
237,0,0,160
237,1,0,160
237,2,-1,-1
237,3,-1,-1
237,4,-1,-1
237,5,-1,-1
237,6,-1,-1
237,7,-1,-1
238,0,0,160
238,1,0,160
238,2,-1,-1
238,3,-1,-1
238,4,-1,-1
238,5,-1,-1
238,6,-1,-1
238,7,-1,-1
239,0,0,160
239,1,0,160
239,2,-1,-1
239,3,-1,-1
239,4,-1,-1
239,5,-1,-1
239,6,-1,-1
239,7,-1,-1
240,0,0,160
240,1,0,160
240,2,-1,-1
240,3,-1,-1
240,4,-1,-1
240,5,-1,-1
240,6,-1,-1
240,7,-1,-1
241,0,0,160
241,1,0,160
241,2,-1,-1
241,3,-1,-1
241,4,-1,-1
241,5,-1,-1
241,6,-1,-1
241,7,-1,-1
242,0,0,160
242,1,0,160
242,2,-1,-1
242,3,-1,-1
242,4,-1,-1
242,5,-1,-1
242,6,-1,-1
242,7,-1,-1
243,0,0,160
243,1,0,160
243,2,-1,-1
243,3,-1,-1
243,4,-1,-1
243,5,-1,-1
243,6,-1,-1
243,7,-1,-1
244,0,0,160
244,1,0,160
244,2,-1,-1
244,3,-1,-1
244,4,-1,-1
244,5,-1,-1
244,6,-1,-1
244,7,-1,-1
245,0,0,160
245,1,0,160
245,2,-1,-1
245,3,-1,-1
245,4,-1,-1
245,5,-1,-1
245,6,-1,-1
245,7,-1,-1
246,0,0,160
246,1,0,160
246,2,-1,-1
246,3,-1,-1
246,4,-1,-1
246,5,-1,-1
246,6,-1,-1
246,7,-1,-1
247,0,0,160
247,1,0,160
247,2,-1,-1
247,3,-1,-1
247,4,-1,-1
247,5,-1,-1
247,6,-1,-1
247,7,-1,-1
248,0,0,160
248,1,0,160
248,2,-1,-1
248,3,-1,-1
248,4,-1,-1
248,5,-1,-1
248,6,-1,-1
248,7,-1,-1
249,0,0,160
249,1,0,160
249,2,-1,-1
249,3,-1,-1
249,4,-1,-1
249,5,-1,-1
249,6,-1,-1
249,7,-1,-1
250,0,0,160
250,1,0,160
250,2,-1,-1
250,3,-1,-1
250,4,-1,-1
250,5,-1,-1
250,6,-1,-1
250,7,-1,-1
251,0,0,160
251,1,0,160
251,2,-1,-1
251,3,-1,-1
251,4,-1,-1
251,5,-1,-1
251,6,-1,-1
251,7,-1,-1
252,0,0,160
252,1,0,160
252,2,-1,-1
252,3,-1,-1
252,4,-1,-1
252,5,-1,-1
252,6,-1,-1
252,7,-1,-1
253,0,0,160
253,1,0,160
253,2,-1,-1
253,3,-1,-1
253,4,-1,-1
253,5,-1,-1
253,6,-1,-1
253,7,-1,-1
254,0,0,160
254,1,0,160
254,2,-1,-1
254,3,-1,-1
254,4,-1,-1
254,5,-1,-1
254,6,-1,-1
254,7,-1,-1
255,0,0,160
255,1,0,160
255,2,-1,-1
255,3,-1,-1
255,4,-1,-1
255,5,-1,-1
255,6,-1,-1
255,7,-1,-1
256,0,0,160
256,1,0,160
256,2,-1,-1
256,3,-1,-1
256,4,-1,-1
256,5,-1,-1
256,6,-1,-1
256,7,-1,-1
257,0,0,160
257,1,0,160
257,2,-1,-1
257,3,-1,-1
257,4,-1,-1
257,5,-1,-1
257,6,-1,-1
257,7,-1,-1
258,0,0,160
258,1,0,160
258,2,-1,-1
258,3,-1,-1
258,4,-1,-1
258,5,-1,-1
258,6,-1,-1
258,7,-1,-1
259,0,0,160
259,1,0,160
259,2,-1,-1
259,3,-1,-1
259,4,-1,-1
259,5,-1,-1
259,6,-1,-1
259,7,-1,-1
260,0,0,160
260,1,0,160
260,2,-1,-1
260,3,-1,-1
260,4,-1,-1
260,5,-1,-1
260,6,-1,-1
260,7,-1,-1
261,0,0,160
261,1,0,160
261,2,-1,-1
261,3,-1,-1
261,4,-1,-1
261,5,-1,-1
261,6,-1,-1
261,7,-1,-1
262,0,0,160
262,1,0,160
262,2,-1,-1
262,3,-1,-1
262,4,-1,-1
262,5,-1,-1
262,6,-1,-1
262,7,-1,-1
263,0,0,160
263,1,0,160
263,2,-1,-1
263,3,-1,-1
263,4,-1,-1
263,5,-1,-1
263,6,-1,-1
263,7,-1,-1
264,0,0,160
264,1,0,160
264,2,-1,-1
264,3,-1,-1
264,4,-1,-1
264,5,-1,-1
264,6,-1,-1
264,7,-1,-1
265,0,0,160
265,1,0,160
265,2,-1,-1
265,3,-1,-1
265,4,-1,-1
265,5,-1,-1
265,6,-1,-1
265,7,-1,-1
266,0,0,160
266,1,0,160
266,2,-1,-1
266,3,-1,-1
266,4,-1,-1
266,5,-1,-1
266,6,-1,-1
266,7,-1,-1
267,0,0,160
267,1,0,160
267,2,-1,-1
267,3,-1,-1
267,4,-1,-1
267,5,-1,-1
267,6,-1,-1
267,7,-1,-1
268,0,0,160
268,1,0,160
268,2,-1,-1
268,3,-1,-1
268,4,-1,-1
268,5,-1,-1
268,6,-1,-1
268,7,-1,-1
269,0,0,160
269,1,0,160
269,2,-1,-1
269,3,-1,-1
269,4,-1,-1
269,5,-1,-1
269,6,-1,-1
269,7,-1,-1
270,0,0,160
270,1,0,160
270,2,-1,-1
270,3,-1,-1
270,4,-1,-1
270,5,-1,-1
270,6,-1,-1
270,7,-1,-1
271,0,0,160
271,1,0,160
271,2,-1,-1
271,3,-1,-1
271,4,-1,-1
271,5,-1,-1
271,6,-1,-1
271,7,-1,-1
272,0,0,160
272,1,0,160
272,2,-1,-1
272,3,-1,-1
272,4,-1,-1
272,5,-1,-1
272,6,-1,-1
272,7,-1,-1
273,0,0,160
273,1,0,160
273,2,-1,-1
273,3,-1,-1
273,4,-1,-1
273,5,-1,-1
273,6,-1,-1
273,7,-1,-1
274,0,0,160
274,1,0,160
274,2,-1,-1
274,3,-1,-1
274,4,-1,-1
274,5,-1,-1
274,6,-1,-1
274,7,-1,-1
275,0,0,160
275,1,0,160
275,2,-1,-1
275,3,-1,-1
275,4,-1,-1
275,5,-1,-1
275,6,-1,-1
275,7,-1,-1
276,0,0,160
276,1,0,160
276,2,-1,-1
276,3,-1,-1
276,4,-1,-1
276,5,-1,-1
276,6,-1,-1
276,7,-1,-1
277,0,0,160
277,1,0,160
277,2,-1,-1
277,3,-1,-1
277,4,-1,-1
277,5,-1,-1
277,6,-1,-1
277,7,-1,-1
278,0,0,160
278,1,0,160
278,2,-1,-1
278,3,-1,-1
278,4,-1,-1
278,5,-1,-1
278,6,-1,-1
278,7,-1,-1
279,0,0,160
279,1,0,160
279,2,-1,-1
279,3,-1,-1
279,4,-1,-1
279,5,-1,-1
279,6,-1,-1
279,7,-1,-1
280,0,0,160
280,1,0,160
280,2,-1,-1
280,3,-1,-1
280,4,-1,-1
280,5,-1,-1
280,6,-1,-1
280,7,-1,-1
281,0,0,160
281,1,0,160
281,2,-1,-1
281,3,-1,-1
281,4,-1,-1
281,5,-1,-1
281,6,-1,-1
281,7,-1,-1
282,0,0,160
282,1,0,160
282,2,-1,-1
282,3,-1,-1
282,4,-1,-1
282,5,-1,-1
282,6,-1,-1
282,7,-1,-1
283,0,0,160
283,1,0,160
283,2,-1,-1
283,3,-1,-1
283,4,-1,-1
283,5,-1,-1
283,6,-1,-1
283,7,-1,-1
284,0,0,160
284,1,0,160
284,2,-1,-1
284,3,-1,-1
284,4,-1,-1
284,5,-1,-1
284,6,-1,-1
284,7,-1,-1
285,0,0,160
285,1,0,160
285,2,-1,-1
285,3,-1,-1
285,4,-1,-1
285,5,-1,-1
285,6,-1,-1
285,7,-1,-1
286,0,0,160
286,1,0,160
286,2,-1,-1
286,3,-1,-1
286,4,-1,-1
286,5,-1,-1
286,6,-1,-1
286,7,-1,-1
287,0,0,160
287,1,0,160
287,2,-1,-1
287,3,-1,-1
287,4,-1,-1
287,5,-1,-1
287,6,-1,-1
287,7,-1,-1
288,0,0,160
288,1,0,160
288,2,-1,-1
288,3,-1,-1
288,4,-1,-1
288,5,-1,-1
288,6,-1,-1
288,7,-1,-1
289,0,0,160
289,1,0,160
289,2,-1,-1
289,3,-1,-1
289,4,-1,-1
289,5,-1,-1
289,6,-1,-1
289,7,-1,-1
290,0,0,160
290,1,0,160
290,2,-1,-1
290,3,-1,-1
290,4,-1,-1
290,5,-1,-1
290,6,-1,-1
290,7,-1,-1
291,0,0,160
291,1,0,160
291,2,-1,-1
291,3,-1,-1
291,4,-1,-1
291,5,-1,-1
291,6,-1,-1
291,7,-1,-1
292,0,0,160
292,1,0,160
292,2,-1,-1
292,3,-1,-1
292,4,-1,-1
292,5,-1,-1
292,6,-1,-1
292,7,-1,-1
293,0,0,160
293,1,0,160
293,2,-1,-1
293,3,-1,-1
293,4,-1,-1
293,5,-1,-1
293,6,-1,-1
293,7,-1,-1
294,0,0,160
294,1,0,160
294,2,-1,-1
294,3,-1,-1
294,4,-1,-1
294,5,-1,-1
294,6,-1,-1
294,7,-1,-1
295,0,0,160
295,1,0,160
295,2,-1,-1
295,3,-1,-1
295,4,-1,-1
295,5,-1,-1
295,6,-1,-1
295,7,-1,-1
296,0,0,160
296,1,0,160
296,2,-1,-1
296,3,-1,-1
296,4,-1,-1
296,5,-1,-1
296,6,-1,-1
296,7,-1,-1
297,0,0,160
297,1,0,160
297,2,-1,-1
297,3,-1,-1
297,4,-1,-1
297,5,-1,-1
297,6,-1,-1
297,7,-1,-1
298,0,0,160
298,1,0,160
298,2,-1,-1
298,3,-1,-1
298,4,-1,-1
298,5,-1,-1
298,6,-1,-1
298,7,-1,-1
299,0,0,160
299,1,0,160
299,2,-1,-1
299,3,-1,-1
299,4,-1,-1
299,5,-1,-1
299,6,-1,-1
299,7,-1,-1
300,0,0,160
300,1,0,160
300,2,-1,-1
300,3,-1,-1
300,4,-1,-1
300,5,-1,-1
300,6,-1,-1
300,7,-1,-1
301,0,0,160
301,1,0,160
301,2,-1,-1
301,3,-1,-1
301,4,-1,-1
301,5,-1,-1
301,6,-1,-1
301,7,-1,-1
302,0,0,160
302,1,0,160
302,2,-1,-1
302,3,-1,-1
302,4,-1,-1
302,5,-1,-1
302,6,-1,-1
302,7,-1,-1
303,0,0,160
303,1,0,160
303,2,-1,-1
303,3,-1,-1
303,4,-1,-1
303,5,-1,-1
303,6,-1,-1
303,7,-1,-1
304,0,0,160
304,1,0,160
304,2,-1,-1
304,3,-1,-1
304,4,-1,-1
304,5,-1,-1
304,6,-1,-1
304,7,-1,-1
305,0,0,160
305,1,0,160
305,2,-1,-1
305,3,-1,-1
305,4,-1,-1
305,5,-1,-1
305,6,-1,-1
305,7,-1,-1
306,0,0,160
306,1,0,160
306,2,-1,-1
306,3,-1,-1
306,4,-1,-1
306,5,-1,-1
306,6,-1,-1
306,7,-1,-1
307,0,0,160
307,1,0,160
307,2,-1,-1
307,3,-1,-1
307,4,-1,-1
307,5,-1,-1
307,6,-1,-1
307,7,-1,-1
308,0,0,160
308,1,0,160
308,2,-1,-1
308,3,-1,-1
308,4,-1,-1
308,5,-1,-1
308,6,-1,-1
308,7,-1,-1
309,0,0,160
309,1,0,160
309,2,-1,-1
309,3,-1,-1
309,4,-1,-1
309,5,-1,-1
309,6,-1,-1
309,7,-1,-1
310,0,0,160
310,1,0,160
310,2,-1,-1
310,3,-1,-1
310,4,-1,-1
310,5,-1,-1
310,6,-1,-1
310,7,-1,-1
311,0,0,160
311,1,0,160
311,2,-1,-1
311,3,-1,-1
311,4,-1,-1
311,5,-1,-1
311,6,-1,-1
311,7,-1,-1
312,0,0,160
312,1,0,160
312,2,-1,-1
312,3,-1,-1
312,4,-1,-1
312,5,-1,-1
312,6,-1,-1
312,7,-1,-1
313,0,0,160
313,1,0,160
313,2,-1,-1
313,3,-1,-1
313,4,-1,-1
313,5,-1,-1
313,6,-1,-1
313,7,-1,-1
314,0,0,160
314,1,0,160
314,2,-1,-1
314,3,-1,-1
314,4,-1,-1
314,5,-1,-1
314,6,-1,-1
314,7,-1,-1
315,0,0,160
315,1,0,160
315,2,-1,-1
315,3,-1,-1
315,4,-1,-1
315,5,-1,-1
315,6,-1,-1
315,7,-1,-1
316,0,0,160
316,1,0,160
316,2,-1,-1
316,3,-1,-1
316,4,-1,-1
316,5,-1,-1
316,6,-1,-1
316,7,-1,-1
317,0,0,160
317,1,0,160
317,2,-1,-1
317,3,-1,-1
317,4,-1,-1
317,5,-1,-1
317,6,-1,-1
317,7,-1,-1
318,0,0,160
318,1,0,160
318,2,-1,-1
318,3,-1,-1
318,4,-1,-1
318,5,-1,-1
318,6,-1,-1
318,7,-1,-1
319,0,0,160
319,1,0,160
319,2,-1,-1
319,3,-1,-1
319,4,-1,-1
319,5,-1,-1
319,6,-1,-1
319,7,-1,-1
320,0,0,160
320,1,0,160
320,2,-1,-1
320,3,-1,-1
320,4,-1,-1
320,5,-1,-1
320,6,-1,-1
320,7,-1,-1
321,0,0,160
321,1,0,160
321,2,-1,-1
321,3,-1,-1
321,4,-1,-1
321,5,-1,-1
321,6,-1,-1
321,7,-1,-1
322,0,0,160
322,1,0,160
322,2,-1,-1
322,3,-1,-1
322,4,-1,-1
322,5,-1,-1
322,6,-1,-1
322,7,-1,-1
323,0,0,160
323,1,0,160
323,2,-1,-1
323,3,-1,-1
323,4,-1,-1
323,5,-1,-1
323,6,-1,-1
323,7,-1,-1
324,0,0,160
324,1,0,160
324,2,-1,-1
324,3,-1,-1
324,4,-1,-1
324,5,-1,-1
324,6,-1,-1
324,7,-1,-1
325,0,0,160
325,1,0,160
325,2,-1,-1
325,3,-1,-1
325,4,-1,-1
325,5,-1,-1
325,6,-1,-1
325,7,-1,-1
326,0,0,160
326,1,0,160
326,2,-1,-1
326,3,-1,-1
326,4,-1,-1
326,5,-1,-1
326,6,-1,-1
326,7,-1,-1
327,0,0,160
327,1,0,160
327,2,-1,-1
327,3,-1,-1
327,4,-1,-1
327,5,-1,-1
327,6,-1,-1
327,7,-1,-1
328,0,0,160
328,1,0,160
328,2,-1,-1
328,3,-1,-1
328,4,-1,-1
328,5,-1,-1
328,6,-1,-1
328,7,-1,-1
329,0,0,160
329,1,0,160
329,2,-1,-1
329,3,-1,-1
329,4,-1,-1
329,5,-1,-1
329,6,-1,-1
329,7,-1,-1
330,0,0,160
330,1,0,160
330,2,-1,-1
330,3,-1,-1
330,4,-1,-1
330,5,-1,-1
330,6,-1,-1
330,7,-1,-1
331,0,0,160
331,1,0,160
331,2,-1,-1
331,3,-1,-1
331,4,-1,-1
331,5,-1,-1
331,6,-1,-1
331,7,-1,-1
332,0,0,160
332,1,0,160
332,2,-1,-1
332,3,-1,-1
332,4,-1,-1
332,5,-1,-1
332,6,-1,-1
332,7,-1,-1
333,0,0,160
333,1,0,160
333,2,-1,-1
333,3,-1,-1
333,4,-1,-1
333,5,-1,-1
333,6,-1,-1
333,7,-1,-1
334,0,0,160
334,1,0,160
334,2,-1,-1
334,3,-1,-1
334,4,-1,-1
334,5,-1,-1
334,6,-1,-1
334,7,-1,-1
335,0,0,160
335,1,0,160
335,2,-1,-1
335,3,-1,-1
335,4,-1,-1
335,5,-1,-1
335,6,-1,-1
335,7,-1,-1
336,0,0,160
336,1,0,160
336,2,-1,-1
336,3,-1,-1
336,4,-1,-1
336,5,-1,-1
336,6,-1,-1
336,7,-1,-1
337,0,0,160
337,1,0,160
337,2,-1,-1
337,3,-1,-1
337,4,-1,-1
337,5,-1,-1
337,6,-1,-1
337,7,-1,-1
338,0,0,160
338,1,0,160
338,2,-1,-1
338,3,-1,-1
338,4,-1,-1
338,5,-1,-1
338,6,-1,-1
338,7,-1,-1
339,0,0,160
339,1,0,160
339,2,-1,-1
339,3,-1,-1
339,4,-1,-1
339,5,-1,-1
339,6,-1,-1
339,7,-1,-1
340,0,0,160
340,1,0,160
340,2,-1,-1
340,3,-1,-1
340,4,-1,-1
340,5,-1,-1
340,6,-1,-1
340,7,-1,-1
341,0,0,160
341,1,0,160
341,2,-1,-1
341,3,-1,-1
341,4,-1,-1
341,5,-1,-1
341,6,-1,-1
341,7,-1,-1
342,0,0,160
342,1,0,160
342,2,-1,-1
342,3,-1,-1
342,4,-1,-1
342,5,-1,-1
342,6,-1,-1
342,7,-1,-1
343,0,0,160
343,1,0,160
343,2,-1,-1
343,3,-1,-1
343,4,-1,-1
343,5,-1,-1
343,6,-1,-1
343,7,-1,-1
344,0,0,160
344,1,0,160
344,2,-1,-1
344,3,-1,-1
344,4,-1,-1
344,5,-1,-1
344,6,-1,-1
344,7,-1,-1
345,0,0,160
345,1,0,160
345,2,-1,-1
345,3,-1,-1
345,4,-1,-1
345,5,-1,-1
345,6,-1,-1
345,7,-1,-1
346,0,0,160
346,1,0,160
346,2,-1,-1
346,3,-1,-1
346,4,-1,-1
346,5,-1,-1
346,6,-1,-1
346,7,-1,-1
347,0,0,160
347,1,0,160
347,2,-1,-1
347,3,-1,-1
347,4,-1,-1
347,5,-1,-1
347,6,-1,-1
347,7,-1,-1
348,0,0,160
348,1,0,160
348,2,-1,-1
348,3,-1,-1
348,4,-1,-1
348,5,-1,-1
348,6,-1,-1
348,7,-1,-1
349,0,0,160
349,1,0,160
349,2,-1,-1
349,3,-1,-1
349,4,-1,-1
349,5,-1,-1
349,6,-1,-1
349,7,-1,-1
350,0,0,160
350,1,0,160
350,2,-1,-1
350,3,-1,-1
350,4,-1,-1
350,5,-1,-1
350,6,-1,-1
350,7,-1,-1
351,0,0,160
351,1,0,160
351,2,-1,-1
351,3,-1,-1
351,4,-1,-1
351,5,-1,-1
351,6,-1,-1
351,7,-1,-1
352,0,0,160
352,1,0,160
352,2,-1,-1
352,3,-1,-1
352,4,-1,-1
352,5,-1,-1
352,6,-1,-1
352,7,-1,-1
353,0,0,160
353,1,0,160
353,2,-1,-1
353,3,-1,-1
353,4,-1,-1
353,5,-1,-1
353,6,-1,-1
353,7,-1,-1
354,0,0,160
354,1,0,160
354,2,-1,-1
354,3,-1,-1
354,4,-1,-1
354,5,-1,-1
354,6,-1,-1
354,7,-1,-1
355,0,0,160
355,1,0,160
355,2,-1,-1
355,3,-1,-1
355,4,-1,-1
355,5,-1,-1
355,6,-1,-1
355,7,-1,-1
356,0,0,160
356,1,0,160
356,2,-1,-1
356,3,-1,-1
356,4,-1,-1
356,5,-1,-1
356,6,-1,-1
356,7,-1,-1
357,0,0,160
357,1,0,160
357,2,-1,-1
357,3,-1,-1
357,4,-1,-1
357,5,-1,-1
357,6,-1,-1
357,7,-1,-1
358,0,0,160
358,1,0,160
358,2,-1,-1
358,3,-1,-1
358,4,-1,-1
358,5,-1,-1
358,6,-1,-1
358,7,-1,-1
359,0,0,160
359,1,0,160
359,2,-1,-1
359,3,-1,-1
359,4,-1,-1
359,5,-1,-1
359,6,-1,-1
359,7,-1,-1
360,0,0,160
360,1,0,160
360,2,-1,-1
360,3,-1,-1
360,4,-1,-1
360,5,-1,-1
360,6,-1,-1
360,7,-1,-1
361,0,0,160
361,1,0,160
361,2,-1,-1
361,3,-1,-1
361,4,-1,-1
361,5,-1,-1
361,6,-1,-1
361,7,-1,-1
362,0,0,160
362,1,0,160
362,2,-1,-1
362,3,-1,-1
362,4,-1,-1
362,5,-1,-1
362,6,-1,-1
362,7,-1,-1
363,0,0,160
363,1,0,160
363,2,-1,-1
363,3,-1,-1
363,4,-1,-1
363,5,-1,-1
363,6,-1,-1
363,7,-1,-1
364,0,0,160
364,1,0,160
364,2,-1,-1
364,3,-1,-1
364,4,-1,-1
364,5,-1,-1
364,6,-1,-1
364,7,-1,-1
365,0,0,160
365,1,0,160
365,2,-1,-1
365,3,-1,-1
365,4,-1,-1
365,5,-1,-1
365,6,-1,-1
365,7,-1,-1
366,0,0,160
366,1,0,160
366,2,-1,-1
366,3,-1,-1
366,4,-1,-1
366,5,-1,-1
366,6,-1,-1
366,7,-1,-1
367,0,0,160
367,1,0,160
367,2,-1,-1
367,3,-1,-1
367,4,-1,-1
367,5,-1,-1
367,6,-1,-1
367,7,-1,-1
368,0,0,160
368,1,0,160
368,2,-1,-1
368,3,-1,-1
368,4,-1,-1
368,5,-1,-1
368,6,-1,-1
368,7,-1,-1
369,0,0,160
369,1,0,160
369,2,-1,-1
369,3,-1,-1
369,4,-1,-1
369,5,-1,-1
369,6,-1,-1
369,7,-1,-1
370,0,0,160
370,1,0,160
370,2,-1,-1
370,3,-1,-1
370,4,-1,-1
370,5,-1,-1
370,6,-1,-1
370,7,-1,-1
371,0,0,160
371,1,0,160
371,2,-1,-1
371,3,-1,-1
371,4,-1,-1
371,5,-1,-1
371,6,-1,-1
371,7,-1,-1
372,0,0,160
372,1,0,160
372,2,-1,-1
372,3,-1,-1
372,4,-1,-1
372,5,-1,-1
372,6,-1,-1
372,7,-1,-1
373,0,0,160
373,1,0,160
373,2,-1,-1
373,3,-1,-1
373,4,-1,-1
373,5,-1,-1
373,6,-1,-1
373,7,-1,-1
374,0,0,160
374,1,0,160
374,2,-1,-1
374,3,-1,-1
374,4,-1,-1
374,5,-1,-1
374,6,-1,-1
374,7,-1,-1
375,0,0,160
375,1,0,160
375,2,-1,-1
375,3,-1,-1
375,4,-1,-1
375,5,-1,-1
375,6,-1,-1
375,7,-1,-1
376,0,0,160
376,1,0,160
376,2,-1,-1
376,3,-1,-1
376,4,-1,-1
376,5,-1,-1
376,6,-1,-1
376,7,-1,-1
377,0,0,160
377,1,0,160
377,2,-1,-1
377,3,-1,-1
377,4,-1,-1
377,5,-1,-1
377,6,-1,-1
377,7,-1,-1
378,0,0,160
378,1,0,160
378,2,-1,-1
378,3,-1,-1
378,4,-1,-1
378,5,-1,-1
378,6,-1,-1
378,7,-1,-1
379,0,0,160
379,1,0,160
379,2,-1,-1
379,3,-1,-1
379,4,-1,-1
379,5,-1,-1
379,6,-1,-1
379,7,-1,-1
380,0,0,160
380,1,0,160
380,2,-1,-1
380,3,-1,-1
380,4,-1,-1
380,5,-1,-1
380,6,-1,-1
380,7,-1,-1
381,0,0,160
381,1,0,160
381,2,-1,-1
381,3,-1,-1
381,4,-1,-1
381,5,-1,-1
381,6,-1,-1
381,7,-1,-1
382,0,0,160
382,1,0,160
382,2,-1,-1
382,3,-1,-1
382,4,-1,-1
382,5,-1,-1
382,6,-1,-1
382,7,-1,-1
383,0,0,160
383,1,0,160
383,2,-1,-1
383,3,-1,-1
383,4,-1,-1
383,5,-1,-1
383,6,-1,-1
383,7,-1,-1
384,0,0,160
384,1,0,160
384,2,-1,-1
384,3,-1,-1
384,4,-1,-1
384,5,-1,-1
384,6,-1,-1
384,7,-1,-1
385,0,0,160
385,1,0,160
385,2,-1,-1
385,3,-1,-1
385,4,-1,-1
385,5,-1,-1
385,6,-1,-1
385,7,-1,-1
386,0,0,160
386,1,0,160
386,2,-1,-1
386,3,-1,-1
386,4,-1,-1
386,5,-1,-1
386,6,-1,-1
386,7,-1,-1
387,0,0,160
387,1,0,160
387,2,-1,-1
387,3,-1,-1
387,4,-1,-1
387,5,-1,-1
387,6,-1,-1
387,7,-1,-1
388,0,0,160
388,1,0,160
388,2,-1,-1
388,3,-1,-1
388,4,-1,-1
388,5,-1,-1
388,6,-1,-1
388,7,-1,-1
389,0,0,160
389,1,0,160
389,2,-1,-1
389,3,-1,-1
389,4,-1,-1
389,5,-1,-1
389,6,-1,-1
389,7,-1,-1
390,0,0,160
390,1,0,160
390,2,-1,-1
390,3,-1,-1
390,4,-1,-1
390,5,-1,-1
390,6,-1,-1
390,7,-1,-1
391,0,0,160
391,1,0,160
391,2,-1,-1
391,3,-1,-1
391,4,-1,-1
391,5,-1,-1
391,6,-1,-1
391,7,-1,-1
392,0,0,160
392,1,0,160
392,2,-1,-1
392,3,-1,-1
392,4,-1,-1
392,5,-1,-1
392,6,-1,-1
392,7,-1,-1
393,0,0,160
393,1,0,160
393,2,-1,-1
393,3,-1,-1
393,4,-1,-1
393,5,-1,-1
393,6,-1,-1
393,7,-1,-1
394,0,0,160
394,1,0,160
394,2,-1,-1
394,3,-1,-1
394,4,-1,-1
394,5,-1,-1
394,6,-1,-1
394,7,-1,-1
395,0,0,160
395,1,0,160
395,2,-1,-1
395,3,-1,-1
395,4,-1,-1
395,5,-1,-1
395,6,-1,-1
395,7,-1,-1
396,0,0,160
396,1,0,160
396,2,-1,-1
396,3,-1,-1
396,4,-1,-1
396,5,-1,-1
396,6,-1,-1
396,7,-1,-1
397,0,0,160
397,1,0,160
397,2,-1,-1
397,3,-1,-1
397,4,-1,-1
397,5,-1,-1
397,6,-1,-1
397,7,-1,-1
398,0,0,160
398,1,0,160
398,2,-1,-1
398,3,-1,-1
398,4,-1,-1
398,5,-1,-1
398,6,-1,-1
398,7,-1,-1
399,0,0,160
399,1,0,160
399,2,-1,-1
399,3,-1,-1
399,4,-1,-1
399,5,-1,-1
399,6,-1,-1
399,7,-1,-1
400,0,0,160
400,1,0,160
400,2,-1,-1
400,3,-1,-1
400,4,-1,-1
400,5,-1,-1
400,6,-1,-1
400,7,-1,-1
401,0,0,160
401,1,0,160
401,2,-1,-1
401,3,-1,-1
401,4,-1,-1
401,5,-1,-1
401,6,-1,-1
401,7,-1,-1
402,0,0,160
402,1,0,160
402,2,-1,-1
402,3,-1,-1
402,4,-1,-1
402,5,-1,-1
402,6,-1,-1
402,7,-1,-1
403,0,0,160
403,1,0,160
403,2,-1,-1
403,3,-1,-1
403,4,-1,-1
403,5,-1,-1
403,6,-1,-1
403,7,-1,-1
404,0,0,160
404,1,0,160
404,2,-1,-1
404,3,-1,-1
404,4,-1,-1
404,5,-1,-1
404,6,-1,-1
404,7,-1,-1
405,0,0,160
405,1,0,160
405,2,-1,-1
405,3,-1,-1
405,4,-1,-1
405,5,-1,-1
405,6,-1,-1
405,7,-1,-1
406,0,0,160
406,1,0,160
406,2,-1,-1
406,3,-1,-1
406,4,-1,-1
406,5,-1,-1
406,6,-1,-1
406,7,-1,-1
407,0,0,160
407,1,0,160
407,2,-1,-1
407,3,-1,-1
407,4,-1,-1
407,5,-1,-1
407,6,-1,-1
407,7,-1,-1
408,0,0,160
408,1,0,160
408,2,-1,-1
408,3,-1,-1
408,4,-1,-1
408,5,-1,-1
408,6,-1,-1
408,7,-1,-1
409,0,0,160
409,1,0,160
409,2,-1,-1
409,3,-1,-1
409,4,-1,-1
409,5,-1,-1
409,6,-1,-1
409,7,-1,-1
410,0,0,160
410,1,0,160
410,2,-1,-1
410,3,-1,-1
410,4,-1,-1
410,5,-1,-1
410,6,-1,-1
410,7,-1,-1
411,0,0,160
411,1,0,160
411,2,-1,-1
411,3,-1,-1
411,4,-1,-1
411,5,-1,-1
411,6,-1,-1
411,7,-1,-1
412,0,0,160
412,1,0,160
412,2,-1,-1
412,3,-1,-1
412,4,-1,-1
412,5,-1,-1
412,6,-1,-1
412,7,-1,-1
413,0,0,160
413,1,0,160
413,2,-1,-1
413,3,-1,-1
413,4,-1,-1
413,5,-1,-1
413,6,-1,-1
413,7,-1,-1
414,0,0,160
414,1,0,160
414,2,-1,-1
414,3,-1,-1
414,4,-1,-1
414,5,-1,-1
414,6,-1,-1
414,7,-1,-1
415,0,0,160
415,1,0,160
415,2,-1,-1
415,3,-1,-1
415,4,-1,-1
415,5,-1,-1
415,6,-1,-1
415,7,-1,-1
416,0,0,160
416,1,0,160
416,2,-1,-1
416,3,-1,-1
416,4,-1,-1
416,5,-1,-1
416,6,-1,-1
416,7,-1,-1
417,0,0,160
417,1,0,160
417,2,-1,-1
417,3,-1,-1
417,4,-1,-1
417,5,-1,-1
417,6,-1,-1
417,7,-1,-1
418,0,0,160
418,1,0,160
418,2,-1,-1
418,3,-1,-1
418,4,-1,-1
418,5,-1,-1
418,6,-1,-1
418,7,-1,-1
419,0,0,160
419,1,0,160
419,2,-1,-1
419,3,-1,-1
419,4,-1,-1
419,5,-1,-1
419,6,-1,-1
419,7,-1,-1
420,0,0,160
420,1,0,160
420,2,-1,-1
420,3,-1,-1
420,4,-1,-1
420,5,-1,-1
420,6,-1,-1
420,7,-1,-1
421,0,0,160
421,1,0,160
421,2,-1,-1
421,3,-1,-1
421,4,-1,-1
421,5,-1,-1
421,6,-1,-1
421,7,-1,-1
422,0,0,160
422,1,0,160
422,2,-1,-1
422,3,-1,-1
422,4,-1,-1
422,5,-1,-1
422,6,-1,-1
422,7,-1,-1
423,0,0,160
423,1,0,160
423,2,-1,-1
423,3,-1,-1
423,4,-1,-1
423,5,-1,-1
423,6,-1,-1
423,7,-1,-1
424,0,0,160
424,1,0,160
424,2,-1,-1
424,3,-1,-1
424,4,-1,-1
424,5,-1,-1
424,6,-1,-1
424,7,-1,-1
425,0,0,160
425,1,0,160
425,2,-1,-1
425,3,-1,-1
425,4,-1,-1
425,5,-1,-1
425,6,-1,-1
425,7,-1,-1
426,0,0,160
426,1,0,160
426,2,-1,-1
426,3,-1,-1
426,4,-1,-1
426,5,-1,-1
426,6,-1,-1
426,7,-1,-1
427,0,0,160
427,1,0,160
427,2,-1,-1
427,3,-1,-1
427,4,-1,-1
427,5,-1,-1
427,6,-1,-1
427,7,-1,-1
428,0,0,160
428,1,0,160
428,2,-1,-1
428,3,-1,-1
428,4,-1,-1
428,5,-1,-1
428,6,-1,-1
428,7,-1,-1
429,0,0,160
429,1,0,160
429,2,-1,-1
429,3,-1,-1
429,4,-1,-1
429,5,-1,-1
429,6,-1,-1
429,7,-1,-1
430,0,0,160
430,1,0,160
430,2,-1,-1
430,3,-1,-1
430,4,-1,-1
430,5,-1,-1
430,6,-1,-1
430,7,-1,-1
431,0,0,160
431,1,0,160
431,2,-1,-1
431,3,-1,-1
431,4,-1,-1
431,5,-1,-1
431,6,-1,-1
431,7,-1,-1
432,0,0,160
432,1,0,160
432,2,-1,-1
432,3,-1,-1
432,4,-1,-1
432,5,-1,-1
432,6,-1,-1
432,7,-1,-1
433,0,0,160
433,1,0,160
433,2,-1,-1
433,3,-1,-1
433,4,-1,-1
433,5,-1,-1
433,6,-1,-1
433,7,-1,-1
434,0,0,160
434,1,0,160
434,2,-1,-1
434,3,-1,-1
434,4,-1,-1
434,5,-1,-1
434,6,-1,-1
434,7,-1,-1
435,0,0,160
435,1,0,160
435,2,-1,-1
435,3,-1,-1
435,4,-1,-1
435,5,-1,-1
435,6,-1,-1
435,7,-1,-1
436,0,0,160
436,1,0,160
436,2,-1,-1
436,3,-1,-1
436,4,-1,-1
436,5,-1,-1
436,6,-1,-1
436,7,-1,-1
437,0,0,160
437,1,0,160
437,2,-1,-1
437,3,-1,-1
437,4,-1,-1
437,5,-1,-1
437,6,-1,-1
437,7,-1,-1
438,0,0,160
438,1,0,160
438,2,-1,-1
438,3,-1,-1
438,4,-1,-1
438,5,-1,-1
438,6,-1,-1
438,7,-1,-1
439,0,0,160
439,1,0,160
439,2,-1,-1
439,3,-1,-1
439,4,-1,-1
439,5,-1,-1
439,6,-1,-1
439,7,-1,-1
440,0,0,160
440,1,0,160
440,2,-1,-1
440,3,-1,-1
440,4,-1,-1
440,5,-1,-1
440,6,-1,-1
440,7,-1,-1
441,0,0,160
441,1,0,160
441,2,-1,-1
441,3,-1,-1
441,4,-1,-1
441,5,-1,-1
441,6,-1,-1
441,7,-1,-1
442,0,0,160
442,1,0,160
442,2,-1,-1
442,3,-1,-1
442,4,-1,-1
442,5,-1,-1
442,6,-1,-1
442,7,-1,-1
443,0,0,160
443,1,0,160
443,2,-1,-1
443,3,-1,-1
443,4,-1,-1
443,5,-1,-1
443,6,-1,-1
443,7,-1,-1
444,0,0,160
444,1,0,160
444,2,-1,-1
444,3,-1,-1
444,4,-1,-1
444,5,-1,-1
444,6,-1,-1
444,7,-1,-1
445,0,0,160
445,1,0,160
445,2,-1,-1
445,3,-1,-1
445,4,-1,-1
445,5,-1,-1
445,6,-1,-1
445,7,-1,-1
446,0,0,160
446,1,0,160
446,2,-1,-1
446,3,-1,-1
446,4,-1,-1
446,5,-1,-1
446,6,-1,-1
446,7,-1,-1
447,0,0,160
447,1,0,160
447,2,-1,-1
447,3,-1,-1
447,4,-1,-1
447,5,-1,-1
447,6,-1,-1
447,7,-1,-1
448,0,0,160
448,1,0,160
448,2,-1,-1
448,3,-1,-1
448,4,-1,-1
448,5,-1,-1
448,6,-1,-1
448,7,-1,-1
449,0,0,160
449,1,0,160
449,2,-1,-1
449,3,-1,-1
449,4,-1,-1
449,5,-1,-1
449,6,-1,-1
449,7,-1,-1
450,0,0,160
450,1,0,160
450,2,-1,-1
450,3,-1,-1
450,4,-1,-1
450,5,-1,-1
450,6,-1,-1
450,7,-1,-1
451,0,0,160
451,1,0,160
451,2,-1,-1
451,3,-1,-1
451,4,-1,-1
451,5,-1,-1
451,6,-1,-1
451,7,-1,-1
452,0,0,160
452,1,0,160
452,2,-1,-1
452,3,-1,-1
452,4,-1,-1
452,5,-1,-1
452,6,-1,-1
452,7,-1,-1
453,0,0,160
453,1,0,160
453,2,-1,-1
453,3,-1,-1
453,4,-1,-1
453,5,-1,-1
453,6,-1,-1
453,7,-1,-1
454,0,0,160
454,1,0,160
454,2,-1,-1
454,3,-1,-1
454,4,-1,-1
454,5,-1,-1
454,6,-1,-1
454,7,-1,-1
455,0,0,160
455,1,0,160
455,2,-1,-1
455,3,-1,-1
455,4,-1,-1
455,5,-1,-1
455,6,-1,-1
455,7,-1,-1
456,0,0,160
456,1,0,160
456,2,-1,-1
456,3,-1,-1
456,4,-1,-1
456,5,-1,-1
456,6,-1,-1
456,7,-1,-1
457,0,0,160
457,1,0,160
457,2,-1,-1
457,3,-1,-1
457,4,-1,-1
457,5,-1,-1
457,6,-1,-1
457,7,-1,-1
458,0,0,160
458,1,0,160
458,2,-1,-1
458,3,-1,-1
458,4,-1,-1
458,5,-1,-1
458,6,-1,-1
458,7,-1,-1
459,0,0,160
459,1,0,160
459,2,-1,-1
459,3,-1,-1
459,4,-1,-1
459,5,-1,-1
459,6,-1,-1
459,7,-1,-1
460,0,0,160
460,1,0,160
460,2,-1,-1
460,3,-1,-1
460,4,-1,-1
460,5,-1,-1
460,6,-1,-1
460,7,-1,-1
461,0,0,160
461,1,0,160
461,2,-1,-1
461,3,-1,-1
461,4,-1,-1
461,5,-1,-1
461,6,-1,-1
461,7,-1,-1
462,0,0,160
462,1,0,160
462,2,-1,-1
462,3,-1,-1
462,4,-1,-1
462,5,-1,-1
462,6,-1,-1
462,7,-1,-1
463,0,0,160
463,1,0,160
463,2,-1,-1
463,3,-1,-1
463,4,-1,-1
463,5,-1,-1
463,6,-1,-1
463,7,-1,-1
464,0,0,160
464,1,0,160
464,2,-1,-1
464,3,-1,-1
464,4,-1,-1
464,5,-1,-1
464,6,-1,-1
464,7,-1,-1
465,0,0,160
465,1,0,160
465,2,-1,-1
465,3,-1,-1
465,4,-1,-1
465,5,-1,-1
465,6,-1,-1
465,7,-1,-1
466,0,0,160
466,1,0,160
466,2,-1,-1
466,3,-1,-1
466,4,-1,-1
466,5,-1,-1
466,6,-1,-1
466,7,-1,-1
467,0,0,160
467,1,0,160
467,2,-1,-1
467,3,-1,-1
467,4,-1,-1
467,5,-1,-1
467,6,-1,-1
467,7,-1,-1
468,0,0,160
468,1,0,160
468,2,-1,-1
468,3,-1,-1
468,4,-1,-1
468,5,-1,-1
468,6,-1,-1
468,7,-1,-1
469,0,0,160
469,1,0,160
469,2,-1,-1
469,3,-1,-1
469,4,-1,-1
469,5,-1,-1
469,6,-1,-1
469,7,-1,-1
470,0,0,160
470,1,0,160
470,2,-1,-1
470,3,-1,-1
470,4,-1,-1
470,5,-1,-1
470,6,-1,-1
470,7,-1,-1
471,0,0,160
471,1,0,160
471,2,-1,-1
471,3,-1,-1
471,4,-1,-1
471,5,-1,-1
471,6,-1,-1
471,7,-1,-1
472,0,0,160
472,1,0,160
472,2,-1,-1
472,3,-1,-1
472,4,-1,-1
472,5,-1,-1
472,6,-1,-1
472,7,-1,-1
473,0,0,160
473,1,0,160
473,2,-1,-1
473,3,-1,-1
473,4,-1,-1
473,5,-1,-1
473,6,-1,-1
473,7,-1,-1
474,0,0,160
474,1,0,160
474,2,-1,-1
474,3,-1,-1
474,4,-1,-1
474,5,-1,-1
474,6,-1,-1
474,7,-1,-1
475,0,0,160
475,1,0,160
475,2,-1,-1
475,3,-1,-1
475,4,-1,-1
475,5,-1,-1
475,6,-1,-1
475,7,-1,-1
476,0,0,160
476,1,0,160
476,2,-1,-1
476,3,-1,-1
476,4,-1,-1
476,5,-1,-1
476,6,-1,-1
476,7,-1,-1
477,0,0,160
477,1,0,160
477,2,-1,-1
477,3,-1,-1
477,4,-1,-1
477,5,-1,-1
477,6,-1,-1
477,7,-1,-1
478,0,0,160
478,1,0,160
478,2,-1,-1
478,3,-1,-1
478,4,-1,-1
478,5,-1,-1
478,6,-1,-1
478,7,-1,-1
479,0,0,160
479,1,0,160
479,2,-1,-1
479,3,-1,-1
479,4,-1,-1
479,5,-1,-1
479,6,-1,-1
479,7,-1,-1
480,0,0,160
480,1,0,160
480,2,-1,-1
480,3,-1,-1
480,4,-1,-1
480,5,-1,-1
480,6,-1,-1
480,7,-1,-1
481,0,0,160
481,1,0,160
481,2,-1,-1
481,3,-1,-1
481,4,-1,-1
481,5,-1,-1
481,6,-1,-1
481,7,-1,-1
482,0,0,160
482,1,0,160
482,2,-1,-1
482,3,-1,-1
482,4,-1,-1
482,5,-1,-1
482,6,-1,-1
482,7,-1,-1
483,0,0,160
483,1,0,160
483,2,-1,-1
483,3,-1,-1
483,4,-1,-1
483,5,-1,-1
483,6,-1,-1
483,7,-1,-1
484,0,0,160
484,1,0,160
484,2,-1,-1
484,3,-1,-1
484,4,-1,-1
484,5,-1,-1
484,6,-1,-1
484,7,-1,-1
485,0,0,160
485,1,0,160
485,2,-1,-1
485,3,-1,-1
485,4,-1,-1
485,5,-1,-1
485,6,-1,-1
485,7,-1,-1
486,0,0,160
486,1,0,160
486,2,-1,-1
486,3,-1,-1
486,4,-1,-1
486,5,-1,-1
486,6,-1,-1
486,7,-1,-1
487,0,0,160
487,1,0,160
487,2,-1,-1
487,3,-1,-1
487,4,-1,-1
487,5,-1,-1
487,6,-1,-1
487,7,-1,-1
488,0,0,160
488,1,0,160
488,2,-1,-1
488,3,-1,-1
488,4,-1,-1
488,5,-1,-1
488,6,-1,-1
488,7,-1,-1
489,0,0,160
489,1,0,160
489,2,-1,-1
489,3,-1,-1
489,4,-1,-1
489,5,-1,-1
489,6,-1,-1
489,7,-1,-1
490,0,0,160
490,1,0,160
490,2,-1,-1
490,3,-1,-1
490,4,-1,-1
490,5,-1,-1
490,6,-1,-1
490,7,-1,-1
491,0,0,160
491,1,0,160
491,2,-1,-1
491,3,-1,-1
491,4,-1,-1
491,5,-1,-1
491,6,-1,-1
491,7,-1,-1
492,0,0,160
492,1,0,160
492,2,-1,-1
492,3,-1,-1
492,4,-1,-1
492,5,-1,-1
492,6,-1,-1
492,7,-1,-1
493,0,0,160
493,1,0,160
493,2,-1,-1
493,3,-1,-1
493,4,-1,-1
493,5,-1,-1
493,6,-1,-1
493,7,-1,-1
494,0,0,160
494,1,0,160
494,2,-1,-1
494,3,-1,-1
494,4,-1,-1
494,5,-1,-1
494,6,-1,-1
494,7,-1,-1
495,0,0,160
495,1,0,160
495,2,-1,-1
495,3,-1,-1
495,4,-1,-1
495,5,-1,-1
495,6,-1,-1
495,7,-1,-1
496,0,0,160
496,1,0,160
496,2,-1,-1
496,3,-1,-1
496,4,-1,-1
496,5,-1,-1
496,6,-1,-1
496,7,-1,-1
497,0,0,160
497,1,0,160
497,2,-1,-1
497,3,-1,-1
497,4,-1,-1
497,5,-1,-1
497,6,-1,-1
497,7,-1,-1
498,0,0,160
498,1,0,160
498,2,-1,-1
498,3,-1,-1
498,4,-1,-1
498,5,-1,-1
498,6,-1,-1
498,7,-1,-1
499,0,0,160
499,1,0,160
499,2,-1,-1
499,3,-1,-1
499,4,-1,-1
499,5,-1,-1
499,6,-1,-1
499,7,-1,-1
500,0,0,160
500,1,0,160
500,2,-1,-1
500,3,-1,-1
500,4,-1,-1
500,5,-1,-1
500,6,-1,-1
500,7,-1,-1
501,0,0,160
501,1,0,160
501,2,-1,-1
501,3,-1,-1
501,4,-1,-1
501,5,-1,-1
501,6,-1,-1
501,7,-1,-1
502,0,0,160
502,1,0,160
502,2,-1,-1
502,3,-1,-1
502,4,-1,-1
502,5,-1,-1
502,6,-1,-1
502,7,-1,-1
503,0,0,160
503,1,0,160
503,2,-1,-1
503,3,-1,-1
503,4,-1,-1
503,5,-1,-1
503,6,-1,-1
503,7,-1,-1
504,0,0,160
504,1,0,160
504,2,-1,-1
504,3,-1,-1
504,4,-1,-1
504,5,-1,-1
504,6,-1,-1
504,7,-1,-1
505,0,0,160
505,1,0,160
505,2,-1,-1
505,3,-1,-1
505,4,-1,-1
505,5,-1,-1
505,6,-1,-1
505,7,-1,-1
506,0,0,160
506,1,0,160
506,2,-1,-1
506,3,-1,-1
506,4,-1,-1
506,5,-1,-1
506,6,-1,-1
506,7,-1,-1
507,0,0,160
507,1,0,160
507,2,-1,-1
507,3,-1,-1
507,4,-1,-1
507,5,-1,-1
507,6,-1,-1
507,7,-1,-1
508,0,0,160
508,1,0,160
508,2,-1,-1
508,3,-1,-1
508,4,-1,-1
508,5,-1,-1
508,6,-1,-1
508,7,-1,-1
509,0,0,160
509,1,0,160
509,2,-1,-1
509,3,-1,-1
509,4,-1,-1
509,5,-1,-1
509,6,-1,-1
509,7,-1,-1
510,0,0,160
510,1,0,160
510,2,-1,-1
510,3,-1,-1
510,4,-1,-1
510,5,-1,-1
510,6,-1,-1
510,7,-1,-1
511,0,0,160
511,1,0,160
511,2,-1,-1
511,3,-1,-1
511,4,-1,-1
511,5,-1,-1
511,6,-1,-1
511,7,-1,-1
512,0,0,160
512,1,0,160
512,2,-1,-1
512,3,-1,-1
512,4,-1,-1
512,5,-1,-1
512,6,-1,-1
512,7,-1,-1
513,0,0,160
513,1,0,160
513,2,-1,-1
513,3,-1,-1
513,4,-1,-1
513,5,-1,-1
513,6,-1,-1
513,7,-1,-1
514,0,0,160
514,1,0,160
514,2,-1,-1
514,3,-1,-1
514,4,-1,-1
514,5,-1,-1
514,6,-1,-1
514,7,-1,-1
515,0,0,160
515,1,0,160
515,2,-1,-1
515,3,-1,-1
515,4,-1,-1
515,5,-1,-1
515,6,-1,-1
515,7,-1,-1
516,0,0,160
516,1,0,160
516,2,-1,-1
516,3,-1,-1
516,4,-1,-1
516,5,-1,-1
516,6,-1,-1
516,7,-1,-1
517,0,0,160
517,1,0,160
517,2,-1,-1
517,3,-1,-1
517,4,-1,-1
517,5,-1,-1
517,6,-1,-1
517,7,-1,-1
518,0,0,160
518,1,0,160
518,2,-1,-1
518,3,-1,-1
518,4,-1,-1
518,5,-1,-1
518,6,-1,-1
518,7,-1,-1
519,0,0,160
519,1,0,160
519,2,-1,-1
519,3,-1,-1
519,4,-1,-1
519,5,-1,-1
519,6,-1,-1
519,7,-1,-1
520,0,0,160
520,1,0,160
520,2,-1,-1
520,3,-1,-1
520,4,-1,-1
520,5,-1,-1
520,6,-1,-1
520,7,-1,-1
521,0,0,160
521,1,0,160
521,2,-1,-1
521,3,-1,-1
521,4,-1,-1
521,5,-1,-1
521,6,-1,-1
521,7,-1,-1
522,0,0,160
522,1,0,160
522,2,-1,-1
522,3,-1,-1
522,4,-1,-1
522,5,-1,-1
522,6,-1,-1
522,7,-1,-1
523,0,0,160
523,1,0,160
523,2,-1,-1
523,3,-1,-1
523,4,-1,-1
523,5,-1,-1
523,6,-1,-1
523,7,-1,-1
524,0,0,160
524,1,0,160
524,2,-1,-1
524,3,-1,-1
524,4,-1,-1
524,5,-1,-1
524,6,-1,-1
524,7,-1,-1
525,0,0,160
525,1,0,160
525,2,-1,-1
525,3,-1,-1
525,4,-1,-1
525,5,-1,-1
525,6,-1,-1
525,7,-1,-1
526,0,0,160
526,1,0,160
526,2,-1,-1
526,3,-1,-1
526,4,-1,-1
526,5,-1,-1
526,6,-1,-1
526,7,-1,-1
527,0,0,160
527,1,0,160
527,2,-1,-1
527,3,-1,-1
527,4,-1,-1
527,5,-1,-1
527,6,-1,-1
527,7,-1,-1
528,0,0,160
528,1,0,160
528,2,-1,-1
528,3,-1,-1
528,4,-1,-1
528,5,-1,-1
528,6,-1,-1
528,7,-1,-1
529,0,0,160
529,1,0,160
529,2,-1,-1
529,3,-1,-1
529,4,-1,-1
529,5,-1,-1
529,6,-1,-1
529,7,-1,-1
530,0,0,160
530,1,0,160
530,2,-1,-1
530,3,-1,-1
530,4,-1,-1
530,5,-1,-1
530,6,-1,-1
530,7,-1,-1
531,0,0,160
531,1,0,160
531,2,-1,-1
531,3,-1,-1
531,4,-1,-1
531,5,-1,-1
531,6,-1,-1
531,7,-1,-1
532,0,0,160
532,1,0,160
532,2,-1,-1
532,3,-1,-1
532,4,-1,-1
532,5,-1,-1
532,6,-1,-1
532,7,-1,-1
533,0,0,160
533,1,0,160
533,2,-1,-1
533,3,-1,-1
533,4,-1,-1
533,5,-1,-1
533,6,-1,-1
533,7,-1,-1
534,0,0,160
534,1,0,160
534,2,-1,-1
534,3,-1,-1
534,4,-1,-1
534,5,-1,-1
534,6,-1,-1
534,7,-1,-1
535,0,0,160
535,1,0,160
535,2,-1,-1
535,3,-1,-1
535,4,-1,-1
535,5,-1,-1
535,6,-1,-1
535,7,-1,-1
536,0,0,160
536,1,0,160
536,2,-1,-1
536,3,-1,-1
536,4,-1,-1
536,5,-1,-1
536,6,-1,-1
536,7,-1,-1
537,0,0,160
537,1,0,160
537,2,-1,-1
537,3,-1,-1
537,4,-1,-1
537,5,-1,-1
537,6,-1,-1
537,7,-1,-1
538,0,0,160
538,1,0,160
538,2,-1,-1
538,3,-1,-1
538,4,-1,-1
538,5,-1,-1
538,6,-1,-1
538,7,-1,-1
539,0,0,160
539,1,0,160
539,2,-1,-1
539,3,-1,-1
539,4,-1,-1
539,5,-1,-1
539,6,-1,-1
539,7,-1,-1
540,0,0,160
540,1,0,160
540,2,-1,-1
540,3,-1,-1
540,4,-1,-1
540,5,-1,-1
540,6,-1,-1
540,7,-1,-1
541,0,0,160
541,1,0,160
541,2,-1,-1
541,3,-1,-1
541,4,-1,-1
541,5,-1,-1
541,6,-1,-1
541,7,-1,-1
542,0,0,160
542,1,0,160
542,2,-1,-1
542,3,-1,-1
542,4,-1,-1
542,5,-1,-1
542,6,-1,-1
542,7,-1,-1
543,0,0,160
543,1,0,160
543,2,-1,-1
543,3,-1,-1
543,4,-1,-1
543,5,-1,-1
543,6,-1,-1
543,7,-1,-1
544,0,0,160
544,1,0,160
544,2,-1,-1
544,3,-1,-1
544,4,-1,-1
544,5,-1,-1
544,6,-1,-1
544,7,-1,-1
545,0,0,160
545,1,0,160
545,2,-1,-1
545,3,-1,-1
545,4,-1,-1
545,5,-1,-1
545,6,-1,-1
545,7,-1,-1
546,0,0,160
546,1,0,160
546,2,-1,-1
546,3,-1,-1
546,4,-1,-1
546,5,-1,-1
546,6,-1,-1
546,7,-1,-1
547,0,0,160
547,1,0,160
547,2,-1,-1
547,3,-1,-1
547,4,-1,-1
547,5,-1,-1
547,6,-1,-1
547,7,-1,-1
548,0,0,160
548,1,0,160
548,2,-1,-1
548,3,-1,-1
548,4,-1,-1
548,5,-1,-1
548,6,-1,-1
548,7,-1,-1
549,0,0,160
549,1,0,160
549,2,-1,-1
549,3,-1,-1
549,4,-1,-1
549,5,-1,-1
549,6,-1,-1
549,7,-1,-1
550,0,0,160
550,1,0,160
550,2,-1,-1
550,3,-1,-1
550,4,-1,-1
550,5,-1,-1
550,6,-1,-1
550,7,-1,-1
551,0,0,160
551,1,0,160
551,2,-1,-1
551,3,-1,-1
551,4,-1,-1
551,5,-1,-1
551,6,-1,-1
551,7,-1,-1
552,0,0,160
552,1,0,160
552,2,-1,-1
552,3,-1,-1
552,4,-1,-1
552,5,-1,-1
552,6,-1,-1
552,7,-1,-1
553,0,0,160
553,1,0,160
553,2,-1,-1
553,3,-1,-1
553,4,-1,-1
553,5,-1,-1
553,6,-1,-1
553,7,-1,-1
554,0,0,160
554,1,0,160
554,2,-1,-1
554,3,-1,-1
554,4,-1,-1
554,5,-1,-1
554,6,-1,-1
554,7,-1,-1
555,0,0,160
555,1,0,160
555,2,-1,-1
555,3,-1,-1
555,4,-1,-1
555,5,-1,-1
555,6,-1,-1
555,7,-1,-1
556,0,0,160
556,1,0,160
556,2,-1,-1
556,3,-1,-1
556,4,-1,-1
556,5,-1,-1
556,6,-1,-1
556,7,-1,-1
557,0,0,160
557,1,0,160
557,2,-1,-1
557,3,-1,-1
557,4,-1,-1
557,5,-1,-1
557,6,-1,-1
557,7,-1,-1
558,0,0,160
558,1,0,160
558,2,-1,-1
558,3,-1,-1
558,4,-1,-1
558,5,-1,-1
558,6,-1,-1
558,7,-1,-1
559,0,0,160
559,1,0,160
559,2,-1,-1
559,3,-1,-1
559,4,-1,-1
559,5,-1,-1
559,6,-1,-1
559,7,-1,-1
560,0,0,160
560,1,0,160
560,2,-1,-1
560,3,-1,-1
560,4,-1,-1
560,5,-1,-1
560,6,-1,-1
560,7,-1,-1
561,0,0,160
561,1,0,160
561,2,-1,-1
561,3,-1,-1
561,4,-1,-1
561,5,-1,-1
561,6,-1,-1
561,7,-1,-1
562,0,0,160
562,1,0,160
562,2,-1,-1
562,3,-1,-1
562,4,-1,-1
562,5,-1,-1
562,6,-1,-1
562,7,-1,-1
563,0,0,160
563,1,0,160
563,2,-1,-1
563,3,-1,-1
563,4,-1,-1
563,5,-1,-1
563,6,-1,-1
563,7,-1,-1
564,0,0,160
564,1,0,160
564,2,-1,-1
564,3,-1,-1
564,4,-1,-1
564,5,-1,-1
564,6,-1,-1
564,7,-1,-1
565,0,0,160
565,1,0,160
565,2,-1,-1
565,3,-1,-1
565,4,-1,-1
565,5,-1,-1
565,6,-1,-1
565,7,-1,-1
566,0,0,160
566,1,0,160
566,2,-1,-1
566,3,-1,-1
566,4,-1,-1
566,5,-1,-1
566,6,-1,-1
566,7,-1,-1
567,0,0,160
567,1,0,160
567,2,-1,-1
567,3,-1,-1
567,4,-1,-1
567,5,-1,-1
567,6,-1,-1
567,7,-1,-1
568,0,0,160
568,1,0,160
568,2,-1,-1
568,3,-1,-1
568,4,-1,-1
568,5,-1,-1
568,6,-1,-1
568,7,-1,-1
569,0,0,160
569,1,0,160
569,2,-1,-1
569,3,-1,-1
569,4,-1,-1
569,5,-1,-1
569,6,-1,-1
569,7,-1,-1
570,0,0,160
570,1,0,160
570,2,-1,-1
570,3,-1,-1
570,4,-1,-1
570,5,-1,-1
570,6,-1,-1
570,7,-1,-1
571,0,0,160
571,1,0,160
571,2,-1,-1
571,3,-1,-1
571,4,-1,-1
571,5,-1,-1
571,6,-1,-1
571,7,-1,-1
572,0,0,160
572,1,0,160
572,2,-1,-1
572,3,-1,-1
572,4,-1,-1
572,5,-1,-1
572,6,-1,-1
572,7,-1,-1
573,0,0,160
573,1,0,160
573,2,-1,-1
573,3,-1,-1
573,4,-1,-1
573,5,-1,-1
573,6,-1,-1
573,7,-1,-1
574,0,0,160
574,1,0,160
574,2,-1,-1
574,3,-1,-1
574,4,-1,-1
574,5,-1,-1
574,6,-1,-1
574,7,-1,-1
575,0,0,160
575,1,0,160
575,2,-1,-1
575,3,-1,-1
575,4,-1,-1
575,5,-1,-1
575,6,-1,-1
575,7,-1,-1
576,0,0,160
576,1,0,160
576,2,-1,-1
576,3,-1,-1
576,4,-1,-1
576,5,-1,-1
576,6,-1,-1
576,7,-1,-1
577,0,0,160
577,1,0,160
577,2,-1,-1
577,3,-1,-1
577,4,-1,-1
577,5,-1,-1
577,6,-1,-1
577,7,-1,-1
578,0,0,160
578,1,0,160
578,2,-1,-1
578,3,-1,-1
578,4,-1,-1
578,5,-1,-1
578,6,-1,-1
578,7,-1,-1
579,0,0,160
579,1,0,160
579,2,-1,-1
579,3,-1,-1
579,4,-1,-1
579,5,-1,-1
579,6,-1,-1
579,7,-1,-1
580,0,0,160
580,1,0,160
580,2,-1,-1
580,3,-1,-1
580,4,-1,-1
580,5,-1,-1
580,6,-1,-1
580,7,-1,-1
581,0,0,160
581,1,0,160
581,2,-1,-1
581,3,-1,-1
581,4,-1,-1
581,5,-1,-1
581,6,-1,-1
581,7,-1,-1
582,0,0,160
582,1,0,160
582,2,-1,-1
582,3,-1,-1
582,4,-1,-1
582,5,-1,-1
582,6,-1,-1
582,7,-1,-1
583,0,0,160
583,1,0,160
583,2,-1,-1
583,3,-1,-1
583,4,-1,-1
583,5,-1,-1
583,6,-1,-1
583,7,-1,-1
584,0,0,160
584,1,0,160
584,2,-1,-1
584,3,-1,-1
584,4,-1,-1
584,5,-1,-1
584,6,-1,-1
584,7,-1,-1
585,0,0,160
585,1,0,160
585,2,-1,-1
585,3,-1,-1
585,4,-1,-1
585,5,-1,-1
585,6,-1,-1
585,7,-1,-1
586,0,0,160
586,1,0,160
586,2,-1,-1
586,3,-1,-1
586,4,-1,-1
586,5,-1,-1
586,6,-1,-1
586,7,-1,-1
587,0,0,160
587,1,0,160
587,2,-1,-1
587,3,-1,-1
587,4,-1,-1
587,5,-1,-1
587,6,-1,-1
587,7,-1,-1
588,0,0,160
588,1,0,160
588,2,-1,-1
588,3,-1,-1
588,4,-1,-1
588,5,-1,-1
588,6,-1,-1
588,7,-1,-1
589,0,0,160
589,1,0,160
589,2,-1,-1
589,3,-1,-1
589,4,-1,-1
589,5,-1,-1
589,6,-1,-1
589,7,-1,-1
590,0,0,160
590,1,0,160
590,2,-1,-1
590,3,-1,-1
590,4,-1,-1
590,5,-1,-1
590,6,-1,-1
590,7,-1,-1
591,0,0,160
591,1,0,160
591,2,-1,-1
591,3,-1,-1
591,4,-1,-1
591,5,-1,-1
591,6,-1,-1
591,7,-1,-1
592,0,0,160
592,1,0,160
592,2,-1,-1
592,3,-1,-1
592,4,-1,-1
592,5,-1,-1
592,6,-1,-1
592,7,-1,-1
593,0,0,160
593,1,0,160
593,2,-1,-1
593,3,-1,-1
593,4,-1,-1
593,5,-1,-1
593,6,-1,-1
593,7,-1,-1
594,0,0,160
594,1,0,160
594,2,-1,-1
594,3,-1,-1
594,4,-1,-1
594,5,-1,-1
594,6,-1,-1
594,7,-1,-1
595,0,0,160
595,1,0,160
595,2,-1,-1
595,3,-1,-1
595,4,-1,-1
595,5,-1,-1
595,6,-1,-1
595,7,-1,-1
596,0,0,160
596,1,0,160
596,2,-1,-1
596,3,-1,-1
596,4,-1,-1
596,5,-1,-1
596,6,-1,-1
596,7,-1,-1
597,0,0,160
597,1,0,160
597,2,-1,-1
597,3,-1,-1
597,4,-1,-1
597,5,-1,-1
597,6,-1,-1
597,7,-1,-1
598,0,0,160
598,1,0,160
598,2,-1,-1
598,3,-1,-1
598,4,-1,-1
598,5,-1,-1
598,6,-1,-1
598,7,-1,-1
599,0,0,160
599,1,0,160
599,2,-1,-1
599,3,-1,-1
599,4,-1,-1
599,5,-1,-1
599,6,-1,-1
599,7,-1,-1
600,0,0,160
600,1,0,160
600,2,-1,-1
600,3,-1,-1
600,4,-1,-1
600,5,-1,-1
600,6,-1,-1
600,7,-1,-1
601,0,0,160
601,1,0,160
601,2,-1,-1
601,3,-1,-1
601,4,-1,-1
601,5,-1,-1
601,6,-1,-1
601,7,-1,-1
602,0,0,160
602,1,0,160
602,2,-1,-1
602,3,-1,-1
602,4,-1,-1
602,5,-1,-1
602,6,-1,-1
602,7,-1,-1
603,0,0,160
603,1,0,160
603,2,-1,-1
603,3,-1,-1
603,4,-1,-1
603,5,-1,-1
603,6,-1,-1
603,7,-1,-1
604,0,0,160
604,1,0,160
604,2,-1,-1
604,3,-1,-1
604,4,-1,-1
604,5,-1,-1
604,6,-1,-1
604,7,-1,-1
605,0,0,160
605,1,0,160
605,2,-1,-1
605,3,-1,-1
605,4,-1,-1
605,5,-1,-1
605,6,-1,-1
605,7,-1,-1
606,0,0,160
606,1,0,160
606,2,-1,-1
606,3,-1,-1
606,4,-1,-1
606,5,-1,-1
606,6,-1,-1
606,7,-1,-1
607,0,0,160
607,1,0,160
607,2,-1,-1
607,3,-1,-1
607,4,-1,-1
607,5,-1,-1
607,6,-1,-1
607,7,-1,-1
608,0,0,160
608,1,0,160
608,2,-1,-1
608,3,-1,-1
608,4,-1,-1
608,5,-1,-1
608,6,-1,-1
608,7,-1,-1
609,0,0,160
609,1,0,160
609,2,-1,-1
609,3,-1,-1
609,4,-1,-1
609,5,-1,-1
609,6,-1,-1
609,7,-1,-1
610,0,0,160
610,1,0,160
610,2,-1,-1
610,3,-1,-1
610,4,-1,-1
610,5,-1,-1
610,6,-1,-1
610,7,-1,-1
611,0,0,160
611,1,0,160
611,2,-1,-1
611,3,-1,-1
611,4,-1,-1
611,5,-1,-1
611,6,-1,-1
611,7,-1,-1
612,0,0,160
612,1,0,160
612,2,-1,-1
612,3,-1,-1
612,4,-1,-1
612,5,-1,-1
612,6,-1,-1
612,7,-1,-1
613,0,0,160
613,1,0,160
613,2,-1,-1
613,3,-1,-1
613,4,-1,-1
613,5,-1,-1
613,6,-1,-1
613,7,-1,-1
614,0,0,160
614,1,0,160
614,2,-1,-1
614,3,-1,-1
614,4,-1,-1
614,5,-1,-1
614,6,-1,-1
614,7,-1,-1
615,0,0,160
615,1,0,160
615,2,-1,-1
615,3,-1,-1
615,4,-1,-1
615,5,-1,-1
615,6,-1,-1
615,7,-1,-1
616,0,0,160
616,1,0,160
616,2,-1,-1
616,3,-1,-1
616,4,-1,-1
616,5,-1,-1
616,6,-1,-1
616,7,-1,-1
617,0,0,160
617,1,0,160
617,2,-1,-1
617,3,-1,-1
617,4,-1,-1
617,5,-1,-1
617,6,-1,-1
617,7,-1,-1
618,0,0,160
618,1,0,160
618,2,-1,-1
618,3,-1,-1
618,4,-1,-1
618,5,-1,-1
618,6,-1,-1
618,7,-1,-1
619,0,0,160
619,1,0,160
619,2,-1,-1
619,3,-1,-1
619,4,-1,-1
619,5,-1,-1
619,6,-1,-1
619,7,-1,-1
620,0,0,160
620,1,0,160
620,2,-1,-1
620,3,-1,-1
620,4,-1,-1
620,5,-1,-1
620,6,-1,-1
620,7,-1,-1
621,0,0,160
621,1,0,160
621,2,-1,-1
621,3,-1,-1
621,4,-1,-1
621,5,-1,-1
621,6,-1,-1
621,7,-1,-1
622,0,0,160
622,1,0,160
622,2,-1,-1
622,3,-1,-1
622,4,-1,-1
622,5,-1,-1
622,6,-1,-1
622,7,-1,-1
623,0,0,160
623,1,0,160
623,2,-1,-1
623,3,-1,-1
623,4,-1,-1
623,5,-1,-1
623,6,-1,-1
623,7,-1,-1
624,0,0,160
624,1,0,160
624,2,-1,-1
624,3,-1,-1
624,4,-1,-1
624,5,-1,-1
624,6,-1,-1
624,7,-1,-1
625,0,0,160
625,1,0,160
625,2,-1,-1
625,3,-1,-1
625,4,-1,-1
625,5,-1,-1
625,6,-1,-1
625,7,-1,-1
626,0,0,160
626,1,0,160
626,2,-1,-1
626,3,-1,-1
626,4,-1,-1
626,5,-1,-1
626,6,-1,-1
626,7,-1,-1
627,0,0,160
627,1,0,160
627,2,-1,-1
627,3,-1,-1
627,4,-1,-1
627,5,-1,-1
627,6,-1,-1
627,7,-1,-1
628,0,0,160
628,1,0,160
628,2,-1,-1
628,3,-1,-1
628,4,-1,-1
628,5,-1,-1
628,6,-1,-1
628,7,-1,-1
629,0,0,160
629,1,0,160
629,2,-1,-1
629,3,-1,-1
629,4,-1,-1
629,5,-1,-1
629,6,-1,-1
629,7,-1,-1
630,0,0,160
630,1,0,160
630,2,-1,-1
630,3,-1,-1
630,4,-1,-1
630,5,-1,-1
630,6,-1,-1
630,7,-1,-1
631,0,0,160
631,1,0,160
631,2,-1,-1
631,3,-1,-1
631,4,-1,-1
631,5,-1,-1
631,6,-1,-1
631,7,-1,-1
632,0,0,160
632,1,0,160
632,2,-1,-1
632,3,-1,-1
632,4,-1,-1
632,5,-1,-1
632,6,-1,-1
632,7,-1,-1
633,0,0,160
633,1,0,160
633,2,-1,-1
633,3,-1,-1
633,4,-1,-1
633,5,-1,-1
633,6,-1,-1
633,7,-1,-1
634,0,0,160
634,1,0,160
634,2,-1,-1
634,3,-1,-1
634,4,-1,-1
634,5,-1,-1
634,6,-1,-1
634,7,-1,-1
635,0,0,160
635,1,0,160
635,2,-1,-1
635,3,-1,-1
635,4,-1,-1
635,5,-1,-1
635,6,-1,-1
635,7,-1,-1
636,0,0,160
636,1,0,160
636,2,-1,-1
636,3,-1,-1
636,4,-1,-1
636,5,-1,-1
636,6,-1,-1
636,7,-1,-1
637,0,0,160
637,1,0,160
637,2,-1,-1
637,3,-1,-1
637,4,-1,-1
637,5,-1,-1
637,6,-1,-1
637,7,-1,-1
638,0,0,160
638,1,0,160
638,2,-1,-1
638,3,-1,-1
638,4,-1,-1
638,5,-1,-1
638,6,-1,-1
638,7,-1,-1
639,0,0,160
639,1,0,160
639,2,-1,-1
639,3,-1,-1
639,4,-1,-1
639,5,-1,-1
639,6,-1,-1
639,7,-1,-1
640,0,0,160
640,1,0,160
640,2,-1,-1
640,3,-1,-1
640,4,-1,-1
640,5,-1,-1
640,6,-1,-1
640,7,-1,-1
641,0,0,160
641,1,0,160
641,2,-1,-1
641,3,-1,-1
641,4,-1,-1
641,5,-1,-1
641,6,-1,-1
641,7,-1,-1
642,0,0,160
642,1,0,160
642,2,-1,-1
642,3,-1,-1
642,4,-1,-1
642,5,-1,-1
642,6,-1,-1
642,7,-1,-1
643,0,0,160
643,1,0,160
643,2,-1,-1
643,3,-1,-1
643,4,-1,-1
643,5,-1,-1
643,6,-1,-1
643,7,-1,-1
644,0,0,160
644,1,0,160
644,2,-1,-1
644,3,-1,-1
644,4,-1,-1
644,5,-1,-1
644,6,-1,-1
644,7,-1,-1
645,0,0,160
645,1,0,160
645,2,-1,-1
645,3,-1,-1
645,4,-1,-1
645,5,-1,-1
645,6,-1,-1
645,7,-1,-1
646,0,0,160
646,1,0,160
646,2,-1,-1
646,3,-1,-1
646,4,-1,-1
646,5,-1,-1
646,6,-1,-1
646,7,-1,-1
647,0,0,160
647,1,0,160
647,2,-1,-1
647,3,-1,-1
647,4,-1,-1
647,5,-1,-1
647,6,-1,-1
647,7,-1,-1
648,0,0,160
648,1,0,160
648,2,-1,-1
648,3,-1,-1
648,4,-1,-1
648,5,-1,-1
648,6,-1,-1
648,7,-1,-1
649,0,0,160
649,1,0,160
649,2,-1,-1
649,3,-1,-1
649,4,-1,-1
649,5,-1,-1
649,6,-1,-1
649,7,-1,-1
650,0,0,160
650,1,0,160
650,2,-1,-1
650,3,-1,-1
650,4,-1,-1
650,5,-1,-1
650,6,-1,-1
650,7,-1,-1
651,0,0,160
651,1,0,160
651,2,-1,-1
651,3,-1,-1
651,4,-1,-1
651,5,-1,-1
651,6,-1,-1
651,7,-1,-1
652,0,0,160
652,1,0,160
652,2,-1,-1
652,3,-1,-1
652,4,-1,-1
652,5,-1,-1
652,6,-1,-1
652,7,-1,-1
653,0,0,160
653,1,0,160
653,2,-1,-1
653,3,-1,-1
653,4,-1,-1
653,5,-1,-1
653,6,-1,-1
653,7,-1,-1
654,0,0,160
654,1,0,160
654,2,-1,-1
654,3,-1,-1
654,4,-1,-1
654,5,-1,-1
654,6,-1,-1
654,7,-1,-1
655,0,0,160
655,1,0,160
655,2,-1,-1
655,3,-1,-1
655,4,-1,-1
655,5,-1,-1
655,6,-1,-1
655,7,-1,-1
656,0,0,160
656,1,0,160
656,2,-1,-1
656,3,-1,-1
656,4,-1,-1
656,5,-1,-1
656,6,-1,-1
656,7,-1,-1
657,0,0,160
657,1,0,160
657,2,-1,-1
657,3,-1,-1
657,4,-1,-1
657,5,-1,-1
657,6,-1,-1
657,7,-1,-1
658,0,0,160
658,1,0,160
658,2,-1,-1
658,3,-1,-1
658,4,-1,-1
658,5,-1,-1
658,6,-1,-1
658,7,-1,-1
659,0,0,160
659,1,0,160
659,2,-1,-1
659,3,-1,-1
659,4,-1,-1
659,5,-1,-1
659,6,-1,-1
659,7,-1,-1
660,0,0,160
660,1,0,160
660,2,-1,-1
660,3,-1,-1
660,4,-1,-1
660,5,-1,-1
660,6,-1,-1
660,7,-1,-1
661,0,0,160
661,1,0,160
661,2,-1,-1
661,3,-1,-1
661,4,-1,-1
661,5,-1,-1
661,6,-1,-1
661,7,-1,-1
662,0,0,160
662,1,0,160
662,2,-1,-1
662,3,-1,-1
662,4,-1,-1
662,5,-1,-1
662,6,-1,-1
662,7,-1,-1
663,0,0,160
663,1,0,160
663,2,-1,-1
663,3,-1,-1
663,4,-1,-1
663,5,-1,-1
663,6,-1,-1
663,7,-1,-1
664,0,0,160
664,1,0,160
664,2,-1,-1
664,3,-1,-1
664,4,-1,-1
664,5,-1,-1
664,6,-1,-1
664,7,-1,-1
665,0,0,160
665,1,0,160
665,2,-1,-1
665,3,-1,-1
665,4,-1,-1
665,5,-1,-1
665,6,-1,-1
665,7,-1,-1
666,0,0,160
666,1,0,160
666,2,-1,-1
666,3,-1,-1
666,4,-1,-1
666,5,-1,-1
666,6,-1,-1
666,7,-1,-1
667,0,0,160
667,1,0,160
667,2,-1,-1
667,3,-1,-1
667,4,-1,-1
667,5,-1,-1
667,6,-1,-1
667,7,-1,-1
668,0,0,160
668,1,0,160
668,2,-1,-1
668,3,-1,-1
668,4,-1,-1
668,5,-1,-1
668,6,-1,-1
668,7,-1,-1
669,0,0,160
669,1,0,160
669,2,-1,-1
669,3,-1,-1
669,4,-1,-1
669,5,-1,-1
669,6,-1,-1
669,7,-1,-1
670,0,0,160
670,1,0,160
670,2,-1,-1
670,3,-1,-1
670,4,-1,-1
670,5,-1,-1
670,6,-1,-1
670,7,-1,-1
671,0,0,160
671,1,0,160
671,2,-1,-1
671,3,-1,-1
671,4,-1,-1
671,5,-1,-1
671,6,-1,-1
671,7,-1,-1
672,0,0,160
672,1,0,160
672,2,-1,-1
672,3,-1,-1
672,4,-1,-1
672,5,-1,-1
672,6,-1,-1
672,7,-1,-1
673,0,0,160
673,1,0,160
673,2,-1,-1
673,3,-1,-1
673,4,-1,-1
673,5,-1,-1
673,6,-1,-1
673,7,-1,-1
674,0,0,160
674,1,0,160
674,2,-1,-1
674,3,-1,-1
674,4,-1,-1
674,5,-1,-1
674,6,-1,-1
674,7,-1,-1
675,0,0,160
675,1,0,160
675,2,-1,-1
675,3,-1,-1
675,4,-1,-1
675,5,-1,-1
675,6,-1,-1
675,7,-1,-1
676,0,0,160
676,1,0,160
676,2,-1,-1
676,3,-1,-1
676,4,-1,-1
676,5,-1,-1
676,6,-1,-1
676,7,-1,-1
677,0,0,160
677,1,0,160
677,2,-1,-1
677,3,-1,-1
677,4,-1,-1
677,5,-1,-1
677,6,-1,-1
677,7,-1,-1
678,0,0,160
678,1,0,160
678,2,-1,-1
678,3,-1,-1
678,4,-1,-1
678,5,-1,-1
678,6,-1,-1
678,7,-1,-1
679,0,0,160
679,1,0,160
679,2,-1,-1
679,3,-1,-1
679,4,-1,-1
679,5,-1,-1
679,6,-1,-1
679,7,-1,-1
680,0,0,160
680,1,0,160
680,2,-1,-1
680,3,-1,-1
680,4,-1,-1
680,5,-1,-1
680,6,-1,-1
680,7,-1,-1
681,0,0,160
681,1,0,160
681,2,-1,-1
681,3,-1,-1
681,4,-1,-1
681,5,-1,-1
681,6,-1,-1
681,7,-1,-1
682,0,0,160
682,1,0,160
682,2,-1,-1
682,3,-1,-1
682,4,-1,-1
682,5,-1,-1
682,6,-1,-1
682,7,-1,-1
683,0,0,160
683,1,0,160
683,2,-1,-1
683,3,-1,-1
683,4,-1,-1
683,5,-1,-1
683,6,-1,-1
683,7,-1,-1
684,0,0,160
684,1,0,160
684,2,-1,-1
684,3,-1,-1
684,4,-1,-1
684,5,-1,-1
684,6,-1,-1
684,7,-1,-1
685,0,0,160
685,1,0,160
685,2,-1,-1
685,3,-1,-1
685,4,-1,-1
685,5,-1,-1
685,6,-1,-1
685,7,-1,-1
686,0,0,160
686,1,0,160
686,2,-1,-1
686,3,-1,-1
686,4,-1,-1
686,5,-1,-1
686,6,-1,-1
686,7,-1,-1
687,0,0,160
687,1,0,160
687,2,-1,-1
687,3,-1,-1
687,4,-1,-1
687,5,-1,-1
687,6,-1,-1
687,7,-1,-1
688,0,0,160
688,1,0,160
688,2,-1,-1
688,3,-1,-1
688,4,-1,-1
688,5,-1,-1
688,6,-1,-1
688,7,-1,-1
689,0,0,160
689,1,0,160
689,2,-1,-1
689,3,-1,-1
689,4,-1,-1
689,5,-1,-1
689,6,-1,-1
689,7,-1,-1
690,0,0,160
690,1,0,160
690,2,-1,-1
690,3,-1,-1
690,4,-1,-1
690,5,-1,-1
690,6,-1,-1
690,7,-1,-1
691,0,0,160
691,1,0,160
691,2,-1,-1
691,3,-1,-1
691,4,-1,-1
691,5,-1,-1
691,6,-1,-1
691,7,-1,-1
692,0,0,160
692,1,0,160
692,2,-1,-1
692,3,-1,-1
692,4,-1,-1
692,5,-1,-1
692,6,-1,-1
692,7,-1,-1
693,0,0,160
693,1,0,160
693,2,-1,-1
693,3,-1,-1
693,4,-1,-1
693,5,-1,-1
693,6,-1,-1
693,7,-1,-1
694,0,0,160
694,1,0,160
694,2,-1,-1
694,3,-1,-1
694,4,-1,-1
694,5,-1,-1
694,6,-1,-1
694,7,-1,-1
695,0,0,160
695,1,0,160
695,2,-1,-1
695,3,-1,-1
695,4,-1,-1
695,5,-1,-1
695,6,-1,-1
695,7,-1,-1
696,0,0,160
696,1,0,160
696,2,-1,-1
696,3,-1,-1
696,4,-1,-1
696,5,-1,-1
696,6,-1,-1
696,7,-1,-1
697,0,0,160
697,1,0,160
697,2,-1,-1
697,3,-1,-1
697,4,-1,-1
697,5,-1,-1
697,6,-1,-1
697,7,-1,-1
698,0,0,160
698,1,0,160
698,2,-1,-1
698,3,-1,-1
698,4,-1,-1
698,5,-1,-1
698,6,-1,-1
698,7,-1,-1
699,0,0,160
699,1,0,160
699,2,-1,-1
699,3,-1,-1
699,4,-1,-1
699,5,-1,-1
699,6,-1,-1
699,7,-1,-1
700,0,0,160
700,1,0,160
700,2,-1,-1
700,3,-1,-1
700,4,-1,-1
700,5,-1,-1
700,6,-1,-1
700,7,-1,-1
701,0,0,160
701,1,0,160
701,2,-1,-1
701,3,-1,-1
701,4,-1,-1
701,5,-1,-1
701,6,-1,-1
701,7,-1,-1
702,0,0,160
702,1,0,160
702,2,-1,-1
702,3,-1,-1
702,4,-1,-1
702,5,-1,-1
702,6,-1,-1
702,7,-1,-1
703,0,0,160
703,1,0,160
703,2,-1,-1
703,3,-1,-1
703,4,-1,-1
703,5,-1,-1
703,6,-1,-1
703,7,-1,-1
704,0,0,160
704,1,0,160
704,2,-1,-1
704,3,-1,-1
704,4,-1,-1
704,5,-1,-1
704,6,-1,-1
704,7,-1,-1
705,0,0,160
705,1,0,160
705,2,-1,-1
705,3,-1,-1
705,4,-1,-1
705,5,-1,-1
705,6,-1,-1
705,7,-1,-1
706,0,0,160
706,1,0,160
706,2,-1,-1
706,3,-1,-1
706,4,-1,-1
706,5,-1,-1
706,6,-1,-1
706,7,-1,-1
707,0,0,160
707,1,0,160
707,2,-1,-1
707,3,-1,-1
707,4,-1,-1
707,5,-1,-1
707,6,-1,-1
707,7,-1,-1
708,0,0,160
708,1,0,160
708,2,-1,-1
708,3,-1,-1
708,4,-1,-1
708,5,-1,-1
708,6,-1,-1
708,7,-1,-1
709,0,0,160
709,1,0,160
709,2,-1,-1
709,3,-1,-1
709,4,-1,-1
709,5,-1,-1
709,6,-1,-1
709,7,-1,-1
710,0,0,160
710,1,0,160
710,2,-1,-1
710,3,-1,-1
710,4,-1,-1
710,5,-1,-1
710,6,-1,-1
710,7,-1,-1
711,0,0,160
711,1,0,160
711,2,-1,-1
711,3,-1,-1
711,4,-1,-1
711,5,-1,-1
711,6,-1,-1
711,7,-1,-1
712,0,0,160
712,1,0,160
712,2,-1,-1
712,3,-1,-1
712,4,-1,-1
712,5,-1,-1
712,6,-1,-1
712,7,-1,-1
713,0,0,160
713,1,0,160
713,2,-1,-1
713,3,-1,-1
713,4,-1,-1
713,5,-1,-1
713,6,-1,-1
713,7,-1,-1
714,0,0,160
714,1,0,160
714,2,-1,-1
714,3,-1,-1
714,4,-1,-1
714,5,-1,-1
714,6,-1,-1
714,7,-1,-1
715,0,0,160
715,1,0,160
715,2,-1,-1
715,3,-1,-1
715,4,-1,-1
715,5,-1,-1
715,6,-1,-1
715,7,-1,-1
716,0,0,160
716,1,0,160
716,2,-1,-1
716,3,-1,-1
716,4,-1,-1
716,5,-1,-1
716,6,-1,-1
716,7,-1,-1
717,0,0,160
717,1,0,160
717,2,-1,-1
717,3,-1,-1
717,4,-1,-1
717,5,-1,-1
717,6,-1,-1
717,7,-1,-1
718,0,0,160
718,1,0,160
718,2,-1,-1
718,3,-1,-1
718,4,-1,-1
718,5,-1,-1
718,6,-1,-1
718,7,-1,-1
719,0,0,160
719,1,0,160
719,2,-1,-1
719,3,-1,-1
719,4,-1,-1
719,5,-1,-1
719,6,-1,-1
719,7,-1,-1
720,0,0,160
720,1,0,160
720,2,-1,-1
720,3,-1,-1
720,4,-1,-1
720,5,-1,-1
720,6,-1,-1
720,7,-1,-1
721,0,0,160
721,1,0,160
721,2,-1,-1
721,3,-1,-1
721,4,-1,-1
721,5,-1,-1
721,6,-1,-1
721,7,-1,-1
722,0,0,160
722,1,0,160
722,2,-1,-1
722,3,-1,-1
722,4,-1,-1
722,5,-1,-1
722,6,-1,-1
722,7,-1,-1
723,0,0,160
723,1,0,160
723,2,-1,-1
723,3,-1,-1
723,4,-1,-1
723,5,-1,-1
723,6,-1,-1
723,7,-1,-1
724,0,0,160
724,1,0,160
724,2,-1,-1
724,3,-1,-1
724,4,-1,-1
724,5,-1,-1
724,6,-1,-1
724,7,-1,-1
725,0,0,160
725,1,0,160
725,2,-1,-1
725,3,-1,-1
725,4,-1,-1
725,5,-1,-1
725,6,-1,-1
725,7,-1,-1
726,0,0,160
726,1,0,160
726,2,-1,-1
726,3,-1,-1
726,4,-1,-1
726,5,-1,-1
726,6,-1,-1
726,7,-1,-1
727,0,0,160
727,1,0,160
727,2,-1,-1
727,3,-1,-1
727,4,-1,-1
727,5,-1,-1
727,6,-1,-1
727,7,-1,-1
728,0,0,160
728,1,0,160
728,2,-1,-1
728,3,-1,-1
728,4,-1,-1
728,5,-1,-1
728,6,-1,-1
728,7,-1,-1
729,0,0,160
729,1,0,160
729,2,-1,-1
729,3,-1,-1
729,4,-1,-1
729,5,-1,-1
729,6,-1,-1
729,7,-1,-1
730,0,0,160
730,1,0,160
730,2,-1,-1
730,3,-1,-1
730,4,-1,-1
730,5,-1,-1
730,6,-1,-1
730,7,-1,-1
731,0,0,160
731,1,0,160
731,2,-1,-1
731,3,-1,-1
731,4,-1,-1
731,5,-1,-1
731,6,-1,-1
731,7,-1,-1
732,0,0,160
732,1,0,160
732,2,-1,-1
732,3,-1,-1
732,4,-1,-1
732,5,-1,-1
732,6,-1,-1
732,7,-1,-1
733,0,0,160
733,1,0,160
733,2,-1,-1
733,3,-1,-1
733,4,-1,-1
733,5,-1,-1
733,6,-1,-1
733,7,-1,-1
734,0,0,160
734,1,0,160
734,2,-1,-1
734,3,-1,-1
734,4,-1,-1
734,5,-1,-1
734,6,-1,-1
734,7,-1,-1
735,0,0,160
735,1,0,160
735,2,-1,-1
735,3,-1,-1
735,4,-1,-1
735,5,-1,-1
735,6,-1,-1
735,7,-1,-1
736,0,0,160
736,1,0,160
736,2,-1,-1
736,3,-1,-1
736,4,-1,-1
736,5,-1,-1
736,6,-1,-1
736,7,-1,-1
737,0,0,160
737,1,0,160
737,2,-1,-1
737,3,-1,-1
737,4,-1,-1
737,5,-1,-1
737,6,-1,-1
737,7,-1,-1
738,0,0,160
738,1,0,160
738,2,-1,-1
738,3,-1,-1
738,4,-1,-1
738,5,-1,-1
738,6,-1,-1
738,7,-1,-1
739,0,0,160
739,1,0,160
739,2,-1,-1
739,3,-1,-1
739,4,-1,-1
739,5,-1,-1
739,6,-1,-1
739,7,-1,-1
740,0,0,160
740,1,0,160
740,2,-1,-1
740,3,-1,-1
740,4,-1,-1
740,5,-1,-1
740,6,-1,-1
740,7,-1,-1
741,0,0,160
741,1,0,160
741,2,-1,-1
741,3,-1,-1
741,4,-1,-1
741,5,-1,-1
741,6,-1,-1
741,7,-1,-1
742,0,0,160
742,1,0,160
742,2,-1,-1
742,3,-1,-1
742,4,-1,-1
742,5,-1,-1
742,6,-1,-1
742,7,-1,-1
743,0,0,160
743,1,0,160
743,2,-1,-1
743,3,-1,-1
743,4,-1,-1
743,5,-1,-1
743,6,-1,-1
743,7,-1,-1
744,0,0,160
744,1,0,160
744,2,-1,-1
744,3,-1,-1
744,4,-1,-1
744,5,-1,-1
744,6,-1,-1
744,7,-1,-1
745,0,0,160
745,1,0,160
745,2,-1,-1
745,3,-1,-1
745,4,-1,-1
745,5,-1,-1
745,6,-1,-1
745,7,-1,-1
746,0,0,160
746,1,0,160
746,2,-1,-1
746,3,-1,-1
746,4,-1,-1
746,5,-1,-1
746,6,-1,-1
746,7,-1,-1
747,0,0,160
747,1,0,160
747,2,-1,-1
747,3,-1,-1
747,4,-1,-1
747,5,-1,-1
747,6,-1,-1
747,7,-1,-1
748,0,0,160
748,1,0,160
748,2,-1,-1
748,3,-1,-1
748,4,-1,-1
748,5,-1,-1
748,6,-1,-1
748,7,-1,-1
749,0,0,160
749,1,0,160
749,2,-1,-1
749,3,-1,-1
749,4,-1,-1
749,5,-1,-1
749,6,-1,-1
749,7,-1,-1
750,0,0,160
750,1,0,160
750,2,-1,-1
750,3,-1,-1
750,4,-1,-1
750,5,-1,-1
750,6,-1,-1
750,7,-1,-1
751,0,0,160
751,1,0,160
751,2,-1,-1
751,3,-1,-1
751,4,-1,-1
751,5,-1,-1
751,6,-1,-1
751,7,-1,-1
752,0,0,160
752,1,0,160
752,2,-1,-1
752,3,-1,-1
752,4,-1,-1
752,5,-1,-1
752,6,-1,-1
752,7,-1,-1
753,0,0,160
753,1,0,160
753,2,-1,-1
753,3,-1,-1
753,4,-1,-1
753,5,-1,-1
753,6,-1,-1
753,7,-1,-1
754,0,0,160
754,1,0,160
754,2,-1,-1
754,3,-1,-1
754,4,-1,-1
754,5,-1,-1
754,6,-1,-1
754,7,-1,-1
755,0,0,160
755,1,0,160
755,2,-1,-1
755,3,-1,-1
755,4,-1,-1
755,5,-1,-1
755,6,-1,-1
755,7,-1,-1
756,0,0,160
756,1,0,160
756,2,-1,-1
756,3,-1,-1
756,4,-1,-1
756,5,-1,-1
756,6,-1,-1
756,7,-1,-1
757,0,0,160
757,1,0,160
757,2,-1,-1
757,3,-1,-1
757,4,-1,-1
757,5,-1,-1
757,6,-1,-1
757,7,-1,-1
758,0,0,160
758,1,0,160
758,2,-1,-1
758,3,-1,-1
758,4,-1,-1
758,5,-1,-1
758,6,-1,-1
758,7,-1,-1
759,0,0,160
759,1,0,160
759,2,-1,-1
759,3,-1,-1
759,4,-1,-1
759,5,-1,-1
759,6,-1,-1
759,7,-1,-1
760,0,0,160
760,1,0,160
760,2,-1,-1
760,3,-1,-1
760,4,-1,-1
760,5,-1,-1
760,6,-1,-1
760,7,-1,-1
761,0,0,160
761,1,0,160
761,2,-1,-1
761,3,-1,-1
761,4,-1,-1
761,5,-1,-1
761,6,-1,-1
761,7,-1,-1
762,0,0,160
762,1,0,160
762,2,-1,-1
762,3,-1,-1
762,4,-1,-1
762,5,-1,-1
762,6,-1,-1
762,7,-1,-1
763,0,0,160
763,1,0,160
763,2,-1,-1
763,3,-1,-1
763,4,-1,-1
763,5,-1,-1
763,6,-1,-1
763,7,-1,-1
764,0,0,160
764,1,0,160
764,2,-1,-1
764,3,-1,-1
764,4,-1,-1
764,5,-1,-1
764,6,-1,-1
764,7,-1,-1
765,0,0,160
765,1,0,160
765,2,-1,-1
765,3,-1,-1
765,4,-1,-1
765,5,-1,-1
765,6,-1,-1
765,7,-1,-1
766,0,0,160
766,1,0,160
766,2,-1,-1
766,3,-1,-1
766,4,-1,-1
766,5,-1,-1
766,6,-1,-1
766,7,-1,-1
767,0,0,160
767,1,0,160
767,2,-1,-1
767,3,-1,-1
767,4,-1,-1
767,5,-1,-1
767,6,-1,-1
767,7,-1,-1
768,0,0,160
768,1,0,160
768,2,-1,-1
768,3,-1,-1
768,4,-1,-1
768,5,-1,-1
768,6,-1,-1
768,7,-1,-1
769,0,0,160
769,1,0,160
769,2,-1,-1
769,3,-1,-1
769,4,-1,-1
769,5,-1,-1
769,6,-1,-1
769,7,-1,-1
770,0,0,160
770,1,0,160
770,2,-1,-1
770,3,-1,-1
770,4,-1,-1
770,5,-1,-1
770,6,-1,-1
770,7,-1,-1
771,0,0,160
771,1,0,160
771,2,-1,-1
771,3,-1,-1
771,4,-1,-1
771,5,-1,-1
771,6,-1,-1
771,7,-1,-1
772,0,0,160
772,1,0,160
772,2,-1,-1
772,3,-1,-1
772,4,-1,-1
772,5,-1,-1
772,6,-1,-1
772,7,-1,-1
773,0,0,160
773,1,0,160
773,2,-1,-1
773,3,-1,-1
773,4,-1,-1
773,5,-1,-1
773,6,-1,-1
773,7,-1,-1
774,0,0,160
774,1,0,160
774,2,-1,-1
774,3,-1,-1
774,4,-1,-1
774,5,-1,-1
774,6,-1,-1
774,7,-1,-1
775,0,0,160
775,1,0,160
775,2,-1,-1
775,3,-1,-1
775,4,-1,-1
775,5,-1,-1
775,6,-1,-1
775,7,-1,-1
776,0,0,160
776,1,0,160
776,2,-1,-1
776,3,-1,-1
776,4,-1,-1
776,5,-1,-1
776,6,-1,-1
776,7,-1,-1
777,0,0,160
777,1,0,160
777,2,-1,-1
777,3,-1,-1
777,4,-1,-1
777,5,-1,-1
777,6,-1,-1
777,7,-1,-1
778,0,0,160
778,1,0,160
778,2,-1,-1
778,3,-1,-1
778,4,-1,-1
778,5,-1,-1
778,6,-1,-1
778,7,-1,-1
779,0,0,160
779,1,0,160
779,2,-1,-1
779,3,-1,-1
779,4,-1,-1
779,5,-1,-1
779,6,-1,-1
779,7,-1,-1
780,0,0,160
780,1,0,160
780,2,-1,-1
780,3,-1,-1
780,4,-1,-1
780,5,-1,-1
780,6,-1,-1
780,7,-1,-1
781,0,0,160
781,1,0,160
781,2,-1,-1
781,3,-1,-1
781,4,-1,-1
781,5,-1,-1
781,6,-1,-1
781,7,-1,-1
782,0,0,160
782,1,0,160
782,2,-1,-1
782,3,-1,-1
782,4,-1,-1
782,5,-1,-1
782,6,-1,-1
782,7,-1,-1
783,0,0,160
783,1,0,160
783,2,-1,-1
783,3,-1,-1
783,4,-1,-1
783,5,-1,-1
783,6,-1,-1
783,7,-1,-1
784,0,0,160
784,1,0,160
784,2,-1,-1
784,3,-1,-1
784,4,-1,-1
784,5,-1,-1
784,6,-1,-1
784,7,-1,-1
785,0,0,160
785,1,0,160
785,2,-1,-1
785,3,-1,-1
785,4,-1,-1
785,5,-1,-1
785,6,-1,-1
785,7,-1,-1
786,0,0,160
786,1,0,160
786,2,-1,-1
786,3,-1,-1
786,4,-1,-1
786,5,-1,-1
786,6,-1,-1
786,7,-1,-1
787,0,0,160
787,1,0,160
787,2,-1,-1
787,3,-1,-1
787,4,-1,-1
787,5,-1,-1
787,6,-1,-1
787,7,-1,-1
788,0,0,160
788,1,0,160
788,2,-1,-1
788,3,-1,-1
788,4,-1,-1
788,5,-1,-1
788,6,-1,-1
788,7,-1,-1
789,0,0,160
789,1,0,160
789,2,-1,-1
789,3,-1,-1
789,4,-1,-1
789,5,-1,-1
789,6,-1,-1
789,7,-1,-1
790,0,0,160
790,1,0,160
790,2,-1,-1
790,3,-1,-1
790,4,-1,-1
790,5,-1,-1
790,6,-1,-1
790,7,-1,-1
791,0,0,160
791,1,0,160
791,2,-1,-1
791,3,-1,-1
791,4,-1,-1
791,5,-1,-1
791,6,-1,-1
791,7,-1,-1
792,0,0,160
792,1,0,160
792,2,-1,-1
792,3,-1,-1
792,4,-1,-1
792,5,-1,-1
792,6,-1,-1
792,7,-1,-1
793,0,0,160
793,1,0,160
793,2,-1,-1
793,3,-1,-1
793,4,-1,-1
793,5,-1,-1
793,6,-1,-1
793,7,-1,-1
794,0,0,160
794,1,0,160
794,2,-1,-1
794,3,-1,-1
794,4,-1,-1
794,5,-1,-1
794,6,-1,-1
794,7,-1,-1
795,0,0,160
795,1,0,160
795,2,-1,-1
795,3,-1,-1
795,4,-1,-1
795,5,-1,-1
795,6,-1,-1
795,7,-1,-1
796,0,0,160
796,1,0,160
796,2,-1,-1
796,3,-1,-1
796,4,-1,-1
796,5,-1,-1
796,6,-1,-1
796,7,-1,-1
797,0,0,160
797,1,0,160
797,2,-1,-1
797,3,-1,-1
797,4,-1,-1
797,5,-1,-1
797,6,-1,-1
797,7,-1,-1
798,0,0,160
798,1,0,160
798,2,-1,-1
798,3,-1,-1
798,4,-1,-1
798,5,-1,-1
798,6,-1,-1
798,7,-1,-1
799,0,0,160
799,1,0,160
799,2,-1,-1
799,3,-1,-1
799,4,-1,-1
799,5,-1,-1
799,6,-1,-1
799,7,-1,-1
800,0,0,160
800,1,0,160
800,2,-1,-1
800,3,-1,-1
800,4,-1,-1
800,5,-1,-1
800,6,-1,-1
800,7,-1,-1
801,0,0,160
801,1,0,160
801,2,-1,-1
801,3,-1,-1
801,4,-1,-1
801,5,-1,-1
801,6,-1,-1
801,7,-1,-1
802,0,0,160
802,1,0,160
802,2,-1,-1
802,3,-1,-1
802,4,-1,-1
802,5,-1,-1
802,6,-1,-1
802,7,-1,-1
803,0,0,160
803,1,0,160
803,2,-1,-1
803,3,-1,-1
803,4,-1,-1
803,5,-1,-1
803,6,-1,-1
803,7,-1,-1
804,0,0,160
804,1,0,160
804,2,-1,-1
804,3,-1,-1
804,4,-1,-1
804,5,-1,-1
804,6,-1,-1
804,7,-1,-1
805,0,0,160
805,1,0,160
805,2,-1,-1
805,3,-1,-1
805,4,-1,-1
805,5,-1,-1
805,6,-1,-1
805,7,-1,-1
806,0,0,160
806,1,0,160
806,2,-1,-1
806,3,-1,-1
806,4,-1,-1
806,5,-1,-1
806,6,-1,-1
806,7,-1,-1
807,0,0,160
807,1,0,160
807,2,-1,-1
807,3,-1,-1
807,4,-1,-1
807,5,-1,-1
807,6,-1,-1
807,7,-1,-1
808,0,0,160
808,1,0,160
808,2,-1,-1
808,3,-1,-1
808,4,-1,-1
808,5,-1,-1
808,6,-1,-1
808,7,-1,-1
809,0,0,160
809,1,0,160
809,2,-1,-1
809,3,-1,-1
809,4,-1,-1
809,5,-1,-1
809,6,-1,-1
809,7,-1,-1
810,0,0,160
810,1,0,160
810,2,-1,-1
810,3,-1,-1
810,4,-1,-1
810,5,-1,-1
810,6,-1,-1
810,7,-1,-1
811,0,0,160
811,1,0,160
811,2,-1,-1
811,3,-1,-1
811,4,-1,-1
811,5,-1,-1
811,6,-1,-1
811,7,-1,-1
812,0,0,160
812,1,0,160
812,2,-1,-1
812,3,-1,-1
812,4,-1,-1
812,5,-1,-1
812,6,-1,-1
812,7,-1,-1
813,0,0,160
813,1,0,160
813,2,-1,-1
813,3,-1,-1
813,4,-1,-1
813,5,-1,-1
813,6,-1,-1
813,7,-1,-1
814,0,0,160
814,1,0,160
814,2,-1,-1
814,3,-1,-1
814,4,-1,-1
814,5,-1,-1
814,6,-1,-1
814,7,-1,-1
815,0,0,160
815,1,0,160
815,2,-1,-1
815,3,-1,-1
815,4,-1,-1
815,5,-1,-1
815,6,-1,-1
815,7,-1,-1
816,0,0,160
816,1,0,160
816,2,-1,-1
816,3,-1,-1
816,4,-1,-1
816,5,-1,-1
816,6,-1,-1
816,7,-1,-1
817,0,0,160
817,1,0,160
817,2,-1,-1
817,3,-1,-1
817,4,-1,-1
817,5,-1,-1
817,6,-1,-1
817,7,-1,-1
818,0,0,160
818,1,0,160
818,2,-1,-1
818,3,-1,-1
818,4,-1,-1
818,5,-1,-1
818,6,-1,-1
818,7,-1,-1
819,0,0,160
819,1,0,160
819,2,-1,-1
819,3,-1,-1
819,4,-1,-1
819,5,-1,-1
819,6,-1,-1
819,7,-1,-1
820,0,0,160
820,1,0,160
820,2,-1,-1
820,3,-1,-1
820,4,-1,-1
820,5,-1,-1
820,6,-1,-1
820,7,-1,-1
821,0,0,160
821,1,0,160
821,2,-1,-1
821,3,-1,-1
821,4,-1,-1
821,5,-1,-1
821,6,-1,-1
821,7,-1,-1
822,0,0,160
822,1,0,160
822,2,-1,-1
822,3,-1,-1
822,4,-1,-1
822,5,-1,-1
822,6,-1,-1
822,7,-1,-1
823,0,0,160
823,1,0,160
823,2,-1,-1
823,3,-1,-1
823,4,-1,-1
823,5,-1,-1
823,6,-1,-1
823,7,-1,-1
824,0,0,160
824,1,0,160
824,2,-1,-1
824,3,-1,-1
824,4,-1,-1
824,5,-1,-1
824,6,-1,-1
824,7,-1,-1
825,0,0,160
825,1,0,160
825,2,-1,-1
825,3,-1,-1
825,4,-1,-1
825,5,-1,-1
825,6,-1,-1
825,7,-1,-1
826,0,0,160
826,1,0,160
826,2,-1,-1
826,3,-1,-1
826,4,-1,-1
826,5,-1,-1
826,6,-1,-1
826,7,-1,-1
827,0,0,160
827,1,0,160
827,2,-1,-1
827,3,-1,-1
827,4,-1,-1
827,5,-1,-1
827,6,-1,-1
827,7,-1,-1
828,0,0,160
828,1,0,160
828,2,-1,-1
828,3,-1,-1
828,4,-1,-1
828,5,-1,-1
828,6,-1,-1
828,7,-1,-1
829,0,0,160
829,1,0,160
829,2,-1,-1
829,3,-1,-1
829,4,-1,-1
829,5,-1,-1
829,6,-1,-1
829,7,-1,-1
830,0,0,160
830,1,0,160
830,2,-1,-1
830,3,-1,-1
830,4,-1,-1
830,5,-1,-1
830,6,-1,-1
830,7,-1,-1
831,0,0,160
831,1,0,160
831,2,-1,-1
831,3,-1,-1
831,4,-1,-1
831,5,-1,-1
831,6,-1,-1
831,7,-1,-1
832,0,0,160
832,1,0,160
832,2,-1,-1
832,3,-1,-1
832,4,-1,-1
832,5,-1,-1
832,6,-1,-1
832,7,-1,-1
833,0,0,160
833,1,0,160
833,2,-1,-1
833,3,-1,-1
833,4,-1,-1
833,5,-1,-1
833,6,-1,-1
833,7,-1,-1
834,0,0,160
834,1,0,160
834,2,-1,-1
834,3,-1,-1
834,4,-1,-1
834,5,-1,-1
834,6,-1,-1
834,7,-1,-1
835,0,0,160
835,1,0,160
835,2,-1,-1
835,3,-1,-1
835,4,-1,-1
835,5,-1,-1
835,6,-1,-1
835,7,-1,-1
836,0,0,160
836,1,0,160
836,2,-1,-1
836,3,-1,-1
836,4,-1,-1
836,5,-1,-1
836,6,-1,-1
836,7,-1,-1
837,0,0,160
837,1,0,160
837,2,-1,-1
837,3,-1,-1
837,4,-1,-1
837,5,-1,-1
837,6,-1,-1
837,7,-1,-1
838,0,0,160
838,1,0,160
838,2,-1,-1
838,3,-1,-1
838,4,-1,-1
838,5,-1,-1
838,6,-1,-1
838,7,-1,-1
839,0,0,160
839,1,0,160
839,2,-1,-1
839,3,-1,-1
839,4,-1,-1
839,5,-1,-1
839,6,-1,-1
839,7,-1,-1
840,0,0,160
840,1,0,160
840,2,-1,-1
840,3,-1,-1
840,4,-1,-1
840,5,-1,-1
840,6,-1,-1
840,7,-1,-1
841,0,0,160
841,1,0,160
841,2,-1,-1
841,3,-1,-1
841,4,-1,-1
841,5,-1,-1
841,6,-1,-1
841,7,-1,-1
842,0,0,160
842,1,0,160
842,2,-1,-1
842,3,-1,-1
842,4,-1,-1
842,5,-1,-1
842,6,-1,-1
842,7,-1,-1
843,0,0,160
843,1,0,160
843,2,-1,-1
843,3,-1,-1
843,4,-1,-1
843,5,-1,-1
843,6,-1,-1
843,7,-1,-1
844,0,0,160
844,1,0,160
844,2,-1,-1
844,3,-1,-1
844,4,-1,-1
844,5,-1,-1
844,6,-1,-1
844,7,-1,-1
845,0,0,160
845,1,0,160
845,2,-1,-1
845,3,-1,-1
845,4,-1,-1
845,5,-1,-1
845,6,-1,-1
845,7,-1,-1
846,0,0,160
846,1,0,160
846,2,-1,-1
846,3,-1,-1
846,4,-1,-1
846,5,-1,-1
846,6,-1,-1
846,7,-1,-1
847,0,0,160
847,1,0,160
847,2,-1,-1
847,3,-1,-1
847,4,-1,-1
847,5,-1,-1
847,6,-1,-1
847,7,-1,-1
848,0,0,160
848,1,0,160
848,2,-1,-1
848,3,-1,-1
848,4,-1,-1
848,5,-1,-1
848,6,-1,-1
848,7,-1,-1
849,0,0,160
849,1,0,160
849,2,-1,-1
849,3,-1,-1
849,4,-1,-1
849,5,-1,-1
849,6,-1,-1
849,7,-1,-1
850,0,0,160
850,1,0,160
850,2,-1,-1
850,3,-1,-1
850,4,-1,-1
850,5,-1,-1
850,6,-1,-1
850,7,-1,-1
851,0,0,160
851,1,0,160
851,2,-1,-1
851,3,-1,-1
851,4,-1,-1
851,5,-1,-1
851,6,-1,-1
851,7,-1,-1
852,0,0,160
852,1,0,160
852,2,-1,-1
852,3,-1,-1
852,4,-1,-1
852,5,-1,-1
852,6,-1,-1
852,7,-1,-1
853,0,0,160
853,1,0,160
853,2,-1,-1
853,3,-1,-1
853,4,-1,-1
853,5,-1,-1
853,6,-1,-1
853,7,-1,-1
854,0,0,160
854,1,0,160
854,2,-1,-1
854,3,-1,-1
854,4,-1,-1
854,5,-1,-1
854,6,-1,-1
854,7,-1,-1
855,0,0,160
855,1,0,160
855,2,-1,-1
855,3,-1,-1
855,4,-1,-1
855,5,-1,-1
855,6,-1,-1
855,7,-1,-1
856,0,0,160
856,1,0,160
856,2,-1,-1
856,3,-1,-1
856,4,-1,-1
856,5,-1,-1
856,6,-1,-1
856,7,-1,-1
857,0,0,160
857,1,0,160
857,2,-1,-1
857,3,-1,-1
857,4,-1,-1
857,5,-1,-1
857,6,-1,-1
857,7,-1,-1
858,0,0,160
858,1,0,160
858,2,-1,-1
858,3,-1,-1
858,4,-1,-1
858,5,-1,-1
858,6,-1,-1
858,7,-1,-1
859,0,0,160
859,1,0,160
859,2,-1,-1
859,3,-1,-1
859,4,-1,-1
859,5,-1,-1
859,6,-1,-1
859,7,-1,-1
860,0,0,160
860,1,0,160
860,2,-1,-1
860,3,-1,-1
860,4,-1,-1
860,5,-1,-1
860,6,-1,-1
860,7,-1,-1
861,0,0,160
861,1,0,160
861,2,-1,-1
861,3,-1,-1
861,4,-1,-1
861,5,-1,-1
861,6,-1,-1
861,7,-1,-1
862,0,0,160
862,1,0,160
862,2,-1,-1
862,3,-1,-1
862,4,-1,-1
862,5,-1,-1
862,6,-1,-1
862,7,-1,-1
863,0,0,160
863,1,0,160
863,2,-1,-1
863,3,-1,-1
863,4,-1,-1
863,5,-1,-1
863,6,-1,-1
863,7,-1,-1
864,0,0,160
864,1,0,160
864,2,-1,-1
864,3,-1,-1
864,4,-1,-1
864,5,-1,-1
864,6,-1,-1
864,7,-1,-1
865,0,0,160
865,1,0,160
865,2,-1,-1
865,3,-1,-1
865,4,-1,-1
865,5,-1,-1
865,6,-1,-1
865,7,-1,-1
866,0,0,160
866,1,0,160
866,2,-1,-1
866,3,-1,-1
866,4,-1,-1
866,5,-1,-1
866,6,-1,-1
866,7,-1,-1
867,0,0,160
867,1,0,160
867,2,-1,-1
867,3,-1,-1
867,4,-1,-1
867,5,-1,-1
867,6,-1,-1
867,7,-1,-1
868,0,0,160
868,1,0,160
868,2,-1,-1
868,3,-1,-1
868,4,-1,-1
868,5,-1,-1
868,6,-1,-1
868,7,-1,-1
869,0,0,160
869,1,0,160
869,2,-1,-1
869,3,-1,-1
869,4,-1,-1
869,5,-1,-1
869,6,-1,-1
869,7,-1,-1
870,0,0,160
870,1,0,160
870,2,-1,-1
870,3,-1,-1
870,4,-1,-1
870,5,-1,-1
870,6,-1,-1
870,7,-1,-1
871,0,0,160
871,1,0,160
871,2,-1,-1
871,3,-1,-1
871,4,-1,-1
871,5,-1,-1
871,6,-1,-1
871,7,-1,-1
872,0,0,160
872,1,0,160
872,2,-1,-1
872,3,-1,-1
872,4,-1,-1
872,5,-1,-1
872,6,-1,-1
872,7,-1,-1
873,0,0,160
873,1,0,160
873,2,-1,-1
873,3,-1,-1
873,4,-1,-1
873,5,-1,-1
873,6,-1,-1
873,7,-1,-1
874,0,0,160
874,1,0,160
874,2,-1,-1
874,3,-1,-1
874,4,-1,-1
874,5,-1,-1
874,6,-1,-1
874,7,-1,-1
875,0,0,160
875,1,0,160
875,2,-1,-1
875,3,-1,-1
875,4,-1,-1
875,5,-1,-1
875,6,-1,-1
875,7,-1,-1
876,0,0,160
876,1,0,160
876,2,-1,-1
876,3,-1,-1
876,4,-1,-1
876,5,-1,-1
876,6,-1,-1
876,7,-1,-1
877,0,0,160
877,1,0,160
877,2,-1,-1
877,3,-1,-1
877,4,-1,-1
877,5,-1,-1
877,6,-1,-1
877,7,-1,-1
878,0,0,160
878,1,0,160
878,2,-1,-1
878,3,-1,-1
878,4,-1,-1
878,5,-1,-1
878,6,-1,-1
878,7,-1,-1
879,0,0,160
879,1,0,160
879,2,-1,-1
879,3,-1,-1
879,4,-1,-1
879,5,-1,-1
879,6,-1,-1
879,7,-1,-1
880,0,0,160
880,1,0,160
880,2,-1,-1
880,3,-1,-1
880,4,-1,-1
880,5,-1,-1
880,6,-1,-1
880,7,-1,-1
881,0,0,160
881,1,0,160
881,2,-1,-1
881,3,-1,-1
881,4,-1,-1
881,5,-1,-1
881,6,-1,-1
881,7,-1,-1
882,0,0,160
882,1,0,160
882,2,-1,-1
882,3,-1,-1
882,4,-1,-1
882,5,-1,-1
882,6,-1,-1
882,7,-1,-1
883,0,0,160
883,1,0,160
883,2,-1,-1
883,3,-1,-1
883,4,-1,-1
883,5,-1,-1
883,6,-1,-1
883,7,-1,-1
884,0,0,160
884,1,0,160
884,2,-1,-1
884,3,-1,-1
884,4,-1,-1
884,5,-1,-1
884,6,-1,-1
884,7,-1,-1
885,0,0,160
885,1,0,160
885,2,-1,-1
885,3,-1,-1
885,4,-1,-1
885,5,-1,-1
885,6,-1,-1
885,7,-1,-1
886,0,0,160
886,1,0,160
886,2,-1,-1
886,3,-1,-1
886,4,-1,-1
886,5,-1,-1
886,6,-1,-1
886,7,-1,-1
887,0,0,160
887,1,0,160
887,2,-1,-1
887,3,-1,-1
887,4,-1,-1
887,5,-1,-1
887,6,-1,-1
887,7,-1,-1
888,0,0,160
888,1,0,160
888,2,-1,-1
888,3,-1,-1
888,4,-1,-1
888,5,-1,-1
888,6,-1,-1
888,7,-1,-1
889,0,0,160
889,1,0,160
889,2,-1,-1
889,3,-1,-1
889,4,-1,-1
889,5,-1,-1
889,6,-1,-1
889,7,-1,-1
890,0,0,160
890,1,0,160
890,2,-1,-1
890,3,-1,-1
890,4,-1,-1
890,5,-1,-1
890,6,-1,-1
890,7,-1,-1
891,0,0,160
891,1,0,160
891,2,-1,-1
891,3,-1,-1
891,4,-1,-1
891,5,-1,-1
891,6,-1,-1
891,7,-1,-1
892,0,0,160
892,1,0,160
892,2,-1,-1
892,3,-1,-1
892,4,-1,-1
892,5,-1,-1
892,6,-1,-1
892,7,-1,-1
893,0,0,160
893,1,0,160
893,2,-1,-1
893,3,-1,-1
893,4,-1,-1
893,5,-1,-1
893,6,-1,-1
893,7,-1,-1
894,0,0,160
894,1,0,160
894,2,-1,-1
894,3,-1,-1
894,4,-1,-1
894,5,-1,-1
894,6,-1,-1
894,7,-1,-1
895,0,0,160
895,1,0,160
895,2,-1,-1
895,3,-1,-1
895,4,-1,-1
895,5,-1,-1
895,6,-1,-1
895,7,-1,-1
896,0,0,160
896,1,0,160
896,2,-1,-1
896,3,-1,-1
896,4,-1,-1
896,5,-1,-1
896,6,-1,-1
896,7,-1,-1
897,0,0,160
897,1,0,160
897,2,-1,-1
897,3,-1,-1
897,4,-1,-1
897,5,-1,-1
897,6,-1,-1
897,7,-1,-1
898,0,0,160
898,1,0,160
898,2,-1,-1
898,3,-1,-1
898,4,-1,-1
898,5,-1,-1
898,6,-1,-1
898,7,-1,-1
899,0,0,160
899,1,0,160
899,2,-1,-1
899,3,-1,-1
899,4,-1,-1
899,5,-1,-1
899,6,-1,-1
899,7,-1,-1
900,0,0,160
900,1,0,160
900,2,-1,-1
900,3,-1,-1
900,4,-1,-1
900,5,-1,-1
900,6,-1,-1
900,7,-1,-1
901,0,0,160
901,1,0,160
901,2,-1,-1
901,3,-1,-1
901,4,-1,-1
901,5,-1,-1
901,6,-1,-1
901,7,-1,-1
902,0,0,160
902,1,0,160
902,2,-1,-1
902,3,-1,-1
902,4,-1,-1
902,5,-1,-1
902,6,-1,-1
902,7,-1,-1
903,0,0,160
903,1,0,160
903,2,-1,-1
903,3,-1,-1
903,4,-1,-1
903,5,-1,-1
903,6,-1,-1
903,7,-1,-1
904,0,0,160
904,1,0,160
904,2,-1,-1
904,3,-1,-1
904,4,-1,-1
904,5,-1,-1
904,6,-1,-1
904,7,-1,-1
905,0,0,160
905,1,0,160
905,2,-1,-1
905,3,-1,-1
905,4,-1,-1
905,5,-1,-1
905,6,-1,-1
905,7,-1,-1
906,0,0,160
906,1,0,160
906,2,-1,-1
906,3,-1,-1
906,4,-1,-1
906,5,-1,-1
906,6,-1,-1
906,7,-1,-1
907,0,0,160
907,1,0,160
907,2,-1,-1
907,3,-1,-1
907,4,-1,-1
907,5,-1,-1
907,6,-1,-1
907,7,-1,-1
908,0,0,160
908,1,0,160
908,2,-1,-1
908,3,-1,-1
908,4,-1,-1
908,5,-1,-1
908,6,-1,-1
908,7,-1,-1
909,0,0,160
909,1,0,160
909,2,-1,-1
909,3,-1,-1
909,4,-1,-1
909,5,-1,-1
909,6,-1,-1
909,7,-1,-1
910,0,0,160
910,1,0,160
910,2,-1,-1
910,3,-1,-1
910,4,-1,-1
910,5,-1,-1
910,6,-1,-1
910,7,-1,-1
911,0,0,160
911,1,0,160
911,2,-1,-1
911,3,-1,-1
911,4,-1,-1
911,5,-1,-1
911,6,-1,-1
911,7,-1,-1
912,0,0,160
912,1,0,160
912,2,-1,-1
912,3,-1,-1
912,4,-1,-1
912,5,-1,-1
912,6,-1,-1
912,7,-1,-1
913,0,0,160
913,1,0,160
913,2,-1,-1
913,3,-1,-1
913,4,-1,-1
913,5,-1,-1
913,6,-1,-1
913,7,-1,-1
914,0,0,160
914,1,0,160
914,2,-1,-1
914,3,-1,-1
914,4,-1,-1
914,5,-1,-1
914,6,-1,-1
914,7,-1,-1
915,0,0,160
915,1,0,160
915,2,-1,-1
915,3,-1,-1
915,4,-1,-1
915,5,-1,-1
915,6,-1,-1
915,7,-1,-1
916,0,0,160
916,1,0,160
916,2,-1,-1
916,3,-1,-1
916,4,-1,-1
916,5,-1,-1
916,6,-1,-1
916,7,-1,-1
917,0,0,160
917,1,0,160
917,2,-1,-1
917,3,-1,-1
917,4,-1,-1
917,5,-1,-1
917,6,-1,-1
917,7,-1,-1
918,0,0,160
918,1,0,160
918,2,-1,-1
918,3,-1,-1
918,4,-1,-1
918,5,-1,-1
918,6,-1,-1
918,7,-1,-1
919,0,0,160
919,1,0,160
919,2,-1,-1
919,3,-1,-1
919,4,-1,-1
919,5,-1,-1
919,6,-1,-1
919,7,-1,-1
920,0,0,160
920,1,0,160
920,2,-1,-1
920,3,-1,-1
920,4,-1,-1
920,5,-1,-1
920,6,-1,-1
920,7,-1,-1
921,0,0,160
921,1,0,160
921,2,-1,-1
921,3,-1,-1
921,4,-1,-1
921,5,-1,-1
921,6,-1,-1
921,7,-1,-1
922,0,0,160
922,1,0,160
922,2,-1,-1
922,3,-1,-1
922,4,-1,-1
922,5,-1,-1
922,6,-1,-1
922,7,-1,-1
923,0,0,160
923,1,0,160
923,2,-1,-1
923,3,-1,-1
923,4,-1,-1
923,5,-1,-1
923,6,-1,-1
923,7,-1,-1
924,0,0,160
924,1,0,160
924,2,-1,-1
924,3,-1,-1
924,4,-1,-1
924,5,-1,-1
924,6,-1,-1
924,7,-1,-1
925,0,0,160
925,1,0,160
925,2,-1,-1
925,3,-1,-1
925,4,-1,-1
925,5,-1,-1
925,6,-1,-1
925,7,-1,-1
926,0,0,160
926,1,0,160
926,2,-1,-1
926,3,-1,-1
926,4,-1,-1
926,5,-1,-1
926,6,-1,-1
926,7,-1,-1
927,0,0,160
927,1,0,160
927,2,-1,-1
927,3,-1,-1
927,4,-1,-1
927,5,-1,-1
927,6,-1,-1
927,7,-1,-1
928,0,0,160
928,1,0,160
928,2,-1,-1
928,3,-1,-1
928,4,-1,-1
928,5,-1,-1
928,6,-1,-1
928,7,-1,-1
929,0,0,160
929,1,0,160
929,2,-1,-1
929,3,-1,-1
929,4,-1,-1
929,5,-1,-1
929,6,-1,-1
929,7,-1,-1
930,0,0,160
930,1,0,160
930,2,-1,-1
930,3,-1,-1
930,4,-1,-1
930,5,-1,-1
930,6,-1,-1
930,7,-1,-1
931,0,0,160
931,1,0,160
931,2,-1,-1
931,3,-1,-1
931,4,-1,-1
931,5,-1,-1
931,6,-1,-1
931,7,-1,-1
932,0,0,160
932,1,0,160
932,2,-1,-1
932,3,-1,-1
932,4,-1,-1
932,5,-1,-1
932,6,-1,-1
932,7,-1,-1
933,0,0,160
933,1,0,160
933,2,-1,-1
933,3,-1,-1
933,4,-1,-1
933,5,-1,-1
933,6,-1,-1
933,7,-1,-1
934,0,0,160
934,1,0,160
934,2,-1,-1
934,3,-1,-1
934,4,-1,-1
934,5,-1,-1
934,6,-1,-1
934,7,-1,-1
935,0,0,160
935,1,0,160
935,2,-1,-1
935,3,-1,-1
935,4,-1,-1
935,5,-1,-1
935,6,-1,-1
935,7,-1,-1
936,0,0,160
936,1,0,160
936,2,-1,-1
936,3,-1,-1
936,4,-1,-1
936,5,-1,-1
936,6,-1,-1
936,7,-1,-1
937,0,0,160
937,1,0,160
937,2,-1,-1
937,3,-1,-1
937,4,-1,-1
937,5,-1,-1
937,6,-1,-1
937,7,-1,-1
938,0,0,160
938,1,0,160
938,2,-1,-1
938,3,-1,-1
938,4,-1,-1
938,5,-1,-1
938,6,-1,-1
938,7,-1,-1
939,0,0,160
939,1,0,160
939,2,-1,-1
939,3,-1,-1
939,4,-1,-1
939,5,-1,-1
939,6,-1,-1
939,7,-1,-1
940,0,0,160
940,1,0,160
940,2,-1,-1
940,3,-1,-1
940,4,-1,-1
940,5,-1,-1
940,6,-1,-1
940,7,-1,-1
941,0,0,160
941,1,0,160
941,2,-1,-1
941,3,-1,-1
941,4,-1,-1
941,5,-1,-1
941,6,-1,-1
941,7,-1,-1
942,0,0,160
942,1,0,160
942,2,-1,-1
942,3,-1,-1
942,4,-1,-1
942,5,-1,-1
942,6,-1,-1
942,7,-1,-1
943,0,0,160
943,1,0,160
943,2,-1,-1
943,3,-1,-1
943,4,-1,-1
943,5,-1,-1
943,6,-1,-1
943,7,-1,-1
944,0,0,160
944,1,0,160
944,2,-1,-1
944,3,-1,-1
944,4,-1,-1
944,5,-1,-1
944,6,-1,-1
944,7,-1,-1
945,0,0,160
945,1,0,160
945,2,-1,-1
945,3,-1,-1
945,4,-1,-1
945,5,-1,-1
945,6,-1,-1
945,7,-1,-1
946,0,0,160
946,1,0,160
946,2,-1,-1
946,3,-1,-1
946,4,-1,-1
946,5,-1,-1
946,6,-1,-1
946,7,-1,-1
947,0,0,160
947,1,0,160
947,2,-1,-1
947,3,-1,-1
947,4,-1,-1
947,5,-1,-1
947,6,-1,-1
947,7,-1,-1
948,0,0,160
948,1,0,160
948,2,-1,-1
948,3,-1,-1
948,4,-1,-1
948,5,-1,-1
948,6,-1,-1
948,7,-1,-1
949,0,0,160
949,1,0,160
949,2,-1,-1
949,3,-1,-1
949,4,-1,-1
949,5,-1,-1
949,6,-1,-1
949,7,-1,-1
950,0,0,160
950,1,0,160
950,2,-1,-1
950,3,-1,-1
950,4,-1,-1
950,5,-1,-1
950,6,-1,-1
950,7,-1,-1
951,0,0,160
951,1,0,160
951,2,-1,-1
951,3,-1,-1
951,4,-1,-1
951,5,-1,-1
951,6,-1,-1
951,7,-1,-1
952,0,0,160
952,1,0,160
952,2,-1,-1
952,3,-1,-1
952,4,-1,-1
952,5,-1,-1
952,6,-1,-1
952,7,-1,-1
953,0,0,160
953,1,0,160
953,2,-1,-1
953,3,-1,-1
953,4,-1,-1
953,5,-1,-1
953,6,-1,-1
953,7,-1,-1
954,0,0,160
954,1,0,160
954,2,-1,-1
954,3,-1,-1
954,4,-1,-1
954,5,-1,-1
954,6,-1,-1
954,7,-1,-1
955,0,0,160
955,1,0,160
955,2,-1,-1
955,3,-1,-1
955,4,-1,-1
955,5,-1,-1
955,6,-1,-1
955,7,-1,-1
956,0,0,160
956,1,0,160
956,2,-1,-1
956,3,-1,-1
956,4,-1,-1
956,5,-1,-1
956,6,-1,-1
956,7,-1,-1
957,0,0,160
957,1,0,160
957,2,-1,-1
957,3,-1,-1
957,4,-1,-1
957,5,-1,-1
957,6,-1,-1
957,7,-1,-1
958,0,0,160
958,1,0,160
958,2,-1,-1
958,3,-1,-1
958,4,-1,-1
958,5,-1,-1
958,6,-1,-1
958,7,-1,-1
959,0,0,160
959,1,0,160
959,2,-1,-1
959,3,-1,-1
959,4,-1,-1
959,5,-1,-1
959,6,-1,-1
959,7,-1,-1
960,0,0,160
960,1,0,160
960,2,-1,-1
960,3,-1,-1
960,4,-1,-1
960,5,-1,-1
960,6,-1,-1
960,7,-1,-1
961,0,0,160
961,1,0,160
961,2,-1,-1
961,3,-1,-1
961,4,-1,-1
961,5,-1,-1
961,6,-1,-1
961,7,-1,-1
962,0,0,160
962,1,0,160
962,2,-1,-1
962,3,-1,-1
962,4,-1,-1
962,5,-1,-1
962,6,-1,-1
962,7,-1,-1
963,0,0,160
963,1,0,160
963,2,-1,-1
963,3,-1,-1
963,4,-1,-1
963,5,-1,-1
963,6,-1,-1
963,7,-1,-1
964,0,0,160
964,1,0,160
964,2,-1,-1
964,3,-1,-1
964,4,-1,-1
964,5,-1,-1
964,6,-1,-1
964,7,-1,-1
965,0,0,160
965,1,0,160
965,2,-1,-1
965,3,-1,-1
965,4,-1,-1
965,5,-1,-1
965,6,-1,-1
965,7,-1,-1
966,0,0,160
966,1,0,160
966,2,-1,-1
966,3,-1,-1
966,4,-1,-1
966,5,-1,-1
966,6,-1,-1
966,7,-1,-1
967,0,0,160
967,1,0,160
967,2,-1,-1
967,3,-1,-1
967,4,-1,-1
967,5,-1,-1
967,6,-1,-1
967,7,-1,-1
968,0,0,160
968,1,0,160
968,2,-1,-1
968,3,-1,-1
968,4,-1,-1
968,5,-1,-1
968,6,-1,-1
968,7,-1,-1
969,0,0,160
969,1,0,160
969,2,-1,-1
969,3,-1,-1
969,4,-1,-1
969,5,-1,-1
969,6,-1,-1
969,7,-1,-1
970,0,0,160
970,1,0,160
970,2,-1,-1
970,3,-1,-1
970,4,-1,-1
970,5,-1,-1
970,6,-1,-1
970,7,-1,-1
971,0,0,160
971,1,0,160
971,2,-1,-1
971,3,-1,-1
971,4,-1,-1
971,5,-1,-1
971,6,-1,-1
971,7,-1,-1
972,0,0,160
972,1,0,160
972,2,-1,-1
972,3,-1,-1
972,4,-1,-1
972,5,-1,-1
972,6,-1,-1
972,7,-1,-1
973,0,0,160
973,1,0,160
973,2,-1,-1
973,3,-1,-1
973,4,-1,-1
973,5,-1,-1
973,6,-1,-1
973,7,-1,-1
974,0,0,160
974,1,0,160
974,2,-1,-1
974,3,-1,-1
974,4,-1,-1
974,5,-1,-1
974,6,-1,-1
974,7,-1,-1
975,0,0,160
975,1,0,160
975,2,-1,-1
975,3,-1,-1
975,4,-1,-1
975,5,-1,-1
975,6,-1,-1
975,7,-1,-1
976,0,0,160
976,1,0,160
976,2,-1,-1
976,3,-1,-1
976,4,-1,-1
976,5,-1,-1
976,6,-1,-1
976,7,-1,-1
977,0,0,160
977,1,0,160
977,2,-1,-1
977,3,-1,-1
977,4,-1,-1
977,5,-1,-1
977,6,-1,-1
977,7,-1,-1
978,0,0,160
978,1,0,160
978,2,-1,-1
978,3,-1,-1
978,4,-1,-1
978,5,-1,-1
978,6,-1,-1
978,7,-1,-1
979,0,0,160
979,1,0,160
979,2,-1,-1
979,3,-1,-1
979,4,-1,-1
979,5,-1,-1
979,6,-1,-1
979,7,-1,-1
980,0,0,160
980,1,0,160
980,2,-1,-1
980,3,-1,-1
980,4,-1,-1
980,5,-1,-1
980,6,-1,-1
980,7,-1,-1
981,0,0,160
981,1,0,160
981,2,-1,-1
981,3,-1,-1
981,4,-1,-1
981,5,-1,-1
981,6,-1,-1
981,7,-1,-1
982,0,0,160
982,1,0,160
982,2,-1,-1
982,3,-1,-1
982,4,-1,-1
982,5,-1,-1
982,6,-1,-1
982,7,-1,-1
983,0,0,160
983,1,0,160
983,2,-1,-1
983,3,-1,-1
983,4,-1,-1
983,5,-1,-1
983,6,-1,-1
983,7,-1,-1
984,0,0,160
984,1,0,160
984,2,-1,-1
984,3,-1,-1
984,4,-1,-1
984,5,-1,-1
984,6,-1,-1
984,7,-1,-1
985,0,0,160
985,1,0,160
985,2,-1,-1
985,3,-1,-1
985,4,-1,-1
985,5,-1,-1
985,6,-1,-1
985,7,-1,-1
986,0,0,160
986,1,0,160
986,2,-1,-1
986,3,-1,-1
986,4,-1,-1
986,5,-1,-1
986,6,-1,-1
986,7,-1,-1
987,0,0,160
987,1,0,160
987,2,-1,-1
987,3,-1,-1
987,4,-1,-1
987,5,-1,-1
987,6,-1,-1
987,7,-1,-1
988,0,0,160
988,1,0,160
988,2,-1,-1
988,3,-1,-1
988,4,-1,-1
988,5,-1,-1
988,6,-1,-1
988,7,-1,-1
989,0,0,160
989,1,0,160
989,2,-1,-1
989,3,-1,-1
989,4,-1,-1
989,5,-1,-1
989,6,-1,-1
989,7,-1,-1
990,0,0,160
990,1,0,160
990,2,-1,-1
990,3,-1,-1
990,4,-1,-1
990,5,-1,-1
990,6,-1,-1
990,7,-1,-1
991,0,0,160
991,1,0,160
991,2,-1,-1
991,3,-1,-1
991,4,-1,-1
991,5,-1,-1
991,6,-1,-1
991,7,-1,-1
992,0,0,160
992,1,0,160
992,2,-1,-1
992,3,-1,-1
992,4,-1,-1
992,5,-1,-1
992,6,-1,-1
992,7,-1,-1
993,0,0,160
993,1,0,160
993,2,-1,-1
993,3,-1,-1
993,4,-1,-1
993,5,-1,-1
993,6,-1,-1
993,7,-1,-1
994,0,0,160
994,1,0,160
994,2,-1,-1
994,3,-1,-1
994,4,-1,-1
994,5,-1,-1
994,6,-1,-1
994,7,-1,-1
995,0,0,160
995,1,0,160
995,2,-1,-1
995,3,-1,-1
995,4,-1,-1
995,5,-1,-1
995,6,-1,-1
995,7,-1,-1
996,0,0,160
996,1,0,160
996,2,-1,-1
996,3,-1,-1
996,4,-1,-1
996,5,-1,-1
996,6,-1,-1
996,7,-1,-1
997,0,0,160
997,1,0,160
997,2,-1,-1
997,3,-1,-1
997,4,-1,-1
997,5,-1,-1
997,6,-1,-1
997,7,-1,-1
998,0,0,160
998,1,0,160
998,2,-1,-1
998,3,-1,-1
998,4,-1,-1
998,5,-1,-1
998,6,-1,-1
998,7,-1,-1
999,0,0,160
999,1,0,160
999,2,-1,-1
999,3,-1,-1
999,4,-1,-1
999,5,-1,-1
999,6,-1,-1
999,7,-1,-1
1000,0,0,160
1000,1,0,160
1000,2,-1,-1
1000,3,-1,-1
1000,4,-1,-1
1000,5,-1,-1
1000,6,-1,-1
1000,7,-1,-1
1001,0,0,160
1001,1,0,160
1001,2,-1,-1
1001,3,-1,-1
1001,4,-1,-1
1001,5,-1,-1
1001,6,-1,-1
1001,7,-1,-1
1002,0,0,160
1002,1,0,160
1002,2,-1,-1
1002,3,-1,-1
1002,4,-1,-1
1002,5,-1,-1
1002,6,-1,-1
1002,7,-1,-1
1003,0,0,160
1003,1,0,160
1003,2,-1,-1
1003,3,-1,-1
1003,4,-1,-1
1003,5,-1,-1
1003,6,-1,-1
1003,7,-1,-1
1004,0,0,160
1004,1,0,160
1004,2,-1,-1
1004,3,-1,-1
1004,4,-1,-1
1004,5,-1,-1
1004,6,-1,-1
1004,7,-1,-1
1005,0,0,160
1005,1,0,160
1005,2,-1,-1
1005,3,-1,-1
1005,4,-1,-1
1005,5,-1,-1
1005,6,-1,-1
1005,7,-1,-1
1006,0,0,160
1006,1,0,160
1006,2,-1,-1
1006,3,-1,-1
1006,4,-1,-1
1006,5,-1,-1
1006,6,-1,-1
1006,7,-1,-1
1007,0,0,160
1007,1,0,160
1007,2,-1,-1
1007,3,-1,-1
1007,4,-1,-1
1007,5,-1,-1
1007,6,-1,-1
1007,7,-1,-1
1008,0,0,160
1008,1,0,160
1008,2,-1,-1
1008,3,-1,-1
1008,4,-1,-1
1008,5,-1,-1
1008,6,-1,-1
1008,7,-1,-1
1009,0,0,160
1009,1,0,160
1009,2,-1,-1
1009,3,-1,-1
1009,4,-1,-1
1009,5,-1,-1
1009,6,-1,-1
1009,7,-1,-1
1010,0,0,160
1010,1,0,160
1010,2,-1,-1
1010,3,-1,-1
1010,4,-1,-1
1010,5,-1,-1
1010,6,-1,-1
1010,7,-1,-1
1011,0,0,160
1011,1,0,160
1011,2,-1,-1
1011,3,-1,-1
1011,4,-1,-1
1011,5,-1,-1
1011,6,-1,-1
1011,7,-1,-1
1012,0,0,160
1012,1,0,160
1012,2,-1,-1
1012,3,-1,-1
1012,4,-1,-1
1012,5,-1,-1
1012,6,-1,-1
1012,7,-1,-1
1013,0,0,160
1013,1,0,160
1013,2,-1,-1
1013,3,-1,-1
1013,4,-1,-1
1013,5,-1,-1
1013,6,-1,-1
1013,7,-1,-1
1014,0,0,160
1014,1,0,160
1014,2,-1,-1
1014,3,-1,-1
1014,4,-1,-1
1014,5,-1,-1
1014,6,-1,-1
1014,7,-1,-1
1015,0,0,160
1015,1,0,160
1015,2,-1,-1
1015,3,-1,-1
1015,4,-1,-1
1015,5,-1,-1
1015,6,-1,-1
1015,7,-1,-1
1016,0,0,160
1016,1,0,160
1016,2,-1,-1
1016,3,-1,-1
1016,4,-1,-1
1016,5,-1,-1
1016,6,-1,-1
1016,7,-1,-1
1017,0,0,160
1017,1,0,160
1017,2,-1,-1
1017,3,-1,-1
1017,4,-1,-1
1017,5,-1,-1
1017,6,-1,-1
1017,7,-1,-1
1018,0,0,160
1018,1,0,160
1018,2,-1,-1
1018,3,-1,-1
1018,4,-1,-1
1018,5,-1,-1
1018,6,-1,-1
1018,7,-1,-1
1019,0,0,160
1019,1,0,160
1019,2,-1,-1
1019,3,-1,-1
1019,4,-1,-1
1019,5,-1,-1
1019,6,-1,-1
1019,7,-1,-1
1020,0,0,160
1020,1,0,160
1020,2,-1,-1
1020,3,-1,-1
1020,4,-1,-1
1020,5,-1,-1
1020,6,-1,-1
1020,7,-1,-1
1021,0,0,160
1021,1,0,160
1021,2,-1,-1
1021,3,-1,-1
1021,4,-1,-1
1021,5,-1,-1
1021,6,-1,-1
1021,7,-1,-1
1022,0,0,160
1022,1,0,160
1022,2,-1,-1
1022,3,-1,-1
1022,4,-1,-1
1022,5,-1,-1
1022,6,-1,-1
1022,7,-1,-1
1023,0,0,160
1023,1,0,160
1023,2,-1,-1
1023,3,-1,-1
1023,4,-1,-1
1023,5,-1,-1
1023,6,-1,-1
1023,7,-1,-1
1024,0,0,160
1024,1,0,160
1024,2,-1,-1
1024,3,-1,-1
1024,4,-1,-1
1024,5,-1,-1
1024,6,-1,-1
1024,7,-1,-1
1025,0,0,160
1025,1,0,160
1025,2,-1,-1
1025,3,-1,-1
1025,4,-1,-1
1025,5,-1,-1
1025,6,-1,-1
1025,7,-1,-1
1026,0,0,160
1026,1,0,160
1026,2,-1,-1
1026,3,-1,-1
1026,4,-1,-1
1026,5,-1,-1
1026,6,-1,-1
1026,7,-1,-1
1027,0,0,160
1027,1,0,160
1027,2,-1,-1
1027,3,-1,-1
1027,4,-1,-1
1027,5,-1,-1
1027,6,-1,-1
1027,7,-1,-1
1028,0,0,160
1028,1,0,160
1028,2,-1,-1
1028,3,-1,-1
1028,4,-1,-1
1028,5,-1,-1
1028,6,-1,-1
1028,7,-1,-1
1029,0,0,160
1029,1,0,160
1029,2,-1,-1
1029,3,-1,-1
1029,4,-1,-1
1029,5,-1,-1
1029,6,-1,-1
1029,7,-1,-1
1030,0,0,160
1030,1,0,160
1030,2,-1,-1
1030,3,-1,-1
1030,4,-1,-1
1030,5,-1,-1
1030,6,-1,-1
1030,7,-1,-1
1031,0,0,160
1031,1,0,160
1031,2,-1,-1
1031,3,-1,-1
1031,4,-1,-1
1031,5,-1,-1
1031,6,-1,-1
1031,7,-1,-1
1032,0,0,160
1032,1,0,160
1032,2,-1,-1
1032,3,-1,-1
1032,4,-1,-1
1032,5,-1,-1
1032,6,-1,-1
1032,7,-1,-1
1033,0,0,160
1033,1,0,160
1033,2,-1,-1
1033,3,-1,-1
1033,4,-1,-1
1033,5,-1,-1
1033,6,-1,-1
1033,7,-1,-1
1034,0,0,160
1034,1,0,160
1034,2,-1,-1
1034,3,-1,-1
1034,4,-1,-1
1034,5,-1,-1
1034,6,-1,-1
1034,7,-1,-1
1035,0,0,160
1035,1,0,160
1035,2,-1,-1
1035,3,-1,-1
1035,4,-1,-1
1035,5,-1,-1
1035,6,-1,-1
1035,7,-1,-1
1036,0,0,160
1036,1,0,160
1036,2,-1,-1
1036,3,-1,-1
1036,4,-1,-1
1036,5,-1,-1
1036,6,-1,-1
1036,7,-1,-1
1037,0,0,160
1037,1,0,160
1037,2,-1,-1
1037,3,-1,-1
1037,4,-1,-1
1037,5,-1,-1
1037,6,-1,-1
1037,7,-1,-1
1038,0,0,160
1038,1,0,160
1038,2,-1,-1
1038,3,-1,-1
1038,4,-1,-1
1038,5,-1,-1
1038,6,-1,-1
1038,7,-1,-1
1039,0,0,160
1039,1,0,160
1039,2,-1,-1
1039,3,-1,-1
1039,4,-1,-1
1039,5,-1,-1
1039,6,-1,-1
1039,7,-1,-1
1040,0,0,160
1040,1,0,160
1040,2,-1,-1
1040,3,-1,-1
1040,4,-1,-1
1040,5,-1,-1
1040,6,-1,-1
1040,7,-1,-1
1041,0,0,160
1041,1,0,160
1041,2,-1,-1
1041,3,-1,-1
1041,4,-1,-1
1041,5,-1,-1
1041,6,-1,-1
1041,7,-1,-1
1042,0,0,160
1042,1,0,160
1042,2,-1,-1
1042,3,-1,-1
1042,4,-1,-1
1042,5,-1,-1
1042,6,-1,-1
1042,7,-1,-1
1043,0,0,160
1043,1,0,160
1043,2,-1,-1
1043,3,-1,-1
1043,4,-1,-1
1043,5,-1,-1
1043,6,-1,-1
1043,7,-1,-1
1044,0,0,160
1044,1,0,160
1044,2,-1,-1
1044,3,-1,-1
1044,4,-1,-1
1044,5,-1,-1
1044,6,-1,-1
1044,7,-1,-1
1045,0,0,160
1045,1,0,160
1045,2,-1,-1
1045,3,-1,-1
1045,4,-1,-1
1045,5,-1,-1
1045,6,-1,-1
1045,7,-1,-1
1046,0,0,160
1046,1,0,160
1046,2,-1,-1
1046,3,-1,-1
1046,4,-1,-1
1046,5,-1,-1
1046,6,-1,-1
1046,7,-1,-1
1047,0,0,160
1047,1,0,160
1047,2,-1,-1
1047,3,-1,-1
1047,4,-1,-1
1047,5,-1,-1
1047,6,-1,-1
1047,7,-1,-1
1048,0,0,160
1048,1,0,160
1048,2,-1,-1
1048,3,-1,-1
1048,4,-1,-1
1048,5,-1,-1
1048,6,-1,-1
1048,7,-1,-1
1049,0,0,160
1049,1,0,160
1049,2,-1,-1
1049,3,-1,-1
1049,4,-1,-1
1049,5,-1,-1
1049,6,-1,-1
1049,7,-1,-1
1050,0,0,160
1050,1,0,160
1050,2,-1,-1
1050,3,-1,-1
1050,4,-1,-1
1050,5,-1,-1
1050,6,-1,-1
1050,7,-1,-1
1051,0,0,160
1051,1,0,160
1051,2,-1,-1
1051,3,-1,-1
1051,4,-1,-1
1051,5,-1,-1
1051,6,-1,-1
1051,7,-1,-1
1052,0,0,160
1052,1,0,160
1052,2,-1,-1
1052,3,-1,-1
1052,4,-1,-1
1052,5,-1,-1
1052,6,-1,-1
1052,7,-1,-1
1053,0,0,160
1053,1,0,160
1053,2,-1,-1
1053,3,-1,-1
1053,4,-1,-1
1053,5,-1,-1
1053,6,-1,-1
1053,7,-1,-1
1054,0,0,160
1054,1,0,160
1054,2,-1,-1
1054,3,-1,-1
1054,4,-1,-1
1054,5,-1,-1
1054,6,-1,-1
1054,7,-1,-1
1055,0,0,160
1055,1,0,160
1055,2,-1,-1
1055,3,-1,-1
1055,4,-1,-1
1055,5,-1,-1
1055,6,-1,-1
1055,7,-1,-1
1056,0,0,160
1056,1,0,160
1056,2,-1,-1
1056,3,-1,-1
1056,4,-1,-1
1056,5,-1,-1
1056,6,-1,-1
1056,7,-1,-1
1057,0,0,160
1057,1,0,160
1057,2,-1,-1
1057,3,-1,-1
1057,4,-1,-1
1057,5,-1,-1
1057,6,-1,-1
1057,7,-1,-1
1058,0,0,160
1058,1,0,160
1058,2,-1,-1
1058,3,-1,-1
1058,4,-1,-1
1058,5,-1,-1
1058,6,-1,-1
1058,7,-1,-1
1059,0,0,160
1059,1,0,160
1059,2,-1,-1
1059,3,-1,-1
1059,4,-1,-1
1059,5,-1,-1
1059,6,-1,-1
1059,7,-1,-1
1060,0,0,160
1060,1,0,160
1060,2,-1,-1
1060,3,-1,-1
1060,4,-1,-1
1060,5,-1,-1
1060,6,-1,-1
1060,7,-1,-1
1061,0,0,160
1061,1,0,160
1061,2,-1,-1
1061,3,-1,-1
1061,4,-1,-1
1061,5,-1,-1
1061,6,-1,-1
1061,7,-1,-1
1062,0,0,160
1062,1,0,160
1062,2,-1,-1
1062,3,-1,-1
1062,4,-1,-1
1062,5,-1,-1
1062,6,-1,-1
1062,7,-1,-1
1063,0,0,160
1063,1,0,160
1063,2,-1,-1
1063,3,-1,-1
1063,4,-1,-1
1063,5,-1,-1
1063,6,-1,-1
1063,7,-1,-1
1064,0,0,160
1064,1,0,160
1064,2,-1,-1
1064,3,-1,-1
1064,4,-1,-1
1064,5,-1,-1
1064,6,-1,-1
1064,7,-1,-1
1065,0,0,160
1065,1,0,160
1065,2,-1,-1
1065,3,-1,-1
1065,4,-1,-1
1065,5,-1,-1
1065,6,-1,-1
1065,7,-1,-1
1066,0,0,160
1066,1,0,160
1066,2,-1,-1
1066,3,-1,-1
1066,4,-1,-1
1066,5,-1,-1
1066,6,-1,-1
1066,7,-1,-1
1067,0,0,160
1067,1,0,160
1067,2,-1,-1
1067,3,-1,-1
1067,4,-1,-1
1067,5,-1,-1
1067,6,-1,-1
1067,7,-1,-1
1068,0,0,160
1068,1,0,160
1068,2,-1,-1
1068,3,-1,-1
1068,4,-1,-1
1068,5,-1,-1
1068,6,-1,-1
1068,7,-1,-1
1069,0,0,160
1069,1,0,160
1069,2,-1,-1
1069,3,-1,-1
1069,4,-1,-1
1069,5,-1,-1
1069,6,-1,-1
1069,7,-1,-1
1070,0,0,160
1070,1,0,160
1070,2,-1,-1
1070,3,-1,-1
1070,4,-1,-1
1070,5,-1,-1
1070,6,-1,-1
1070,7,-1,-1
1071,0,0,160
1071,1,0,160
1071,2,-1,-1
1071,3,-1,-1
1071,4,-1,-1
1071,5,-1,-1
1071,6,-1,-1
1071,7,-1,-1
1072,0,0,160
1072,1,0,160
1072,2,-1,-1
1072,3,-1,-1
1072,4,-1,-1
1072,5,-1,-1
1072,6,-1,-1
1072,7,-1,-1
1073,0,0,160
1073,1,0,160
1073,2,-1,-1
1073,3,-1,-1
1073,4,-1,-1
1073,5,-1,-1
1073,6,-1,-1
1073,7,-1,-1
1074,0,0,160
1074,1,0,160
1074,2,-1,-1
1074,3,-1,-1
1074,4,-1,-1
1074,5,-1,-1
1074,6,-1,-1
1074,7,-1,-1
1075,0,0,160
1075,1,0,160
1075,2,-1,-1
1075,3,-1,-1
1075,4,-1,-1
1075,5,-1,-1
1075,6,-1,-1
1075,7,-1,-1
1076,0,0,160
1076,1,0,160
1076,2,-1,-1
1076,3,-1,-1
1076,4,-1,-1
1076,5,-1,-1
1076,6,-1,-1
1076,7,-1,-1
1077,0,0,160
1077,1,0,160
1077,2,-1,-1
1077,3,-1,-1
1077,4,-1,-1
1077,5,-1,-1
1077,6,-1,-1
1077,7,-1,-1
1078,0,0,160
1078,1,0,160
1078,2,-1,-1
1078,3,-1,-1
1078,4,-1,-1
1078,5,-1,-1
1078,6,-1,-1
1078,7,-1,-1
1079,0,0,160
1079,1,0,160
1079,2,-1,-1
1079,3,-1,-1
1079,4,-1,-1
1079,5,-1,-1
1079,6,-1,-1
1079,7,-1,-1
1080,0,0,160
1080,1,0,160
1080,2,-1,-1
1080,3,-1,-1
1080,4,-1,-1
1080,5,-1,-1
1080,6,-1,-1
1080,7,-1,-1
1081,0,0,160
1081,1,0,160
1081,2,-1,-1
1081,3,-1,-1
1081,4,-1,-1
1081,5,-1,-1
1081,6,-1,-1
1081,7,-1,-1
1082,0,0,160
1082,1,0,160
1082,2,-1,-1
1082,3,-1,-1
1082,4,-1,-1
1082,5,-1,-1
1082,6,-1,-1
1082,7,-1,-1
1083,0,0,160
1083,1,0,160
1083,2,-1,-1
1083,3,-1,-1
1083,4,-1,-1
1083,5,-1,-1
1083,6,-1,-1
1083,7,-1,-1
1084,0,0,160
1084,1,0,160
1084,2,-1,-1
1084,3,-1,-1
1084,4,-1,-1
1084,5,-1,-1
1084,6,-1,-1
1084,7,-1,-1
1085,0,0,160
1085,1,0,160
1085,2,-1,-1
1085,3,-1,-1
1085,4,-1,-1
1085,5,-1,-1
1085,6,-1,-1
1085,7,-1,-1
1086,0,0,160
1086,1,0,160
1086,2,-1,-1
1086,3,-1,-1
1086,4,-1,-1
1086,5,-1,-1
1086,6,-1,-1
1086,7,-1,-1
1087,0,0,160
1087,1,0,160
1087,2,-1,-1
1087,3,-1,-1
1087,4,-1,-1
1087,5,-1,-1
1087,6,-1,-1
1087,7,-1,-1
1088,0,0,160
1088,1,0,160
1088,2,-1,-1
1088,3,-1,-1
1088,4,-1,-1
1088,5,-1,-1
1088,6,-1,-1
1088,7,-1,-1
1089,0,0,160
1089,1,0,160
1089,2,-1,-1
1089,3,-1,-1
1089,4,-1,-1
1089,5,-1,-1
1089,6,-1,-1
1089,7,-1,-1
1090,0,0,160
1090,1,0,160
1090,2,-1,-1
1090,3,-1,-1
1090,4,-1,-1
1090,5,-1,-1
1090,6,-1,-1
1090,7,-1,-1
1091,0,0,160
1091,1,0,160
1091,2,-1,-1
1091,3,-1,-1
1091,4,-1,-1
1091,5,-1,-1
1091,6,-1,-1
1091,7,-1,-1
1092,0,0,160
1092,1,0,160
1092,2,-1,-1
1092,3,-1,-1
1092,4,-1,-1
1092,5,-1,-1
1092,6,-1,-1
1092,7,-1,-1
1093,0,0,160
1093,1,0,160
1093,2,-1,-1
1093,3,-1,-1
1093,4,-1,-1
1093,5,-1,-1
1093,6,-1,-1
1093,7,-1,-1
1094,0,0,160
1094,1,0,160
1094,2,-1,-1
1094,3,-1,-1
1094,4,-1,-1
1094,5,-1,-1
1094,6,-1,-1
1094,7,-1,-1
1095,0,0,160
1095,1,0,160
1095,2,-1,-1
1095,3,-1,-1
1095,4,-1,-1
1095,5,-1,-1
1095,6,-1,-1
1095,7,-1,-1
1096,0,0,160
1096,1,0,160
1096,2,-1,-1
1096,3,-1,-1
1096,4,-1,-1
1096,5,-1,-1
1096,6,-1,-1
1096,7,-1,-1
1097,0,0,160
1097,1,0,160
1097,2,-1,-1
1097,3,-1,-1
1097,4,-1,-1
1097,5,-1,-1
1097,6,-1,-1
1097,7,-1,-1
1098,0,0,160
1098,1,0,160
1098,2,-1,-1
1098,3,-1,-1
1098,4,-1,-1
1098,5,-1,-1
1098,6,-1,-1
1098,7,-1,-1
1099,0,0,160
1099,1,0,160
1099,2,-1,-1
1099,3,-1,-1
1099,4,-1,-1
1099,5,-1,-1
1099,6,-1,-1
1099,7,-1,-1
1100,0,0,160
1100,1,0,160
1100,2,-1,-1
1100,3,-1,-1
1100,4,-1,-1
1100,5,-1,-1
1100,6,-1,-1
1100,7,-1,-1
1101,0,0,160
1101,1,0,160
1101,2,-1,-1
1101,3,-1,-1
1101,4,-1,-1
1101,5,-1,-1
1101,6,-1,-1
1101,7,-1,-1
1102,0,0,160
1102,1,0,160
1102,2,-1,-1
1102,3,-1,-1
1102,4,-1,-1
1102,5,-1,-1
1102,6,-1,-1
1102,7,-1,-1
1103,0,0,160
1103,1,0,160
1103,2,-1,-1
1103,3,-1,-1
1103,4,-1,-1
1103,5,-1,-1
1103,6,-1,-1
1103,7,-1,-1
1104,0,0,160
1104,1,0,160
1104,2,-1,-1
1104,3,-1,-1
1104,4,-1,-1
1104,5,-1,-1
1104,6,-1,-1
1104,7,-1,-1
1105,0,0,160
1105,1,0,160
1105,2,-1,-1
1105,3,-1,-1
1105,4,-1,-1
1105,5,-1,-1
1105,6,-1,-1
1105,7,-1,-1
1106,0,0,160
1106,1,0,160
1106,2,-1,-1
1106,3,-1,-1
1106,4,-1,-1
1106,5,-1,-1
1106,6,-1,-1
1106,7,-1,-1
1107,0,0,160
1107,1,0,160
1107,2,-1,-1
1107,3,-1,-1
1107,4,-1,-1
1107,5,-1,-1
1107,6,-1,-1
1107,7,-1,-1
1108,0,0,160
1108,1,0,160
1108,2,-1,-1
1108,3,-1,-1
1108,4,-1,-1
1108,5,-1,-1
1108,6,-1,-1
1108,7,-1,-1
1109,0,0,160
1109,1,0,160
1109,2,-1,-1
1109,3,-1,-1
1109,4,-1,-1
1109,5,-1,-1
1109,6,-1,-1
1109,7,-1,-1
1110,0,0,160
1110,1,0,160
1110,2,-1,-1
1110,3,-1,-1
1110,4,-1,-1
1110,5,-1,-1
1110,6,-1,-1
1110,7,-1,-1
1111,0,0,160
1111,1,0,160
1111,2,-1,-1
1111,3,-1,-1
1111,4,-1,-1
1111,5,-1,-1
1111,6,-1,-1
1111,7,-1,-1
1112,0,0,160
1112,1,0,160
1112,2,-1,-1
1112,3,-1,-1
1112,4,-1,-1
1112,5,-1,-1
1112,6,-1,-1
1112,7,-1,-1
1113,0,0,160
1113,1,0,160
1113,2,-1,-1
1113,3,-1,-1
1113,4,-1,-1
1113,5,-1,-1
1113,6,-1,-1
1113,7,-1,-1
1114,0,0,160
1114,1,0,160
1114,2,-1,-1
1114,3,-1,-1
1114,4,-1,-1
1114,5,-1,-1
1114,6,-1,-1
1114,7,-1,-1
1115,0,0,160
1115,1,0,160
1115,2,-1,-1
1115,3,-1,-1
1115,4,-1,-1
1115,5,-1,-1
1115,6,-1,-1
1115,7,-1,-1
1116,0,0,160
1116,1,0,160
1116,2,-1,-1
1116,3,-1,-1
1116,4,-1,-1
1116,5,-1,-1
1116,6,-1,-1
1116,7,-1,-1
1117,0,0,160
1117,1,0,160
1117,2,-1,-1
1117,3,-1,-1
1117,4,-1,-1
1117,5,-1,-1
1117,6,-1,-1
1117,7,-1,-1
1118,0,0,160
1118,1,0,160
1118,2,-1,-1
1118,3,-1,-1
1118,4,-1,-1
1118,5,-1,-1
1118,6,-1,-1
1118,7,-1,-1
1119,0,0,160
1119,1,0,160
1119,2,-1,-1
1119,3,-1,-1
1119,4,-1,-1
1119,5,-1,-1
1119,6,-1,-1
1119,7,-1,-1
1120,0,0,160
1120,1,0,160
1120,2,-1,-1
1120,3,-1,-1
1120,4,-1,-1
1120,5,-1,-1
1120,6,-1,-1
1120,7,-1,-1
1121,0,0,160
1121,1,0,160
1121,2,-1,-1
1121,3,-1,-1
1121,4,-1,-1
1121,5,-1,-1
1121,6,-1,-1
1121,7,-1,-1
1122,0,0,160
1122,1,0,160
1122,2,-1,-1
1122,3,-1,-1
1122,4,-1,-1
1122,5,-1,-1
1122,6,-1,-1
1122,7,-1,-1
1123,0,0,160
1123,1,0,160
1123,2,-1,-1
1123,3,-1,-1
1123,4,-1,-1
1123,5,-1,-1
1123,6,-1,-1
1123,7,-1,-1
1124,0,0,160
1124,1,0,160
1124,2,-1,-1
1124,3,-1,-1
1124,4,-1,-1
1124,5,-1,-1
1124,6,-1,-1
1124,7,-1,-1
1125,0,0,160
1125,1,0,160
1125,2,-1,-1
1125,3,-1,-1
1125,4,-1,-1
1125,5,-1,-1
1125,6,-1,-1
1125,7,-1,-1
1126,0,0,160
1126,1,0,160
1126,2,-1,-1
1126,3,-1,-1
1126,4,-1,-1
1126,5,-1,-1
1126,6,-1,-1
1126,7,-1,-1
1127,0,0,160
1127,1,0,160
1127,2,-1,-1
1127,3,-1,-1
1127,4,-1,-1
1127,5,-1,-1
1127,6,-1,-1
1127,7,-1,-1
1128,0,0,160
1128,1,0,160
1128,2,-1,-1
1128,3,-1,-1
1128,4,-1,-1
1128,5,-1,-1
1128,6,-1,-1
1128,7,-1,-1
1129,0,0,160
1129,1,0,160
1129,2,-1,-1
1129,3,-1,-1
1129,4,-1,-1
1129,5,-1,-1
1129,6,-1,-1
1129,7,-1,-1
1130,0,0,160
1130,1,0,160
1130,2,-1,-1
1130,3,-1,-1
1130,4,-1,-1
1130,5,-1,-1
1130,6,-1,-1
1130,7,-1,-1
1131,0,0,160
1131,1,0,160
1131,2,-1,-1
1131,3,-1,-1
1131,4,-1,-1
1131,5,-1,-1
1131,6,-1,-1
1131,7,-1,-1
1132,0,0,160
1132,1,0,160
1132,2,-1,-1
1132,3,-1,-1
1132,4,-1,-1
1132,5,-1,-1
1132,6,-1,-1
1132,7,-1,-1
1133,0,0,160
1133,1,0,160
1133,2,-1,-1
1133,3,-1,-1
1133,4,-1,-1
1133,5,-1,-1
1133,6,-1,-1
1133,7,-1,-1
1134,0,0,160
1134,1,0,160
1134,2,-1,-1
1134,3,-1,-1
1134,4,-1,-1
1134,5,-1,-1
1134,6,-1,-1
1134,7,-1,-1
1135,0,0,160
1135,1,0,160
1135,2,-1,-1
1135,3,-1,-1
1135,4,-1,-1
1135,5,-1,-1
1135,6,-1,-1
1135,7,-1,-1
1136,0,0,160
1136,1,0,160
1136,2,-1,-1
1136,3,-1,-1
1136,4,-1,-1
1136,5,-1,-1
1136,6,-1,-1
1136,7,-1,-1
1137,0,0,160
1137,1,0,160
1137,2,-1,-1
1137,3,-1,-1
1137,4,-1,-1
1137,5,-1,-1
1137,6,-1,-1
1137,7,-1,-1
1138,0,0,160
1138,1,0,160
1138,2,-1,-1
1138,3,-1,-1
1138,4,-1,-1
1138,5,-1,-1
1138,6,-1,-1
1138,7,-1,-1
1139,0,0,160
1139,1,0,160
1139,2,-1,-1
1139,3,-1,-1
1139,4,-1,-1
1139,5,-1,-1
1139,6,-1,-1
1139,7,-1,-1
1140,0,0,160
1140,1,0,160
1140,2,-1,-1
1140,3,-1,-1
1140,4,-1,-1
1140,5,-1,-1
1140,6,-1,-1
1140,7,-1,-1
1141,0,0,160
1141,1,0,160
1141,2,-1,-1
1141,3,-1,-1
1141,4,-1,-1
1141,5,-1,-1
1141,6,-1,-1
1141,7,-1,-1
1142,0,0,160
1142,1,0,160
1142,2,-1,-1
1142,3,-1,-1
1142,4,-1,-1
1142,5,-1,-1
1142,6,-1,-1
1142,7,-1,-1
1143,0,0,160
1143,1,0,160
1143,2,-1,-1
1143,3,-1,-1
1143,4,-1,-1
1143,5,-1,-1
1143,6,-1,-1
1143,7,-1,-1
1144,0,0,160
1144,1,0,160
1144,2,-1,-1
1144,3,-1,-1
1144,4,-1,-1
1144,5,-1,-1
1144,6,-1,-1
1144,7,-1,-1
1145,0,0,160
1145,1,0,160
1145,2,-1,-1
1145,3,-1,-1
1145,4,-1,-1
1145,5,-1,-1
1145,6,-1,-1
1145,7,-1,-1
1146,0,0,160
1146,1,0,160
1146,2,-1,-1
1146,3,-1,-1
1146,4,-1,-1
1146,5,-1,-1
1146,6,-1,-1
1146,7,-1,-1
1147,0,0,160
1147,1,0,160
1147,2,-1,-1
1147,3,-1,-1
1147,4,-1,-1
1147,5,-1,-1
1147,6,-1,-1
1147,7,-1,-1
1148,0,0,160
1148,1,0,160
1148,2,-1,-1
1148,3,-1,-1
1148,4,-1,-1
1148,5,-1,-1
1148,6,-1,-1
1148,7,-1,-1
1149,0,0,160
1149,1,0,160
1149,2,-1,-1
1149,3,-1,-1
1149,4,-1,-1
1149,5,-1,-1
1149,6,-1,-1
1149,7,-1,-1
1150,0,0,160
1150,1,0,160
1150,2,-1,-1
1150,3,-1,-1
1150,4,-1,-1
1150,5,-1,-1
1150,6,-1,-1
1150,7,-1,-1
1151,0,0,160
1151,1,0,160
1151,2,-1,-1
1151,3,-1,-1
1151,4,-1,-1
1151,5,-1,-1
1151,6,-1,-1
1151,7,-1,-1
1152,0,0,160
1152,1,0,160
1152,2,-1,-1
1152,3,-1,-1
1152,4,-1,-1
1152,5,-1,-1
1152,6,-1,-1
1152,7,-1,-1
1153,0,0,160
1153,1,0,160
1153,2,-1,-1
1153,3,-1,-1
1153,4,-1,-1
1153,5,-1,-1
1153,6,-1,-1
1153,7,-1,-1
1154,0,0,160
1154,1,0,160
1154,2,-1,-1
1154,3,-1,-1
1154,4,-1,-1
1154,5,-1,-1
1154,6,-1,-1
1154,7,-1,-1
1155,0,0,160
1155,1,0,160
1155,2,-1,-1
1155,3,-1,-1
1155,4,-1,-1
1155,5,-1,-1
1155,6,-1,-1
1155,7,-1,-1
1156,0,0,160
1156,1,0,160
1156,2,-1,-1
1156,3,-1,-1
1156,4,-1,-1
1156,5,-1,-1
1156,6,-1,-1
1156,7,-1,-1
1157,0,0,160
1157,1,0,160
1157,2,-1,-1
1157,3,-1,-1
1157,4,-1,-1
1157,5,-1,-1
1157,6,-1,-1
1157,7,-1,-1
1158,0,0,160
1158,1,0,160
1158,2,-1,-1
1158,3,-1,-1
1158,4,-1,-1
1158,5,-1,-1
1158,6,-1,-1
1158,7,-1,-1
1159,0,0,160
1159,1,0,160
1159,2,-1,-1
1159,3,-1,-1
1159,4,-1,-1
1159,5,-1,-1
1159,6,-1,-1
1159,7,-1,-1
1160,0,0,160
1160,1,0,160
1160,2,-1,-1
1160,3,-1,-1
1160,4,-1,-1
1160,5,-1,-1
1160,6,-1,-1
1160,7,-1,-1
1161,0,0,160
1161,1,0,160
1161,2,-1,-1
1161,3,-1,-1
1161,4,-1,-1
1161,5,-1,-1
1161,6,-1,-1
1161,7,-1,-1
1162,0,0,160
1162,1,0,160
1162,2,-1,-1
1162,3,-1,-1
1162,4,-1,-1
1162,5,-1,-1
1162,6,-1,-1
1162,7,-1,-1
1163,0,0,160
1163,1,0,160
1163,2,-1,-1
1163,3,-1,-1
1163,4,-1,-1
1163,5,-1,-1
1163,6,-1,-1
1163,7,-1,-1
1164,0,0,160
1164,1,0,160
1164,2,-1,-1
1164,3,-1,-1
1164,4,-1,-1
1164,5,-1,-1
1164,6,-1,-1
1164,7,-1,-1
1165,0,0,160
1165,1,0,160
1165,2,-1,-1
1165,3,-1,-1
1165,4,-1,-1
1165,5,-1,-1
1165,6,-1,-1
1165,7,-1,-1
1166,0,0,160
1166,1,0,160
1166,2,-1,-1
1166,3,-1,-1
1166,4,-1,-1
1166,5,-1,-1
1166,6,-1,-1
1166,7,-1,-1
1167,0,0,160
1167,1,0,160
1167,2,-1,-1
1167,3,-1,-1
1167,4,-1,-1
1167,5,-1,-1
1167,6,-1,-1
1167,7,-1,-1
1168,0,0,160
1168,1,0,160
1168,2,-1,-1
1168,3,-1,-1
1168,4,-1,-1
1168,5,-1,-1
1168,6,-1,-1
1168,7,-1,-1
1169,0,0,160
1169,1,0,160
1169,2,-1,-1
1169,3,-1,-1
1169,4,-1,-1
1169,5,-1,-1
1169,6,-1,-1
1169,7,-1,-1
1170,0,0,160
1170,1,0,160
1170,2,-1,-1
1170,3,-1,-1
1170,4,-1,-1
1170,5,-1,-1
1170,6,-1,-1
1170,7,-1,-1
1171,0,0,160
1171,1,0,160
1171,2,-1,-1
1171,3,-1,-1
1171,4,-1,-1
1171,5,-1,-1
1171,6,-1,-1
1171,7,-1,-1
1172,0,0,160
1172,1,0,160
1172,2,-1,-1
1172,3,-1,-1
1172,4,-1,-1
1172,5,-1,-1
1172,6,-1,-1
1172,7,-1,-1
1173,0,0,160
1173,1,0,160
1173,2,-1,-1
1173,3,-1,-1
1173,4,-1,-1
1173,5,-1,-1
1173,6,-1,-1
1173,7,-1,-1
1174,0,0,160
1174,1,0,160
1174,2,-1,-1
1174,3,-1,-1
1174,4,-1,-1
1174,5,-1,-1
1174,6,-1,-1
1174,7,-1,-1
1175,0,0,160
1175,1,0,160
1175,2,-1,-1
1175,3,-1,-1
1175,4,-1,-1
1175,5,-1,-1
1175,6,-1,-1
1175,7,-1,-1
1176,0,0,160
1176,1,0,160
1176,2,-1,-1
1176,3,-1,-1
1176,4,-1,-1
1176,5,-1,-1
1176,6,-1,-1
1176,7,-1,-1
1177,0,0,160
1177,1,0,160
1177,2,-1,-1
1177,3,-1,-1
1177,4,-1,-1
1177,5,-1,-1
1177,6,-1,-1
1177,7,-1,-1
1178,0,0,160
1178,1,0,160
1178,2,-1,-1
1178,3,-1,-1
1178,4,-1,-1
1178,5,-1,-1
1178,6,-1,-1
1178,7,-1,-1
1179,0,0,160
1179,1,0,160
1179,2,-1,-1
1179,3,-1,-1
1179,4,-1,-1
1179,5,-1,-1
1179,6,-1,-1
1179,7,-1,-1
1180,0,0,160
1180,1,0,160
1180,2,-1,-1
1180,3,-1,-1
1180,4,-1,-1
1180,5,-1,-1
1180,6,-1,-1
1180,7,-1,-1
1181,0,0,160
1181,1,0,160
1181,2,-1,-1
1181,3,-1,-1
1181,4,-1,-1
1181,5,-1,-1
1181,6,-1,-1
1181,7,-1,-1
1182,0,0,160
1182,1,0,160
1182,2,-1,-1
1182,3,-1,-1
1182,4,-1,-1
1182,5,-1,-1
1182,6,-1,-1
1182,7,-1,-1
1183,0,0,160
1183,1,0,160
1183,2,-1,-1
1183,3,-1,-1
1183,4,-1,-1
1183,5,-1,-1
1183,6,-1,-1
1183,7,-1,-1
1184,0,0,160
1184,1,0,160
1184,2,-1,-1
1184,3,-1,-1
1184,4,-1,-1
1184,5,-1,-1
1184,6,-1,-1
1184,7,-1,-1
1185,0,0,160
1185,1,0,160
1185,2,-1,-1
1185,3,-1,-1
1185,4,-1,-1
1185,5,-1,-1
1185,6,-1,-1
1185,7,-1,-1
1186,0,0,160
1186,1,0,160
1186,2,-1,-1
1186,3,-1,-1
1186,4,-1,-1
1186,5,-1,-1
1186,6,-1,-1
1186,7,-1,-1
1187,0,0,160
1187,1,0,160
1187,2,-1,-1
1187,3,-1,-1
1187,4,-1,-1
1187,5,-1,-1
1187,6,-1,-1
1187,7,-1,-1
1188,0,0,160
1188,1,0,160
1188,2,-1,-1
1188,3,-1,-1
1188,4,-1,-1
1188,5,-1,-1
1188,6,-1,-1
1188,7,-1,-1
1189,0,0,160
1189,1,0,160
1189,2,-1,-1
1189,3,-1,-1
1189,4,-1,-1
1189,5,-1,-1
1189,6,-1,-1
1189,7,-1,-1
1190,0,0,160
1190,1,0,160
1190,2,-1,-1
1190,3,-1,-1
1190,4,-1,-1
1190,5,-1,-1
1190,6,-1,-1
1190,7,-1,-1
1191,0,0,160
1191,1,0,160
1191,2,-1,-1
1191,3,-1,-1
1191,4,-1,-1
1191,5,-1,-1
1191,6,-1,-1
1191,7,-1,-1
1192,0,0,160
1192,1,0,160
1192,2,-1,-1
1192,3,-1,-1
1192,4,-1,-1
1192,5,-1,-1
1192,6,-1,-1
1192,7,-1,-1
1193,0,0,160
1193,1,0,160
1193,2,-1,-1
1193,3,-1,-1
1193,4,-1,-1
1193,5,-1,-1
1193,6,-1,-1
1193,7,-1,-1
1194,0,0,160
1194,1,0,160
1194,2,-1,-1
1194,3,-1,-1
1194,4,-1,-1
1194,5,-1,-1
1194,6,-1,-1
1194,7,-1,-1
1195,0,0,160
1195,1,0,160
1195,2,-1,-1
1195,3,-1,-1
1195,4,-1,-1
1195,5,-1,-1
1195,6,-1,-1
1195,7,-1,-1
1196,0,0,160
1196,1,0,160
1196,2,-1,-1
1196,3,-1,-1
1196,4,-1,-1
1196,5,-1,-1
1196,6,-1,-1
1196,7,-1,-1
1197,0,0,160
1197,1,0,160
1197,2,-1,-1
1197,3,-1,-1
1197,4,-1,-1
1197,5,-1,-1
1197,6,-1,-1
1197,7,-1,-1
1198,0,0,160
1198,1,0,160
1198,2,-1,-1
1198,3,-1,-1
1198,4,-1,-1
1198,5,-1,-1
1198,6,-1,-1
1198,7,-1,-1
1199,0,0,160
1199,1,0,160
1199,2,-1,-1
1199,3,-1,-1
1199,4,-1,-1
1199,5,-1,-1
1199,6,-1,-1
1199,7,-1,-1
1200,0,0,160
1200,1,0,160
1200,2,-1,-1
1200,3,-1,-1
1200,4,-1,-1
1200,5,-1,-1
1200,6,-1,-1
1200,7,-1,-1
1201,0,0,160
1201,1,0,160
1201,2,-1,-1
1201,3,-1,-1
1201,4,-1,-1
1201,5,-1,-1
1201,6,-1,-1
1201,7,-1,-1
1202,0,0,160
1202,1,0,160
1202,2,-1,-1
1202,3,-1,-1
1202,4,-1,-1
1202,5,-1,-1
1202,6,-1,-1
1202,7,-1,-1
1203,0,0,160
1203,1,0,160
1203,2,-1,-1
1203,3,-1,-1
1203,4,-1,-1
1203,5,-1,-1
1203,6,-1,-1
1203,7,-1,-1
1204,0,0,160
1204,1,0,160
1204,2,-1,-1
1204,3,-1,-1
1204,4,-1,-1
1204,5,-1,-1
1204,6,-1,-1
1204,7,-1,-1
1205,0,0,160
1205,1,0,160
1205,2,-1,-1
1205,3,-1,-1
1205,4,-1,-1
1205,5,-1,-1
1205,6,-1,-1
1205,7,-1,-1
1206,0,0,160
1206,1,0,160
1206,2,-1,-1
1206,3,-1,-1
1206,4,-1,-1
1206,5,-1,-1
1206,6,-1,-1
1206,7,-1,-1
1207,0,0,160
1207,1,0,160
1207,2,-1,-1
1207,3,-1,-1
1207,4,-1,-1
1207,5,-1,-1
1207,6,-1,-1
1207,7,-1,-1
1208,0,0,160
1208,1,0,160
1208,2,-1,-1
1208,3,-1,-1
1208,4,-1,-1
1208,5,-1,-1
1208,6,-1,-1
1208,7,-1,-1
1209,0,0,160
1209,1,0,160
1209,2,-1,-1
1209,3,-1,-1
1209,4,-1,-1
1209,5,-1,-1
1209,6,-1,-1
1209,7,-1,-1
1210,0,0,160
1210,1,0,160
1210,2,-1,-1
1210,3,-1,-1
1210,4,-1,-1
1210,5,-1,-1
1210,6,-1,-1
1210,7,-1,-1
1211,0,0,160
1211,1,0,160
1211,2,-1,-1
1211,3,-1,-1
1211,4,-1,-1
1211,5,-1,-1
1211,6,-1,-1
1211,7,-1,-1
1212,0,0,160
1212,1,0,160
1212,2,-1,-1
1212,3,-1,-1
1212,4,-1,-1
1212,5,-1,-1
1212,6,-1,-1
1212,7,-1,-1
1213,0,0,160
1213,1,0,160
1213,2,-1,-1
1213,3,-1,-1
1213,4,-1,-1
1213,5,-1,-1
1213,6,-1,-1
1213,7,-1,-1
1214,0,0,160
1214,1,0,160
1214,2,-1,-1
1214,3,-1,-1
1214,4,-1,-1
1214,5,-1,-1
1214,6,-1,-1
1214,7,-1,-1
1215,0,0,160
1215,1,0,160
1215,2,-1,-1
1215,3,-1,-1
1215,4,-1,-1
1215,5,-1,-1
1215,6,-1,-1
1215,7,-1,-1
1216,0,0,160
1216,1,0,160
1216,2,-1,-1
1216,3,-1,-1
1216,4,-1,-1
1216,5,-1,-1
1216,6,-1,-1
1216,7,-1,-1
1217,0,0,160
1217,1,0,160
1217,2,-1,-1
1217,3,-1,-1
1217,4,-1,-1
1217,5,-1,-1
1217,6,-1,-1
1217,7,-1,-1
1218,0,0,160
1218,1,0,160
1218,2,-1,-1
1218,3,-1,-1
1218,4,-1,-1
1218,5,-1,-1
1218,6,-1,-1
1218,7,-1,-1
1219,0,0,160
1219,1,0,160
1219,2,-1,-1
1219,3,-1,-1
1219,4,-1,-1
1219,5,-1,-1
1219,6,-1,-1
1219,7,-1,-1
1220,0,0,160
1220,1,0,160
1220,2,-1,-1
1220,3,-1,-1
1220,4,-1,-1
1220,5,-1,-1
1220,6,-1,-1
1220,7,-1,-1
1221,0,0,160
1221,1,0,160
1221,2,-1,-1
1221,3,-1,-1
1221,4,-1,-1
1221,5,-1,-1
1221,6,-1,-1
1221,7,-1,-1
1222,0,0,160
1222,1,0,160
1222,2,-1,-1
1222,3,-1,-1
1222,4,-1,-1
1222,5,-1,-1
1222,6,-1,-1
1222,7,-1,-1
1223,0,0,160
1223,1,0,160
1223,2,-1,-1
1223,3,-1,-1
1223,4,-1,-1
1223,5,-1,-1
1223,6,-1,-1
1223,7,-1,-1
1224,0,0,160
1224,1,0,160
1224,2,-1,-1
1224,3,-1,-1
1224,4,-1,-1
1224,5,-1,-1
1224,6,-1,-1
1224,7,-1,-1
1225,0,0,160
1225,1,0,160
1225,2,-1,-1
1225,3,-1,-1
1225,4,-1,-1
1225,5,-1,-1
1225,6,-1,-1
1225,7,-1,-1
1226,0,0,160
1226,1,0,160
1226,2,-1,-1
1226,3,-1,-1
1226,4,-1,-1
1226,5,-1,-1
1226,6,-1,-1
1226,7,-1,-1
1227,0,0,160
1227,1,0,160
1227,2,-1,-1
1227,3,-1,-1
1227,4,-1,-1
1227,5,-1,-1
1227,6,-1,-1
1227,7,-1,-1
1228,0,0,160
1228,1,0,160
1228,2,-1,-1
1228,3,-1,-1
1228,4,-1,-1
1228,5,-1,-1
1228,6,-1,-1
1228,7,-1,-1
1229,0,0,160
1229,1,0,160
1229,2,-1,-1
1229,3,-1,-1
1229,4,-1,-1
1229,5,-1,-1
1229,6,-1,-1
1229,7,-1,-1
1230,0,0,160
1230,1,0,160
1230,2,-1,-1
1230,3,-1,-1
1230,4,-1,-1
1230,5,-1,-1
1230,6,-1,-1
1230,7,-1,-1
1231,0,0,160
1231,1,0,160
1231,2,-1,-1
1231,3,-1,-1
1231,4,-1,-1
1231,5,-1,-1
1231,6,-1,-1
1231,7,-1,-1
1232,0,0,160
1232,1,0,160
1232,2,-1,-1
1232,3,-1,-1
1232,4,-1,-1
1232,5,-1,-1
1232,6,-1,-1
1232,7,-1,-1
1233,0,0,160
1233,1,0,160
1233,2,-1,-1
1233,3,-1,-1
1233,4,-1,-1
1233,5,-1,-1
1233,6,-1,-1
1233,7,-1,-1
1234,0,0,160
1234,1,0,160
1234,2,-1,-1
1234,3,-1,-1
1234,4,-1,-1
1234,5,-1,-1
1234,6,-1,-1
1234,7,-1,-1
1235,0,0,160
1235,1,0,160
1235,2,-1,-1
1235,3,-1,-1
1235,4,-1,-1
1235,5,-1,-1
1235,6,-1,-1
1235,7,-1,-1
1236,0,0,160
1236,1,0,160
1236,2,-1,-1
1236,3,-1,-1
1236,4,-1,-1
1236,5,-1,-1
1236,6,-1,-1
1236,7,-1,-1
1237,0,0,160
1237,1,0,160
1237,2,-1,-1
1237,3,-1,-1
1237,4,-1,-1
1237,5,-1,-1
1237,6,-1,-1
1237,7,-1,-1
1238,0,0,160
1238,1,0,160
1238,2,-1,-1
1238,3,-1,-1
1238,4,-1,-1
1238,5,-1,-1
1238,6,-1,-1
1238,7,-1,-1
1239,0,0,160
1239,1,0,160
1239,2,-1,-1
1239,3,-1,-1
1239,4,-1,-1
1239,5,-1,-1
1239,6,-1,-1
1239,7,-1,-1
1240,0,0,160
1240,1,0,160
1240,2,-1,-1
1240,3,-1,-1
1240,4,-1,-1
1240,5,-1,-1
1240,6,-1,-1
1240,7,-1,-1
1241,0,0,160
1241,1,0,160
1241,2,-1,-1
1241,3,-1,-1
1241,4,-1,-1
1241,5,-1,-1
1241,6,-1,-1
1241,7,-1,-1
1242,0,0,160
1242,1,0,160
1242,2,-1,-1
1242,3,-1,-1
1242,4,-1,-1
1242,5,-1,-1
1242,6,-1,-1
1242,7,-1,-1
1243,0,0,160
1243,1,0,160
1243,2,-1,-1
1243,3,-1,-1
1243,4,-1,-1
1243,5,-1,-1
1243,6,-1,-1
1243,7,-1,-1
1244,0,0,160
1244,1,0,160
1244,2,-1,-1
1244,3,-1,-1
1244,4,-1,-1
1244,5,-1,-1
1244,6,-1,-1
1244,7,-1,-1
1245,0,0,160
1245,1,0,160
1245,2,-1,-1
1245,3,-1,-1
1245,4,-1,-1
1245,5,-1,-1
1245,6,-1,-1
1245,7,-1,-1
1246,0,0,160
1246,1,0,160
1246,2,-1,-1
1246,3,-1,-1
1246,4,-1,-1
1246,5,-1,-1
1246,6,-1,-1
1246,7,-1,-1
1247,0,0,160
1247,1,0,160
1247,2,-1,-1
1247,3,-1,-1
1247,4,-1,-1
1247,5,-1,-1
1247,6,-1,-1
1247,7,-1,-1
1248,0,0,160
1248,1,0,160
1248,2,-1,-1
1248,3,-1,-1
1248,4,-1,-1
1248,5,-1,-1
1248,6,-1,-1
1248,7,-1,-1
1249,0,0,160
1249,1,0,160
1249,2,-1,-1
1249,3,-1,-1
1249,4,-1,-1
1249,5,-1,-1
1249,6,-1,-1
1249,7,-1,-1
1250,0,0,160
1250,1,0,160
1250,2,-1,-1
1250,3,-1,-1
1250,4,-1,-1
1250,5,-1,-1
1250,6,-1,-1
1250,7,-1,-1
1251,0,0,160
1251,1,0,160
1251,2,-1,-1
1251,3,-1,-1
1251,4,-1,-1
1251,5,-1,-1
1251,6,-1,-1
1251,7,-1,-1
1252,0,0,160
1252,1,0,160
1252,2,-1,-1
1252,3,-1,-1
1252,4,-1,-1
1252,5,-1,-1
1252,6,-1,-1
1252,7,-1,-1
1253,0,0,160
1253,1,0,160
1253,2,-1,-1
1253,3,-1,-1
1253,4,-1,-1
1253,5,-1,-1
1253,6,-1,-1
1253,7,-1,-1
1254,0,0,160
1254,1,0,160
1254,2,-1,-1
1254,3,-1,-1
1254,4,-1,-1
1254,5,-1,-1
1254,6,-1,-1
1254,7,-1,-1
1255,0,0,160
1255,1,0,160
1255,2,-1,-1
1255,3,-1,-1
1255,4,-1,-1
1255,5,-1,-1
1255,6,-1,-1
1255,7,-1,-1
1256,0,0,160
1256,1,0,160
1256,2,-1,-1
1256,3,-1,-1
1256,4,-1,-1
1256,5,-1,-1
1256,6,-1,-1
1256,7,-1,-1
1257,0,0,160
1257,1,0,160
1257,2,-1,-1
1257,3,-1,-1
1257,4,-1,-1
1257,5,-1,-1
1257,6,-1,-1
1257,7,-1,-1
1258,0,0,160
1258,1,0,160
1258,2,-1,-1
1258,3,-1,-1
1258,4,-1,-1
1258,5,-1,-1
1258,6,-1,-1
1258,7,-1,-1
1259,0,0,160
1259,1,0,160
1259,2,-1,-1
1259,3,-1,-1
1259,4,-1,-1
1259,5,-1,-1
1259,6,-1,-1
1259,7,-1,-1
1260,0,0,160
1260,1,0,160
1260,2,-1,-1
1260,3,-1,-1
1260,4,-1,-1
1260,5,-1,-1
1260,6,-1,-1
1260,7,-1,-1
1261,0,0,160
1261,1,0,160
1261,2,-1,-1
1261,3,-1,-1
1261,4,-1,-1
1261,5,-1,-1
1261,6,-1,-1
1261,7,-1,-1
1262,0,0,160
1262,1,0,160
1262,2,-1,-1
1262,3,-1,-1
1262,4,-1,-1
1262,5,-1,-1
1262,6,-1,-1
1262,7,-1,-1
1263,0,0,160
1263,1,0,160
1263,2,-1,-1
1263,3,-1,-1
1263,4,-1,-1
1263,5,-1,-1
1263,6,-1,-1
1263,7,-1,-1
1264,0,0,160
1264,1,0,160
1264,2,-1,-1
1264,3,-1,-1
1264,4,-1,-1
1264,5,-1,-1
1264,6,-1,-1
1264,7,-1,-1
1265,0,0,160
1265,1,0,160
1265,2,-1,-1
1265,3,-1,-1
1265,4,-1,-1
1265,5,-1,-1
1265,6,-1,-1
1265,7,-1,-1
1266,0,0,160
1266,1,0,160
1266,2,-1,-1
1266,3,-1,-1
1266,4,-1,-1
1266,5,-1,-1
1266,6,-1,-1
1266,7,-1,-1
1267,0,0,160
1267,1,0,160
1267,2,-1,-1
1267,3,-1,-1
1267,4,-1,-1
1267,5,-1,-1
1267,6,-1,-1
1267,7,-1,-1
1268,0,0,160
1268,1,0,160
1268,2,-1,-1
1268,3,-1,-1
1268,4,-1,-1
1268,5,-1,-1
1268,6,-1,-1
1268,7,-1,-1
1269,0,0,160
1269,1,0,160
1269,2,-1,-1
1269,3,-1,-1
1269,4,-1,-1
1269,5,-1,-1
1269,6,-1,-1
1269,7,-1,-1
1270,0,0,160
1270,1,0,160
1270,2,-1,-1
1270,3,-1,-1
1270,4,-1,-1
1270,5,-1,-1
1270,6,-1,-1
1270,7,-1,-1
1271,0,0,160
1271,1,0,160
1271,2,-1,-1
1271,3,-1,-1
1271,4,-1,-1
1271,5,-1,-1
1271,6,-1,-1
1271,7,-1,-1
1272,0,0,160
1272,1,0,160
1272,2,-1,-1
1272,3,-1,-1
1272,4,-1,-1
1272,5,-1,-1
1272,6,-1,-1
1272,7,-1,-1
1273,0,0,160
1273,1,0,160
1273,2,-1,-1
1273,3,-1,-1
1273,4,-1,-1
1273,5,-1,-1
1273,6,-1,-1
1273,7,-1,-1
1274,0,0,160
1274,1,0,160
1274,2,-1,-1
1274,3,-1,-1
1274,4,-1,-1
1274,5,-1,-1
1274,6,-1,-1
1274,7,-1,-1
1275,0,0,160
1275,1,0,160
1275,2,-1,-1
1275,3,-1,-1
1275,4,-1,-1
1275,5,-1,-1
1275,6,-1,-1
1275,7,-1,-1
1276,0,0,160
1276,1,0,160
1276,2,-1,-1
1276,3,-1,-1
1276,4,-1,-1
1276,5,-1,-1
1276,6,-1,-1
1276,7,-1,-1
1277,0,0,160
1277,1,0,160
1277,2,-1,-1
1277,3,-1,-1
1277,4,-1,-1
1277,5,-1,-1
1277,6,-1,-1
1277,7,-1,-1
1278,0,0,160
1278,1,0,160
1278,2,-1,-1
1278,3,-1,-1
1278,4,-1,-1
1278,5,-1,-1
1278,6,-1,-1
1278,7,-1,-1
1279,0,0,160
1279,1,0,160
1279,2,-1,-1
1279,3,-1,-1
1279,4,-1,-1
1279,5,-1,-1
1279,6,-1,-1
1279,7,-1,-1
1280,0,0,160
1280,1,0,160
1280,2,-1,-1
1280,3,-1,-1
1280,4,-1,-1
1280,5,-1,-1
1280,6,-1,-1
1280,7,-1,-1
1281,0,0,160
1281,1,0,160
1281,2,-1,-1
1281,3,-1,-1
1281,4,-1,-1
1281,5,-1,-1
1281,6,-1,-1
1281,7,-1,-1
1282,0,0,160
1282,1,0,160
1282,2,-1,-1
1282,3,-1,-1
1282,4,-1,-1
1282,5,-1,-1
1282,6,-1,-1
1282,7,-1,-1
1283,0,0,160
1283,1,0,160
1283,2,-1,-1
1283,3,-1,-1
1283,4,-1,-1
1283,5,-1,-1
1283,6,-1,-1
1283,7,-1,-1
1284,0,0,160
1284,1,0,160
1284,2,-1,-1
1284,3,-1,-1
1284,4,-1,-1
1284,5,-1,-1
1284,6,-1,-1
1284,7,-1,-1
1285,0,0,160
1285,1,0,160
1285,2,-1,-1
1285,3,-1,-1
1285,4,-1,-1
1285,5,-1,-1
1285,6,-1,-1
1285,7,-1,-1
1286,0,0,160
1286,1,0,160
1286,2,-1,-1
1286,3,-1,-1
1286,4,-1,-1
1286,5,-1,-1
1286,6,-1,-1
1286,7,-1,-1
1287,0,0,160
1287,1,0,160
1287,2,-1,-1
1287,3,-1,-1
1287,4,-1,-1
1287,5,-1,-1
1287,6,-1,-1
1287,7,-1,-1
1288,0,0,160
1288,1,0,160
1288,2,-1,-1
1288,3,-1,-1
1288,4,-1,-1
1288,5,-1,-1
1288,6,-1,-1
1288,7,-1,-1
1289,0,0,160
1289,1,0,160
1289,2,-1,-1
1289,3,-1,-1
1289,4,-1,-1
1289,5,-1,-1
1289,6,-1,-1
1289,7,-1,-1
1290,0,0,160
1290,1,0,160
1290,2,-1,-1
1290,3,-1,-1
1290,4,-1,-1
1290,5,-1,-1
1290,6,-1,-1
1290,7,-1,-1
1291,0,0,160
1291,1,0,160
1291,2,-1,-1
1291,3,-1,-1
1291,4,-1,-1
1291,5,-1,-1
1291,6,-1,-1
1291,7,-1,-1
1292,0,0,160
1292,1,0,160
1292,2,-1,-1
1292,3,-1,-1
1292,4,-1,-1
1292,5,-1,-1
1292,6,-1,-1
1292,7,-1,-1
1293,0,0,160
1293,1,0,160
1293,2,-1,-1
1293,3,-1,-1
1293,4,-1,-1
1293,5,-1,-1
1293,6,-1,-1
1293,7,-1,-1
1294,0,0,160
1294,1,0,160
1294,2,-1,-1
1294,3,-1,-1
1294,4,-1,-1
1294,5,-1,-1
1294,6,-1,-1
1294,7,-1,-1
1295,0,0,160
1295,1,0,160
1295,2,-1,-1
1295,3,-1,-1
1295,4,-1,-1
1295,5,-1,-1
1295,6,-1,-1
1295,7,-1,-1
1296,0,0,160
1296,1,0,160
1296,2,-1,-1
1296,3,-1,-1
1296,4,-1,-1
1296,5,-1,-1
1296,6,-1,-1
1296,7,-1,-1
1297,0,0,160
1297,1,0,160
1297,2,-1,-1
1297,3,-1,-1
1297,4,-1,-1
1297,5,-1,-1
1297,6,-1,-1
1297,7,-1,-1
1298,0,0,160
1298,1,0,160
1298,2,-1,-1
1298,3,-1,-1
1298,4,-1,-1
1298,5,-1,-1
1298,6,-1,-1
1298,7,-1,-1
1299,0,0,160
1299,1,0,160
1299,2,-1,-1
1299,3,-1,-1
1299,4,-1,-1
1299,5,-1,-1
1299,6,-1,-1
1299,7,-1,-1
1300,0,0,160
1300,1,0,160
1300,2,-1,-1
1300,3,-1,-1
1300,4,-1,-1
1300,5,-1,-1
1300,6,-1,-1
1300,7,-1,-1
1301,0,0,160
1301,1,0,160
1301,2,-1,-1
1301,3,-1,-1
1301,4,-1,-1
1301,5,-1,-1
1301,6,-1,-1
1301,7,-1,-1
1302,0,0,160
1302,1,0,160
1302,2,-1,-1
1302,3,-1,-1
1302,4,-1,-1
1302,5,-1,-1
1302,6,-1,-1
1302,7,-1,-1
1303,0,0,160
1303,1,0,160
1303,2,-1,-1
1303,3,-1,-1
1303,4,-1,-1
1303,5,-1,-1
1303,6,-1,-1
1303,7,-1,-1
1304,0,0,160
1304,1,0,160
1304,2,-1,-1
1304,3,-1,-1
1304,4,-1,-1
1304,5,-1,-1
1304,6,-1,-1
1304,7,-1,-1
1305,0,0,160
1305,1,0,160
1305,2,-1,-1
1305,3,-1,-1
1305,4,-1,-1
1305,5,-1,-1
1305,6,-1,-1
1305,7,-1,-1
1306,0,0,160
1306,1,0,160
1306,2,-1,-1
1306,3,-1,-1
1306,4,-1,-1
1306,5,-1,-1
1306,6,-1,-1
1306,7,-1,-1
1307,0,0,160
1307,1,0,160
1307,2,-1,-1
1307,3,-1,-1
1307,4,-1,-1
1307,5,-1,-1
1307,6,-1,-1
1307,7,-1,-1
1308,0,0,160
1308,1,0,160
1308,2,-1,-1
1308,3,-1,-1
1308,4,-1,-1
1308,5,-1,-1
1308,6,-1,-1
1308,7,-1,-1
1309,0,0,160
1309,1,0,160
1309,2,-1,-1
1309,3,-1,-1
1309,4,-1,-1
1309,5,-1,-1
1309,6,-1,-1
1309,7,-1,-1
1310,0,0,160
1310,1,0,160
1310,2,-1,-1
1310,3,-1,-1
1310,4,-1,-1
1310,5,-1,-1
1310,6,-1,-1
1310,7,-1,-1
1311,0,0,160
1311,1,0,160
1311,2,-1,-1
1311,3,-1,-1
1311,4,-1,-1
1311,5,-1,-1
1311,6,-1,-1
1311,7,-1,-1
1312,0,0,160
1312,1,0,160
1312,2,-1,-1
1312,3,-1,-1
1312,4,-1,-1
1312,5,-1,-1
1312,6,-1,-1
1312,7,-1,-1
1313,0,0,160
1313,1,0,160
1313,2,-1,-1
1313,3,-1,-1
1313,4,-1,-1
1313,5,-1,-1
1313,6,-1,-1
1313,7,-1,-1
1314,0,0,160
1314,1,0,160
1314,2,-1,-1
1314,3,-1,-1
1314,4,-1,-1
1314,5,-1,-1
1314,6,-1,-1
1314,7,-1,-1
1315,0,0,160
1315,1,0,160
1315,2,-1,-1
1315,3,-1,-1
1315,4,-1,-1
1315,5,-1,-1
1315,6,-1,-1
1315,7,-1,-1
1316,0,0,160
1316,1,0,160
1316,2,-1,-1
1316,3,-1,-1
1316,4,-1,-1
1316,5,-1,-1
1316,6,-1,-1
1316,7,-1,-1
1317,0,0,160
1317,1,0,160
1317,2,-1,-1
1317,3,-1,-1
1317,4,-1,-1
1317,5,-1,-1
1317,6,-1,-1
1317,7,-1,-1
1318,0,0,160
1318,1,0,160
1318,2,-1,-1
1318,3,-1,-1
1318,4,-1,-1
1318,5,-1,-1
1318,6,-1,-1
1318,7,-1,-1
1319,0,0,160
1319,1,0,160
1319,2,-1,-1
1319,3,-1,-1
1319,4,-1,-1
1319,5,-1,-1
1319,6,-1,-1
1319,7,-1,-1
1320,0,0,160
1320,1,0,160
1320,2,-1,-1
1320,3,-1,-1
1320,4,-1,-1
1320,5,-1,-1
1320,6,-1,-1
1320,7,-1,-1
1321,0,0,160
1321,1,0,160
1321,2,-1,-1
1321,3,-1,-1
1321,4,-1,-1
1321,5,-1,-1
1321,6,-1,-1
1321,7,-1,-1
1322,0,0,160
1322,1,0,160
1322,2,-1,-1
1322,3,-1,-1
1322,4,-1,-1
1322,5,-1,-1
1322,6,-1,-1
1322,7,-1,-1
1323,0,0,160
1323,1,0,160
1323,2,-1,-1
1323,3,-1,-1
1323,4,-1,-1
1323,5,-1,-1
1323,6,-1,-1
1323,7,-1,-1
1324,0,0,160
1324,1,0,160
1324,2,-1,-1
1324,3,-1,-1
1324,4,-1,-1
1324,5,-1,-1
1324,6,-1,-1
1324,7,-1,-1
1325,0,0,160
1325,1,0,160
1325,2,-1,-1
1325,3,-1,-1
1325,4,-1,-1
1325,5,-1,-1
1325,6,-1,-1
1325,7,-1,-1
1326,0,0,160
1326,1,0,160
1326,2,-1,-1
1326,3,-1,-1
1326,4,-1,-1
1326,5,-1,-1
1326,6,-1,-1
1326,7,-1,-1
1327,0,0,160
1327,1,0,160
1327,2,-1,-1
1327,3,-1,-1
1327,4,-1,-1
1327,5,-1,-1
1327,6,-1,-1
1327,7,-1,-1
1328,0,0,160
1328,1,0,160
1328,2,-1,-1
1328,3,-1,-1
1328,4,-1,-1
1328,5,-1,-1
1328,6,-1,-1
1328,7,-1,-1
1329,0,0,160
1329,1,0,160
1329,2,-1,-1
1329,3,-1,-1
1329,4,-1,-1
1329,5,-1,-1
1329,6,-1,-1
1329,7,-1,-1
1330,0,0,160
1330,1,0,160
1330,2,-1,-1
1330,3,-1,-1
1330,4,-1,-1
1330,5,-1,-1
1330,6,-1,-1
1330,7,-1,-1
1331,0,0,160
1331,1,0,160
1331,2,-1,-1
1331,3,-1,-1
1331,4,-1,-1
1331,5,-1,-1
1331,6,-1,-1
1331,7,-1,-1
1332,0,0,160
1332,1,0,160
1332,2,-1,-1
1332,3,-1,-1
1332,4,-1,-1
1332,5,-1,-1
1332,6,-1,-1
1332,7,-1,-1
1333,0,0,160
1333,1,0,160
1333,2,-1,-1
1333,3,-1,-1
1333,4,-1,-1
1333,5,-1,-1
1333,6,-1,-1
1333,7,-1,-1
1334,0,0,160
1334,1,0,160
1334,2,-1,-1
1334,3,-1,-1
1334,4,-1,-1
1334,5,-1,-1
1334,6,-1,-1
1334,7,-1,-1
1335,0,0,160
1335,1,0,160
1335,2,-1,-1
1335,3,-1,-1
1335,4,-1,-1
1335,5,-1,-1
1335,6,-1,-1
1335,7,-1,-1
1336,0,0,160
1336,1,0,160
1336,2,-1,-1
1336,3,-1,-1
1336,4,-1,-1
1336,5,-1,-1
1336,6,-1,-1
1336,7,-1,-1
1337,0,0,160
1337,1,0,160
1337,2,-1,-1
1337,3,-1,-1
1337,4,-1,-1
1337,5,-1,-1
1337,6,-1,-1
1337,7,-1,-1
1338,0,0,160
1338,1,0,160
1338,2,-1,-1
1338,3,-1,-1
1338,4,-1,-1
1338,5,-1,-1
1338,6,-1,-1
1338,7,-1,-1
1339,0,0,160
1339,1,0,160
1339,2,-1,-1
1339,3,-1,-1
1339,4,-1,-1
1339,5,-1,-1
1339,6,-1,-1
1339,7,-1,-1
1340,0,0,160
1340,1,0,160
1340,2,-1,-1
1340,3,-1,-1
1340,4,-1,-1
1340,5,-1,-1
1340,6,-1,-1
1340,7,-1,-1
1341,0,0,160
1341,1,0,160
1341,2,-1,-1
1341,3,-1,-1
1341,4,-1,-1
1341,5,-1,-1
1341,6,-1,-1
1341,7,-1,-1
1342,0,0,160
1342,1,0,160
1342,2,-1,-1
1342,3,-1,-1
1342,4,-1,-1
1342,5,-1,-1
1342,6,-1,-1
1342,7,-1,-1
1343,0,0,160
1343,1,0,160
1343,2,-1,-1
1343,3,-1,-1
1343,4,-1,-1
1343,5,-1,-1
1343,6,-1,-1
1343,7,-1,-1
1344,0,0,160
1344,1,0,160
1344,2,-1,-1
1344,3,-1,-1
1344,4,-1,-1
1344,5,-1,-1
1344,6,-1,-1
1344,7,-1,-1
1345,0,0,160
1345,1,0,160
1345,2,-1,-1
1345,3,-1,-1
1345,4,-1,-1
1345,5,-1,-1
1345,6,-1,-1
1345,7,-1,-1
1346,0,0,160
1346,1,0,160
1346,2,-1,-1
1346,3,-1,-1
1346,4,-1,-1
1346,5,-1,-1
1346,6,-1,-1
1346,7,-1,-1
1347,0,0,160
1347,1,0,160
1347,2,-1,-1
1347,3,-1,-1
1347,4,-1,-1
1347,5,-1,-1
1347,6,-1,-1
1347,7,-1,-1
1348,0,0,160
1348,1,0,160
1348,2,-1,-1
1348,3,-1,-1
1348,4,-1,-1
1348,5,-1,-1
1348,6,-1,-1
1348,7,-1,-1
1349,0,0,160
1349,1,0,160
1349,2,-1,-1
1349,3,-1,-1
1349,4,-1,-1
1349,5,-1,-1
1349,6,-1,-1
1349,7,-1,-1
1350,0,0,160
1350,1,0,160
1350,2,-1,-1
1350,3,-1,-1
1350,4,-1,-1
1350,5,-1,-1
1350,6,-1,-1
1350,7,-1,-1
1351,0,0,160
1351,1,0,160
1351,2,-1,-1
1351,3,-1,-1
1351,4,-1,-1
1351,5,-1,-1
1351,6,-1,-1
1351,7,-1,-1
1352,0,0,160
1352,1,0,160
1352,2,-1,-1
1352,3,-1,-1
1352,4,-1,-1
1352,5,-1,-1
1352,6,-1,-1
1352,7,-1,-1
1353,0,0,160
1353,1,0,160
1353,2,-1,-1
1353,3,-1,-1
1353,4,-1,-1
1353,5,-1,-1
1353,6,-1,-1
1353,7,-1,-1
1354,0,0,160
1354,1,0,160
1354,2,-1,-1
1354,3,-1,-1
1354,4,-1,-1
1354,5,-1,-1
1354,6,-1,-1
1354,7,-1,-1
1355,0,0,160
1355,1,0,160
1355,2,-1,-1
1355,3,-1,-1
1355,4,-1,-1
1355,5,-1,-1
1355,6,-1,-1
1355,7,-1,-1
1356,0,0,160
1356,1,0,160
1356,2,-1,-1
1356,3,-1,-1
1356,4,-1,-1
1356,5,-1,-1
1356,6,-1,-1
1356,7,-1,-1
1357,0,0,160
1357,1,0,160
1357,2,-1,-1
1357,3,-1,-1
1357,4,-1,-1
1357,5,-1,-1
1357,6,-1,-1
1357,7,-1,-1
1358,0,0,160
1358,1,0,160
1358,2,-1,-1
1358,3,-1,-1
1358,4,-1,-1
1358,5,-1,-1
1358,6,-1,-1
1358,7,-1,-1
1359,0,0,160
1359,1,0,160
1359,2,-1,-1
1359,3,-1,-1
1359,4,-1,-1
1359,5,-1,-1
1359,6,-1,-1
1359,7,-1,-1
1360,0,0,160
1360,1,0,160
1360,2,-1,-1
1360,3,-1,-1
1360,4,-1,-1
1360,5,-1,-1
1360,6,-1,-1
1360,7,-1,-1
1361,0,0,160
1361,1,0,160
1361,2,-1,-1
1361,3,-1,-1
1361,4,-1,-1
1361,5,-1,-1
1361,6,-1,-1
1361,7,-1,-1
1362,0,0,160
1362,1,0,160
1362,2,-1,-1
1362,3,-1,-1
1362,4,-1,-1
1362,5,-1,-1
1362,6,-1,-1
1362,7,-1,-1
1363,0,0,160
1363,1,0,160
1363,2,-1,-1
1363,3,-1,-1
1363,4,-1,-1
1363,5,-1,-1
1363,6,-1,-1
1363,7,-1,-1
1364,0,0,160
1364,1,0,160
1364,2,-1,-1
1364,3,-1,-1
1364,4,-1,-1
1364,5,-1,-1
1364,6,-1,-1
1364,7,-1,-1
1365,0,0,160
1365,1,0,160
1365,2,-1,-1
1365,3,-1,-1
1365,4,-1,-1
1365,5,-1,-1
1365,6,-1,-1
1365,7,-1,-1
1366,0,0,160
1366,1,0,160
1366,2,-1,-1
1366,3,-1,-1
1366,4,-1,-1
1366,5,-1,-1
1366,6,-1,-1
1366,7,-1,-1
1367,0,0,160
1367,1,0,160
1367,2,-1,-1
1367,3,-1,-1
1367,4,-1,-1
1367,5,-1,-1
1367,6,-1,-1
1367,7,-1,-1
1368,0,0,160
1368,1,0,160
1368,2,-1,-1
1368,3,-1,-1
1368,4,-1,-1
1368,5,-1,-1
1368,6,-1,-1
1368,7,-1,-1
1369,0,0,160
1369,1,0,160
1369,2,-1,-1
1369,3,-1,-1
1369,4,-1,-1
1369,5,-1,-1
1369,6,-1,-1
1369,7,-1,-1
1370,0,0,160
1370,1,0,160
1370,2,-1,-1
1370,3,-1,-1
1370,4,-1,-1
1370,5,-1,-1
1370,6,-1,-1
1370,7,-1,-1
1371,0,0,160
1371,1,0,160
1371,2,-1,-1
1371,3,-1,-1
1371,4,-1,-1
1371,5,-1,-1
1371,6,-1,-1
1371,7,-1,-1
1372,0,0,160
1372,1,0,160
1372,2,-1,-1
1372,3,-1,-1
1372,4,-1,-1
1372,5,-1,-1
1372,6,-1,-1
1372,7,-1,-1
1373,0,0,160
1373,1,0,160
1373,2,-1,-1
1373,3,-1,-1
1373,4,-1,-1
1373,5,-1,-1
1373,6,-1,-1
1373,7,-1,-1
1374,0,0,160
1374,1,0,160
1374,2,-1,-1
1374,3,-1,-1
1374,4,-1,-1
1374,5,-1,-1
1374,6,-1,-1
1374,7,-1,-1
1375,0,0,160
1375,1,0,160
1375,2,-1,-1
1375,3,-1,-1
1375,4,-1,-1
1375,5,-1,-1
1375,6,-1,-1
1375,7,-1,-1
1376,0,0,160
1376,1,0,160
1376,2,-1,-1
1376,3,-1,-1
1376,4,-1,-1
1376,5,-1,-1
1376,6,-1,-1
1376,7,-1,-1
1377,0,0,160
1377,1,0,160
1377,2,-1,-1
1377,3,-1,-1
1377,4,-1,-1
1377,5,-1,-1
1377,6,-1,-1
1377,7,-1,-1
1378,0,0,160
1378,1,0,160
1378,2,-1,-1
1378,3,-1,-1
1378,4,-1,-1
1378,5,-1,-1
1378,6,-1,-1
1378,7,-1,-1
1379,0,0,160
1379,1,0,160
1379,2,-1,-1
1379,3,-1,-1
1379,4,-1,-1
1379,5,-1,-1
1379,6,-1,-1
1379,7,-1,-1
1380,0,0,160
1380,1,0,160
1380,2,-1,-1
1380,3,-1,-1
1380,4,-1,-1
1380,5,-1,-1
1380,6,-1,-1
1380,7,-1,-1
1381,0,0,160
1381,1,0,160
1381,2,-1,-1
1381,3,-1,-1
1381,4,-1,-1
1381,5,-1,-1
1381,6,-1,-1
1381,7,-1,-1
1382,0,0,160
1382,1,0,160
1382,2,-1,-1
1382,3,-1,-1
1382,4,-1,-1
1382,5,-1,-1
1382,6,-1,-1
1382,7,-1,-1
1383,0,0,160
1383,1,0,160
1383,2,-1,-1
1383,3,-1,-1
1383,4,-1,-1
1383,5,-1,-1
1383,6,-1,-1
1383,7,-1,-1
1384,0,0,160
1384,1,0,160
1384,2,-1,-1
1384,3,-1,-1
1384,4,-1,-1
1384,5,-1,-1
1384,6,-1,-1
1384,7,-1,-1
1385,0,0,160
1385,1,0,160
1385,2,-1,-1
1385,3,-1,-1
1385,4,-1,-1
1385,5,-1,-1
1385,6,-1,-1
1385,7,-1,-1
1386,0,0,160
1386,1,0,160
1386,2,-1,-1
1386,3,-1,-1
1386,4,-1,-1
1386,5,-1,-1
1386,6,-1,-1
1386,7,-1,-1
1387,0,0,160
1387,1,0,160
1387,2,-1,-1
1387,3,-1,-1
1387,4,-1,-1
1387,5,-1,-1
1387,6,-1,-1
1387,7,-1,-1
1388,0,0,160
1388,1,0,160
1388,2,-1,-1
1388,3,-1,-1
1388,4,-1,-1
1388,5,-1,-1
1388,6,-1,-1
1388,7,-1,-1
1389,0,0,160
1389,1,0,160
1389,2,-1,-1
1389,3,-1,-1
1389,4,-1,-1
1389,5,-1,-1
1389,6,-1,-1
1389,7,-1,-1
1390,0,0,160
1390,1,0,160
1390,2,-1,-1
1390,3,-1,-1
1390,4,-1,-1
1390,5,-1,-1
1390,6,-1,-1
1390,7,-1,-1
1391,0,0,160
1391,1,0,160
1391,2,-1,-1
1391,3,-1,-1
1391,4,-1,-1
1391,5,-1,-1
1391,6,-1,-1
1391,7,-1,-1
1392,0,0,160
1392,1,0,160
1392,2,-1,-1
1392,3,-1,-1
1392,4,-1,-1
1392,5,-1,-1
1392,6,-1,-1
1392,7,-1,-1
1393,0,0,160
1393,1,0,160
1393,2,-1,-1
1393,3,-1,-1
1393,4,-1,-1
1393,5,-1,-1
1393,6,-1,-1
1393,7,-1,-1
1394,0,0,160
1394,1,0,160
1394,2,-1,-1
1394,3,-1,-1
1394,4,-1,-1
1394,5,-1,-1
1394,6,-1,-1
1394,7,-1,-1
1395,0,0,160
1395,1,0,160
1395,2,-1,-1
1395,3,-1,-1
1395,4,-1,-1
1395,5,-1,-1
1395,6,-1,-1
1395,7,-1,-1
1396,0,0,160
1396,1,0,160
1396,2,-1,-1
1396,3,-1,-1
1396,4,-1,-1
1396,5,-1,-1
1396,6,-1,-1
1396,7,-1,-1
1397,0,0,160
1397,1,0,160
1397,2,-1,-1
1397,3,-1,-1
1397,4,-1,-1
1397,5,-1,-1
1397,6,-1,-1
1397,7,-1,-1
1398,0,0,160
1398,1,0,160
1398,2,-1,-1
1398,3,-1,-1
1398,4,-1,-1
1398,5,-1,-1
1398,6,-1,-1
1398,7,-1,-1
1399,0,0,160
1399,1,0,160
1399,2,-1,-1
1399,3,-1,-1
1399,4,-1,-1
1399,5,-1,-1
1399,6,-1,-1
1399,7,-1,-1
1400,0,0,160
1400,1,0,160
1400,2,-1,-1
1400,3,-1,-1
1400,4,-1,-1
1400,5,-1,-1
1400,6,-1,-1
1400,7,-1,-1
1401,0,0,160
1401,1,0,160
1401,2,-1,-1
1401,3,-1,-1
1401,4,-1,-1
1401,5,-1,-1
1401,6,-1,-1
1401,7,-1,-1
1402,0,0,160
1402,1,0,160
1402,2,-1,-1
1402,3,-1,-1
1402,4,-1,-1
1402,5,-1,-1
1402,6,-1,-1
1402,7,-1,-1
1403,0,0,160
1403,1,0,160
1403,2,-1,-1
1403,3,-1,-1
1403,4,-1,-1
1403,5,-1,-1
1403,6,-1,-1
1403,7,-1,-1
1404,0,0,160
1404,1,0,160
1404,2,-1,-1
1404,3,-1,-1
1404,4,-1,-1
1404,5,-1,-1
1404,6,-1,-1
1404,7,-1,-1
1405,0,0,160
1405,1,0,160
1405,2,-1,-1
1405,3,-1,-1
1405,4,-1,-1
1405,5,-1,-1
1405,6,-1,-1
1405,7,-1,-1
1406,0,0,160
1406,1,0,160
1406,2,-1,-1
1406,3,-1,-1
1406,4,-1,-1
1406,5,-1,-1
1406,6,-1,-1
1406,7,-1,-1
1407,0,0,160
1407,1,0,160
1407,2,-1,-1
1407,3,-1,-1
1407,4,-1,-1
1407,5,-1,-1
1407,6,-1,-1
1407,7,-1,-1
1408,0,0,160
1408,1,0,160
1408,2,-1,-1
1408,3,-1,-1
1408,4,-1,-1
1408,5,-1,-1
1408,6,-1,-1
1408,7,-1,-1
1409,0,0,160
1409,1,0,160
1409,2,-1,-1
1409,3,-1,-1
1409,4,-1,-1
1409,5,-1,-1
1409,6,-1,-1
1409,7,-1,-1
1410,0,0,160
1410,1,0,160
1410,2,-1,-1
1410,3,-1,-1
1410,4,-1,-1
1410,5,-1,-1
1410,6,-1,-1
1410,7,-1,-1
1411,0,0,160
1411,1,0,160
1411,2,-1,-1
1411,3,-1,-1
1411,4,-1,-1
1411,5,-1,-1
1411,6,-1,-1
1411,7,-1,-1
1412,0,0,160
1412,1,0,160
1412,2,-1,-1
1412,3,-1,-1
1412,4,-1,-1
1412,5,-1,-1
1412,6,-1,-1
1412,7,-1,-1
1413,0,0,160
1413,1,0,160
1413,2,-1,-1
1413,3,-1,-1
1413,4,-1,-1
1413,5,-1,-1
1413,6,-1,-1
1413,7,-1,-1
1414,0,0,160
1414,1,0,160
1414,2,-1,-1
1414,3,-1,-1
1414,4,-1,-1
1414,5,-1,-1
1414,6,-1,-1
1414,7,-1,-1
1415,0,0,160
1415,1,0,160
1415,2,-1,-1
1415,3,-1,-1
1415,4,-1,-1
1415,5,-1,-1
1415,6,-1,-1
1415,7,-1,-1
1416,0,0,160
1416,1,0,160
1416,2,-1,-1
1416,3,-1,-1
1416,4,-1,-1
1416,5,-1,-1
1416,6,-1,-1
1416,7,-1,-1
1417,0,0,160
1417,1,0,160
1417,2,-1,-1
1417,3,-1,-1
1417,4,-1,-1
1417,5,-1,-1
1417,6,-1,-1
1417,7,-1,-1
1418,0,0,160
1418,1,0,160
1418,2,-1,-1
1418,3,-1,-1
1418,4,-1,-1
1418,5,-1,-1
1418,6,-1,-1
1418,7,-1,-1
1419,0,0,160
1419,1,0,160
1419,2,-1,-1
1419,3,-1,-1
1419,4,-1,-1
1419,5,-1,-1
1419,6,-1,-1
1419,7,-1,-1
1420,0,0,160
1420,1,0,160
1420,2,-1,-1
1420,3,-1,-1
1420,4,-1,-1
1420,5,-1,-1
1420,6,-1,-1
1420,7,-1,-1
1421,0,0,160
1421,1,0,160
1421,2,-1,-1
1421,3,-1,-1
1421,4,-1,-1
1421,5,-1,-1
1421,6,-1,-1
1421,7,-1,-1
1422,0,0,160
1422,1,0,160
1422,2,-1,-1
1422,3,-1,-1
1422,4,-1,-1
1422,5,-1,-1
1422,6,-1,-1
1422,7,-1,-1
1423,0,0,160
1423,1,0,160
1423,2,-1,-1
1423,3,-1,-1
1423,4,-1,-1
1423,5,-1,-1
1423,6,-1,-1
1423,7,-1,-1
1424,0,0,160
1424,1,0,160
1424,2,-1,-1
1424,3,-1,-1
1424,4,-1,-1
1424,5,-1,-1
1424,6,-1,-1
1424,7,-1,-1
1425,0,0,160
1425,1,0,160
1425,2,-1,-1
1425,3,-1,-1
1425,4,-1,-1
1425,5,-1,-1
1425,6,-1,-1
1425,7,-1,-1
1426,0,0,160
1426,1,0,160
1426,2,-1,-1
1426,3,-1,-1
1426,4,-1,-1
1426,5,-1,-1
1426,6,-1,-1
1426,7,-1,-1
1427,0,0,160
1427,1,0,160
1427,2,-1,-1
1427,3,-1,-1
1427,4,-1,-1
1427,5,-1,-1
1427,6,-1,-1
1427,7,-1,-1
1428,0,0,160
1428,1,0,160
1428,2,-1,-1
1428,3,-1,-1
1428,4,-1,-1
1428,5,-1,-1
1428,6,-1,-1
1428,7,-1,-1
1429,0,0,160
1429,1,0,160
1429,2,-1,-1
1429,3,-1,-1
1429,4,-1,-1
1429,5,-1,-1
1429,6,-1,-1
1429,7,-1,-1
1430,0,0,160
1430,1,0,160
1430,2,-1,-1
1430,3,-1,-1
1430,4,-1,-1
1430,5,-1,-1
1430,6,-1,-1
1430,7,-1,-1
1431,0,0,160
1431,1,0,160
1431,2,-1,-1
1431,3,-1,-1
1431,4,-1,-1
1431,5,-1,-1
1431,6,-1,-1
1431,7,-1,-1
1432,0,0,160
1432,1,0,160
1432,2,-1,-1
1432,3,-1,-1
1432,4,-1,-1
1432,5,-1,-1
1432,6,-1,-1
1432,7,-1,-1
1433,0,0,160
1433,1,0,160
1433,2,-1,-1
1433,3,-1,-1
1433,4,-1,-1
1433,5,-1,-1
1433,6,-1,-1
1433,7,-1,-1
1434,0,0,160
1434,1,0,160
1434,2,-1,-1
1434,3,-1,-1
1434,4,-1,-1
1434,5,-1,-1
1434,6,-1,-1
1434,7,-1,-1
1435,0,0,160
1435,1,0,160
1435,2,-1,-1
1435,3,-1,-1
1435,4,-1,-1
1435,5,-1,-1
1435,6,-1,-1
1435,7,-1,-1
1436,0,0,160
1436,1,0,160
1436,2,-1,-1
1436,3,-1,-1
1436,4,-1,-1
1436,5,-1,-1
1436,6,-1,-1
1436,7,-1,-1
1437,0,0,160
1437,1,0,160
1437,2,-1,-1
1437,3,-1,-1
1437,4,-1,-1
1437,5,-1,-1
1437,6,-1,-1
1437,7,-1,-1
1438,0,0,160
1438,1,0,160
1438,2,-1,-1
1438,3,-1,-1
1438,4,-1,-1
1438,5,-1,-1
1438,6,-1,-1
1438,7,-1,-1
1439,0,0,160
1439,1,0,160
1439,2,-1,-1
1439,3,-1,-1
1439,4,-1,-1
1439,5,-1,-1
1439,6,-1,-1
1439,7,-1,-1
1440,0,0,160
1440,1,0,160
1440,2,-1,-1
1440,3,-1,-1
1440,4,-1,-1
1440,5,-1,-1
1440,6,-1,-1
1440,7,-1,-1
1441,0,0,160
1441,1,0,160
1441,2,-1,-1
1441,3,-1,-1
1441,4,-1,-1
1441,5,-1,-1
1441,6,-1,-1
1441,7,-1,-1
1442,0,0,160
1442,1,0,160
1442,2,-1,-1
1442,3,-1,-1
1442,4,-1,-1
1442,5,-1,-1
1442,6,-1,-1
1442,7,-1,-1
1443,0,0,160
1443,1,0,160
1443,2,-1,-1
1443,3,-1,-1
1443,4,-1,-1
1443,5,-1,-1
1443,6,-1,-1
1443,7,-1,-1
1444,0,0,160
1444,1,0,160
1444,2,-1,-1
1444,3,-1,-1
1444,4,-1,-1
1444,5,-1,-1
1444,6,-1,-1
1444,7,-1,-1
1445,0,0,160
1445,1,0,160
1445,2,-1,-1
1445,3,-1,-1
1445,4,-1,-1
1445,5,-1,-1
1445,6,-1,-1
1445,7,-1,-1
1446,0,0,160
1446,1,0,160
1446,2,-1,-1
1446,3,-1,-1
1446,4,-1,-1
1446,5,-1,-1
1446,6,-1,-1
1446,7,-1,-1
1447,0,0,160
1447,1,0,160
1447,2,-1,-1
1447,3,-1,-1
1447,4,-1,-1
1447,5,-1,-1
1447,6,-1,-1
1447,7,-1,-1
1448,0,0,160
1448,1,0,160
1448,2,-1,-1
1448,3,-1,-1
1448,4,-1,-1
1448,5,-1,-1
1448,6,-1,-1
1448,7,-1,-1
1449,0,0,160
1449,1,0,160
1449,2,-1,-1
1449,3,-1,-1
1449,4,-1,-1
1449,5,-1,-1
1449,6,-1,-1
1449,7,-1,-1
1450,0,0,160
1450,1,0,160
1450,2,-1,-1
1450,3,-1,-1
1450,4,-1,-1
1450,5,-1,-1
1450,6,-1,-1
1450,7,-1,-1
1451,0,0,160
1451,1,0,160
1451,2,-1,-1
1451,3,-1,-1
1451,4,-1,-1
1451,5,-1,-1
1451,6,-1,-1
1451,7,-1,-1
1452,0,0,160
1452,1,0,160
1452,2,-1,-1
1452,3,-1,-1
1452,4,-1,-1
1452,5,-1,-1
1452,6,-1,-1
1452,7,-1,-1
1453,0,0,160
1453,1,0,160
1453,2,-1,-1
1453,3,-1,-1
1453,4,-1,-1
1453,5,-1,-1
1453,6,-1,-1
1453,7,-1,-1
1454,0,0,160
1454,1,0,160
1454,2,-1,-1
1454,3,-1,-1
1454,4,-1,-1
1454,5,-1,-1
1454,6,-1,-1
1454,7,-1,-1
1455,0,0,160
1455,1,0,160
1455,2,-1,-1
1455,3,-1,-1
1455,4,-1,-1
1455,5,-1,-1
1455,6,-1,-1
1455,7,-1,-1
1456,0,0,160
1456,1,0,160
1456,2,-1,-1
1456,3,-1,-1
1456,4,-1,-1
1456,5,-1,-1
1456,6,-1,-1
1456,7,-1,-1
1457,0,0,160
1457,1,0,160
1457,2,-1,-1
1457,3,-1,-1
1457,4,-1,-1
1457,5,-1,-1
1457,6,-1,-1
1457,7,-1,-1
1458,0,0,160
1458,1,0,160
1458,2,-1,-1
1458,3,-1,-1
1458,4,-1,-1
1458,5,-1,-1
1458,6,-1,-1
1458,7,-1,-1
1459,0,0,160
1459,1,0,160
1459,2,-1,-1
1459,3,-1,-1
1459,4,-1,-1
1459,5,-1,-1
1459,6,-1,-1
1459,7,-1,-1
1460,0,0,160
1460,1,0,160
1460,2,-1,-1
1460,3,-1,-1
1460,4,-1,-1
1460,5,-1,-1
1460,6,-1,-1
1460,7,-1,-1
1461,0,0,160
1461,1,0,160
1461,2,-1,-1
1461,3,-1,-1
1461,4,-1,-1
1461,5,-1,-1
1461,6,-1,-1
1461,7,-1,-1
1462,0,0,160
1462,1,0,160
1462,2,-1,-1
1462,3,-1,-1
1462,4,-1,-1
1462,5,-1,-1
1462,6,-1,-1
1462,7,-1,-1
1463,0,0,160
1463,1,0,160
1463,2,-1,-1
1463,3,-1,-1
1463,4,-1,-1
1463,5,-1,-1
1463,6,-1,-1
1463,7,-1,-1
1464,0,0,160
1464,1,0,160
1464,2,-1,-1
1464,3,-1,-1
1464,4,-1,-1
1464,5,-1,-1
1464,6,-1,-1
1464,7,-1,-1
1465,0,0,160
1465,1,0,160
1465,2,-1,-1
1465,3,-1,-1
1465,4,-1,-1
1465,5,-1,-1
1465,6,-1,-1
1465,7,-1,-1
1466,0,0,160
1466,1,0,160
1466,2,-1,-1
1466,3,-1,-1
1466,4,-1,-1
1466,5,-1,-1
1466,6,-1,-1
1466,7,-1,-1
1467,0,0,160
1467,1,0,160
1467,2,-1,-1
1467,3,-1,-1
1467,4,-1,-1
1467,5,-1,-1
1467,6,-1,-1
1467,7,-1,-1
1468,0,0,160
1468,1,0,160
1468,2,-1,-1
1468,3,-1,-1
1468,4,-1,-1
1468,5,-1,-1
1468,6,-1,-1
1468,7,-1,-1
1469,0,0,160
1469,1,0,160
1469,2,-1,-1
1469,3,-1,-1
1469,4,-1,-1
1469,5,-1,-1
1469,6,-1,-1
1469,7,-1,-1
1470,0,0,160
1470,1,0,160
1470,2,-1,-1
1470,3,-1,-1
1470,4,-1,-1
1470,5,-1,-1
1470,6,-1,-1
1470,7,-1,-1
1471,0,0,160
1471,1,0,160
1471,2,-1,-1
1471,3,-1,-1
1471,4,-1,-1
1471,5,-1,-1
1471,6,-1,-1
1471,7,-1,-1
1472,0,0,160
1472,1,0,160
1472,2,-1,-1
1472,3,-1,-1
1472,4,-1,-1
1472,5,-1,-1
1472,6,-1,-1
1472,7,-1,-1
1473,0,0,160
1473,1,0,160
1473,2,-1,-1
1473,3,-1,-1
1473,4,-1,-1
1473,5,-1,-1
1473,6,-1,-1
1473,7,-1,-1
1474,0,0,160
1474,1,0,160
1474,2,-1,-1
1474,3,-1,-1
1474,4,-1,-1
1474,5,-1,-1
1474,6,-1,-1
1474,7,-1,-1
1475,0,0,160
1475,1,0,160
1475,2,-1,-1
1475,3,-1,-1
1475,4,-1,-1
1475,5,-1,-1
1475,6,-1,-1
1475,7,-1,-1
1476,0,0,160
1476,1,0,160
1476,2,-1,-1
1476,3,-1,-1
1476,4,-1,-1
1476,5,-1,-1
1476,6,-1,-1
1476,7,-1,-1
1477,0,0,160
1477,1,0,160
1477,2,-1,-1
1477,3,-1,-1
1477,4,-1,-1
1477,5,-1,-1
1477,6,-1,-1
1477,7,-1,-1
1478,0,0,160
1478,1,0,160
1478,2,-1,-1
1478,3,-1,-1
1478,4,-1,-1
1478,5,-1,-1
1478,6,-1,-1
1478,7,-1,-1
1479,0,0,160
1479,1,0,160
1479,2,-1,-1
1479,3,-1,-1
1479,4,-1,-1
1479,5,-1,-1
1479,6,-1,-1
1479,7,-1,-1
1480,0,0,160
1480,1,0,160
1480,2,-1,-1
1480,3,-1,-1
1480,4,-1,-1
1480,5,-1,-1
1480,6,-1,-1
1480,7,-1,-1
1481,0,0,160
1481,1,0,160
1481,2,-1,-1
1481,3,-1,-1
1481,4,-1,-1
1481,5,-1,-1
1481,6,-1,-1
1481,7,-1,-1
1482,0,0,160
1482,1,0,160
1482,2,-1,-1
1482,3,-1,-1
1482,4,-1,-1
1482,5,-1,-1
1482,6,-1,-1
1482,7,-1,-1
1483,0,0,160
1483,1,0,160
1483,2,-1,-1
1483,3,-1,-1
1483,4,-1,-1
1483,5,-1,-1
1483,6,-1,-1
1483,7,-1,-1
1484,0,0,160
1484,1,0,160
1484,2,-1,-1
1484,3,-1,-1
1484,4,-1,-1
1484,5,-1,-1
1484,6,-1,-1
1484,7,-1,-1
1485,0,0,160
1485,1,0,160
1485,2,-1,-1
1485,3,-1,-1
1485,4,-1,-1
1485,5,-1,-1
1485,6,-1,-1
1485,7,-1,-1
1486,0,0,160
1486,1,0,160
1486,2,-1,-1
1486,3,-1,-1
1486,4,-1,-1
1486,5,-1,-1
1486,6,-1,-1
1486,7,-1,-1
1487,0,0,160
1487,1,0,160
1487,2,-1,-1
1487,3,-1,-1
1487,4,-1,-1
1487,5,-1,-1
1487,6,-1,-1
1487,7,-1,-1
1488,0,0,160
1488,1,0,160
1488,2,-1,-1
1488,3,-1,-1
1488,4,-1,-1
1488,5,-1,-1
1488,6,-1,-1
1488,7,-1,-1
1489,0,0,160
1489,1,0,160
1489,2,-1,-1
1489,3,-1,-1
1489,4,-1,-1
1489,5,-1,-1
1489,6,-1,-1
1489,7,-1,-1
1490,0,0,160
1490,1,0,160
1490,2,-1,-1
1490,3,-1,-1
1490,4,-1,-1
1490,5,-1,-1
1490,6,-1,-1
1490,7,-1,-1
1491,0,0,160
1491,1,0,160
1491,2,-1,-1
1491,3,-1,-1
1491,4,-1,-1
1491,5,-1,-1
1491,6,-1,-1
1491,7,-1,-1
1492,0,0,160
1492,1,0,160
1492,2,-1,-1
1492,3,-1,-1
1492,4,-1,-1
1492,5,-1,-1
1492,6,-1,-1
1492,7,-1,-1
1493,0,0,160
1493,1,0,160
1493,2,-1,-1
1493,3,-1,-1
1493,4,-1,-1
1493,5,-1,-1
1493,6,-1,-1
1493,7,-1,-1
1494,0,0,160
1494,1,0,160
1494,2,-1,-1
1494,3,-1,-1
1494,4,-1,-1
1494,5,-1,-1
1494,6,-1,-1
1494,7,-1,-1
1495,0,0,160
1495,1,0,160
1495,2,-1,-1
1495,3,-1,-1
1495,4,-1,-1
1495,5,-1,-1
1495,6,-1,-1
1495,7,-1,-1
1496,0,0,160
1496,1,0,160
1496,2,-1,-1
1496,3,-1,-1
1496,4,-1,-1
1496,5,-1,-1
1496,6,-1,-1
1496,7,-1,-1
1497,0,0,160
1497,1,0,160
1497,2,-1,-1
1497,3,-1,-1
1497,4,-1,-1
1497,5,-1,-1
1497,6,-1,-1
1497,7,-1,-1
1498,0,0,160
1498,1,0,160
1498,2,-1,-1
1498,3,-1,-1
1498,4,-1,-1
1498,5,-1,-1
1498,6,-1,-1
1498,7,-1,-1
1499,0,0,160
1499,1,0,160
1499,2,-1,-1
1499,3,-1,-1
1499,4,-1,-1
1499,5,-1,-1
1499,6,-1,-1
1499,7,-1,-1
1500,0,0,160
1500,1,0,160
1500,2,-1,-1
1500,3,-1,-1
1500,4,-1,-1
1500,5,-1,-1
1500,6,-1,-1
1500,7,-1,-1
1501,0,0,160
1501,1,0,160
1501,2,-1,-1
1501,3,-1,-1
1501,4,-1,-1
1501,5,-1,-1
1501,6,-1,-1
1501,7,-1,-1
1502,0,0,160
1502,1,0,160
1502,2,-1,-1
1502,3,-1,-1
1502,4,-1,-1
1502,5,-1,-1
1502,6,-1,-1
1502,7,-1,-1
1503,0,0,160
1503,1,0,160
1503,2,-1,-1
1503,3,-1,-1
1503,4,-1,-1
1503,5,-1,-1
1503,6,-1,-1
1503,7,-1,-1
1504,0,0,160
1504,1,0,160
1504,2,-1,-1
1504,3,-1,-1
1504,4,-1,-1
1504,5,-1,-1
1504,6,-1,-1
1504,7,-1,-1
1505,0,0,160
1505,1,0,160
1505,2,-1,-1
1505,3,-1,-1
1505,4,-1,-1
1505,5,-1,-1
1505,6,-1,-1
1505,7,-1,-1
1506,0,0,160
1506,1,0,160
1506,2,-1,-1
1506,3,-1,-1
1506,4,-1,-1
1506,5,-1,-1
1506,6,-1,-1
1506,7,-1,-1
1507,0,0,160
1507,1,0,160
1507,2,-1,-1
1507,3,-1,-1
1507,4,-1,-1
1507,5,-1,-1
1507,6,-1,-1
1507,7,-1,-1
1508,0,0,160
1508,1,0,160
1508,2,-1,-1
1508,3,-1,-1
1508,4,-1,-1
1508,5,-1,-1
1508,6,-1,-1
1508,7,-1,-1
1509,0,0,160
1509,1,0,160
1509,2,-1,-1
1509,3,-1,-1
1509,4,-1,-1
1509,5,-1,-1
1509,6,-1,-1
1509,7,-1,-1
1510,0,0,160
1510,1,0,160
1510,2,-1,-1
1510,3,-1,-1
1510,4,-1,-1
1510,5,-1,-1
1510,6,-1,-1
1510,7,-1,-1
1511,0,0,160
1511,1,0,160
1511,2,-1,-1
1511,3,-1,-1
1511,4,-1,-1
1511,5,-1,-1
1511,6,-1,-1
1511,7,-1,-1
1512,0,0,160
1512,1,0,160
1512,2,-1,-1
1512,3,-1,-1
1512,4,-1,-1
1512,5,-1,-1
1512,6,-1,-1
1512,7,-1,-1
1513,0,0,160
1513,1,0,160
1513,2,-1,-1
1513,3,-1,-1
1513,4,-1,-1
1513,5,-1,-1
1513,6,-1,-1
1513,7,-1,-1
1514,0,0,160
1514,1,0,160
1514,2,-1,-1
1514,3,-1,-1
1514,4,-1,-1
1514,5,-1,-1
1514,6,-1,-1
1514,7,-1,-1
1515,0,0,160
1515,1,0,160
1515,2,-1,-1
1515,3,-1,-1
1515,4,-1,-1
1515,5,-1,-1
1515,6,-1,-1
1515,7,-1,-1
1516,0,0,160
1516,1,0,160
1516,2,-1,-1
1516,3,-1,-1
1516,4,-1,-1
1516,5,-1,-1
1516,6,-1,-1
1516,7,-1,-1
1517,0,0,160
1517,1,0,160
1517,2,-1,-1
1517,3,-1,-1
1517,4,-1,-1
1517,5,-1,-1
1517,6,-1,-1
1517,7,-1,-1
1518,0,0,160
1518,1,0,160
1518,2,-1,-1
1518,3,-1,-1
1518,4,-1,-1
1518,5,-1,-1
1518,6,-1,-1
1518,7,-1,-1
1519,0,0,160
1519,1,0,160
1519,2,-1,-1
1519,3,-1,-1
1519,4,-1,-1
1519,5,-1,-1
1519,6,-1,-1
1519,7,-1,-1
1520,0,0,160
1520,1,0,160
1520,2,-1,-1
1520,3,-1,-1
1520,4,-1,-1
1520,5,-1,-1
1520,6,-1,-1
1520,7,-1,-1
1521,0,0,160
1521,1,0,160
1521,2,-1,-1
1521,3,-1,-1
1521,4,-1,-1
1521,5,-1,-1
1521,6,-1,-1
1521,7,-1,-1
1522,0,0,160
1522,1,0,160
1522,2,-1,-1
1522,3,-1,-1
1522,4,-1,-1
1522,5,-1,-1
1522,6,-1,-1
1522,7,-1,-1
1523,0,0,160
1523,1,0,160
1523,2,-1,-1
1523,3,-1,-1
1523,4,-1,-1
1523,5,-1,-1
1523,6,-1,-1
1523,7,-1,-1
1524,0,0,160
1524,1,0,160
1524,2,-1,-1
1524,3,-1,-1
1524,4,-1,-1
1524,5,-1,-1
1524,6,-1,-1
1524,7,-1,-1
1525,0,0,160
1525,1,0,160
1525,2,-1,-1
1525,3,-1,-1
1525,4,-1,-1
1525,5,-1,-1
1525,6,-1,-1
1525,7,-1,-1
1526,0,0,160
1526,1,0,160
1526,2,-1,-1
1526,3,-1,-1
1526,4,-1,-1
1526,5,-1,-1
1526,6,-1,-1
1526,7,-1,-1
1527,0,0,160
1527,1,0,160
1527,2,-1,-1
1527,3,-1,-1
1527,4,-1,-1
1527,5,-1,-1
1527,6,-1,-1
1527,7,-1,-1
1528,0,0,160
1528,1,0,160
1528,2,-1,-1
1528,3,-1,-1
1528,4,-1,-1
1528,5,-1,-1
1528,6,-1,-1
1528,7,-1,-1
1529,0,0,160
1529,1,0,160
1529,2,-1,-1
1529,3,-1,-1
1529,4,-1,-1
1529,5,-1,-1
1529,6,-1,-1
1529,7,-1,-1
1530,0,0,160
1530,1,0,160
1530,2,-1,-1
1530,3,-1,-1
1530,4,-1,-1
1530,5,-1,-1
1530,6,-1,-1
1530,7,-1,-1
1531,0,0,160
1531,1,0,160
1531,2,-1,-1
1531,3,-1,-1
1531,4,-1,-1
1531,5,-1,-1
1531,6,-1,-1
1531,7,-1,-1
1532,0,0,160
1532,1,0,160
1532,2,-1,-1
1532,3,-1,-1
1532,4,-1,-1
1532,5,-1,-1
1532,6,-1,-1
1532,7,-1,-1
1533,0,0,160
1533,1,0,160
1533,2,-1,-1
1533,3,-1,-1
1533,4,-1,-1
1533,5,-1,-1
1533,6,-1,-1
1533,7,-1,-1
1534,0,0,160
1534,1,0,160
1534,2,-1,-1
1534,3,-1,-1
1534,4,-1,-1
1534,5,-1,-1
1534,6,-1,-1
1534,7,-1,-1
1535,0,0,160
1535,1,0,160
1535,2,-1,-1
1535,3,-1,-1
1535,4,-1,-1
1535,5,-1,-1
1535,6,-1,-1
1535,7,-1,-1
1536,0,0,160
1536,1,0,160
1536,2,-1,-1
1536,3,-1,-1
1536,4,-1,-1
1536,5,-1,-1
1536,6,-1,-1
1536,7,-1,-1
1537,0,0,160
1537,1,0,160
1537,2,-1,-1
1537,3,-1,-1
1537,4,-1,-1
1537,5,-1,-1
1537,6,-1,-1
1537,7,-1,-1
1538,0,0,160
1538,1,0,160
1538,2,-1,-1
1538,3,-1,-1
1538,4,-1,-1
1538,5,-1,-1
1538,6,-1,-1
1538,7,-1,-1
1539,0,0,160
1539,1,0,160
1539,2,-1,-1
1539,3,-1,-1
1539,4,-1,-1
1539,5,-1,-1
1539,6,-1,-1
1539,7,-1,-1
1540,0,0,160
1540,1,0,160
1540,2,-1,-1
1540,3,-1,-1
1540,4,-1,-1
1540,5,-1,-1
1540,6,-1,-1
1540,7,-1,-1
1541,0,0,160
1541,1,0,160
1541,2,-1,-1
1541,3,-1,-1
1541,4,-1,-1
1541,5,-1,-1
1541,6,-1,-1
1541,7,-1,-1
1542,0,0,160
1542,1,0,160
1542,2,-1,-1
1542,3,-1,-1
1542,4,-1,-1
1542,5,-1,-1
1542,6,-1,-1
1542,7,-1,-1
1543,0,0,160
1543,1,0,160
1543,2,-1,-1
1543,3,-1,-1
1543,4,-1,-1
1543,5,-1,-1
1543,6,-1,-1
1543,7,-1,-1
1544,0,0,160
1544,1,0,160
1544,2,-1,-1
1544,3,-1,-1
1544,4,-1,-1
1544,5,-1,-1
1544,6,-1,-1
1544,7,-1,-1
1545,0,0,160
1545,1,0,160
1545,2,-1,-1
1545,3,-1,-1
1545,4,-1,-1
1545,5,-1,-1
1545,6,-1,-1
1545,7,-1,-1
1546,0,0,160
1546,1,0,160
1546,2,-1,-1
1546,3,-1,-1
1546,4,-1,-1
1546,5,-1,-1
1546,6,-1,-1
1546,7,-1,-1
1547,0,0,160
1547,1,0,160
1547,2,-1,-1
1547,3,-1,-1
1547,4,-1,-1
1547,5,-1,-1
1547,6,-1,-1
1547,7,-1,-1
1548,0,0,160
1548,1,0,160
1548,2,-1,-1
1548,3,-1,-1
1548,4,-1,-1
1548,5,-1,-1
1548,6,-1,-1
1548,7,-1,-1
1549,0,0,160
1549,1,0,160
1549,2,-1,-1
1549,3,-1,-1
1549,4,-1,-1
1549,5,-1,-1
1549,6,-1,-1
1549,7,-1,-1
1550,0,0,160
1550,1,0,160
1550,2,-1,-1
1550,3,-1,-1
1550,4,-1,-1
1550,5,-1,-1
1550,6,-1,-1
1550,7,-1,-1
1551,0,0,160
1551,1,0,160
1551,2,-1,-1
1551,3,-1,-1
1551,4,-1,-1
1551,5,-1,-1
1551,6,-1,-1
1551,7,-1,-1
1552,0,0,160
1552,1,0,160
1552,2,-1,-1
1552,3,-1,-1
1552,4,-1,-1
1552,5,-1,-1
1552,6,-1,-1
1552,7,-1,-1
1553,0,0,160
1553,1,0,160
1553,2,-1,-1
1553,3,-1,-1
1553,4,-1,-1
1553,5,-1,-1
1553,6,-1,-1
1553,7,-1,-1
1554,0,0,160
1554,1,0,160
1554,2,-1,-1
1554,3,-1,-1
1554,4,-1,-1
1554,5,-1,-1
1554,6,-1,-1
1554,7,-1,-1
1555,0,0,160
1555,1,0,160
1555,2,-1,-1
1555,3,-1,-1
1555,4,-1,-1
1555,5,-1,-1
1555,6,-1,-1
1555,7,-1,-1
1556,0,0,160
1556,1,0,160
1556,2,-1,-1
1556,3,-1,-1
1556,4,-1,-1
1556,5,-1,-1
1556,6,-1,-1
1556,7,-1,-1
1557,0,0,160
1557,1,0,160
1557,2,-1,-1
1557,3,-1,-1
1557,4,-1,-1
1557,5,-1,-1
1557,6,-1,-1
1557,7,-1,-1
1558,0,0,160
1558,1,0,160
1558,2,-1,-1
1558,3,-1,-1
1558,4,-1,-1
1558,5,-1,-1
1558,6,-1,-1
1558,7,-1,-1
1559,0,0,160
1559,1,0,160
1559,2,-1,-1
1559,3,-1,-1
1559,4,-1,-1
1559,5,-1,-1
1559,6,-1,-1
1559,7,-1,-1
1560,0,0,160
1560,1,0,160
1560,2,-1,-1
1560,3,-1,-1
1560,4,-1,-1
1560,5,-1,-1
1560,6,-1,-1
1560,7,-1,-1
1561,0,0,160
1561,1,0,160
1561,2,-1,-1
1561,3,-1,-1
1561,4,-1,-1
1561,5,-1,-1
1561,6,-1,-1
1561,7,-1,-1
1562,0,0,160
1562,1,0,160
1562,2,-1,-1
1562,3,-1,-1
1562,4,-1,-1
1562,5,-1,-1
1562,6,-1,-1
1562,7,-1,-1
1563,0,0,160
1563,1,0,160
1563,2,-1,-1
1563,3,-1,-1
1563,4,-1,-1
1563,5,-1,-1
1563,6,-1,-1
1563,7,-1,-1
1564,0,0,160
1564,1,0,160
1564,2,-1,-1
1564,3,-1,-1
1564,4,-1,-1
1564,5,-1,-1
1564,6,-1,-1
1564,7,-1,-1
1565,0,0,160
1565,1,0,160
1565,2,-1,-1
1565,3,-1,-1
1565,4,-1,-1
1565,5,-1,-1
1565,6,-1,-1
1565,7,-1,-1
1566,0,0,160
1566,1,0,160
1566,2,-1,-1
1566,3,-1,-1
1566,4,-1,-1
1566,5,-1,-1
1566,6,-1,-1
1566,7,-1,-1
1567,0,0,160
1567,1,0,160
1567,2,-1,-1
1567,3,-1,-1
1567,4,-1,-1
1567,5,-1,-1
1567,6,-1,-1
1567,7,-1,-1
1568,0,0,160
1568,1,0,160
1568,2,-1,-1
1568,3,-1,-1
1568,4,-1,-1
1568,5,-1,-1
1568,6,-1,-1
1568,7,-1,-1
1569,0,0,160
1569,1,0,160
1569,2,-1,-1
1569,3,-1,-1
1569,4,-1,-1
1569,5,-1,-1
1569,6,-1,-1
1569,7,-1,-1
1570,0,0,160
1570,1,0,160
1570,2,-1,-1
1570,3,-1,-1
1570,4,-1,-1
1570,5,-1,-1
1570,6,-1,-1
1570,7,-1,-1
1571,0,0,160
1571,1,0,160
1571,2,-1,-1
1571,3,-1,-1
1571,4,-1,-1
1571,5,-1,-1
1571,6,-1,-1
1571,7,-1,-1
1572,0,0,160
1572,1,0,160
1572,2,-1,-1
1572,3,-1,-1
1572,4,-1,-1
1572,5,-1,-1
1572,6,-1,-1
1572,7,-1,-1
1573,0,0,160
1573,1,0,160
1573,2,-1,-1
1573,3,-1,-1
1573,4,-1,-1
1573,5,-1,-1
1573,6,-1,-1
1573,7,-1,-1
1574,0,0,160
1574,1,0,160
1574,2,-1,-1
1574,3,-1,-1
1574,4,-1,-1
1574,5,-1,-1
1574,6,-1,-1
1574,7,-1,-1
1575,0,0,160
1575,1,0,160
1575,2,-1,-1
1575,3,-1,-1
1575,4,-1,-1
1575,5,-1,-1
1575,6,-1,-1
1575,7,-1,-1
1576,0,0,160
1576,1,0,160
1576,2,-1,-1
1576,3,-1,-1
1576,4,-1,-1
1576,5,-1,-1
1576,6,-1,-1
1576,7,-1,-1
1577,0,0,160
1577,1,0,160
1577,2,-1,-1
1577,3,-1,-1
1577,4,-1,-1
1577,5,-1,-1
1577,6,-1,-1
1577,7,-1,-1
1578,0,0,160
1578,1,0,160
1578,2,-1,-1
1578,3,-1,-1
1578,4,-1,-1
1578,5,-1,-1
1578,6,-1,-1
1578,7,-1,-1
1579,0,0,160
1579,1,0,160
1579,2,-1,-1
1579,3,-1,-1
1579,4,-1,-1
1579,5,-1,-1
1579,6,-1,-1
1579,7,-1,-1
1580,0,0,160
1580,1,0,160
1580,2,-1,-1
1580,3,-1,-1
1580,4,-1,-1
1580,5,-1,-1
1580,6,-1,-1
1580,7,-1,-1
1581,0,0,160
1581,1,0,160
1581,2,-1,-1
1581,3,-1,-1
1581,4,-1,-1
1581,5,-1,-1
1581,6,-1,-1
1581,7,-1,-1
1582,0,0,160
1582,1,0,160
1582,2,-1,-1
1582,3,-1,-1
1582,4,-1,-1
1582,5,-1,-1
1582,6,-1,-1
1582,7,-1,-1
1583,0,0,160
1583,1,0,160
1583,2,-1,-1
1583,3,-1,-1
1583,4,-1,-1
1583,5,-1,-1
1583,6,-1,-1
1583,7,-1,-1
1584,0,0,160
1584,1,0,160
1584,2,-1,-1
1584,3,-1,-1
1584,4,-1,-1
1584,5,-1,-1
1584,6,-1,-1
1584,7,-1,-1
1585,0,0,160
1585,1,0,160
1585,2,-1,-1
1585,3,-1,-1
1585,4,-1,-1
1585,5,-1,-1
1585,6,-1,-1
1585,7,-1,-1
1586,0,0,160
1586,1,0,160
1586,2,-1,-1
1586,3,-1,-1
1586,4,-1,-1
1586,5,-1,-1
1586,6,-1,-1
1586,7,-1,-1
1587,0,0,160
1587,1,0,160
1587,2,-1,-1
1587,3,-1,-1
1587,4,-1,-1
1587,5,-1,-1
1587,6,-1,-1
1587,7,-1,-1
1588,0,0,160
1588,1,0,160
1588,2,-1,-1
1588,3,-1,-1
1588,4,-1,-1
1588,5,-1,-1
1588,6,-1,-1
1588,7,-1,-1
1589,0,0,160
1589,1,0,160
1589,2,-1,-1
1589,3,-1,-1
1589,4,-1,-1
1589,5,-1,-1
1589,6,-1,-1
1589,7,-1,-1
1590,0,0,160
1590,1,0,160
1590,2,-1,-1
1590,3,-1,-1
1590,4,-1,-1
1590,5,-1,-1
1590,6,-1,-1
1590,7,-1,-1
1591,0,0,160
1591,1,0,160
1591,2,-1,-1
1591,3,-1,-1
1591,4,-1,-1
1591,5,-1,-1
1591,6,-1,-1
1591,7,-1,-1
1592,0,0,160
1592,1,0,160
1592,2,-1,-1
1592,3,-1,-1
1592,4,-1,-1
1592,5,-1,-1
1592,6,-1,-1
1592,7,-1,-1
1593,0,0,160
1593,1,0,160
1593,2,-1,-1
1593,3,-1,-1
1593,4,-1,-1
1593,5,-1,-1
1593,6,-1,-1
1593,7,-1,-1
1594,0,0,160
1594,1,0,160
1594,2,-1,-1
1594,3,-1,-1
1594,4,-1,-1
1594,5,-1,-1
1594,6,-1,-1
1594,7,-1,-1
1595,0,0,160
1595,1,0,160
1595,2,-1,-1
1595,3,-1,-1
1595,4,-1,-1
1595,5,-1,-1
1595,6,-1,-1
1595,7,-1,-1
1596,0,0,160
1596,1,0,160
1596,2,-1,-1
1596,3,-1,-1
1596,4,-1,-1
1596,5,-1,-1
1596,6,-1,-1
1596,7,-1,-1
1597,0,0,160
1597,1,0,160
1597,2,-1,-1
1597,3,-1,-1
1597,4,-1,-1
1597,5,-1,-1
1597,6,-1,-1
1597,7,-1,-1
1598,0,0,160
1598,1,0,160
1598,2,-1,-1
1598,3,-1,-1
1598,4,-1,-1
1598,5,-1,-1
1598,6,-1,-1
1598,7,-1,-1
1599,0,0,160
1599,1,0,160
1599,2,-1,-1
1599,3,-1,-1
1599,4,-1,-1
1599,5,-1,-1
1599,6,-1,-1
1599,7,-1,-1
1600,0,0,160
1600,1,0,160
1600,2,-1,-1
1600,3,-1,-1
1600,4,-1,-1
1600,5,-1,-1
1600,6,-1,-1
1600,7,-1,-1
1601,0,0,160
1601,1,0,160
1601,2,-1,-1
1601,3,-1,-1
1601,4,-1,-1
1601,5,-1,-1
1601,6,-1,-1
1601,7,-1,-1
1602,0,0,160
1602,1,0,160
1602,2,-1,-1
1602,3,-1,-1
1602,4,-1,-1
1602,5,-1,-1
1602,6,-1,-1
1602,7,-1,-1
1603,0,0,160
1603,1,0,160
1603,2,-1,-1
1603,3,-1,-1
1603,4,-1,-1
1603,5,-1,-1
1603,6,-1,-1
1603,7,-1,-1
1604,0,0,160
1604,1,0,160
1604,2,-1,-1
1604,3,-1,-1
1604,4,-1,-1
1604,5,-1,-1
1604,6,-1,-1
1604,7,-1,-1
1605,0,0,160
1605,1,0,160
1605,2,-1,-1
1605,3,-1,-1
1605,4,-1,-1
1605,5,-1,-1
1605,6,-1,-1
1605,7,-1,-1
1606,0,0,160
1606,1,0,160
1606,2,-1,-1
1606,3,-1,-1
1606,4,-1,-1
1606,5,-1,-1
1606,6,-1,-1
1606,7,-1,-1
1607,0,0,160
1607,1,0,160
1607,2,-1,-1
1607,3,-1,-1
1607,4,-1,-1
1607,5,-1,-1
1607,6,-1,-1
1607,7,-1,-1
1608,0,0,160
1608,1,0,160
1608,2,-1,-1
1608,3,-1,-1
1608,4,-1,-1
1608,5,-1,-1
1608,6,-1,-1
1608,7,-1,-1
1609,0,0,160
1609,1,0,160
1609,2,-1,-1
1609,3,-1,-1
1609,4,-1,-1
1609,5,-1,-1
1609,6,-1,-1
1609,7,-1,-1
1610,0,0,160
1610,1,0,160
1610,2,-1,-1
1610,3,-1,-1
1610,4,-1,-1
1610,5,-1,-1
1610,6,-1,-1
1610,7,-1,-1
1611,0,0,160
1611,1,0,160
1611,2,-1,-1
1611,3,-1,-1
1611,4,-1,-1
1611,5,-1,-1
1611,6,-1,-1
1611,7,-1,-1
1612,0,0,160
1612,1,0,160
1612,2,-1,-1
1612,3,-1,-1
1612,4,-1,-1
1612,5,-1,-1
1612,6,-1,-1
1612,7,-1,-1
1613,0,0,160
1613,1,0,160
1613,2,-1,-1
1613,3,-1,-1
1613,4,-1,-1
1613,5,-1,-1
1613,6,-1,-1
1613,7,-1,-1
1614,0,0,160
1614,1,0,160
1614,2,-1,-1
1614,3,-1,-1
1614,4,-1,-1
1614,5,-1,-1
1614,6,-1,-1
1614,7,-1,-1
1615,0,0,160
1615,1,0,160
1615,2,-1,-1
1615,3,-1,-1
1615,4,-1,-1
1615,5,-1,-1
1615,6,-1,-1
1615,7,-1,-1
1616,0,0,160
1616,1,0,160
1616,2,-1,-1
1616,3,-1,-1
1616,4,-1,-1
1616,5,-1,-1
1616,6,-1,-1
1616,7,-1,-1
1617,0,0,160
1617,1,0,160
1617,2,-1,-1
1617,3,-1,-1
1617,4,-1,-1
1617,5,-1,-1
1617,6,-1,-1
1617,7,-1,-1
1618,0,0,160
1618,1,0,160
1618,2,-1,-1
1618,3,-1,-1
1618,4,-1,-1
1618,5,-1,-1
1618,6,-1,-1
1618,7,-1,-1
1619,0,0,160
1619,1,0,160
1619,2,-1,-1
1619,3,-1,-1
1619,4,-1,-1
1619,5,-1,-1
1619,6,-1,-1
1619,7,-1,-1
1620,0,0,160
1620,1,0,160
1620,2,-1,-1
1620,3,-1,-1
1620,4,-1,-1
1620,5,-1,-1
1620,6,-1,-1
1620,7,-1,-1
1621,0,0,160
1621,1,0,160
1621,2,-1,-1
1621,3,-1,-1
1621,4,-1,-1
1621,5,-1,-1
1621,6,-1,-1
1621,7,-1,-1
1622,0,0,160
1622,1,0,160
1622,2,-1,-1
1622,3,-1,-1
1622,4,-1,-1
1622,5,-1,-1
1622,6,-1,-1
1622,7,-1,-1
1623,0,0,160
1623,1,0,160
1623,2,-1,-1
1623,3,-1,-1
1623,4,-1,-1
1623,5,-1,-1
1623,6,-1,-1
1623,7,-1,-1
1624,0,0,160
1624,1,0,160
1624,2,-1,-1
1624,3,-1,-1
1624,4,-1,-1
1624,5,-1,-1
1624,6,-1,-1
1624,7,-1,-1
1625,0,0,160
1625,1,0,160
1625,2,-1,-1
1625,3,-1,-1
1625,4,-1,-1
1625,5,-1,-1
1625,6,-1,-1
1625,7,-1,-1
1626,0,0,160
1626,1,0,160
1626,2,-1,-1
1626,3,-1,-1
1626,4,-1,-1
1626,5,-1,-1
1626,6,-1,-1
1626,7,-1,-1
1627,0,0,160
1627,1,0,160
1627,2,-1,-1
1627,3,-1,-1
1627,4,-1,-1
1627,5,-1,-1
1627,6,-1,-1
1627,7,-1,-1
1628,0,0,160
1628,1,0,160
1628,2,-1,-1
1628,3,-1,-1
1628,4,-1,-1
1628,5,-1,-1
1628,6,-1,-1
1628,7,-1,-1
1629,0,0,160
1629,1,0,160
1629,2,-1,-1
1629,3,-1,-1
1629,4,-1,-1
1629,5,-1,-1
1629,6,-1,-1
1629,7,-1,-1
1630,0,0,160
1630,1,0,160
1630,2,-1,-1
1630,3,-1,-1
1630,4,-1,-1
1630,5,-1,-1
1630,6,-1,-1
1630,7,-1,-1
1631,0,0,160
1631,1,0,160
1631,2,-1,-1
1631,3,-1,-1
1631,4,-1,-1
1631,5,-1,-1
1631,6,-1,-1
1631,7,-1,-1
1632,0,0,160
1632,1,0,160
1632,2,-1,-1
1632,3,-1,-1
1632,4,-1,-1
1632,5,-1,-1
1632,6,-1,-1
1632,7,-1,-1
1633,0,0,160
1633,1,0,160
1633,2,-1,-1
1633,3,-1,-1
1633,4,-1,-1
1633,5,-1,-1
1633,6,-1,-1
1633,7,-1,-1
1634,0,0,160
1634,1,0,160
1634,2,-1,-1
1634,3,-1,-1
1634,4,-1,-1
1634,5,-1,-1
1634,6,-1,-1
1634,7,-1,-1
1635,0,0,160
1635,1,0,160
1635,2,-1,-1
1635,3,-1,-1
1635,4,-1,-1
1635,5,-1,-1
1635,6,-1,-1
1635,7,-1,-1
1636,0,0,160
1636,1,0,160
1636,2,-1,-1
1636,3,-1,-1
1636,4,-1,-1
1636,5,-1,-1
1636,6,-1,-1
1636,7,-1,-1
1637,0,0,160
1637,1,0,160
1637,2,-1,-1
1637,3,-1,-1
1637,4,-1,-1
1637,5,-1,-1
1637,6,-1,-1
1637,7,-1,-1
1638,0,0,160
1638,1,0,160
1638,2,-1,-1
1638,3,-1,-1
1638,4,-1,-1
1638,5,-1,-1
1638,6,-1,-1
1638,7,-1,-1
1639,0,0,160
1639,1,0,160
1639,2,-1,-1
1639,3,-1,-1
1639,4,-1,-1
1639,5,-1,-1
1639,6,-1,-1
1639,7,-1,-1
1640,0,0,160
1640,1,0,160
1640,2,-1,-1
1640,3,-1,-1
1640,4,-1,-1
1640,5,-1,-1
1640,6,-1,-1
1640,7,-1,-1
1641,0,0,160
1641,1,0,160
1641,2,-1,-1
1641,3,-1,-1
1641,4,-1,-1
1641,5,-1,-1
1641,6,-1,-1
1641,7,-1,-1
1642,0,0,160
1642,1,0,160
1642,2,-1,-1
1642,3,-1,-1
1642,4,-1,-1
1642,5,-1,-1
1642,6,-1,-1
1642,7,-1,-1
1643,0,0,160
1643,1,0,160
1643,2,-1,-1
1643,3,-1,-1
1643,4,-1,-1
1643,5,-1,-1
1643,6,-1,-1
1643,7,-1,-1
1644,0,0,160
1644,1,0,160
1644,2,-1,-1
1644,3,-1,-1
1644,4,-1,-1
1644,5,-1,-1
1644,6,-1,-1
1644,7,-1,-1
1645,0,0,160
1645,1,0,160
1645,2,-1,-1
1645,3,-1,-1
1645,4,-1,-1
1645,5,-1,-1
1645,6,-1,-1
1645,7,-1,-1
1646,0,0,160
1646,1,0,160
1646,2,-1,-1
1646,3,-1,-1
1646,4,-1,-1
1646,5,-1,-1
1646,6,-1,-1
1646,7,-1,-1
1647,0,0,160
1647,1,0,160
1647,2,-1,-1
1647,3,-1,-1
1647,4,-1,-1
1647,5,-1,-1
1647,6,-1,-1
1647,7,-1,-1
1648,0,0,160
1648,1,0,160
1648,2,-1,-1
1648,3,-1,-1
1648,4,-1,-1
1648,5,-1,-1
1648,6,-1,-1
1648,7,-1,-1
1649,0,0,160
1649,1,0,160
1649,2,-1,-1
1649,3,-1,-1
1649,4,-1,-1
1649,5,-1,-1
1649,6,-1,-1
1649,7,-1,-1
1650,0,0,160
1650,1,0,160
1650,2,-1,-1
1650,3,-1,-1
1650,4,-1,-1
1650,5,-1,-1
1650,6,-1,-1
1650,7,-1,-1
1651,0,0,160
1651,1,0,160
1651,2,-1,-1
1651,3,-1,-1
1651,4,-1,-1
1651,5,-1,-1
1651,6,-1,-1
1651,7,-1,-1
1652,0,0,160
1652,1,0,160
1652,2,-1,-1
1652,3,-1,-1
1652,4,-1,-1
1652,5,-1,-1
1652,6,-1,-1
1652,7,-1,-1
1653,0,0,160
1653,1,0,160
1653,2,-1,-1
1653,3,-1,-1
1653,4,-1,-1
1653,5,-1,-1
1653,6,-1,-1
1653,7,-1,-1
1654,0,0,160
1654,1,0,160
1654,2,-1,-1
1654,3,-1,-1
1654,4,-1,-1
1654,5,-1,-1
1654,6,-1,-1
1654,7,-1,-1
1655,0,0,160
1655,1,0,160
1655,2,-1,-1
1655,3,-1,-1
1655,4,-1,-1
1655,5,-1,-1
1655,6,-1,-1
1655,7,-1,-1
1656,0,0,160
1656,1,0,160
1656,2,-1,-1
1656,3,-1,-1
1656,4,-1,-1
1656,5,-1,-1
1656,6,-1,-1
1656,7,-1,-1
1657,0,0,160
1657,1,0,160
1657,2,-1,-1
1657,3,-1,-1
1657,4,-1,-1
1657,5,-1,-1
1657,6,-1,-1
1657,7,-1,-1
1658,0,0,160
1658,1,0,160
1658,2,-1,-1
1658,3,-1,-1
1658,4,-1,-1
1658,5,-1,-1
1658,6,-1,-1
1658,7,-1,-1
1659,0,0,160
1659,1,0,160
1659,2,-1,-1
1659,3,-1,-1
1659,4,-1,-1
1659,5,-1,-1
1659,6,-1,-1
1659,7,-1,-1
1660,0,0,160
1660,1,0,160
1660,2,-1,-1
1660,3,-1,-1
1660,4,-1,-1
1660,5,-1,-1
1660,6,-1,-1
1660,7,-1,-1
1661,0,0,160
1661,1,0,160
1661,2,-1,-1
1661,3,-1,-1
1661,4,-1,-1
1661,5,-1,-1
1661,6,-1,-1
1661,7,-1,-1
1662,0,0,160
1662,1,0,160
1662,2,-1,-1
1662,3,-1,-1
1662,4,-1,-1
1662,5,-1,-1
1662,6,-1,-1
1662,7,-1,-1
1663,0,0,160
1663,1,0,160
1663,2,-1,-1
1663,3,-1,-1
1663,4,-1,-1
1663,5,-1,-1
1663,6,-1,-1
1663,7,-1,-1
1664,0,0,160
1664,1,0,160
1664,2,-1,-1
1664,3,-1,-1
1664,4,-1,-1
1664,5,-1,-1
1664,6,-1,-1
1664,7,-1,-1
1665,0,0,160
1665,1,0,160
1665,2,-1,-1
1665,3,-1,-1
1665,4,-1,-1
1665,5,-1,-1
1665,6,-1,-1
1665,7,-1,-1
1666,0,0,160
1666,1,0,160
1666,2,-1,-1
1666,3,-1,-1
1666,4,-1,-1
1666,5,-1,-1
1666,6,-1,-1
1666,7,-1,-1
1667,0,0,160
1667,1,0,160
1667,2,-1,-1
1667,3,-1,-1
1667,4,-1,-1
1667,5,-1,-1
1667,6,-1,-1
1667,7,-1,-1
1668,0,0,160
1668,1,0,160
1668,2,-1,-1
1668,3,-1,-1
1668,4,-1,-1
1668,5,-1,-1
1668,6,-1,-1
1668,7,-1,-1
1669,0,0,160
1669,1,0,160
1669,2,-1,-1
1669,3,-1,-1
1669,4,-1,-1
1669,5,-1,-1
1669,6,-1,-1
1669,7,-1,-1
1670,0,0,160
1670,1,0,160
1670,2,-1,-1
1670,3,-1,-1
1670,4,-1,-1
1670,5,-1,-1
1670,6,-1,-1
1670,7,-1,-1
1671,0,0,160
1671,1,0,160
1671,2,-1,-1
1671,3,-1,-1
1671,4,-1,-1
1671,5,-1,-1
1671,6,-1,-1
1671,7,-1,-1
1672,0,0,160
1672,1,0,160
1672,2,-1,-1
1672,3,-1,-1
1672,4,-1,-1
1672,5,-1,-1
1672,6,-1,-1
1672,7,-1,-1
1673,0,0,160
1673,1,0,160
1673,2,-1,-1
1673,3,-1,-1
1673,4,-1,-1
1673,5,-1,-1
1673,6,-1,-1
1673,7,-1,-1
1674,0,0,160
1674,1,0,160
1674,2,-1,-1
1674,3,-1,-1
1674,4,-1,-1
1674,5,-1,-1
1674,6,-1,-1
1674,7,-1,-1
1675,0,0,160
1675,1,0,160
1675,2,-1,-1
1675,3,-1,-1
1675,4,-1,-1
1675,5,-1,-1
1675,6,-1,-1
1675,7,-1,-1
1676,0,0,160
1676,1,0,160
1676,2,-1,-1
1676,3,-1,-1
1676,4,-1,-1
1676,5,-1,-1
1676,6,-1,-1
1676,7,-1,-1
1677,0,0,160
1677,1,0,160
1677,2,-1,-1
1677,3,-1,-1
1677,4,-1,-1
1677,5,-1,-1
1677,6,-1,-1
1677,7,-1,-1
1678,0,0,160
1678,1,0,160
1678,2,-1,-1
1678,3,-1,-1
1678,4,-1,-1
1678,5,-1,-1
1678,6,-1,-1
1678,7,-1,-1
1679,0,0,160
1679,1,0,160
1679,2,-1,-1
1679,3,-1,-1
1679,4,-1,-1
1679,5,-1,-1
1679,6,-1,-1
1679,7,-1,-1
1680,0,0,160
1680,1,0,160
1680,2,-1,-1
1680,3,-1,-1
1680,4,-1,-1
1680,5,-1,-1
1680,6,-1,-1
1680,7,-1,-1
1681,0,0,160
1681,1,0,160
1681,2,-1,-1
1681,3,-1,-1
1681,4,-1,-1
1681,5,-1,-1
1681,6,-1,-1
1681,7,-1,-1
1682,0,0,160
1682,1,0,160
1682,2,-1,-1
1682,3,-1,-1
1682,4,-1,-1
1682,5,-1,-1
1682,6,-1,-1
1682,7,-1,-1
1683,0,0,160
1683,1,0,160
1683,2,-1,-1
1683,3,-1,-1
1683,4,-1,-1
1683,5,-1,-1
1683,6,-1,-1
1683,7,-1,-1
1684,0,0,160
1684,1,0,160
1684,2,-1,-1
1684,3,-1,-1
1684,4,-1,-1
1684,5,-1,-1
1684,6,-1,-1
1684,7,-1,-1
1685,0,0,160
1685,1,0,160
1685,2,-1,-1
1685,3,-1,-1
1685,4,-1,-1
1685,5,-1,-1
1685,6,-1,-1
1685,7,-1,-1
1686,0,0,160
1686,1,0,160
1686,2,-1,-1
1686,3,-1,-1
1686,4,-1,-1
1686,5,-1,-1
1686,6,-1,-1
1686,7,-1,-1
1687,0,0,160
1687,1,0,160
1687,2,-1,-1
1687,3,-1,-1
1687,4,-1,-1
1687,5,-1,-1
1687,6,-1,-1
1687,7,-1,-1
1688,0,0,160
1688,1,0,160
1688,2,-1,-1
1688,3,-1,-1
1688,4,-1,-1
1688,5,-1,-1
1688,6,-1,-1
1688,7,-1,-1
1689,0,0,160
1689,1,0,160
1689,2,-1,-1
1689,3,-1,-1
1689,4,-1,-1
1689,5,-1,-1
1689,6,-1,-1
1689,7,-1,-1
1690,0,0,160
1690,1,0,160
1690,2,-1,-1
1690,3,-1,-1
1690,4,-1,-1
1690,5,-1,-1
1690,6,-1,-1
1690,7,-1,-1
1691,0,0,160
1691,1,0,160
1691,2,-1,-1
1691,3,-1,-1
1691,4,-1,-1
1691,5,-1,-1
1691,6,-1,-1
1691,7,-1,-1
1692,0,0,160
1692,1,0,160
1692,2,-1,-1
1692,3,-1,-1
1692,4,-1,-1
1692,5,-1,-1
1692,6,-1,-1
1692,7,-1,-1
1693,0,0,160
1693,1,0,160
1693,2,-1,-1
1693,3,-1,-1
1693,4,-1,-1
1693,5,-1,-1
1693,6,-1,-1
1693,7,-1,-1
1694,0,0,160
1694,1,0,160
1694,2,-1,-1
1694,3,-1,-1
1694,4,-1,-1
1694,5,-1,-1
1694,6,-1,-1
1694,7,-1,-1
1695,0,0,160
1695,1,0,160
1695,2,-1,-1
1695,3,-1,-1
1695,4,-1,-1
1695,5,-1,-1
1695,6,-1,-1
1695,7,-1,-1
1696,0,0,160
1696,1,0,160
1696,2,-1,-1
1696,3,-1,-1
1696,4,-1,-1
1696,5,-1,-1
1696,6,-1,-1
1696,7,-1,-1
1697,0,0,160
1697,1,0,160
1697,2,-1,-1
1697,3,-1,-1
1697,4,-1,-1
1697,5,-1,-1
1697,6,-1,-1
1697,7,-1,-1
1698,0,0,160
1698,1,0,160
1698,2,-1,-1
1698,3,-1,-1
1698,4,-1,-1
1698,5,-1,-1
1698,6,-1,-1
1698,7,-1,-1
1699,0,0,160
1699,1,0,160
1699,2,-1,-1
1699,3,-1,-1
1699,4,-1,-1
1699,5,-1,-1
1699,6,-1,-1
1699,7,-1,-1
1700,0,0,160
1700,1,0,160
1700,2,-1,-1
1700,3,-1,-1
1700,4,-1,-1
1700,5,-1,-1
1700,6,-1,-1
1700,7,-1,-1
1701,0,0,160
1701,1,0,160
1701,2,-1,-1
1701,3,-1,-1
1701,4,-1,-1
1701,5,-1,-1
1701,6,-1,-1
1701,7,-1,-1
1702,0,0,160
1702,1,0,160
1702,2,-1,-1
1702,3,-1,-1
1702,4,-1,-1
1702,5,-1,-1
1702,6,-1,-1
1702,7,-1,-1
1703,0,0,160
1703,1,0,160
1703,2,-1,-1
1703,3,-1,-1
1703,4,-1,-1
1703,5,-1,-1
1703,6,-1,-1
1703,7,-1,-1
1704,0,0,160
1704,1,0,160
1704,2,-1,-1
1704,3,-1,-1
1704,4,-1,-1
1704,5,-1,-1
1704,6,-1,-1
1704,7,-1,-1
1705,0,0,160
1705,1,0,160
1705,2,-1,-1
1705,3,-1,-1
1705,4,-1,-1
1705,5,-1,-1
1705,6,-1,-1
1705,7,-1,-1
1706,0,0,160
1706,1,0,160
1706,2,-1,-1
1706,3,-1,-1
1706,4,-1,-1
1706,5,-1,-1
1706,6,-1,-1
1706,7,-1,-1
1707,0,0,160
1707,1,0,160
1707,2,-1,-1
1707,3,-1,-1
1707,4,-1,-1
1707,5,-1,-1
1707,6,-1,-1
1707,7,-1,-1
1708,0,0,160
1708,1,0,160
1708,2,-1,-1
1708,3,-1,-1
1708,4,-1,-1
1708,5,-1,-1
1708,6,-1,-1
1708,7,-1,-1
1709,0,0,160
1709,1,0,160
1709,2,-1,-1
1709,3,-1,-1
1709,4,-1,-1
1709,5,-1,-1
1709,6,-1,-1
1709,7,-1,-1
1710,0,0,160
1710,1,0,160
1710,2,-1,-1
1710,3,-1,-1
1710,4,-1,-1
1710,5,-1,-1
1710,6,-1,-1
1710,7,-1,-1
1711,0,0,160
1711,1,0,160
1711,2,-1,-1
1711,3,-1,-1
1711,4,-1,-1
1711,5,-1,-1
1711,6,-1,-1
1711,7,-1,-1
1712,0,0,160
1712,1,0,160
1712,2,-1,-1
1712,3,-1,-1
1712,4,-1,-1
1712,5,-1,-1
1712,6,-1,-1
1712,7,-1,-1
1713,0,0,160
1713,1,0,160
1713,2,-1,-1
1713,3,-1,-1
1713,4,-1,-1
1713,5,-1,-1
1713,6,-1,-1
1713,7,-1,-1
1714,0,0,160
1714,1,0,160
1714,2,-1,-1
1714,3,-1,-1
1714,4,-1,-1
1714,5,-1,-1
1714,6,-1,-1
1714,7,-1,-1
1715,0,0,160
1715,1,0,160
1715,2,-1,-1
1715,3,-1,-1
1715,4,-1,-1
1715,5,-1,-1
1715,6,-1,-1
1715,7,-1,-1
1716,0,0,160
1716,1,0,160
1716,2,-1,-1
1716,3,-1,-1
1716,4,-1,-1
1716,5,-1,-1
1716,6,-1,-1
1716,7,-1,-1
1717,0,0,160
1717,1,0,160
1717,2,-1,-1
1717,3,-1,-1
1717,4,-1,-1
1717,5,-1,-1
1717,6,-1,-1
1717,7,-1,-1
1718,0,0,160
1718,1,0,160
1718,2,-1,-1
1718,3,-1,-1
1718,4,-1,-1
1718,5,-1,-1
1718,6,-1,-1
1718,7,-1,-1
1719,0,0,160
1719,1,0,160
1719,2,-1,-1
1719,3,-1,-1
1719,4,-1,-1
1719,5,-1,-1
1719,6,-1,-1
1719,7,-1,-1
1720,0,0,160
1720,1,0,160
1720,2,-1,-1
1720,3,-1,-1
1720,4,-1,-1
1720,5,-1,-1
1720,6,-1,-1
1720,7,-1,-1
1721,0,0,160
1721,1,0,160
1721,2,-1,-1
1721,3,-1,-1
1721,4,-1,-1
1721,5,-1,-1
1721,6,-1,-1
1721,7,-1,-1
1722,0,0,160
1722,1,0,160
1722,2,-1,-1
1722,3,-1,-1
1722,4,-1,-1
1722,5,-1,-1
1722,6,-1,-1
1722,7,-1,-1
1723,0,0,160
1723,1,0,160
1723,2,-1,-1
1723,3,-1,-1
1723,4,-1,-1
1723,5,-1,-1
1723,6,-1,-1
1723,7,-1,-1
1724,0,0,160
1724,1,0,160
1724,2,-1,-1
1724,3,-1,-1
1724,4,-1,-1
1724,5,-1,-1
1724,6,-1,-1
1724,7,-1,-1
1725,0,0,160
1725,1,0,160
1725,2,-1,-1
1725,3,-1,-1
1725,4,-1,-1
1725,5,-1,-1
1725,6,-1,-1
1725,7,-1,-1
1726,0,0,160
1726,1,0,160
1726,2,-1,-1
1726,3,-1,-1
1726,4,-1,-1
1726,5,-1,-1
1726,6,-1,-1
1726,7,-1,-1
1727,0,0,160
1727,1,0,160
1727,2,-1,-1
1727,3,-1,-1
1727,4,-1,-1
1727,5,-1,-1
1727,6,-1,-1
1727,7,-1,-1
1728,0,0,160
1728,1,0,160
1728,2,-1,-1
1728,3,-1,-1
1728,4,-1,-1
1728,5,-1,-1
1728,6,-1,-1
1728,7,-1,-1
1729,0,0,160
1729,1,0,160
1729,2,-1,-1
1729,3,-1,-1
1729,4,-1,-1
1729,5,-1,-1
1729,6,-1,-1
1729,7,-1,-1
1730,0,0,160
1730,1,0,160
1730,2,-1,-1
1730,3,-1,-1
1730,4,-1,-1
1730,5,-1,-1
1730,6,-1,-1
1730,7,-1,-1
1731,0,0,160
1731,1,0,160
1731,2,-1,-1
1731,3,-1,-1
1731,4,-1,-1
1731,5,-1,-1
1731,6,-1,-1
1731,7,-1,-1
1732,0,0,160
1732,1,0,160
1732,2,-1,-1
1732,3,-1,-1
1732,4,-1,-1
1732,5,-1,-1
1732,6,-1,-1
1732,7,-1,-1
1733,0,0,160
1733,1,0,160
1733,2,-1,-1
1733,3,-1,-1
1733,4,-1,-1
1733,5,-1,-1
1733,6,-1,-1
1733,7,-1,-1
1734,0,0,160
1734,1,0,160
1734,2,-1,-1
1734,3,-1,-1
1734,4,-1,-1
1734,5,-1,-1
1734,6,-1,-1
1734,7,-1,-1
1735,0,0,160
1735,1,0,160
1735,2,-1,-1
1735,3,-1,-1
1735,4,-1,-1
1735,5,-1,-1
1735,6,-1,-1
1735,7,-1,-1
1736,0,0,160
1736,1,0,160
1736,2,-1,-1
1736,3,-1,-1
1736,4,-1,-1
1736,5,-1,-1
1736,6,-1,-1
1736,7,-1,-1
1737,0,0,160
1737,1,0,160
1737,2,-1,-1
1737,3,-1,-1
1737,4,-1,-1
1737,5,-1,-1
1737,6,-1,-1
1737,7,-1,-1
1738,0,0,160
1738,1,0,160
1738,2,-1,-1
1738,3,-1,-1
1738,4,-1,-1
1738,5,-1,-1
1738,6,-1,-1
1738,7,-1,-1
1739,0,0,160
1739,1,0,160
1739,2,-1,-1
1739,3,-1,-1
1739,4,-1,-1
1739,5,-1,-1
1739,6,-1,-1
1739,7,-1,-1
1740,0,0,160
1740,1,0,160
1740,2,-1,-1
1740,3,-1,-1
1740,4,-1,-1
1740,5,-1,-1
1740,6,-1,-1
1740,7,-1,-1
1741,0,0,160
1741,1,0,160
1741,2,-1,-1
1741,3,-1,-1
1741,4,-1,-1
1741,5,-1,-1
1741,6,-1,-1
1741,7,-1,-1
1742,0,0,160
1742,1,0,160
1742,2,-1,-1
1742,3,-1,-1
1742,4,-1,-1
1742,5,-1,-1
1742,6,-1,-1
1742,7,-1,-1
1743,0,0,160
1743,1,0,160
1743,2,-1,-1
1743,3,-1,-1
1743,4,-1,-1
1743,5,-1,-1
1743,6,-1,-1
1743,7,-1,-1
1744,0,0,160
1744,1,0,160
1744,2,-1,-1
1744,3,-1,-1
1744,4,-1,-1
1744,5,-1,-1
1744,6,-1,-1
1744,7,-1,-1
1745,0,0,160
1745,1,0,160
1745,2,-1,-1
1745,3,-1,-1
1745,4,-1,-1
1745,5,-1,-1
1745,6,-1,-1
1745,7,-1,-1
1746,0,0,160
1746,1,0,160
1746,2,-1,-1
1746,3,-1,-1
1746,4,-1,-1
1746,5,-1,-1
1746,6,-1,-1
1746,7,-1,-1
1747,0,0,160
1747,1,0,160
1747,2,-1,-1
1747,3,-1,-1
1747,4,-1,-1
1747,5,-1,-1
1747,6,-1,-1
1747,7,-1,-1
1748,0,0,160
1748,1,0,160
1748,2,-1,-1
1748,3,-1,-1
1748,4,-1,-1
1748,5,-1,-1
1748,6,-1,-1
1748,7,-1,-1
1749,0,0,160
1749,1,0,160
1749,2,-1,-1
1749,3,-1,-1
1749,4,-1,-1
1749,5,-1,-1
1749,6,-1,-1
1749,7,-1,-1
1750,0,0,160
1750,1,0,160
1750,2,-1,-1
1750,3,-1,-1
1750,4,-1,-1
1750,5,-1,-1
1750,6,-1,-1
1750,7,-1,-1
1751,0,0,160
1751,1,0,160
1751,2,-1,-1
1751,3,-1,-1
1751,4,-1,-1
1751,5,-1,-1
1751,6,-1,-1
1751,7,-1,-1
1752,0,0,160
1752,1,0,160
1752,2,-1,-1
1752,3,-1,-1
1752,4,-1,-1
1752,5,-1,-1
1752,6,-1,-1
1752,7,-1,-1
1753,0,0,160
1753,1,0,160
1753,2,-1,-1
1753,3,-1,-1
1753,4,-1,-1
1753,5,-1,-1
1753,6,-1,-1
1753,7,-1,-1
1754,0,0,160
1754,1,0,160
1754,2,-1,-1
1754,3,-1,-1
1754,4,-1,-1
1754,5,-1,-1
1754,6,-1,-1
1754,7,-1,-1
1755,0,0,160
1755,1,0,160
1755,2,-1,-1
1755,3,-1,-1
1755,4,-1,-1
1755,5,-1,-1
1755,6,-1,-1
1755,7,-1,-1
1756,0,0,160
1756,1,0,160
1756,2,-1,-1
1756,3,-1,-1
1756,4,-1,-1
1756,5,-1,-1
1756,6,-1,-1
1756,7,-1,-1
1757,0,0,160
1757,1,0,160
1757,2,-1,-1
1757,3,-1,-1
1757,4,-1,-1
1757,5,-1,-1
1757,6,-1,-1
1757,7,-1,-1
1758,0,0,160
1758,1,0,160
1758,2,-1,-1
1758,3,-1,-1
1758,4,-1,-1
1758,5,-1,-1
1758,6,-1,-1
1758,7,-1,-1
1759,0,0,160
1759,1,0,160
1759,2,-1,-1
1759,3,-1,-1
1759,4,-1,-1
1759,5,-1,-1
1759,6,-1,-1
1759,7,-1,-1
1760,0,0,160
1760,1,0,160
1760,2,-1,-1
1760,3,-1,-1
1760,4,-1,-1
1760,5,-1,-1
1760,6,-1,-1
1760,7,-1,-1
1761,0,0,160
1761,1,0,160
1761,2,-1,-1
1761,3,-1,-1
1761,4,-1,-1
1761,5,-1,-1
1761,6,-1,-1
1761,7,-1,-1
1762,0,0,160
1762,1,0,160
1762,2,-1,-1
1762,3,-1,-1
1762,4,-1,-1
1762,5,-1,-1
1762,6,-1,-1
1762,7,-1,-1
1763,0,0,160
1763,1,0,160
1763,2,-1,-1
1763,3,-1,-1
1763,4,-1,-1
1763,5,-1,-1
1763,6,-1,-1
1763,7,-1,-1
1764,0,0,160
1764,1,0,160
1764,2,-1,-1
1764,3,-1,-1
1764,4,-1,-1
1764,5,-1,-1
1764,6,-1,-1
1764,7,-1,-1
1765,0,0,160
1765,1,0,160
1765,2,-1,-1
1765,3,-1,-1
1765,4,-1,-1
1765,5,-1,-1
1765,6,-1,-1
1765,7,-1,-1
1766,0,0,160
1766,1,0,160
1766,2,-1,-1
1766,3,-1,-1
1766,4,-1,-1
1766,5,-1,-1
1766,6,-1,-1
1766,7,-1,-1
1767,0,0,160
1767,1,0,160
1767,2,-1,-1
1767,3,-1,-1
1767,4,-1,-1
1767,5,-1,-1
1767,6,-1,-1
1767,7,-1,-1
1768,0,0,160
1768,1,0,160
1768,2,-1,-1
1768,3,-1,-1
1768,4,-1,-1
1768,5,-1,-1
1768,6,-1,-1
1768,7,-1,-1
1769,0,0,160
1769,1,0,160
1769,2,-1,-1
1769,3,-1,-1
1769,4,-1,-1
1769,5,-1,-1
1769,6,-1,-1
1769,7,-1,-1
1770,0,0,160
1770,1,0,160
1770,2,-1,-1
1770,3,-1,-1
1770,4,-1,-1
1770,5,-1,-1
1770,6,-1,-1
1770,7,-1,-1
1771,0,0,160
1771,1,0,160
1771,2,-1,-1
1771,3,-1,-1
1771,4,-1,-1
1771,5,-1,-1
1771,6,-1,-1
1771,7,-1,-1
1772,0,0,160
1772,1,0,160
1772,2,-1,-1
1772,3,-1,-1
1772,4,-1,-1
1772,5,-1,-1
1772,6,-1,-1
1772,7,-1,-1
1773,0,0,160
1773,1,0,160
1773,2,-1,-1
1773,3,-1,-1
1773,4,-1,-1
1773,5,-1,-1
1773,6,-1,-1
1773,7,-1,-1
1774,0,0,160
1774,1,0,160
1774,2,-1,-1
1774,3,-1,-1
1774,4,-1,-1
1774,5,-1,-1
1774,6,-1,-1
1774,7,-1,-1
1775,0,0,160
1775,1,0,160
1775,2,-1,-1
1775,3,-1,-1
1775,4,-1,-1
1775,5,-1,-1
1775,6,-1,-1
1775,7,-1,-1
1776,0,0,160
1776,1,0,160
1776,2,-1,-1
1776,3,-1,-1
1776,4,-1,-1
1776,5,-1,-1
1776,6,-1,-1
1776,7,-1,-1
1777,0,0,160
1777,1,0,160
1777,2,-1,-1
1777,3,-1,-1
1777,4,-1,-1
1777,5,-1,-1
1777,6,-1,-1
1777,7,-1,-1
1778,0,0,160
1778,1,0,160
1778,2,-1,-1
1778,3,-1,-1
1778,4,-1,-1
1778,5,-1,-1
1778,6,-1,-1
1778,7,-1,-1
1779,0,0,160
1779,1,0,160
1779,2,-1,-1
1779,3,-1,-1
1779,4,-1,-1
1779,5,-1,-1
1779,6,-1,-1
1779,7,-1,-1
1780,0,0,160
1780,1,0,160
1780,2,-1,-1
1780,3,-1,-1
1780,4,-1,-1
1780,5,-1,-1
1780,6,-1,-1
1780,7,-1,-1
1781,0,0,160
1781,1,0,160
1781,2,-1,-1
1781,3,-1,-1
1781,4,-1,-1
1781,5,-1,-1
1781,6,-1,-1
1781,7,-1,-1
1782,0,0,160
1782,1,0,160
1782,2,-1,-1
1782,3,-1,-1
1782,4,-1,-1
1782,5,-1,-1
1782,6,-1,-1
1782,7,-1,-1
1783,0,0,160
1783,1,0,160
1783,2,-1,-1
1783,3,-1,-1
1783,4,-1,-1
1783,5,-1,-1
1783,6,-1,-1
1783,7,-1,-1
1784,0,0,160
1784,1,0,160
1784,2,-1,-1
1784,3,-1,-1
1784,4,-1,-1
1784,5,-1,-1
1784,6,-1,-1
1784,7,-1,-1
1785,0,0,160
1785,1,0,160
1785,2,-1,-1
1785,3,-1,-1
1785,4,-1,-1
1785,5,-1,-1
1785,6,-1,-1
1785,7,-1,-1
1786,0,0,160
1786,1,0,160
1786,2,-1,-1
1786,3,-1,-1
1786,4,-1,-1
1786,5,-1,-1
1786,6,-1,-1
1786,7,-1,-1
1787,0,0,160
1787,1,0,160
1787,2,-1,-1
1787,3,-1,-1
1787,4,-1,-1
1787,5,-1,-1
1787,6,-1,-1
1787,7,-1,-1
1788,0,0,160
1788,1,0,160
1788,2,-1,-1
1788,3,-1,-1
1788,4,-1,-1
1788,5,-1,-1
1788,6,-1,-1
1788,7,-1,-1
1789,0,0,160
1789,1,0,160
1789,2,-1,-1
1789,3,-1,-1
1789,4,-1,-1
1789,5,-1,-1
1789,6,-1,-1
1789,7,-1,-1
1790,0,0,160
1790,1,0,160
1790,2,-1,-1
1790,3,-1,-1
1790,4,-1,-1
1790,5,-1,-1
1790,6,-1,-1
1790,7,-1,-1
1791,0,0,160
1791,1,0,160
1791,2,-1,-1
1791,3,-1,-1
1791,4,-1,-1
1791,5,-1,-1
1791,6,-1,-1
1791,7,-1,-1
1792,0,0,160
1792,1,0,160
1792,2,-1,-1
1792,3,-1,-1
1792,4,-1,-1
1792,5,-1,-1
1792,6,-1,-1
1792,7,-1,-1
1793,0,0,160
1793,1,0,160
1793,2,-1,-1
1793,3,-1,-1
1793,4,-1,-1
1793,5,-1,-1
1793,6,-1,-1
1793,7,-1,-1
1794,0,0,160
1794,1,0,160
1794,2,-1,-1
1794,3,-1,-1
1794,4,-1,-1
1794,5,-1,-1
1794,6,-1,-1
1794,7,-1,-1
1795,0,0,160
1795,1,0,160
1795,2,-1,-1
1795,3,-1,-1
1795,4,-1,-1
1795,5,-1,-1
1795,6,-1,-1
1795,7,-1,-1
1796,0,0,160
1796,1,0,160
1796,2,-1,-1
1796,3,-1,-1
1796,4,-1,-1
1796,5,-1,-1
1796,6,-1,-1
1796,7,-1,-1
1797,0,0,160
1797,1,0,160
1797,2,-1,-1
1797,3,-1,-1
1797,4,-1,-1
1797,5,-1,-1
1797,6,-1,-1
1797,7,-1,-1
1798,0,0,160
1798,1,0,160
1798,2,-1,-1
1798,3,-1,-1
1798,4,-1,-1
1798,5,-1,-1
1798,6,-1,-1
1798,7,-1,-1
1799,0,0,160
1799,1,0,160
1799,2,-1,-1
1799,3,-1,-1
1799,4,-1,-1
1799,5,-1,-1
1799,6,-1,-1
1799,7,-1,-1
1800,0,0,160
1800,1,0,160
1800,2,-1,-1
1800,3,-1,-1
1800,4,-1,-1
1800,5,-1,-1
1800,6,-1,-1
1800,7,-1,-1
1801,0,0,160
1801,1,0,160
1801,2,-1,-1
1801,3,-1,-1
1801,4,-1,-1
1801,5,-1,-1
1801,6,-1,-1
1801,7,-1,-1
1802,0,0,160
1802,1,0,160
1802,2,-1,-1
1802,3,-1,-1
1802,4,-1,-1
1802,5,-1,-1
1802,6,-1,-1
1802,7,-1,-1
1803,0,0,160
1803,1,0,160
1803,2,-1,-1
1803,3,-1,-1
1803,4,-1,-1
1803,5,-1,-1
1803,6,-1,-1
1803,7,-1,-1
1804,0,0,160
1804,1,0,160
1804,2,-1,-1
1804,3,-1,-1
1804,4,-1,-1
1804,5,-1,-1
1804,6,-1,-1
1804,7,-1,-1
1805,0,0,160
1805,1,0,160
1805,2,-1,-1
1805,3,-1,-1
1805,4,-1,-1
1805,5,-1,-1
1805,6,-1,-1
1805,7,-1,-1
1806,0,0,160
1806,1,0,160
1806,2,-1,-1
1806,3,-1,-1
1806,4,-1,-1
1806,5,-1,-1
1806,6,-1,-1
1806,7,-1,-1
1807,0,0,160
1807,1,0,160
1807,2,-1,-1
1807,3,-1,-1
1807,4,-1,-1
1807,5,-1,-1
1807,6,-1,-1
1807,7,-1,-1
1808,0,0,160
1808,1,0,160
1808,2,-1,-1
1808,3,-1,-1
1808,4,-1,-1
1808,5,-1,-1
1808,6,-1,-1
1808,7,-1,-1
1809,0,0,160
1809,1,0,160
1809,2,-1,-1
1809,3,-1,-1
1809,4,-1,-1
1809,5,-1,-1
1809,6,-1,-1
1809,7,-1,-1
1810,0,0,160
1810,1,0,160
1810,2,-1,-1
1810,3,-1,-1
1810,4,-1,-1
1810,5,-1,-1
1810,6,-1,-1
1810,7,-1,-1
1811,0,0,160
1811,1,0,160
1811,2,-1,-1
1811,3,-1,-1
1811,4,-1,-1
1811,5,-1,-1
1811,6,-1,-1
1811,7,-1,-1
1812,0,0,160
1812,1,0,160
1812,2,-1,-1
1812,3,-1,-1
1812,4,-1,-1
1812,5,-1,-1
1812,6,-1,-1
1812,7,-1,-1
1813,0,0,160
1813,1,0,160
1813,2,-1,-1
1813,3,-1,-1
1813,4,-1,-1
1813,5,-1,-1
1813,6,-1,-1
1813,7,-1,-1
1814,0,0,160
1814,1,0,160
1814,2,-1,-1
1814,3,-1,-1
1814,4,-1,-1
1814,5,-1,-1
1814,6,-1,-1
1814,7,-1,-1
1815,0,0,160
1815,1,0,160
1815,2,-1,-1
1815,3,-1,-1
1815,4,-1,-1
1815,5,-1,-1
1815,6,-1,-1
1815,7,-1,-1
1816,0,0,160
1816,1,0,160
1816,2,-1,-1
1816,3,-1,-1
1816,4,-1,-1
1816,5,-1,-1
1816,6,-1,-1
1816,7,-1,-1
1817,0,0,160
1817,1,0,160
1817,2,-1,-1
1817,3,-1,-1
1817,4,-1,-1
1817,5,-1,-1
1817,6,-1,-1
1817,7,-1,-1
1818,0,0,160
1818,1,0,160
1818,2,-1,-1
1818,3,-1,-1
1818,4,-1,-1
1818,5,-1,-1
1818,6,-1,-1
1818,7,-1,-1
1819,0,0,160
1819,1,0,160
1819,2,-1,-1
1819,3,-1,-1
1819,4,-1,-1
1819,5,-1,-1
1819,6,-1,-1
1819,7,-1,-1
1820,0,0,160
1820,1,0,160
1820,2,-1,-1
1820,3,-1,-1
1820,4,-1,-1
1820,5,-1,-1
1820,6,-1,-1
1820,7,-1,-1
1821,0,0,160
1821,1,0,160
1821,2,-1,-1
1821,3,-1,-1
1821,4,-1,-1
1821,5,-1,-1
1821,6,-1,-1
1821,7,-1,-1
1822,0,0,160
1822,1,0,160
1822,2,-1,-1
1822,3,-1,-1
1822,4,-1,-1
1822,5,-1,-1
1822,6,-1,-1
1822,7,-1,-1
1823,0,0,160
1823,1,0,160
1823,2,-1,-1
1823,3,-1,-1
1823,4,-1,-1
1823,5,-1,-1
1823,6,-1,-1
1823,7,-1,-1
1824,0,0,160
1824,1,0,160
1824,2,-1,-1
1824,3,-1,-1
1824,4,-1,-1
1824,5,-1,-1
1824,6,-1,-1
1824,7,-1,-1
1825,0,0,160
1825,1,0,160
1825,2,-1,-1
1825,3,-1,-1
1825,4,-1,-1
1825,5,-1,-1
1825,6,-1,-1
1825,7,-1,-1
1826,0,0,160
1826,1,0,160
1826,2,-1,-1
1826,3,-1,-1
1826,4,-1,-1
1826,5,-1,-1
1826,6,-1,-1
1826,7,-1,-1
1827,0,0,160
1827,1,0,160
1827,2,-1,-1
1827,3,-1,-1
1827,4,-1,-1
1827,5,-1,-1
1827,6,-1,-1
1827,7,-1,-1
1828,0,0,160
1828,1,0,160
1828,2,-1,-1
1828,3,-1,-1
1828,4,-1,-1
1828,5,-1,-1
1828,6,-1,-1
1828,7,-1,-1
1829,0,0,160
1829,1,0,160
1829,2,-1,-1
1829,3,-1,-1
1829,4,-1,-1
1829,5,-1,-1
1829,6,-1,-1
1829,7,-1,-1
1830,0,0,160
1830,1,0,160
1830,2,-1,-1
1830,3,-1,-1
1830,4,-1,-1
1830,5,-1,-1
1830,6,-1,-1
1830,7,-1,-1
1831,0,0,160
1831,1,0,160
1831,2,-1,-1
1831,3,-1,-1
1831,4,-1,-1
1831,5,-1,-1
1831,6,-1,-1
1831,7,-1,-1
1832,0,0,160
1832,1,0,160
1832,2,-1,-1
1832,3,-1,-1
1832,4,-1,-1
1832,5,-1,-1
1832,6,-1,-1
1832,7,-1,-1
1833,0,0,160
1833,1,0,160
1833,2,-1,-1
1833,3,-1,-1
1833,4,-1,-1
1833,5,-1,-1
1833,6,-1,-1
1833,7,-1,-1
1834,0,0,160
1834,1,0,160
1834,2,-1,-1
1834,3,-1,-1
1834,4,-1,-1
1834,5,-1,-1
1834,6,-1,-1
1834,7,-1,-1
1835,0,0,160
1835,1,0,160
1835,2,-1,-1
1835,3,-1,-1
1835,4,-1,-1
1835,5,-1,-1
1835,6,-1,-1
1835,7,-1,-1
1836,0,0,160
1836,1,0,160
1836,2,-1,-1
1836,3,-1,-1
1836,4,-1,-1
1836,5,-1,-1
1836,6,-1,-1
1836,7,-1,-1
1837,0,0,160
1837,1,0,160
1837,2,-1,-1
1837,3,-1,-1
1837,4,-1,-1
1837,5,-1,-1
1837,6,-1,-1
1837,7,-1,-1
1838,0,0,160
1838,1,0,160
1838,2,-1,-1
1838,3,-1,-1
1838,4,-1,-1
1838,5,-1,-1
1838,6,-1,-1
1838,7,-1,-1
1839,0,0,160
1839,1,0,160
1839,2,-1,-1
1839,3,-1,-1
1839,4,-1,-1
1839,5,-1,-1
1839,6,-1,-1
1839,7,-1,-1
1840,0,0,160
1840,1,0,160
1840,2,-1,-1
1840,3,-1,-1
1840,4,-1,-1
1840,5,-1,-1
1840,6,-1,-1
1840,7,-1,-1
1841,0,0,160
1841,1,0,160
1841,2,-1,-1
1841,3,-1,-1
1841,4,-1,-1
1841,5,-1,-1
1841,6,-1,-1
1841,7,-1,-1
1842,0,0,160
1842,1,0,160
1842,2,-1,-1
1842,3,-1,-1
1842,4,-1,-1
1842,5,-1,-1
1842,6,-1,-1
1842,7,-1,-1
1843,0,0,160
1843,1,0,160
1843,2,-1,-1
1843,3,-1,-1
1843,4,-1,-1
1843,5,-1,-1
1843,6,-1,-1
1843,7,-1,-1
1844,0,0,160
1844,1,0,160
1844,2,-1,-1
1844,3,-1,-1
1844,4,-1,-1
1844,5,-1,-1
1844,6,-1,-1
1844,7,-1,-1
1845,0,0,160
1845,1,0,160
1845,2,-1,-1
1845,3,-1,-1
1845,4,-1,-1
1845,5,-1,-1
1845,6,-1,-1
1845,7,-1,-1
1846,0,0,160
1846,1,0,160
1846,2,-1,-1
1846,3,-1,-1
1846,4,-1,-1
1846,5,-1,-1
1846,6,-1,-1
1846,7,-1,-1
1847,0,0,160
1847,1,0,160
1847,2,-1,-1
1847,3,-1,-1
1847,4,-1,-1
1847,5,-1,-1
1847,6,-1,-1
1847,7,-1,-1
1848,0,0,160
1848,1,0,160
1848,2,-1,-1
1848,3,-1,-1
1848,4,-1,-1
1848,5,-1,-1
1848,6,-1,-1
1848,7,-1,-1
1849,0,0,160
1849,1,0,160
1849,2,-1,-1
1849,3,-1,-1
1849,4,-1,-1
1849,5,-1,-1
1849,6,-1,-1
1849,7,-1,-1
1850,0,0,160
1850,1,0,160
1850,2,-1,-1
1850,3,-1,-1
1850,4,-1,-1
1850,5,-1,-1
1850,6,-1,-1
1850,7,-1,-1
1851,0,0,160
1851,1,0,160
1851,2,-1,-1
1851,3,-1,-1
1851,4,-1,-1
1851,5,-1,-1
1851,6,-1,-1
1851,7,-1,-1
1852,0,0,160
1852,1,0,160
1852,2,-1,-1
1852,3,-1,-1
1852,4,-1,-1
1852,5,-1,-1
1852,6,-1,-1
1852,7,-1,-1
1853,0,0,160
1853,1,0,160
1853,2,-1,-1
1853,3,-1,-1
1853,4,-1,-1
1853,5,-1,-1
1853,6,-1,-1
1853,7,-1,-1
1854,0,0,160
1854,1,0,160
1854,2,-1,-1
1854,3,-1,-1
1854,4,-1,-1
1854,5,-1,-1
1854,6,-1,-1
1854,7,-1,-1
1855,0,0,160
1855,1,0,160
1855,2,-1,-1
1855,3,-1,-1
1855,4,-1,-1
1855,5,-1,-1
1855,6,-1,-1
1855,7,-1,-1
1856,0,0,160
1856,1,0,160
1856,2,-1,-1
1856,3,-1,-1
1856,4,-1,-1
1856,5,-1,-1
1856,6,-1,-1
1856,7,-1,-1
1857,0,0,160
1857,1,0,160
1857,2,-1,-1
1857,3,-1,-1
1857,4,-1,-1
1857,5,-1,-1
1857,6,-1,-1
1857,7,-1,-1
1858,0,0,160
1858,1,0,160
1858,2,-1,-1
1858,3,-1,-1
1858,4,-1,-1
1858,5,-1,-1
1858,6,-1,-1
1858,7,-1,-1
1859,0,0,160
1859,1,0,160
1859,2,-1,-1
1859,3,-1,-1
1859,4,-1,-1
1859,5,-1,-1
1859,6,-1,-1
1859,7,-1,-1
1860,0,0,160
1860,1,0,160
1860,2,-1,-1
1860,3,-1,-1
1860,4,-1,-1
1860,5,-1,-1
1860,6,-1,-1
1860,7,-1,-1
1861,0,0,160
1861,1,0,160
1861,2,-1,-1
1861,3,-1,-1
1861,4,-1,-1
1861,5,-1,-1
1861,6,-1,-1
1861,7,-1,-1
1862,0,0,160
1862,1,0,160
1862,2,-1,-1
1862,3,-1,-1
1862,4,-1,-1
1862,5,-1,-1
1862,6,-1,-1
1862,7,-1,-1
1863,0,0,160
1863,1,0,160
1863,2,-1,-1
1863,3,-1,-1
1863,4,-1,-1
1863,5,-1,-1
1863,6,-1,-1
1863,7,-1,-1
1864,0,0,160
1864,1,0,160
1864,2,-1,-1
1864,3,-1,-1
1864,4,-1,-1
1864,5,-1,-1
1864,6,-1,-1
1864,7,-1,-1
1865,0,0,160
1865,1,0,160
1865,2,-1,-1
1865,3,-1,-1
1865,4,-1,-1
1865,5,-1,-1
1865,6,-1,-1
1865,7,-1,-1
1866,0,0,160
1866,1,0,160
1866,2,-1,-1
1866,3,-1,-1
1866,4,-1,-1
1866,5,-1,-1
1866,6,-1,-1
1866,7,-1,-1
1867,0,0,160
1867,1,0,160
1867,2,-1,-1
1867,3,-1,-1
1867,4,-1,-1
1867,5,-1,-1
1867,6,-1,-1
1867,7,-1,-1
1868,0,0,160
1868,1,0,160
1868,2,-1,-1
1868,3,-1,-1
1868,4,-1,-1
1868,5,-1,-1
1868,6,-1,-1
1868,7,-1,-1
1869,0,0,160
1869,1,0,160
1869,2,-1,-1
1869,3,-1,-1
1869,4,-1,-1
1869,5,-1,-1
1869,6,-1,-1
1869,7,-1,-1
1870,0,0,160
1870,1,0,160
1870,2,-1,-1
1870,3,-1,-1
1870,4,-1,-1
1870,5,-1,-1
1870,6,-1,-1
1870,7,-1,-1
1871,0,0,160
1871,1,0,160
1871,2,-1,-1
1871,3,-1,-1
1871,4,-1,-1
1871,5,-1,-1
1871,6,-1,-1
1871,7,-1,-1
1872,0,0,160
1872,1,0,160
1872,2,-1,-1
1872,3,-1,-1
1872,4,-1,-1
1872,5,-1,-1
1872,6,-1,-1
1872,7,-1,-1
1873,0,0,160
1873,1,0,160
1873,2,-1,-1
1873,3,-1,-1
1873,4,-1,-1
1873,5,-1,-1
1873,6,-1,-1
1873,7,-1,-1
1874,0,0,160
1874,1,0,160
1874,2,-1,-1
1874,3,-1,-1
1874,4,-1,-1
1874,5,-1,-1
1874,6,-1,-1
1874,7,-1,-1
1875,0,0,160
1875,1,0,160
1875,2,-1,-1
1875,3,-1,-1
1875,4,-1,-1
1875,5,-1,-1
1875,6,-1,-1
1875,7,-1,-1
1876,0,0,160
1876,1,0,160
1876,2,-1,-1
1876,3,-1,-1
1876,4,-1,-1
1876,5,-1,-1
1876,6,-1,-1
1876,7,-1,-1
1877,0,0,160
1877,1,0,160
1877,2,-1,-1
1877,3,-1,-1
1877,4,-1,-1
1877,5,-1,-1
1877,6,-1,-1
1877,7,-1,-1
1878,0,0,160
1878,1,0,160
1878,2,-1,-1
1878,3,-1,-1
1878,4,-1,-1
1878,5,-1,-1
1878,6,-1,-1
1878,7,-1,-1
1879,0,0,160
1879,1,0,160
1879,2,-1,-1
1879,3,-1,-1
1879,4,-1,-1
1879,5,-1,-1
1879,6,-1,-1
1879,7,-1,-1
1880,0,0,160
1880,1,0,160
1880,2,-1,-1
1880,3,-1,-1
1880,4,-1,-1
1880,5,-1,-1
1880,6,-1,-1
1880,7,-1,-1
1881,0,0,160
1881,1,0,160
1881,2,-1,-1
1881,3,-1,-1
1881,4,-1,-1
1881,5,-1,-1
1881,6,-1,-1
1881,7,-1,-1
1882,0,0,160
1882,1,0,160
1882,2,-1,-1
1882,3,-1,-1
1882,4,-1,-1
1882,5,-1,-1
1882,6,-1,-1
1882,7,-1,-1
1883,0,0,160
1883,1,0,160
1883,2,-1,-1
1883,3,-1,-1
1883,4,-1,-1
1883,5,-1,-1
1883,6,-1,-1
1883,7,-1,-1
1884,0,0,160
1884,1,0,160
1884,2,-1,-1
1884,3,-1,-1
1884,4,-1,-1
1884,5,-1,-1
1884,6,-1,-1
1884,7,-1,-1
1885,0,0,160
1885,1,0,160
1885,2,-1,-1
1885,3,-1,-1
1885,4,-1,-1
1885,5,-1,-1
1885,6,-1,-1
1885,7,-1,-1
1886,0,0,160
1886,1,0,160
1886,2,-1,-1
1886,3,-1,-1
1886,4,-1,-1
1886,5,-1,-1
1886,6,-1,-1
1886,7,-1,-1
1887,0,0,160
1887,1,0,160
1887,2,-1,-1
1887,3,-1,-1
1887,4,-1,-1
1887,5,-1,-1
1887,6,-1,-1
1887,7,-1,-1
1888,0,0,160
1888,1,0,160
1888,2,-1,-1
1888,3,-1,-1
1888,4,-1,-1
1888,5,-1,-1
1888,6,-1,-1
1888,7,-1,-1
1889,0,0,160
1889,1,0,160
1889,2,-1,-1
1889,3,-1,-1
1889,4,-1,-1
1889,5,-1,-1
1889,6,-1,-1
1889,7,-1,-1
1890,0,0,160
1890,1,0,160
1890,2,-1,-1
1890,3,-1,-1
1890,4,-1,-1
1890,5,-1,-1
1890,6,-1,-1
1890,7,-1,-1
1891,0,0,160
1891,1,0,160
1891,2,-1,-1
1891,3,-1,-1
1891,4,-1,-1
1891,5,-1,-1
1891,6,-1,-1
1891,7,-1,-1
1892,0,0,160
1892,1,0,160
1892,2,-1,-1
1892,3,-1,-1
1892,4,-1,-1
1892,5,-1,-1
1892,6,-1,-1
1892,7,-1,-1
1893,0,0,160
1893,1,0,160
1893,2,-1,-1
1893,3,-1,-1
1893,4,-1,-1
1893,5,-1,-1
1893,6,-1,-1
1893,7,-1,-1
1894,0,0,160
1894,1,0,160
1894,2,-1,-1
1894,3,-1,-1
1894,4,-1,-1
1894,5,-1,-1
1894,6,-1,-1
1894,7,-1,-1
1895,0,0,160
1895,1,0,160
1895,2,-1,-1
1895,3,-1,-1
1895,4,-1,-1
1895,5,-1,-1
1895,6,-1,-1
1895,7,-1,-1
1896,0,0,160
1896,1,0,160
1896,2,-1,-1
1896,3,-1,-1
1896,4,-1,-1
1896,5,-1,-1
1896,6,-1,-1
1896,7,-1,-1
1897,0,0,160
1897,1,0,160
1897,2,-1,-1
1897,3,-1,-1
1897,4,-1,-1
1897,5,-1,-1
1897,6,-1,-1
1897,7,-1,-1
1898,0,0,160
1898,1,0,160
1898,2,-1,-1
1898,3,-1,-1
1898,4,-1,-1
1898,5,-1,-1
1898,6,-1,-1
1898,7,-1,-1
1899,0,0,160
1899,1,0,160
1899,2,-1,-1
1899,3,-1,-1
1899,4,-1,-1
1899,5,-1,-1
1899,6,-1,-1
1899,7,-1,-1
1900,0,0,160
1900,1,0,160
1900,2,-1,-1
1900,3,-1,-1
1900,4,-1,-1
1900,5,-1,-1
1900,6,-1,-1
1900,7,-1,-1
1901,0,0,160
1901,1,0,160
1901,2,-1,-1
1901,3,-1,-1
1901,4,-1,-1
1901,5,-1,-1
1901,6,-1,-1
1901,7,-1,-1
1902,0,0,160
1902,1,0,160
1902,2,-1,-1
1902,3,-1,-1
1902,4,-1,-1
1902,5,-1,-1
1902,6,-1,-1
1902,7,-1,-1
1903,0,0,160
1903,1,0,160
1903,2,-1,-1
1903,3,-1,-1
1903,4,-1,-1
1903,5,-1,-1
1903,6,-1,-1
1903,7,-1,-1
1904,0,0,160
1904,1,0,160
1904,2,-1,-1
1904,3,-1,-1
1904,4,-1,-1
1904,5,-1,-1
1904,6,-1,-1
1904,7,-1,-1
1905,0,0,160
1905,1,0,160
1905,2,-1,-1
1905,3,-1,-1
1905,4,-1,-1
1905,5,-1,-1
1905,6,-1,-1
1905,7,-1,-1
1906,0,0,160
1906,1,0,160
1906,2,-1,-1
1906,3,-1,-1
1906,4,-1,-1
1906,5,-1,-1
1906,6,-1,-1
1906,7,-1,-1
1907,0,0,160
1907,1,0,160
1907,2,-1,-1
1907,3,-1,-1
1907,4,-1,-1
1907,5,-1,-1
1907,6,-1,-1
1907,7,-1,-1
1908,0,0,160
1908,1,0,160
1908,2,-1,-1
1908,3,-1,-1
1908,4,-1,-1
1908,5,-1,-1
1908,6,-1,-1
1908,7,-1,-1
1909,0,0,160
1909,1,0,160
1909,2,-1,-1
1909,3,-1,-1
1909,4,-1,-1
1909,5,-1,-1
1909,6,-1,-1
1909,7,-1,-1
1910,0,0,160
1910,1,0,160
1910,2,-1,-1
1910,3,-1,-1
1910,4,-1,-1
1910,5,-1,-1
1910,6,-1,-1
1910,7,-1,-1
1911,0,0,160
1911,1,0,160
1911,2,-1,-1
1911,3,-1,-1
1911,4,-1,-1
1911,5,-1,-1
1911,6,-1,-1
1911,7,-1,-1
1912,0,0,160
1912,1,0,160
1912,2,-1,-1
1912,3,-1,-1
1912,4,-1,-1
1912,5,-1,-1
1912,6,-1,-1
1912,7,-1,-1
1913,0,0,160
1913,1,0,160
1913,2,-1,-1
1913,3,-1,-1
1913,4,-1,-1
1913,5,-1,-1
1913,6,-1,-1
1913,7,-1,-1
1914,0,0,160
1914,1,0,160
1914,2,-1,-1
1914,3,-1,-1
1914,4,-1,-1
1914,5,-1,-1
1914,6,-1,-1
1914,7,-1,-1
1915,0,0,160
1915,1,0,160
1915,2,-1,-1
1915,3,-1,-1
1915,4,-1,-1
1915,5,-1,-1
1915,6,-1,-1
1915,7,-1,-1
1916,0,0,160
1916,1,0,160
1916,2,-1,-1
1916,3,-1,-1
1916,4,-1,-1
1916,5,-1,-1
1916,6,-1,-1
1916,7,-1,-1
1917,0,0,160
1917,1,0,160
1917,2,-1,-1
1917,3,-1,-1
1917,4,-1,-1
1917,5,-1,-1
1917,6,-1,-1
1917,7,-1,-1
1918,0,0,160
1918,1,0,160
1918,2,-1,-1
1918,3,-1,-1
1918,4,-1,-1
1918,5,-1,-1
1918,6,-1,-1
1918,7,-1,-1
1919,0,0,160
1919,1,0,160
1919,2,-1,-1
1919,3,-1,-1
1919,4,-1,-1
1919,5,-1,-1
1919,6,-1,-1
1919,7,-1,-1
1920,0,0,160
1920,1,0,160
1920,2,-1,-1
1920,3,-1,-1
1920,4,-1,-1
1920,5,-1,-1
1920,6,-1,-1
1920,7,-1,-1
1921,0,0,160
1921,1,0,160
1921,2,-1,-1
1921,3,-1,-1
1921,4,-1,-1
1921,5,-1,-1
1921,6,-1,-1
1921,7,-1,-1
1922,0,0,160
1922,1,0,160
1922,2,-1,-1
1922,3,-1,-1
1922,4,-1,-1
1922,5,-1,-1
1922,6,-1,-1
1922,7,-1,-1
1923,0,0,160
1923,1,0,160
1923,2,-1,-1
1923,3,-1,-1
1923,4,-1,-1
1923,5,-1,-1
1923,6,-1,-1
1923,7,-1,-1
1924,0,0,160
1924,1,0,160
1924,2,-1,-1
1924,3,-1,-1
1924,4,-1,-1
1924,5,-1,-1
1924,6,-1,-1
1924,7,-1,-1
1925,0,0,160
1925,1,0,160
1925,2,-1,-1
1925,3,-1,-1
1925,4,-1,-1
1925,5,-1,-1
1925,6,-1,-1
1925,7,-1,-1
1926,0,0,160
1926,1,0,160
1926,2,-1,-1
1926,3,-1,-1
1926,4,-1,-1
1926,5,-1,-1
1926,6,-1,-1
1926,7,-1,-1
1927,0,0,160
1927,1,0,160
1927,2,-1,-1
1927,3,-1,-1
1927,4,-1,-1
1927,5,-1,-1
1927,6,-1,-1
1927,7,-1,-1
1928,0,0,160
1928,1,0,160
1928,2,-1,-1
1928,3,-1,-1
1928,4,-1,-1
1928,5,-1,-1
1928,6,-1,-1
1928,7,-1,-1
1929,0,0,160
1929,1,0,160
1929,2,-1,-1
1929,3,-1,-1
1929,4,-1,-1
1929,5,-1,-1
1929,6,-1,-1
1929,7,-1,-1
1930,0,0,160
1930,1,0,160
1930,2,-1,-1
1930,3,-1,-1
1930,4,-1,-1
1930,5,-1,-1
1930,6,-1,-1
1930,7,-1,-1
1931,0,0,160
1931,1,0,160
1931,2,-1,-1
1931,3,-1,-1
1931,4,-1,-1
1931,5,-1,-1
1931,6,-1,-1
1931,7,-1,-1
1932,0,0,160
1932,1,0,160
1932,2,-1,-1
1932,3,-1,-1
1932,4,-1,-1
1932,5,-1,-1
1932,6,-1,-1
1932,7,-1,-1
1933,0,0,160
1933,1,0,160
1933,2,-1,-1
1933,3,-1,-1
1933,4,-1,-1
1933,5,-1,-1
1933,6,-1,-1
1933,7,-1,-1
1934,0,0,160
1934,1,0,160
1934,2,-1,-1
1934,3,-1,-1
1934,4,-1,-1
1934,5,-1,-1
1934,6,-1,-1
1934,7,-1,-1
1935,0,0,160
1935,1,0,160
1935,2,-1,-1
1935,3,-1,-1
1935,4,-1,-1
1935,5,-1,-1
1935,6,-1,-1
1935,7,-1,-1
1936,0,0,160
1936,1,0,160
1936,2,-1,-1
1936,3,-1,-1
1936,4,-1,-1
1936,5,-1,-1
1936,6,-1,-1
1936,7,-1,-1
1937,0,0,160
1937,1,0,160
1937,2,-1,-1
1937,3,-1,-1
1937,4,-1,-1
1937,5,-1,-1
1937,6,-1,-1
1937,7,-1,-1
1938,0,0,160
1938,1,0,160
1938,2,-1,-1
1938,3,-1,-1
1938,4,-1,-1
1938,5,-1,-1
1938,6,-1,-1
1938,7,-1,-1
1939,0,0,160
1939,1,0,160
1939,2,-1,-1
1939,3,-1,-1
1939,4,-1,-1
1939,5,-1,-1
1939,6,-1,-1
1939,7,-1,-1
1940,0,0,160
1940,1,0,160
1940,2,-1,-1
1940,3,-1,-1
1940,4,-1,-1
1940,5,-1,-1
1940,6,-1,-1
1940,7,-1,-1
1941,0,0,160
1941,1,0,160
1941,2,-1,-1
1941,3,-1,-1
1941,4,-1,-1
1941,5,-1,-1
1941,6,-1,-1
1941,7,-1,-1
1942,0,0,160
1942,1,0,160
1942,2,-1,-1
1942,3,-1,-1
1942,4,-1,-1
1942,5,-1,-1
1942,6,-1,-1
1942,7,-1,-1
1943,0,0,160
1943,1,0,160
1943,2,-1,-1
1943,3,-1,-1
1943,4,-1,-1
1943,5,-1,-1
1943,6,-1,-1
1943,7,-1,-1
1944,0,0,160
1944,1,0,160
1944,2,-1,-1
1944,3,-1,-1
1944,4,-1,-1
1944,5,-1,-1
1944,6,-1,-1
1944,7,-1,-1
1945,0,0,160
1945,1,0,160
1945,2,-1,-1
1945,3,-1,-1
1945,4,-1,-1
1945,5,-1,-1
1945,6,-1,-1
1945,7,-1,-1
1946,0,0,160
1946,1,0,160
1946,2,-1,-1
1946,3,-1,-1
1946,4,-1,-1
1946,5,-1,-1
1946,6,-1,-1
1946,7,-1,-1
1947,0,0,160
1947,1,0,160
1947,2,-1,-1
1947,3,-1,-1
1947,4,-1,-1
1947,5,-1,-1
1947,6,-1,-1
1947,7,-1,-1
1948,0,0,160
1948,1,0,160
1948,2,-1,-1
1948,3,-1,-1
1948,4,-1,-1
1948,5,-1,-1
1948,6,-1,-1
1948,7,-1,-1
1949,0,0,160
1949,1,0,160
1949,2,-1,-1
1949,3,-1,-1
1949,4,-1,-1
1949,5,-1,-1
1949,6,-1,-1
1949,7,-1,-1
1950,0,0,160
1950,1,0,160
1950,2,-1,-1
1950,3,-1,-1
1950,4,-1,-1
1950,5,-1,-1
1950,6,-1,-1
1950,7,-1,-1
1951,0,0,160
1951,1,0,160
1951,2,-1,-1
1951,3,-1,-1
1951,4,-1,-1
1951,5,-1,-1
1951,6,-1,-1
1951,7,-1,-1
1952,0,0,160
1952,1,0,160
1952,2,-1,-1
1952,3,-1,-1
1952,4,-1,-1
1952,5,-1,-1
1952,6,-1,-1
1952,7,-1,-1
1953,0,0,160
1953,1,0,160
1953,2,-1,-1
1953,3,-1,-1
1953,4,-1,-1
1953,5,-1,-1
1953,6,-1,-1
1953,7,-1,-1
1954,0,0,160
1954,1,0,160
1954,2,-1,-1
1954,3,-1,-1
1954,4,-1,-1
1954,5,-1,-1
1954,6,-1,-1
1954,7,-1,-1
1955,0,0,160
1955,1,0,160
1955,2,-1,-1
1955,3,-1,-1
1955,4,-1,-1
1955,5,-1,-1
1955,6,-1,-1
1955,7,-1,-1
1956,0,0,160
1956,1,0,160
1956,2,-1,-1
1956,3,-1,-1
1956,4,-1,-1
1956,5,-1,-1
1956,6,-1,-1
1956,7,-1,-1
1957,0,0,160
1957,1,0,160
1957,2,-1,-1
1957,3,-1,-1
1957,4,-1,-1
1957,5,-1,-1
1957,6,-1,-1
1957,7,-1,-1
1958,0,0,160
1958,1,0,160
1958,2,-1,-1
1958,3,-1,-1
1958,4,-1,-1
1958,5,-1,-1
1958,6,-1,-1
1958,7,-1,-1
1959,0,0,160
1959,1,0,160
1959,2,-1,-1
1959,3,-1,-1
1959,4,-1,-1
1959,5,-1,-1
1959,6,-1,-1
1959,7,-1,-1
1960,0,0,160
1960,1,0,160
1960,2,-1,-1
1960,3,-1,-1
1960,4,-1,-1
1960,5,-1,-1
1960,6,-1,-1
1960,7,-1,-1
1961,0,0,160
1961,1,0,160
1961,2,-1,-1
1961,3,-1,-1
1961,4,-1,-1
1961,5,-1,-1
1961,6,-1,-1
1961,7,-1,-1
1962,0,0,160
1962,1,0,160
1962,2,-1,-1
1962,3,-1,-1
1962,4,-1,-1
1962,5,-1,-1
1962,6,-1,-1
1962,7,-1,-1
1963,0,0,160
1963,1,0,160
1963,2,-1,-1
1963,3,-1,-1
1963,4,-1,-1
1963,5,-1,-1
1963,6,-1,-1
1963,7,-1,-1
1964,0,0,160
1964,1,0,160
1964,2,-1,-1
1964,3,-1,-1
1964,4,-1,-1
1964,5,-1,-1
1964,6,-1,-1
1964,7,-1,-1
1965,0,0,160
1965,1,0,160
1965,2,-1,-1
1965,3,-1,-1
1965,4,-1,-1
1965,5,-1,-1
1965,6,-1,-1
1965,7,-1,-1
1966,0,0,160
1966,1,0,160
1966,2,-1,-1
1966,3,-1,-1
1966,4,-1,-1
1966,5,-1,-1
1966,6,-1,-1
1966,7,-1,-1
1967,0,0,160
1967,1,0,160
1967,2,-1,-1
1967,3,-1,-1
1967,4,-1,-1
1967,5,-1,-1
1967,6,-1,-1
1967,7,-1,-1
1968,0,0,160
1968,1,0,160
1968,2,-1,-1
1968,3,-1,-1
1968,4,-1,-1
1968,5,-1,-1
1968,6,-1,-1
1968,7,-1,-1
1969,0,0,160
1969,1,0,160
1969,2,-1,-1
1969,3,-1,-1
1969,4,-1,-1
1969,5,-1,-1
1969,6,-1,-1
1969,7,-1,-1
1970,0,0,160
1970,1,0,160
1970,2,-1,-1
1970,3,-1,-1
1970,4,-1,-1
1970,5,-1,-1
1970,6,-1,-1
1970,7,-1,-1
1971,0,0,160
1971,1,0,160
1971,2,-1,-1
1971,3,-1,-1
1971,4,-1,-1
1971,5,-1,-1
1971,6,-1,-1
1971,7,-1,-1
1972,0,0,160
1972,1,0,160
1972,2,-1,-1
1972,3,-1,-1
1972,4,-1,-1
1972,5,-1,-1
1972,6,-1,-1
1972,7,-1,-1
1973,0,0,160
1973,1,0,160
1973,2,-1,-1
1973,3,-1,-1
1973,4,-1,-1
1973,5,-1,-1
1973,6,-1,-1
1973,7,-1,-1
1974,0,0,160
1974,1,0,160
1974,2,-1,-1
1974,3,-1,-1
1974,4,-1,-1
1974,5,-1,-1
1974,6,-1,-1
1974,7,-1,-1
1975,0,0,160
1975,1,0,160
1975,2,-1,-1
1975,3,-1,-1
1975,4,-1,-1
1975,5,-1,-1
1975,6,-1,-1
1975,7,-1,-1
1976,0,0,160
1976,1,0,160
1976,2,-1,-1
1976,3,-1,-1
1976,4,-1,-1
1976,5,-1,-1
1976,6,-1,-1
1976,7,-1,-1
1977,0,0,160
1977,1,0,160
1977,2,-1,-1
1977,3,-1,-1
1977,4,-1,-1
1977,5,-1,-1
1977,6,-1,-1
1977,7,-1,-1
1978,0,0,160
1978,1,0,160
1978,2,-1,-1
1978,3,-1,-1
1978,4,-1,-1
1978,5,-1,-1
1978,6,-1,-1
1978,7,-1,-1
1979,0,0,160
1979,1,0,160
1979,2,-1,-1
1979,3,-1,-1
1979,4,-1,-1
1979,5,-1,-1
1979,6,-1,-1
1979,7,-1,-1
1980,0,0,160
1980,1,0,160
1980,2,-1,-1
1980,3,-1,-1
1980,4,-1,-1
1980,5,-1,-1
1980,6,-1,-1
1980,7,-1,-1
1981,0,0,160
1981,1,0,160
1981,2,-1,-1
1981,3,-1,-1
1981,4,-1,-1
1981,5,-1,-1
1981,6,-1,-1
1981,7,-1,-1
1982,0,0,160
1982,1,0,160
1982,2,-1,-1
1982,3,-1,-1
1982,4,-1,-1
1982,5,-1,-1
1982,6,-1,-1
1982,7,-1,-1
1983,0,0,160
1983,1,0,160
1983,2,-1,-1
1983,3,-1,-1
1983,4,-1,-1
1983,5,-1,-1
1983,6,-1,-1
1983,7,-1,-1
1984,0,0,160
1984,1,0,160
1984,2,-1,-1
1984,3,-1,-1
1984,4,-1,-1
1984,5,-1,-1
1984,6,-1,-1
1984,7,-1,-1
1985,0,0,160
1985,1,0,160
1985,2,-1,-1
1985,3,-1,-1
1985,4,-1,-1
1985,5,-1,-1
1985,6,-1,-1
1985,7,-1,-1
1986,0,0,160
1986,1,0,160
1986,2,-1,-1
1986,3,-1,-1
1986,4,-1,-1
1986,5,-1,-1
1986,6,-1,-1
1986,7,-1,-1
1987,0,0,160
1987,1,0,160
1987,2,-1,-1
1987,3,-1,-1
1987,4,-1,-1
1987,5,-1,-1
1987,6,-1,-1
1987,7,-1,-1
1988,0,0,160
1988,1,0,160
1988,2,-1,-1
1988,3,-1,-1
1988,4,-1,-1
1988,5,-1,-1
1988,6,-1,-1
1988,7,-1,-1
1989,0,0,160
1989,1,0,160
1989,2,-1,-1
1989,3,-1,-1
1989,4,-1,-1
1989,5,-1,-1
1989,6,-1,-1
1989,7,-1,-1
1990,0,0,160
1990,1,0,160
1990,2,-1,-1
1990,3,-1,-1
1990,4,-1,-1
1990,5,-1,-1
1990,6,-1,-1
1990,7,-1,-1
1991,0,0,160
1991,1,0,160
1991,2,-1,-1
1991,3,-1,-1
1991,4,-1,-1
1991,5,-1,-1
1991,6,-1,-1
1991,7,-1,-1
1992,0,0,160
1992,1,0,160
1992,2,-1,-1
1992,3,-1,-1
1992,4,-1,-1
1992,5,-1,-1
1992,6,-1,-1
1992,7,-1,-1
1993,0,0,160
1993,1,0,160
1993,2,-1,-1
1993,3,-1,-1
1993,4,-1,-1
1993,5,-1,-1
1993,6,-1,-1
1993,7,-1,-1
1994,0,0,160
1994,1,0,160
1994,2,-1,-1
1994,3,-1,-1
1994,4,-1,-1
1994,5,-1,-1
1994,6,-1,-1
1994,7,-1,-1
1995,0,0,160
1995,1,0,160
1995,2,-1,-1
1995,3,-1,-1
1995,4,-1,-1
1995,5,-1,-1
1995,6,-1,-1
1995,7,-1,-1
1996,0,0,160
1996,1,0,160
1996,2,-1,-1
1996,3,-1,-1
1996,4,-1,-1
1996,5,-1,-1
1996,6,-1,-1
1996,7,-1,-1
1997,0,0,160
1997,1,0,160
1997,2,-1,-1
1997,3,-1,-1
1997,4,-1,-1
1997,5,-1,-1
1997,6,-1,-1
1997,7,-1,-1
1998,0,0,160
1998,1,0,160
1998,2,-1,-1
1998,3,-1,-1
1998,4,-1,-1
1998,5,-1,-1
1998,6,-1,-1
1998,7,-1,-1
1999,0,0,160
1999,1,0,160
1999,2,-1,-1
1999,3,-1,-1
1999,4,-1,-1
1999,5,-1,-1
1999,6,-1,-1
1999,7,-1,-1
2000,0,0,160
2000,1,0,160
2000,2,-1,-1
2000,3,-1,-1
2000,4,-1,-1
2000,5,-1,-1
2000,6,-1,-1
2000,7,-1,-1
2001,0,0,160
2001,1,0,160
2001,2,-1,-1
2001,3,-1,-1
2001,4,-1,-1
2001,5,-1,-1
2001,6,-1,-1
2001,7,-1,-1
2002,0,0,160
2002,1,0,160
2002,2,-1,-1
2002,3,-1,-1
2002,4,-1,-1
2002,5,-1,-1
2002,6,-1,-1
2002,7,-1,-1
2003,0,0,160
2003,1,0,160
2003,2,-1,-1
2003,3,-1,-1
2003,4,-1,-1
2003,5,-1,-1
2003,6,-1,-1
2003,7,-1,-1
2004,0,0,160
2004,1,0,160
2004,2,-1,-1
2004,3,-1,-1
2004,4,-1,-1
2004,5,-1,-1
2004,6,-1,-1
2004,7,-1,-1
2005,0,0,160
2005,1,0,160
2005,2,-1,-1
2005,3,-1,-1
2005,4,-1,-1
2005,5,-1,-1
2005,6,-1,-1
2005,7,-1,-1
2006,0,0,160
2006,1,0,160
2006,2,-1,-1
2006,3,-1,-1
2006,4,-1,-1
2006,5,-1,-1
2006,6,-1,-1
2006,7,-1,-1
2007,0,0,160
2007,1,0,160
2007,2,-1,-1
2007,3,-1,-1
2007,4,-1,-1
2007,5,-1,-1
2007,6,-1,-1
2007,7,-1,-1
2008,0,0,160
2008,1,0,160
2008,2,-1,-1
2008,3,-1,-1
2008,4,-1,-1
2008,5,-1,-1
2008,6,-1,-1
2008,7,-1,-1
2009,0,0,160
2009,1,0,160
2009,2,-1,-1
2009,3,-1,-1
2009,4,-1,-1
2009,5,-1,-1
2009,6,-1,-1
2009,7,-1,-1
2010,0,0,160
2010,1,0,160
2010,2,-1,-1
2010,3,-1,-1
2010,4,-1,-1
2010,5,-1,-1
2010,6,-1,-1
2010,7,-1,-1
2011,0,0,160
2011,1,0,160
2011,2,-1,-1
2011,3,-1,-1
2011,4,-1,-1
2011,5,-1,-1
2011,6,-1,-1
2011,7,-1,-1
2012,0,0,160
2012,1,0,160
2012,2,-1,-1
2012,3,-1,-1
2012,4,-1,-1
2012,5,-1,-1
2012,6,-1,-1
2012,7,-1,-1
2013,0,0,160
2013,1,0,160
2013,2,-1,-1
2013,3,-1,-1
2013,4,-1,-1
2013,5,-1,-1
2013,6,-1,-1
2013,7,-1,-1
2014,0,0,160
2014,1,0,160
2014,2,-1,-1
2014,3,-1,-1
2014,4,-1,-1
2014,5,-1,-1
2014,6,-1,-1
2014,7,-1,-1
2015,0,0,160
2015,1,0,160
2015,2,-1,-1
2015,3,-1,-1
2015,4,-1,-1
2015,5,-1,-1
2015,6,-1,-1
2015,7,-1,-1
2016,0,0,160
2016,1,0,160
2016,2,-1,-1
2016,3,-1,-1
2016,4,-1,-1
2016,5,-1,-1
2016,6,-1,-1
2016,7,-1,-1
2017,0,0,160
2017,1,0,160
2017,2,-1,-1
2017,3,-1,-1
2017,4,-1,-1
2017,5,-1,-1
2017,6,-1,-1
2017,7,-1,-1
2018,0,0,160
2018,1,0,160
2018,2,-1,-1
2018,3,-1,-1
2018,4,-1,-1
2018,5,-1,-1
2018,6,-1,-1
2018,7,-1,-1
2019,0,0,160
2019,1,0,160
2019,2,-1,-1
2019,3,-1,-1
2019,4,-1,-1
2019,5,-1,-1
2019,6,-1,-1
2019,7,-1,-1
2020,0,0,160
2020,1,0,160
2020,2,-1,-1
2020,3,-1,-1
2020,4,-1,-1
2020,5,-1,-1
2020,6,-1,-1
2020,7,-1,-1
2021,0,0,160
2021,1,0,160
2021,2,-1,-1
2021,3,-1,-1
2021,4,-1,-1
2021,5,-1,-1
2021,6,-1,-1
2021,7,-1,-1
2022,0,0,160
2022,1,0,160
2022,2,-1,-1
2022,3,-1,-1
2022,4,-1,-1
2022,5,-1,-1
2022,6,-1,-1
2022,7,-1,-1
2023,0,0,160
2023,1,0,160
2023,2,-1,-1
2023,3,-1,-1
2023,4,-1,-1
2023,5,-1,-1
2023,6,-1,-1
2023,7,-1,-1
2024,0,0,160
2024,1,0,160
2024,2,-1,-1
2024,3,-1,-1
2024,4,-1,-1
2024,5,-1,-1
2024,6,-1,-1
2024,7,-1,-1
2025,0,0,160
2025,1,0,160
2025,2,-1,-1
2025,3,-1,-1
2025,4,-1,-1
2025,5,-1,-1
2025,6,-1,-1
2025,7,-1,-1
2026,0,0,160
2026,1,0,160
2026,2,-1,-1
2026,3,-1,-1
2026,4,-1,-1
2026,5,-1,-1
2026,6,-1,-1
2026,7,-1,-1
2027,0,0,160
2027,1,0,160
2027,2,-1,-1
2027,3,-1,-1
2027,4,-1,-1
2027,5,-1,-1
2027,6,-1,-1
2027,7,-1,-1
2028,0,0,160
2028,1,0,160
2028,2,-1,-1
2028,3,-1,-1
2028,4,-1,-1
2028,5,-1,-1
2028,6,-1,-1
2028,7,-1,-1
2029,0,0,160
2029,1,0,160
2029,2,-1,-1
2029,3,-1,-1
2029,4,-1,-1
2029,5,-1,-1
2029,6,-1,-1
2029,7,-1,-1
2030,0,0,160
2030,1,0,160
2030,2,-1,-1
2030,3,-1,-1
2030,4,-1,-1
2030,5,-1,-1
2030,6,-1,-1
2030,7,-1,-1
2031,0,0,160
2031,1,0,160
2031,2,-1,-1
2031,3,-1,-1
2031,4,-1,-1
2031,5,-1,-1
2031,6,-1,-1
2031,7,-1,-1
2032,0,0,160
2032,1,0,160
2032,2,-1,-1
2032,3,-1,-1
2032,4,-1,-1
2032,5,-1,-1
2032,6,-1,-1
2032,7,-1,-1
2033,0,0,160
2033,1,0,160
2033,2,-1,-1
2033,3,-1,-1
2033,4,-1,-1
2033,5,-1,-1
2033,6,-1,-1
2033,7,-1,-1
2034,0,0,160
2034,1,0,160
2034,2,-1,-1
2034,3,-1,-1
2034,4,-1,-1
2034,5,-1,-1
2034,6,-1,-1
2034,7,-1,-1
2035,0,0,160
2035,1,0,160
2035,2,-1,-1
2035,3,-1,-1
2035,4,-1,-1
2035,5,-1,-1
2035,6,-1,-1
2035,7,-1,-1
2036,0,0,160
2036,1,0,160
2036,2,-1,-1
2036,3,-1,-1
2036,4,-1,-1
2036,5,-1,-1
2036,6,-1,-1
2036,7,-1,-1
2037,0,0,160
2037,1,0,160
2037,2,-1,-1
2037,3,-1,-1
2037,4,-1,-1
2037,5,-1,-1
2037,6,-1,-1
2037,7,-1,-1
2038,0,0,160
2038,1,0,160
2038,2,-1,-1
2038,3,-1,-1
2038,4,-1,-1
2038,5,-1,-1
2038,6,-1,-1
2038,7,-1,-1
2039,0,0,160
2039,1,0,160
2039,2,-1,-1
2039,3,-1,-1
2039,4,-1,-1
2039,5,-1,-1
2039,6,-1,-1
2039,7,-1,-1
2040,0,0,160
2040,1,0,160
2040,2,-1,-1
2040,3,-1,-1
2040,4,-1,-1
2040,5,-1,-1
2040,6,-1,-1
2040,7,-1,-1
2041,0,0,160
2041,1,0,160
2041,2,-1,-1
2041,3,-1,-1
2041,4,-1,-1
2041,5,-1,-1
2041,6,-1,-1
2041,7,-1,-1
2042,0,0,160
2042,1,0,160
2042,2,-1,-1
2042,3,-1,-1
2042,4,-1,-1
2042,5,-1,-1
2042,6,-1,-1
2042,7,-1,-1
2043,0,0,160
2043,1,0,160
2043,2,-1,-1
2043,3,-1,-1
2043,4,-1,-1
2043,5,-1,-1
2043,6,-1,-1
2043,7,-1,-1
2044,0,0,160
2044,1,0,160
2044,2,-1,-1
2044,3,-1,-1
2044,4,-1,-1
2044,5,-1,-1
2044,6,-1,-1
2044,7,-1,-1
2045,0,0,160
2045,1,0,160
2045,2,-1,-1
2045,3,-1,-1
2045,4,-1,-1
2045,5,-1,-1
2045,6,-1,-1
2045,7,-1,-1
2046,0,0,160
2046,1,0,160
2046,2,-1,-1
2046,3,-1,-1
2046,4,-1,-1
2046,5,-1,-1
2046,6,-1,-1
2046,7,-1,-1
2047,0,0,160
2047,1,0,160
2047,2,-1,-1
2047,3,-1,-1
2047,4,-1,-1
2047,5,-1,-1
2047,6,-1,-1
2047,7,-1,-1
2048,0,0,160
2048,1,0,160
2048,2,-1,-1
2048,3,-1,-1
2048,4,-1,-1
2048,5,-1,-1
2048,6,-1,-1
2048,7,-1,-1
2049,0,0,160
2049,1,0,160
2049,2,-1,-1
2049,3,-1,-1
2049,4,-1,-1
2049,5,-1,-1
2049,6,-1,-1
2049,7,-1,-1
2050,0,0,160
2050,1,0,160
2050,2,-1,-1
2050,3,-1,-1
2050,4,-1,-1
2050,5,-1,-1
2050,6,-1,-1
2050,7,-1,-1
2051,0,0,160
2051,1,0,160
2051,2,-1,-1
2051,3,-1,-1
2051,4,-1,-1
2051,5,-1,-1
2051,6,-1,-1
2051,7,-1,-1
2052,0,0,160
2052,1,0,160
2052,2,-1,-1
2052,3,-1,-1
2052,4,-1,-1
2052,5,-1,-1
2052,6,-1,-1
2052,7,-1,-1
2053,0,0,160
2053,1,0,160
2053,2,-1,-1
2053,3,-1,-1
2053,4,-1,-1
2053,5,-1,-1
2053,6,-1,-1
2053,7,-1,-1
2054,0,0,160
2054,1,0,160
2054,2,-1,-1
2054,3,-1,-1
2054,4,-1,-1
2054,5,-1,-1
2054,6,-1,-1
2054,7,-1,-1
2055,0,0,160
2055,1,0,160
2055,2,-1,-1
2055,3,-1,-1
2055,4,-1,-1
2055,5,-1,-1
2055,6,-1,-1
2055,7,-1,-1
2056,0,0,160
2056,1,0,160
2056,2,-1,-1
2056,3,-1,-1
2056,4,-1,-1
2056,5,-1,-1
2056,6,-1,-1
2056,7,-1,-1
2057,0,0,160
2057,1,0,160
2057,2,-1,-1
2057,3,-1,-1
2057,4,-1,-1
2057,5,-1,-1
2057,6,-1,-1
2057,7,-1,-1
2058,0,0,160
2058,1,0,160
2058,2,-1,-1
2058,3,-1,-1
2058,4,-1,-1
2058,5,-1,-1
2058,6,-1,-1
2058,7,-1,-1
2059,0,0,160
2059,1,0,160
2059,2,-1,-1
2059,3,-1,-1
2059,4,-1,-1
2059,5,-1,-1
2059,6,-1,-1
2059,7,-1,-1
2060,0,0,160
2060,1,0,160
2060,2,-1,-1
2060,3,-1,-1
2060,4,-1,-1
2060,5,-1,-1
2060,6,-1,-1
2060,7,-1,-1
2061,0,0,160
2061,1,0,160
2061,2,-1,-1
2061,3,-1,-1
2061,4,-1,-1
2061,5,-1,-1
2061,6,-1,-1
2061,7,-1,-1
2062,0,0,160
2062,1,0,160
2062,2,-1,-1
2062,3,-1,-1
2062,4,-1,-1
2062,5,-1,-1
2062,6,-1,-1
2062,7,-1,-1
2063,0,0,160
2063,1,0,160
2063,2,-1,-1
2063,3,-1,-1
2063,4,-1,-1
2063,5,-1,-1
2063,6,-1,-1
2063,7,-1,-1
2064,0,0,160
2064,1,0,160
2064,2,-1,-1
2064,3,-1,-1
2064,4,-1,-1
2064,5,-1,-1
2064,6,-1,-1
2064,7,-1,-1
2065,0,0,160
2065,1,0,160
2065,2,-1,-1
2065,3,-1,-1
2065,4,-1,-1
2065,5,-1,-1
2065,6,-1,-1
2065,7,-1,-1
2066,0,0,160
2066,1,0,160
2066,2,-1,-1
2066,3,-1,-1
2066,4,-1,-1
2066,5,-1,-1
2066,6,-1,-1
2066,7,-1,-1
2067,0,0,160
2067,1,0,160
2067,2,-1,-1
2067,3,-1,-1
2067,4,-1,-1
2067,5,-1,-1
2067,6,-1,-1
2067,7,-1,-1
2068,0,0,160
2068,1,0,160
2068,2,-1,-1
2068,3,-1,-1
2068,4,-1,-1
2068,5,-1,-1
2068,6,-1,-1
2068,7,-1,-1
2069,0,0,160
2069,1,0,160
2069,2,-1,-1
2069,3,-1,-1
2069,4,-1,-1
2069,5,-1,-1
2069,6,-1,-1
2069,7,-1,-1
2070,0,0,160
2070,1,0,160
2070,2,-1,-1
2070,3,-1,-1
2070,4,-1,-1
2070,5,-1,-1
2070,6,-1,-1
2070,7,-1,-1
2071,0,0,160
2071,1,0,160
2071,2,-1,-1
2071,3,-1,-1
2071,4,-1,-1
2071,5,-1,-1
2071,6,-1,-1
2071,7,-1,-1
2072,0,0,160
2072,1,0,160
2072,2,-1,-1
2072,3,-1,-1
2072,4,-1,-1
2072,5,-1,-1
2072,6,-1,-1
2072,7,-1,-1
2073,0,0,160
2073,1,0,160
2073,2,-1,-1
2073,3,-1,-1
2073,4,-1,-1
2073,5,-1,-1
2073,6,-1,-1
2073,7,-1,-1
2074,0,0,160
2074,1,0,160
2074,2,-1,-1
2074,3,-1,-1
2074,4,-1,-1
2074,5,-1,-1
2074,6,-1,-1
2074,7,-1,-1
2075,0,0,160
2075,1,0,160
2075,2,-1,-1
2075,3,-1,-1
2075,4,-1,-1
2075,5,-1,-1
2075,6,-1,-1
2075,7,-1,-1
2076,0,0,160
2076,1,0,160
2076,2,-1,-1
2076,3,-1,-1
2076,4,-1,-1
2076,5,-1,-1
2076,6,-1,-1
2076,7,-1,-1
2077,0,0,160
2077,1,0,160
2077,2,-1,-1
2077,3,-1,-1
2077,4,-1,-1
2077,5,-1,-1
2077,6,-1,-1
2077,7,-1,-1
2078,0,0,160
2078,1,0,160
2078,2,-1,-1
2078,3,-1,-1
2078,4,-1,-1
2078,5,-1,-1
2078,6,-1,-1
2078,7,-1,-1
2079,0,0,160
2079,1,0,160
2079,2,-1,-1
2079,3,-1,-1
2079,4,-1,-1
2079,5,-1,-1
2079,6,-1,-1
2079,7,-1,-1
2080,0,0,160
2080,1,0,160
2080,2,-1,-1
2080,3,-1,-1
2080,4,-1,-1
2080,5,-1,-1
2080,6,-1,-1
2080,7,-1,-1
2081,0,0,160
2081,1,0,160
2081,2,-1,-1
2081,3,-1,-1
2081,4,-1,-1
2081,5,-1,-1
2081,6,-1,-1
2081,7,-1,-1
2082,0,0,160
2082,1,0,160
2082,2,-1,-1
2082,3,-1,-1
2082,4,-1,-1
2082,5,-1,-1
2082,6,-1,-1
2082,7,-1,-1
2083,0,0,160
2083,1,0,160
2083,2,-1,-1
2083,3,-1,-1
2083,4,-1,-1
2083,5,-1,-1
2083,6,-1,-1
2083,7,-1,-1
2084,0,0,160
2084,1,0,160
2084,2,-1,-1
2084,3,-1,-1
2084,4,-1,-1
2084,5,-1,-1
2084,6,-1,-1
2084,7,-1,-1
2085,0,0,160
2085,1,0,160
2085,2,-1,-1
2085,3,-1,-1
2085,4,-1,-1
2085,5,-1,-1
2085,6,-1,-1
2085,7,-1,-1
2086,0,0,160
2086,1,0,160
2086,2,-1,-1
2086,3,-1,-1
2086,4,-1,-1
2086,5,-1,-1
2086,6,-1,-1
2086,7,-1,-1
2087,0,0,160
2087,1,0,160
2087,2,-1,-1
2087,3,-1,-1
2087,4,-1,-1
2087,5,-1,-1
2087,6,-1,-1
2087,7,-1,-1
2088,0,0,160
2088,1,0,160
2088,2,-1,-1
2088,3,-1,-1
2088,4,-1,-1
2088,5,-1,-1
2088,6,-1,-1
2088,7,-1,-1
2089,0,0,160
2089,1,0,160
2089,2,-1,-1
2089,3,-1,-1
2089,4,-1,-1
2089,5,-1,-1
2089,6,-1,-1
2089,7,-1,-1
2090,0,0,160
2090,1,0,160
2090,2,-1,-1
2090,3,-1,-1
2090,4,-1,-1
2090,5,-1,-1
2090,6,-1,-1
2090,7,-1,-1
2091,0,0,160
2091,1,0,160
2091,2,-1,-1
2091,3,-1,-1
2091,4,-1,-1
2091,5,-1,-1
2091,6,-1,-1
2091,7,-1,-1
2092,0,0,160
2092,1,0,160
2092,2,-1,-1
2092,3,-1,-1
2092,4,-1,-1
2092,5,-1,-1
2092,6,-1,-1
2092,7,-1,-1
2093,0,0,160
2093,1,0,160
2093,2,-1,-1
2093,3,-1,-1
2093,4,-1,-1
2093,5,-1,-1
2093,6,-1,-1
2093,7,-1,-1
2094,0,0,160
2094,1,0,160
2094,2,-1,-1
2094,3,-1,-1
2094,4,-1,-1
2094,5,-1,-1
2094,6,-1,-1
2094,7,-1,-1
2095,0,0,160
2095,1,0,160
2095,2,-1,-1
2095,3,-1,-1
2095,4,-1,-1
2095,5,-1,-1
2095,6,-1,-1
2095,7,-1,-1
2096,0,0,160
2096,1,0,160
2096,2,-1,-1
2096,3,-1,-1
2096,4,-1,-1
2096,5,-1,-1
2096,6,-1,-1
2096,7,-1,-1
2097,0,0,160
2097,1,0,160
2097,2,-1,-1
2097,3,-1,-1
2097,4,-1,-1
2097,5,-1,-1
2097,6,-1,-1
2097,7,-1,-1
2098,0,0,160
2098,1,0,160
2098,2,-1,-1
2098,3,-1,-1
2098,4,-1,-1
2098,5,-1,-1
2098,6,-1,-1
2098,7,-1,-1
2099,0,0,160
2099,1,0,160
2099,2,-1,-1
2099,3,-1,-1
2099,4,-1,-1
2099,5,-1,-1
2099,6,-1,-1
2099,7,-1,-1
2100,0,0,160
2100,1,0,160
2100,2,-1,-1
2100,3,-1,-1
2100,4,-1,-1
2100,5,-1,-1
2100,6,-1,-1
2100,7,-1,-1
2101,0,0,160
2101,1,0,160
2101,2,-1,-1
2101,3,-1,-1
2101,4,-1,-1
2101,5,-1,-1
2101,6,-1,-1
2101,7,-1,-1
2102,0,0,160
2102,1,0,160
2102,2,-1,-1
2102,3,-1,-1
2102,4,-1,-1
2102,5,-1,-1
2102,6,-1,-1
2102,7,-1,-1
2103,0,0,160
2103,1,0,160
2103,2,-1,-1
2103,3,-1,-1
2103,4,-1,-1
2103,5,-1,-1
2103,6,-1,-1
2103,7,-1,-1
2104,0,0,160
2104,1,0,160
2104,2,-1,-1
2104,3,-1,-1
2104,4,-1,-1
2104,5,-1,-1
2104,6,-1,-1
2104,7,-1,-1
2105,0,0,160
2105,1,0,160
2105,2,-1,-1
2105,3,-1,-1
2105,4,-1,-1
2105,5,-1,-1
2105,6,-1,-1
2105,7,-1,-1
2106,0,0,160
2106,1,0,160
2106,2,-1,-1
2106,3,-1,-1
2106,4,-1,-1
2106,5,-1,-1
2106,6,-1,-1
2106,7,-1,-1
2107,0,0,160
2107,1,0,160
2107,2,-1,-1
2107,3,-1,-1
2107,4,-1,-1
2107,5,-1,-1
2107,6,-1,-1
2107,7,-1,-1
2108,0,0,160
2108,1,0,160
2108,2,-1,-1
2108,3,-1,-1
2108,4,-1,-1
2108,5,-1,-1
2108,6,-1,-1
2108,7,-1,-1
2109,0,0,160
2109,1,0,160
2109,2,-1,-1
2109,3,-1,-1
2109,4,-1,-1
2109,5,-1,-1
2109,6,-1,-1
2109,7,-1,-1
2110,0,0,160
2110,1,0,160
2110,2,-1,-1
2110,3,-1,-1
2110,4,-1,-1
2110,5,-1,-1
2110,6,-1,-1
2110,7,-1,-1
2111,0,0,160
2111,1,0,160
2111,2,-1,-1
2111,3,-1,-1
2111,4,-1,-1
2111,5,-1,-1
2111,6,-1,-1
2111,7,-1,-1
2112,0,0,160
2112,1,0,160
2112,2,-1,-1
2112,3,-1,-1
2112,4,-1,-1
2112,5,-1,-1
2112,6,-1,-1
2112,7,-1,-1
2113,0,0,160
2113,1,0,160
2113,2,-1,-1
2113,3,-1,-1
2113,4,-1,-1
2113,5,-1,-1
2113,6,-1,-1
2113,7,-1,-1
2114,0,0,160
2114,1,0,160
2114,2,-1,-1
2114,3,-1,-1
2114,4,-1,-1
2114,5,-1,-1
2114,6,-1,-1
2114,7,-1,-1
2115,0,0,160
2115,1,0,160
2115,2,-1,-1
2115,3,-1,-1
2115,4,-1,-1
2115,5,-1,-1
2115,6,-1,-1
2115,7,-1,-1
2116,0,0,160
2116,1,0,160
2116,2,-1,-1
2116,3,-1,-1
2116,4,-1,-1
2116,5,-1,-1
2116,6,-1,-1
2116,7,-1,-1
2117,0,0,160
2117,1,0,160
2117,2,-1,-1
2117,3,-1,-1
2117,4,-1,-1
2117,5,-1,-1
2117,6,-1,-1
2117,7,-1,-1
2118,0,0,160
2118,1,0,160
2118,2,-1,-1
2118,3,-1,-1
2118,4,-1,-1
2118,5,-1,-1
2118,6,-1,-1
2118,7,-1,-1
2119,0,0,160
2119,1,0,160
2119,2,-1,-1
2119,3,-1,-1
2119,4,-1,-1
2119,5,-1,-1
2119,6,-1,-1
2119,7,-1,-1
2120,0,0,160
2120,1,0,160
2120,2,-1,-1
2120,3,-1,-1
2120,4,-1,-1
2120,5,-1,-1
2120,6,-1,-1
2120,7,-1,-1
2121,0,0,160
2121,1,0,160
2121,2,-1,-1
2121,3,-1,-1
2121,4,-1,-1
2121,5,-1,-1
2121,6,-1,-1
2121,7,-1,-1
2122,0,0,160
2122,1,0,160
2122,2,-1,-1
2122,3,-1,-1
2122,4,-1,-1
2122,5,-1,-1
2122,6,-1,-1
2122,7,-1,-1
2123,0,0,160
2123,1,0,160
2123,2,-1,-1
2123,3,-1,-1
2123,4,-1,-1
2123,5,-1,-1
2123,6,-1,-1
2123,7,-1,-1
2124,0,0,160
2124,1,0,160
2124,2,-1,-1
2124,3,-1,-1
2124,4,-1,-1
2124,5,-1,-1
2124,6,-1,-1
2124,7,-1,-1
2125,0,0,160
2125,1,0,160
2125,2,-1,-1
2125,3,-1,-1
2125,4,-1,-1
2125,5,-1,-1
2125,6,-1,-1
2125,7,-1,-1
2126,0,0,160
2126,1,0,160
2126,2,-1,-1
2126,3,-1,-1
2126,4,-1,-1
2126,5,-1,-1
2126,6,-1,-1
2126,7,-1,-1
2127,0,0,160
2127,1,0,160
2127,2,-1,-1
2127,3,-1,-1
2127,4,-1,-1
2127,5,-1,-1
2127,6,-1,-1
2127,7,-1,-1
2128,0,0,160
2128,1,0,160
2128,2,-1,-1
2128,3,-1,-1
2128,4,-1,-1
2128,5,-1,-1
2128,6,-1,-1
2128,7,-1,-1
2129,0,0,160
2129,1,0,160
2129,2,-1,-1
2129,3,-1,-1
2129,4,-1,-1
2129,5,-1,-1
2129,6,-1,-1
2129,7,-1,-1
2130,0,0,160
2130,1,0,160
2130,2,-1,-1
2130,3,-1,-1
2130,4,-1,-1
2130,5,-1,-1
2130,6,-1,-1
2130,7,-1,-1
2131,0,0,160
2131,1,0,160
2131,2,-1,-1
2131,3,-1,-1
2131,4,-1,-1
2131,5,-1,-1
2131,6,-1,-1
2131,7,-1,-1
2132,0,0,160
2132,1,0,160
2132,2,-1,-1
2132,3,-1,-1
2132,4,-1,-1
2132,5,-1,-1
2132,6,-1,-1
2132,7,-1,-1
2133,0,0,160
2133,1,0,160
2133,2,-1,-1
2133,3,-1,-1
2133,4,-1,-1
2133,5,-1,-1
2133,6,-1,-1
2133,7,-1,-1
2134,0,0,160
2134,1,0,160
2134,2,-1,-1
2134,3,-1,-1
2134,4,-1,-1
2134,5,-1,-1
2134,6,-1,-1
2134,7,-1,-1
2135,0,0,160
2135,1,0,160
2135,2,-1,-1
2135,3,-1,-1
2135,4,-1,-1
2135,5,-1,-1
2135,6,-1,-1
2135,7,-1,-1
2136,0,0,160
2136,1,0,160
2136,2,-1,-1
2136,3,-1,-1
2136,4,-1,-1
2136,5,-1,-1
2136,6,-1,-1
2136,7,-1,-1
2137,0,0,160
2137,1,0,160
2137,2,-1,-1
2137,3,-1,-1
2137,4,-1,-1
2137,5,-1,-1
2137,6,-1,-1
2137,7,-1,-1
2138,0,0,160
2138,1,0,160
2138,2,-1,-1
2138,3,-1,-1
2138,4,-1,-1
2138,5,-1,-1
2138,6,-1,-1
2138,7,-1,-1
2139,0,0,160
2139,1,0,160
2139,2,-1,-1
2139,3,-1,-1
2139,4,-1,-1
2139,5,-1,-1
2139,6,-1,-1
2139,7,-1,-1
2140,0,0,160
2140,1,0,160
2140,2,-1,-1
2140,3,-1,-1
2140,4,-1,-1
2140,5,-1,-1
2140,6,-1,-1
2140,7,-1,-1
2141,0,0,160
2141,1,0,160
2141,2,-1,-1
2141,3,-1,-1
2141,4,-1,-1
2141,5,-1,-1
2141,6,-1,-1
2141,7,-1,-1
2142,0,0,160
2142,1,0,160
2142,2,-1,-1
2142,3,-1,-1
2142,4,-1,-1
2142,5,-1,-1
2142,6,-1,-1
2142,7,-1,-1
2143,0,0,160
2143,1,0,160
2143,2,-1,-1
2143,3,-1,-1
2143,4,-1,-1
2143,5,-1,-1
2143,6,-1,-1
2143,7,-1,-1
2144,0,0,160
2144,1,0,160
2144,2,-1,-1
2144,3,-1,-1
2144,4,-1,-1
2144,5,-1,-1
2144,6,-1,-1
2144,7,-1,-1
2145,0,0,160
2145,1,0,160
2145,2,-1,-1
2145,3,-1,-1
2145,4,-1,-1
2145,5,-1,-1
2145,6,-1,-1
2145,7,-1,-1
2146,0,0,160
2146,1,0,160
2146,2,-1,-1
2146,3,-1,-1
2146,4,-1,-1
2146,5,-1,-1
2146,6,-1,-1
2146,7,-1,-1
2147,0,0,160
2147,1,0,160
2147,2,-1,-1
2147,3,-1,-1
2147,4,-1,-1
2147,5,-1,-1
2147,6,-1,-1
2147,7,-1,-1
2148,0,0,160
2148,1,0,160
2148,2,-1,-1
2148,3,-1,-1
2148,4,-1,-1
2148,5,-1,-1
2148,6,-1,-1
2148,7,-1,-1
2149,0,0,160
2149,1,0,160
2149,2,-1,-1
2149,3,-1,-1
2149,4,-1,-1
2149,5,-1,-1
2149,6,-1,-1
2149,7,-1,-1
2150,0,0,160
2150,1,0,160
2150,2,-1,-1
2150,3,-1,-1
2150,4,-1,-1
2150,5,-1,-1
2150,6,-1,-1
2150,7,-1,-1
2151,0,0,160
2151,1,0,160
2151,2,-1,-1
2151,3,-1,-1
2151,4,-1,-1
2151,5,-1,-1
2151,6,-1,-1
2151,7,-1,-1
2152,0,0,160
2152,1,0,160
2152,2,-1,-1
2152,3,-1,-1
2152,4,-1,-1
2152,5,-1,-1
2152,6,-1,-1
2152,7,-1,-1
2153,0,0,160
2153,1,0,160
2153,2,-1,-1
2153,3,-1,-1
2153,4,-1,-1
2153,5,-1,-1
2153,6,-1,-1
2153,7,-1,-1
2154,0,0,160
2154,1,0,160
2154,2,-1,-1
2154,3,-1,-1
2154,4,-1,-1
2154,5,-1,-1
2154,6,-1,-1
2154,7,-1,-1
2155,0,0,160
2155,1,0,160
2155,2,-1,-1
2155,3,-1,-1
2155,4,-1,-1
2155,5,-1,-1
2155,6,-1,-1
2155,7,-1,-1
2156,0,0,160
2156,1,0,160
2156,2,-1,-1
2156,3,-1,-1
2156,4,-1,-1
2156,5,-1,-1
2156,6,-1,-1
2156,7,-1,-1
2157,0,0,160
2157,1,0,160
2157,2,-1,-1
2157,3,-1,-1
2157,4,-1,-1
2157,5,-1,-1
2157,6,-1,-1
2157,7,-1,-1
2158,0,0,160
2158,1,0,160
2158,2,-1,-1
2158,3,-1,-1
2158,4,-1,-1
2158,5,-1,-1
2158,6,-1,-1
2158,7,-1,-1
2159,0,0,160
2159,1,0,160
2159,2,-1,-1
2159,3,-1,-1
2159,4,-1,-1
2159,5,-1,-1
2159,6,-1,-1
2159,7,-1,-1
2160,0,0,160
2160,1,0,160
2160,2,-1,-1
2160,3,-1,-1
2160,4,-1,-1
2160,5,-1,-1
2160,6,-1,-1
2160,7,-1,-1
2161,0,0,160
2161,1,0,160
2161,2,-1,-1
2161,3,-1,-1
2161,4,-1,-1
2161,5,-1,-1
2161,6,-1,-1
2161,7,-1,-1
2162,0,0,160
2162,1,0,160
2162,2,-1,-1
2162,3,-1,-1
2162,4,-1,-1
2162,5,-1,-1
2162,6,-1,-1
2162,7,-1,-1
2163,0,0,160
2163,1,0,160
2163,2,-1,-1
2163,3,-1,-1
2163,4,-1,-1
2163,5,-1,-1
2163,6,-1,-1
2163,7,-1,-1
2164,0,0,160
2164,1,0,160
2164,2,-1,-1
2164,3,-1,-1
2164,4,-1,-1
2164,5,-1,-1
2164,6,-1,-1
2164,7,-1,-1
2165,0,0,160
2165,1,0,160
2165,2,-1,-1
2165,3,-1,-1
2165,4,-1,-1
2165,5,-1,-1
2165,6,-1,-1
2165,7,-1,-1
2166,0,0,160
2166,1,0,160
2166,2,-1,-1
2166,3,-1,-1
2166,4,-1,-1
2166,5,-1,-1
2166,6,-1,-1
2166,7,-1,-1
2167,0,0,160
2167,1,0,160
2167,2,-1,-1
2167,3,-1,-1
2167,4,-1,-1
2167,5,-1,-1
2167,6,-1,-1
2167,7,-1,-1
2168,0,0,160
2168,1,0,160
2168,2,-1,-1
2168,3,-1,-1
2168,4,-1,-1
2168,5,-1,-1
2168,6,-1,-1
2168,7,-1,-1
2169,0,0,160
2169,1,0,160
2169,2,-1,-1
2169,3,-1,-1
2169,4,-1,-1
2169,5,-1,-1
2169,6,-1,-1
2169,7,-1,-1
2170,0,0,160
2170,1,0,160
2170,2,-1,-1
2170,3,-1,-1
2170,4,-1,-1
2170,5,-1,-1
2170,6,-1,-1
2170,7,-1,-1
2171,0,0,160
2171,1,0,160
2171,2,-1,-1
2171,3,-1,-1
2171,4,-1,-1
2171,5,-1,-1
2171,6,-1,-1
2171,7,-1,-1
2172,0,0,160
2172,1,0,160
2172,2,-1,-1
2172,3,-1,-1
2172,4,-1,-1
2172,5,-1,-1
2172,6,-1,-1
2172,7,-1,-1
2173,0,0,160
2173,1,0,160
2173,2,-1,-1
2173,3,-1,-1
2173,4,-1,-1
2173,5,-1,-1
2173,6,-1,-1
2173,7,-1,-1
2174,0,0,160
2174,1,0,160
2174,2,-1,-1
2174,3,-1,-1
2174,4,-1,-1
2174,5,-1,-1
2174,6,-1,-1
2174,7,-1,-1
2175,0,0,160
2175,1,0,160
2175,2,-1,-1
2175,3,-1,-1
2175,4,-1,-1
2175,5,-1,-1
2175,6,-1,-1
2175,7,-1,-1
2176,0,0,160
2176,1,0,160
2176,2,-1,-1
2176,3,-1,-1
2176,4,-1,-1
2176,5,-1,-1
2176,6,-1,-1
2176,7,-1,-1
2177,0,0,160
2177,1,0,160
2177,2,-1,-1
2177,3,-1,-1
2177,4,-1,-1
2177,5,-1,-1
2177,6,-1,-1
2177,7,-1,-1
2178,0,0,160
2178,1,0,160
2178,2,-1,-1
2178,3,-1,-1
2178,4,-1,-1
2178,5,-1,-1
2178,6,-1,-1
2178,7,-1,-1
2179,0,0,160
2179,1,0,160
2179,2,-1,-1
2179,3,-1,-1
2179,4,-1,-1
2179,5,-1,-1
2179,6,-1,-1
2179,7,-1,-1
2180,0,0,160
2180,1,0,160
2180,2,-1,-1
2180,3,-1,-1
2180,4,-1,-1
2180,5,-1,-1
2180,6,-1,-1
2180,7,-1,-1
2181,0,0,160
2181,1,0,160
2181,2,-1,-1
2181,3,-1,-1
2181,4,-1,-1
2181,5,-1,-1
2181,6,-1,-1
2181,7,-1,-1
2182,0,0,160
2182,1,0,160
2182,2,-1,-1
2182,3,-1,-1
2182,4,-1,-1
2182,5,-1,-1
2182,6,-1,-1
2182,7,-1,-1
2183,0,0,160
2183,1,0,160
2183,2,-1,-1
2183,3,-1,-1
2183,4,-1,-1
2183,5,-1,-1
2183,6,-1,-1
2183,7,-1,-1
2184,0,0,160
2184,1,0,160
2184,2,-1,-1
2184,3,-1,-1
2184,4,-1,-1
2184,5,-1,-1
2184,6,-1,-1
2184,7,-1,-1
2185,0,0,160
2185,1,0,160
2185,2,-1,-1
2185,3,-1,-1
2185,4,-1,-1
2185,5,-1,-1
2185,6,-1,-1
2185,7,-1,-1
2186,0,0,160
2186,1,0,160
2186,2,-1,-1
2186,3,-1,-1
2186,4,-1,-1
2186,5,-1,-1
2186,6,-1,-1
2186,7,-1,-1
2187,0,0,160
2187,1,0,160
2187,2,-1,-1
2187,3,-1,-1
2187,4,-1,-1
2187,5,-1,-1
2187,6,-1,-1
2187,7,-1,-1
2188,0,0,160
2188,1,0,160
2188,2,-1,-1
2188,3,-1,-1
2188,4,-1,-1
2188,5,-1,-1
2188,6,-1,-1
2188,7,-1,-1
2189,0,0,160
2189,1,0,160
2189,2,-1,-1
2189,3,-1,-1
2189,4,-1,-1
2189,5,-1,-1
2189,6,-1,-1
2189,7,-1,-1
2190,0,0,160
2190,1,0,160
2190,2,-1,-1
2190,3,-1,-1
2190,4,-1,-1
2190,5,-1,-1
2190,6,-1,-1
2190,7,-1,-1
2191,0,0,160
2191,1,0,160
2191,2,-1,-1
2191,3,-1,-1
2191,4,-1,-1
2191,5,-1,-1
2191,6,-1,-1
2191,7,-1,-1
2192,0,0,160
2192,1,0,160
2192,2,-1,-1
2192,3,-1,-1
2192,4,-1,-1
2192,5,-1,-1
2192,6,-1,-1
2192,7,-1,-1
2193,0,0,160
2193,1,0,160
2193,2,-1,-1
2193,3,-1,-1
2193,4,-1,-1
2193,5,-1,-1
2193,6,-1,-1
2193,7,-1,-1
2194,0,0,160
2194,1,0,160
2194,2,-1,-1
2194,3,-1,-1
2194,4,-1,-1
2194,5,-1,-1
2194,6,-1,-1
2194,7,-1,-1
2195,0,0,160
2195,1,0,160
2195,2,-1,-1
2195,3,-1,-1
2195,4,-1,-1
2195,5,-1,-1
2195,6,-1,-1
2195,7,-1,-1
2196,0,0,160
2196,1,0,160
2196,2,-1,-1
2196,3,-1,-1
2196,4,-1,-1
2196,5,-1,-1
2196,6,-1,-1
2196,7,-1,-1
2197,0,0,160
2197,1,0,160
2197,2,-1,-1
2197,3,-1,-1
2197,4,-1,-1
2197,5,-1,-1
2197,6,-1,-1
2197,7,-1,-1
2198,0,0,160
2198,1,0,160
2198,2,-1,-1
2198,3,-1,-1
2198,4,-1,-1
2198,5,-1,-1
2198,6,-1,-1
2198,7,-1,-1
2199,0,0,160
2199,1,0,160
2199,2,-1,-1
2199,3,-1,-1
2199,4,-1,-1
2199,5,-1,-1
2199,6,-1,-1
2199,7,-1,-1
2200,0,0,160
2200,1,0,160
2200,2,-1,-1
2200,3,-1,-1
2200,4,-1,-1
2200,5,-1,-1
2200,6,-1,-1
2200,7,-1,-1
2201,0,0,160
2201,1,0,160
2201,2,-1,-1
2201,3,-1,-1
2201,4,-1,-1
2201,5,-1,-1
2201,6,-1,-1
2201,7,-1,-1
2202,0,0,160
2202,1,0,160
2202,2,-1,-1
2202,3,-1,-1
2202,4,-1,-1
2202,5,-1,-1
2202,6,-1,-1
2202,7,-1,-1
2203,0,0,160
2203,1,0,160
2203,2,-1,-1
2203,3,-1,-1
2203,4,-1,-1
2203,5,-1,-1
2203,6,-1,-1
2203,7,-1,-1
2204,0,0,160
2204,1,0,160
2204,2,-1,-1
2204,3,-1,-1
2204,4,-1,-1
2204,5,-1,-1
2204,6,-1,-1
2204,7,-1,-1
2205,0,0,160
2205,1,0,160
2205,2,-1,-1
2205,3,-1,-1
2205,4,-1,-1
2205,5,-1,-1
2205,6,-1,-1
2205,7,-1,-1
2206,0,0,160
2206,1,0,160
2206,2,-1,-1
2206,3,-1,-1
2206,4,-1,-1
2206,5,-1,-1
2206,6,-1,-1
2206,7,-1,-1
2207,0,0,160
2207,1,0,160
2207,2,-1,-1
2207,3,-1,-1
2207,4,-1,-1
2207,5,-1,-1
2207,6,-1,-1
2207,7,-1,-1
2208,0,0,160
2208,1,0,160
2208,2,-1,-1
2208,3,-1,-1
2208,4,-1,-1
2208,5,-1,-1
2208,6,-1,-1
2208,7,-1,-1
2209,0,0,160
2209,1,0,160
2209,2,-1,-1
2209,3,-1,-1
2209,4,-1,-1
2209,5,-1,-1
2209,6,-1,-1
2209,7,-1,-1
2210,0,0,160
2210,1,0,160
2210,2,-1,-1
2210,3,-1,-1
2210,4,-1,-1
2210,5,-1,-1
2210,6,-1,-1
2210,7,-1,-1
2211,0,0,160
2211,1,0,160
2211,2,-1,-1
2211,3,-1,-1
2211,4,-1,-1
2211,5,-1,-1
2211,6,-1,-1
2211,7,-1,-1
2212,0,0,160
2212,1,0,160
2212,2,-1,-1
2212,3,-1,-1
2212,4,-1,-1
2212,5,-1,-1
2212,6,-1,-1
2212,7,-1,-1
2213,0,0,160
2213,1,0,160
2213,2,-1,-1
2213,3,-1,-1
2213,4,-1,-1
2213,5,-1,-1
2213,6,-1,-1
2213,7,-1,-1
2214,0,0,160
2214,1,0,160
2214,2,-1,-1
2214,3,-1,-1
2214,4,-1,-1
2214,5,-1,-1
2214,6,-1,-1
2214,7,-1,-1
2215,0,0,160
2215,1,0,160
2215,2,-1,-1
2215,3,-1,-1
2215,4,-1,-1
2215,5,-1,-1
2215,6,-1,-1
2215,7,-1,-1
2216,0,0,160
2216,1,0,160
2216,2,-1,-1
2216,3,-1,-1
2216,4,-1,-1
2216,5,-1,-1
2216,6,-1,-1
2216,7,-1,-1
2217,0,0,160
2217,1,0,160
2217,2,-1,-1
2217,3,-1,-1
2217,4,-1,-1
2217,5,-1,-1
2217,6,-1,-1
2217,7,-1,-1
2218,0,0,160
2218,1,0,160
2218,2,-1,-1
2218,3,-1,-1
2218,4,-1,-1
2218,5,-1,-1
2218,6,-1,-1
2218,7,-1,-1
2219,0,0,160
2219,1,0,160
2219,2,-1,-1
2219,3,-1,-1
2219,4,-1,-1
2219,5,-1,-1
2219,6,-1,-1
2219,7,-1,-1
2220,0,0,160
2220,1,0,160
2220,2,-1,-1
2220,3,-1,-1
2220,4,-1,-1
2220,5,-1,-1
2220,6,-1,-1
2220,7,-1,-1
2221,0,0,160
2221,1,0,160
2221,2,-1,-1
2221,3,-1,-1
2221,4,-1,-1
2221,5,-1,-1
2221,6,-1,-1
2221,7,-1,-1
2222,0,0,160
2222,1,0,160
2222,2,-1,-1
2222,3,-1,-1
2222,4,-1,-1
2222,5,-1,-1
2222,6,-1,-1
2222,7,-1,-1
2223,0,0,160
2223,1,0,160
2223,2,-1,-1
2223,3,-1,-1
2223,4,-1,-1
2223,5,-1,-1
2223,6,-1,-1
2223,7,-1,-1
2224,0,0,160
2224,1,0,160
2224,2,-1,-1
2224,3,-1,-1
2224,4,-1,-1
2224,5,-1,-1
2224,6,-1,-1
2224,7,-1,-1
2225,0,0,160
2225,1,0,160
2225,2,-1,-1
2225,3,-1,-1
2225,4,-1,-1
2225,5,-1,-1
2225,6,-1,-1
2225,7,-1,-1
2226,0,0,160
2226,1,0,160
2226,2,-1,-1
2226,3,-1,-1
2226,4,-1,-1
2226,5,-1,-1
2226,6,-1,-1
2226,7,-1,-1
2227,0,0,160
2227,1,0,160
2227,2,-1,-1
2227,3,-1,-1
2227,4,-1,-1
2227,5,-1,-1
2227,6,-1,-1
2227,7,-1,-1
2228,0,0,160
2228,1,0,160
2228,2,-1,-1
2228,3,-1,-1
2228,4,-1,-1
2228,5,-1,-1
2228,6,-1,-1
2228,7,-1,-1
2229,0,0,160
2229,1,0,160
2229,2,-1,-1
2229,3,-1,-1
2229,4,-1,-1
2229,5,-1,-1
2229,6,-1,-1
2229,7,-1,-1
2230,0,0,160
2230,1,0,160
2230,2,-1,-1
2230,3,-1,-1
2230,4,-1,-1
2230,5,-1,-1
2230,6,-1,-1
2230,7,-1,-1
2231,0,0,160
2231,1,0,160
2231,2,-1,-1
2231,3,-1,-1
2231,4,-1,-1
2231,5,-1,-1
2231,6,-1,-1
2231,7,-1,-1
2232,0,0,160
2232,1,0,160
2232,2,-1,-1
2232,3,-1,-1
2232,4,-1,-1
2232,5,-1,-1
2232,6,-1,-1
2232,7,-1,-1
2233,0,0,160
2233,1,0,160
2233,2,-1,-1
2233,3,-1,-1
2233,4,-1,-1
2233,5,-1,-1
2233,6,-1,-1
2233,7,-1,-1
2234,0,0,160
2234,1,0,160
2234,2,-1,-1
2234,3,-1,-1
2234,4,-1,-1
2234,5,-1,-1
2234,6,-1,-1
2234,7,-1,-1
2235,0,0,160
2235,1,0,160
2235,2,-1,-1
2235,3,-1,-1
2235,4,-1,-1
2235,5,-1,-1
2235,6,-1,-1
2235,7,-1,-1
2236,0,0,160
2236,1,0,160
2236,2,-1,-1
2236,3,-1,-1
2236,4,-1,-1
2236,5,-1,-1
2236,6,-1,-1
2236,7,-1,-1
2237,0,0,160
2237,1,0,160
2237,2,-1,-1
2237,3,-1,-1
2237,4,-1,-1
2237,5,-1,-1
2237,6,-1,-1
2237,7,-1,-1
2238,0,0,160
2238,1,0,160
2238,2,-1,-1
2238,3,-1,-1
2238,4,-1,-1
2238,5,-1,-1
2238,6,-1,-1
2238,7,-1,-1
2239,0,0,160
2239,1,0,160
2239,2,-1,-1
2239,3,-1,-1
2239,4,-1,-1
2239,5,-1,-1
2239,6,-1,-1
2239,7,-1,-1
2240,0,0,160
2240,1,0,160
2240,2,-1,-1
2240,3,-1,-1
2240,4,-1,-1
2240,5,-1,-1
2240,6,-1,-1
2240,7,-1,-1
2241,0,0,160
2241,1,0,160
2241,2,-1,-1
2241,3,-1,-1
2241,4,-1,-1
2241,5,-1,-1
2241,6,-1,-1
2241,7,-1,-1
2242,0,0,160
2242,1,0,160
2242,2,-1,-1
2242,3,-1,-1
2242,4,-1,-1
2242,5,-1,-1
2242,6,-1,-1
2242,7,-1,-1
2243,0,0,160
2243,1,0,160
2243,2,-1,-1
2243,3,-1,-1
2243,4,-1,-1
2243,5,-1,-1
2243,6,-1,-1
2243,7,-1,-1
2244,0,0,160
2244,1,0,160
2244,2,-1,-1
2244,3,-1,-1
2244,4,-1,-1
2244,5,-1,-1
2244,6,-1,-1
2244,7,-1,-1
2245,0,0,160
2245,1,0,160
2245,2,-1,-1
2245,3,-1,-1
2245,4,-1,-1
2245,5,-1,-1
2245,6,-1,-1
2245,7,-1,-1
2246,0,0,160
2246,1,0,160
2246,2,-1,-1
2246,3,-1,-1
2246,4,-1,-1
2246,5,-1,-1
2246,6,-1,-1
2246,7,-1,-1
2247,0,0,160
2247,1,0,160
2247,2,-1,-1
2247,3,-1,-1
2247,4,-1,-1
2247,5,-1,-1
2247,6,-1,-1
2247,7,-1,-1
2248,0,0,160
2248,1,0,160
2248,2,-1,-1
2248,3,-1,-1
2248,4,-1,-1
2248,5,-1,-1
2248,6,-1,-1
2248,7,-1,-1
2249,0,0,160
2249,1,0,160
2249,2,-1,-1
2249,3,-1,-1
2249,4,-1,-1
2249,5,-1,-1
2249,6,-1,-1
2249,7,-1,-1
2250,0,0,160
2250,1,0,160
2250,2,-1,-1
2250,3,-1,-1
2250,4,-1,-1
2250,5,-1,-1
2250,6,-1,-1
2250,7,-1,-1
2251,0,0,160
2251,1,0,160
2251,2,-1,-1
2251,3,-1,-1
2251,4,-1,-1
2251,5,-1,-1
2251,6,-1,-1
2251,7,-1,-1
2252,0,0,160
2252,1,0,160
2252,2,-1,-1
2252,3,-1,-1
2252,4,-1,-1
2252,5,-1,-1
2252,6,-1,-1
2252,7,-1,-1
2253,0,0,160
2253,1,0,160
2253,2,-1,-1
2253,3,-1,-1
2253,4,-1,-1
2253,5,-1,-1
2253,6,-1,-1
2253,7,-1,-1
2254,0,0,160
2254,1,0,160
2254,2,-1,-1
2254,3,-1,-1
2254,4,-1,-1
2254,5,-1,-1
2254,6,-1,-1
2254,7,-1,-1
2255,0,0,160
2255,1,0,160
2255,2,-1,-1
2255,3,-1,-1
2255,4,-1,-1
2255,5,-1,-1
2255,6,-1,-1
2255,7,-1,-1
2256,0,0,160
2256,1,0,160
2256,2,-1,-1
2256,3,-1,-1
2256,4,-1,-1
2256,5,-1,-1
2256,6,-1,-1
2256,7,-1,-1
2257,0,0,160
2257,1,0,160
2257,2,-1,-1
2257,3,-1,-1
2257,4,-1,-1
2257,5,-1,-1
2257,6,-1,-1
2257,7,-1,-1
2258,0,0,160
2258,1,0,160
2258,2,-1,-1
2258,3,-1,-1
2258,4,-1,-1
2258,5,-1,-1
2258,6,-1,-1
2258,7,-1,-1
2259,0,0,160
2259,1,0,160
2259,2,-1,-1
2259,3,-1,-1
2259,4,-1,-1
2259,5,-1,-1
2259,6,-1,-1
2259,7,-1,-1
2260,0,0,160
2260,1,0,160
2260,2,-1,-1
2260,3,-1,-1
2260,4,-1,-1
2260,5,-1,-1
2260,6,-1,-1
2260,7,-1,-1
2261,0,0,160
2261,1,0,160
2261,2,-1,-1
2261,3,-1,-1
2261,4,-1,-1
2261,5,-1,-1
2261,6,-1,-1
2261,7,-1,-1
2262,0,0,160
2262,1,0,160
2262,2,-1,-1
2262,3,-1,-1
2262,4,-1,-1
2262,5,-1,-1
2262,6,-1,-1
2262,7,-1,-1
2263,0,0,160
2263,1,0,160
2263,2,-1,-1
2263,3,-1,-1
2263,4,-1,-1
2263,5,-1,-1
2263,6,-1,-1
2263,7,-1,-1
2264,0,0,160
2264,1,0,160
2264,2,-1,-1
2264,3,-1,-1
2264,4,-1,-1
2264,5,-1,-1
2264,6,-1,-1
2264,7,-1,-1
2265,0,0,160
2265,1,0,160
2265,2,-1,-1
2265,3,-1,-1
2265,4,-1,-1
2265,5,-1,-1
2265,6,-1,-1
2265,7,-1,-1
2266,0,0,160
2266,1,0,160
2266,2,-1,-1
2266,3,-1,-1
2266,4,-1,-1
2266,5,-1,-1
2266,6,-1,-1
2266,7,-1,-1
2267,0,0,160
2267,1,0,160
2267,2,-1,-1
2267,3,-1,-1
2267,4,-1,-1
2267,5,-1,-1
2267,6,-1,-1
2267,7,-1,-1
2268,0,0,160
2268,1,0,160
2268,2,-1,-1
2268,3,-1,-1
2268,4,-1,-1
2268,5,-1,-1
2268,6,-1,-1
2268,7,-1,-1
2269,0,0,160
2269,1,0,160
2269,2,-1,-1
2269,3,-1,-1
2269,4,-1,-1
2269,5,-1,-1
2269,6,-1,-1
2269,7,-1,-1
2270,0,0,160
2270,1,0,160
2270,2,-1,-1
2270,3,-1,-1
2270,4,-1,-1
2270,5,-1,-1
2270,6,-1,-1
2270,7,-1,-1
2271,0,0,160
2271,1,0,160
2271,2,-1,-1
2271,3,-1,-1
2271,4,-1,-1
2271,5,-1,-1
2271,6,-1,-1
2271,7,-1,-1
2272,0,0,160
2272,1,0,160
2272,2,-1,-1
2272,3,-1,-1
2272,4,-1,-1
2272,5,-1,-1
2272,6,-1,-1
2272,7,-1,-1
2273,0,0,160
2273,1,0,160
2273,2,-1,-1
2273,3,-1,-1
2273,4,-1,-1
2273,5,-1,-1
2273,6,-1,-1
2273,7,-1,-1
2274,0,0,160
2274,1,0,160
2274,2,-1,-1
2274,3,-1,-1
2274,4,-1,-1
2274,5,-1,-1
2274,6,-1,-1
2274,7,-1,-1
2275,0,0,160
2275,1,0,160
2275,2,-1,-1
2275,3,-1,-1
2275,4,-1,-1
2275,5,-1,-1
2275,6,-1,-1
2275,7,-1,-1
2276,0,0,160
2276,1,0,160
2276,2,-1,-1
2276,3,-1,-1
2276,4,-1,-1
2276,5,-1,-1
2276,6,-1,-1
2276,7,-1,-1
2277,0,0,160
2277,1,0,160
2277,2,-1,-1
2277,3,-1,-1
2277,4,-1,-1
2277,5,-1,-1
2277,6,-1,-1
2277,7,-1,-1
2278,0,0,160
2278,1,0,160
2278,2,-1,-1
2278,3,-1,-1
2278,4,-1,-1
2278,5,-1,-1
2278,6,-1,-1
2278,7,-1,-1
2279,0,0,160
2279,1,0,160
2279,2,-1,-1
2279,3,-1,-1
2279,4,-1,-1
2279,5,-1,-1
2279,6,-1,-1
2279,7,-1,-1
2280,0,0,160
2280,1,0,160
2280,2,-1,-1
2280,3,-1,-1
2280,4,-1,-1
2280,5,-1,-1
2280,6,-1,-1
2280,7,-1,-1
2281,0,0,160
2281,1,0,160
2281,2,-1,-1
2281,3,-1,-1
2281,4,-1,-1
2281,5,-1,-1
2281,6,-1,-1
2281,7,-1,-1
2282,0,0,160
2282,1,0,160
2282,2,-1,-1
2282,3,-1,-1
2282,4,-1,-1
2282,5,-1,-1
2282,6,-1,-1
2282,7,-1,-1
2283,0,0,160
2283,1,0,160
2283,2,-1,-1
2283,3,-1,-1
2283,4,-1,-1
2283,5,-1,-1
2283,6,-1,-1
2283,7,-1,-1
2284,0,0,160
2284,1,0,160
2284,2,-1,-1
2284,3,-1,-1
2284,4,-1,-1
2284,5,-1,-1
2284,6,-1,-1
2284,7,-1,-1
2285,0,0,160
2285,1,0,160
2285,2,-1,-1
2285,3,-1,-1
2285,4,-1,-1
2285,5,-1,-1
2285,6,-1,-1
2285,7,-1,-1
2286,0,0,160
2286,1,0,160
2286,2,-1,-1
2286,3,-1,-1
2286,4,-1,-1
2286,5,-1,-1
2286,6,-1,-1
2286,7,-1,-1
2287,0,0,160
2287,1,0,160
2287,2,-1,-1
2287,3,-1,-1
2287,4,-1,-1
2287,5,-1,-1
2287,6,-1,-1
2287,7,-1,-1
2288,0,0,160
2288,1,0,160
2288,2,-1,-1
2288,3,-1,-1
2288,4,-1,-1
2288,5,-1,-1
2288,6,-1,-1
2288,7,-1,-1
2289,0,0,160
2289,1,0,160
2289,2,-1,-1
2289,3,-1,-1
2289,4,-1,-1
2289,5,-1,-1
2289,6,-1,-1
2289,7,-1,-1
2290,0,0,160
2290,1,0,160
2290,2,-1,-1
2290,3,-1,-1
2290,4,-1,-1
2290,5,-1,-1
2290,6,-1,-1
2290,7,-1,-1
2291,0,0,160
2291,1,0,160
2291,2,-1,-1
2291,3,-1,-1
2291,4,-1,-1
2291,5,-1,-1
2291,6,-1,-1
2291,7,-1,-1
2292,0,0,160
2292,1,0,160
2292,2,-1,-1
2292,3,-1,-1
2292,4,-1,-1
2292,5,-1,-1
2292,6,-1,-1
2292,7,-1,-1
2293,0,0,160
2293,1,0,160
2293,2,-1,-1
2293,3,-1,-1
2293,4,-1,-1
2293,5,-1,-1
2293,6,-1,-1
2293,7,-1,-1
2294,0,0,160
2294,1,0,160
2294,2,-1,-1
2294,3,-1,-1
2294,4,-1,-1
2294,5,-1,-1
2294,6,-1,-1
2294,7,-1,-1
2295,0,0,160
2295,1,0,160
2295,2,-1,-1
2295,3,-1,-1
2295,4,-1,-1
2295,5,-1,-1
2295,6,-1,-1
2295,7,-1,-1
2296,0,0,160
2296,1,0,160
2296,2,-1,-1
2296,3,-1,-1
2296,4,-1,-1
2296,5,-1,-1
2296,6,-1,-1
2296,7,-1,-1
2297,0,0,160
2297,1,0,160
2297,2,-1,-1
2297,3,-1,-1
2297,4,-1,-1
2297,5,-1,-1
2297,6,-1,-1
2297,7,-1,-1
2298,0,0,160
2298,1,0,160
2298,2,-1,-1
2298,3,-1,-1
2298,4,-1,-1
2298,5,-1,-1
2298,6,-1,-1
2298,7,-1,-1
2299,0,0,160
2299,1,0,160
2299,2,-1,-1
2299,3,-1,-1
2299,4,-1,-1
2299,5,-1,-1
2299,6,-1,-1
2299,7,-1,-1
2300,0,0,160
2300,1,0,160
2300,2,-1,-1
2300,3,-1,-1
2300,4,-1,-1
2300,5,-1,-1
2300,6,-1,-1
2300,7,-1,-1
2301,0,0,160
2301,1,0,160
2301,2,-1,-1
2301,3,-1,-1
2301,4,-1,-1
2301,5,-1,-1
2301,6,-1,-1
2301,7,-1,-1
2302,0,0,160
2302,1,0,160
2302,2,-1,-1
2302,3,-1,-1
2302,4,-1,-1
2302,5,-1,-1
2302,6,-1,-1
2302,7,-1,-1
2303,0,0,160
2303,1,0,160
2303,2,-1,-1
2303,3,-1,-1
2303,4,-1,-1
2303,5,-1,-1
2303,6,-1,-1
2303,7,-1,-1
2304,0,0,160
2304,1,0,160
2304,2,-1,-1
2304,3,-1,-1
2304,4,-1,-1
2304,5,-1,-1
2304,6,-1,-1
2304,7,-1,-1
2305,0,0,160
2305,1,0,160
2305,2,-1,-1
2305,3,-1,-1
2305,4,-1,-1
2305,5,-1,-1
2305,6,-1,-1
2305,7,-1,-1
2306,0,0,160
2306,1,0,160
2306,2,-1,-1
2306,3,-1,-1
2306,4,-1,-1
2306,5,-1,-1
2306,6,-1,-1
2306,7,-1,-1
2307,0,0,160
2307,1,0,160
2307,2,-1,-1
2307,3,-1,-1
2307,4,-1,-1
2307,5,-1,-1
2307,6,-1,-1
2307,7,-1,-1
2308,0,0,160
2308,1,0,160
2308,2,-1,-1
2308,3,-1,-1
2308,4,-1,-1
2308,5,-1,-1
2308,6,-1,-1
2308,7,-1,-1
2309,0,0,160
2309,1,0,160
2309,2,-1,-1
2309,3,-1,-1
2309,4,-1,-1
2309,5,-1,-1
2309,6,-1,-1
2309,7,-1,-1
2310,0,0,160
2310,1,0,160
2310,2,-1,-1
2310,3,-1,-1
2310,4,-1,-1
2310,5,-1,-1
2310,6,-1,-1
2310,7,-1,-1
2311,0,0,160
2311,1,0,160
2311,2,-1,-1
2311,3,-1,-1
2311,4,-1,-1
2311,5,-1,-1
2311,6,-1,-1
2311,7,-1,-1
2312,0,0,160
2312,1,0,160
2312,2,-1,-1
2312,3,-1,-1
2312,4,-1,-1
2312,5,-1,-1
2312,6,-1,-1
2312,7,-1,-1
2313,0,0,160
2313,1,0,160
2313,2,-1,-1
2313,3,-1,-1
2313,4,-1,-1
2313,5,-1,-1
2313,6,-1,-1
2313,7,-1,-1
2314,0,0,160
2314,1,0,160
2314,2,-1,-1
2314,3,-1,-1
2314,4,-1,-1
2314,5,-1,-1
2314,6,-1,-1
2314,7,-1,-1
2315,0,0,160
2315,1,0,160
2315,2,-1,-1
2315,3,-1,-1
2315,4,-1,-1
2315,5,-1,-1
2315,6,-1,-1
2315,7,-1,-1
2316,0,0,160
2316,1,0,160
2316,2,-1,-1
2316,3,-1,-1
2316,4,-1,-1
2316,5,-1,-1
2316,6,-1,-1
2316,7,-1,-1
2317,0,0,160
2317,1,0,160
2317,2,-1,-1
2317,3,-1,-1
2317,4,-1,-1
2317,5,-1,-1
2317,6,-1,-1
2317,7,-1,-1
2318,0,0,160
2318,1,0,160
2318,2,-1,-1
2318,3,-1,-1
2318,4,-1,-1
2318,5,-1,-1
2318,6,-1,-1
2318,7,-1,-1
2319,0,0,160
2319,1,0,160
2319,2,-1,-1
2319,3,-1,-1
2319,4,-1,-1
2319,5,-1,-1
2319,6,-1,-1
2319,7,-1,-1
2320,0,0,160
2320,1,0,160
2320,2,-1,-1
2320,3,-1,-1
2320,4,-1,-1
2320,5,-1,-1
2320,6,-1,-1
2320,7,-1,-1
2321,0,0,160
2321,1,0,160
2321,2,-1,-1
2321,3,-1,-1
2321,4,-1,-1
2321,5,-1,-1
2321,6,-1,-1
2321,7,-1,-1
2322,0,0,160
2322,1,0,160
2322,2,-1,-1
2322,3,-1,-1
2322,4,-1,-1
2322,5,-1,-1
2322,6,-1,-1
2322,7,-1,-1
2323,0,0,160
2323,1,0,160
2323,2,-1,-1
2323,3,-1,-1
2323,4,-1,-1
2323,5,-1,-1
2323,6,-1,-1
2323,7,-1,-1
2324,0,0,160
2324,1,0,160
2324,2,-1,-1
2324,3,-1,-1
2324,4,-1,-1
2324,5,-1,-1
2324,6,-1,-1
2324,7,-1,-1
2325,0,0,160
2325,1,0,160
2325,2,-1,-1
2325,3,-1,-1
2325,4,-1,-1
2325,5,-1,-1
2325,6,-1,-1
2325,7,-1,-1
2326,0,0,160
2326,1,0,160
2326,2,-1,-1
2326,3,-1,-1
2326,4,-1,-1
2326,5,-1,-1
2326,6,-1,-1
2326,7,-1,-1
2327,0,0,160
2327,1,0,160
2327,2,-1,-1
2327,3,-1,-1
2327,4,-1,-1
2327,5,-1,-1
2327,6,-1,-1
2327,7,-1,-1
2328,0,0,160
2328,1,0,160
2328,2,-1,-1
2328,3,-1,-1
2328,4,-1,-1
2328,5,-1,-1
2328,6,-1,-1
2328,7,-1,-1
2329,0,0,160
2329,1,0,160
2329,2,-1,-1
2329,3,-1,-1
2329,4,-1,-1
2329,5,-1,-1
2329,6,-1,-1
2329,7,-1,-1
2330,0,0,160
2330,1,0,160
2330,2,-1,-1
2330,3,-1,-1
2330,4,-1,-1
2330,5,-1,-1
2330,6,-1,-1
2330,7,-1,-1
2331,0,0,160
2331,1,0,160
2331,2,-1,-1
2331,3,-1,-1
2331,4,-1,-1
2331,5,-1,-1
2331,6,-1,-1
2331,7,-1,-1
2332,0,0,160
2332,1,0,160
2332,2,-1,-1
2332,3,-1,-1
2332,4,-1,-1
2332,5,-1,-1
2332,6,-1,-1
2332,7,-1,-1
2333,0,0,160
2333,1,0,160
2333,2,-1,-1
2333,3,-1,-1
2333,4,-1,-1
2333,5,-1,-1
2333,6,-1,-1
2333,7,-1,-1
2334,0,0,160
2334,1,0,160
2334,2,-1,-1
2334,3,-1,-1
2334,4,-1,-1
2334,5,-1,-1
2334,6,-1,-1
2334,7,-1,-1
2335,0,0,160
2335,1,0,160
2335,2,-1,-1
2335,3,-1,-1
2335,4,-1,-1
2335,5,-1,-1
2335,6,-1,-1
2335,7,-1,-1
2336,0,0,160
2336,1,0,160
2336,2,-1,-1
2336,3,-1,-1
2336,4,-1,-1
2336,5,-1,-1
2336,6,-1,-1
2336,7,-1,-1
2337,0,0,160
2337,1,0,160
2337,2,-1,-1
2337,3,-1,-1
2337,4,-1,-1
2337,5,-1,-1
2337,6,-1,-1
2337,7,-1,-1
2338,0,0,160
2338,1,0,160
2338,2,-1,-1
2338,3,-1,-1
2338,4,-1,-1
2338,5,-1,-1
2338,6,-1,-1
2338,7,-1,-1
2339,0,0,160
2339,1,0,160
2339,2,-1,-1
2339,3,-1,-1
2339,4,-1,-1
2339,5,-1,-1
2339,6,-1,-1
2339,7,-1,-1
2340,0,0,160
2340,1,0,160
2340,2,-1,-1
2340,3,-1,-1
2340,4,-1,-1
2340,5,-1,-1
2340,6,-1,-1
2340,7,-1,-1
2341,0,0,160
2341,1,0,160
2341,2,-1,-1
2341,3,-1,-1
2341,4,-1,-1
2341,5,-1,-1
2341,6,-1,-1
2341,7,-1,-1
2342,0,0,160
2342,1,0,160
2342,2,-1,-1
2342,3,-1,-1
2342,4,-1,-1
2342,5,-1,-1
2342,6,-1,-1
2342,7,-1,-1
2343,0,0,160
2343,1,0,160
2343,2,-1,-1
2343,3,-1,-1
2343,4,-1,-1
2343,5,-1,-1
2343,6,-1,-1
2343,7,-1,-1
2344,0,0,160
2344,1,0,160
2344,2,-1,-1
2344,3,-1,-1
2344,4,-1,-1
2344,5,-1,-1
2344,6,-1,-1
2344,7,-1,-1
2345,0,0,160
2345,1,0,160
2345,2,-1,-1
2345,3,-1,-1
2345,4,-1,-1
2345,5,-1,-1
2345,6,-1,-1
2345,7,-1,-1
2346,0,0,160
2346,1,0,160
2346,2,-1,-1
2346,3,-1,-1
2346,4,-1,-1
2346,5,-1,-1
2346,6,-1,-1
2346,7,-1,-1
2347,0,0,160
2347,1,0,160
2347,2,-1,-1
2347,3,-1,-1
2347,4,-1,-1
2347,5,-1,-1
2347,6,-1,-1
2347,7,-1,-1
2348,0,0,160
2348,1,0,160
2348,2,-1,-1
2348,3,-1,-1
2348,4,-1,-1
2348,5,-1,-1
2348,6,-1,-1
2348,7,-1,-1
2349,0,0,160
2349,1,0,160
2349,2,-1,-1
2349,3,-1,-1
2349,4,-1,-1
2349,5,-1,-1
2349,6,-1,-1
2349,7,-1,-1
2350,0,0,160
2350,1,0,160
2350,2,-1,-1
2350,3,-1,-1
2350,4,-1,-1
2350,5,-1,-1
2350,6,-1,-1
2350,7,-1,-1
2351,0,0,160
2351,1,0,160
2351,2,-1,-1
2351,3,-1,-1
2351,4,-1,-1
2351,5,-1,-1
2351,6,-1,-1
2351,7,-1,-1
2352,0,0,160
2352,1,0,160
2352,2,-1,-1
2352,3,-1,-1
2352,4,-1,-1
2352,5,-1,-1
2352,6,-1,-1
2352,7,-1,-1
2353,0,0,160
2353,1,0,160
2353,2,-1,-1
2353,3,-1,-1
2353,4,-1,-1
2353,5,-1,-1
2353,6,-1,-1
2353,7,-1,-1
2354,0,0,160
2354,1,0,160
2354,2,-1,-1
2354,3,-1,-1
2354,4,-1,-1
2354,5,-1,-1
2354,6,-1,-1
2354,7,-1,-1
2355,0,0,160
2355,1,0,160
2355,2,-1,-1
2355,3,-1,-1
2355,4,-1,-1
2355,5,-1,-1
2355,6,-1,-1
2355,7,-1,-1
2356,0,0,160
2356,1,0,160
2356,2,-1,-1
2356,3,-1,-1
2356,4,-1,-1
2356,5,-1,-1
2356,6,-1,-1
2356,7,-1,-1
2357,0,0,160
2357,1,0,160
2357,2,-1,-1
2357,3,-1,-1
2357,4,-1,-1
2357,5,-1,-1
2357,6,-1,-1
2357,7,-1,-1
2358,0,0,160
2358,1,0,160
2358,2,-1,-1
2358,3,-1,-1
2358,4,-1,-1
2358,5,-1,-1
2358,6,-1,-1
2358,7,-1,-1
2359,0,0,160
2359,1,0,160
2359,2,-1,-1
2359,3,-1,-1
2359,4,-1,-1
2359,5,-1,-1
2359,6,-1,-1
2359,7,-1,-1
2360,0,0,160
2360,1,0,160
2360,2,-1,-1
2360,3,-1,-1
2360,4,-1,-1
2360,5,-1,-1
2360,6,-1,-1
2360,7,-1,-1
2361,0,0,160
2361,1,0,160
2361,2,-1,-1
2361,3,-1,-1
2361,4,-1,-1
2361,5,-1,-1
2361,6,-1,-1
2361,7,-1,-1
2362,0,0,160
2362,1,0,160
2362,2,-1,-1
2362,3,-1,-1
2362,4,-1,-1
2362,5,-1,-1
2362,6,-1,-1
2362,7,-1,-1
2363,0,0,160
2363,1,0,160
2363,2,-1,-1
2363,3,-1,-1
2363,4,-1,-1
2363,5,-1,-1
2363,6,-1,-1
2363,7,-1,-1
2364,0,0,160
2364,1,0,160
2364,2,-1,-1
2364,3,-1,-1
2364,4,-1,-1
2364,5,-1,-1
2364,6,-1,-1
2364,7,-1,-1
2365,0,0,160
2365,1,0,160
2365,2,-1,-1
2365,3,-1,-1
2365,4,-1,-1
2365,5,-1,-1
2365,6,-1,-1
2365,7,-1,-1
2366,0,0,160
2366,1,0,160
2366,2,-1,-1
2366,3,-1,-1
2366,4,-1,-1
2366,5,-1,-1
2366,6,-1,-1
2366,7,-1,-1
2367,0,0,160
2367,1,0,160
2367,2,-1,-1
2367,3,-1,-1
2367,4,-1,-1
2367,5,-1,-1
2367,6,-1,-1
2367,7,-1,-1
2368,0,0,160
2368,1,0,160
2368,2,-1,-1
2368,3,-1,-1
2368,4,-1,-1
2368,5,-1,-1
2368,6,-1,-1
2368,7,-1,-1
2369,0,0,160
2369,1,0,160
2369,2,-1,-1
2369,3,-1,-1
2369,4,-1,-1
2369,5,-1,-1
2369,6,-1,-1
2369,7,-1,-1
2370,0,0,160
2370,1,0,160
2370,2,-1,-1
2370,3,-1,-1
2370,4,-1,-1
2370,5,-1,-1
2370,6,-1,-1
2370,7,-1,-1
2371,0,0,160
2371,1,0,160
2371,2,-1,-1
2371,3,-1,-1
2371,4,-1,-1
2371,5,-1,-1
2371,6,-1,-1
2371,7,-1,-1
2372,0,0,160
2372,1,0,160
2372,2,-1,-1
2372,3,-1,-1
2372,4,-1,-1
2372,5,-1,-1
2372,6,-1,-1
2372,7,-1,-1
2373,0,0,160
2373,1,0,160
2373,2,-1,-1
2373,3,-1,-1
2373,4,-1,-1
2373,5,-1,-1
2373,6,-1,-1
2373,7,-1,-1
2374,0,0,160
2374,1,0,160
2374,2,-1,-1
2374,3,-1,-1
2374,4,-1,-1
2374,5,-1,-1
2374,6,-1,-1
2374,7,-1,-1
2375,0,0,160
2375,1,0,160
2375,2,-1,-1
2375,3,-1,-1
2375,4,-1,-1
2375,5,-1,-1
2375,6,-1,-1
2375,7,-1,-1
2376,0,0,160
2376,1,0,160
2376,2,-1,-1
2376,3,-1,-1
2376,4,-1,-1
2376,5,-1,-1
2376,6,-1,-1
2376,7,-1,-1
2377,0,0,160
2377,1,0,160
2377,2,-1,-1
2377,3,-1,-1
2377,4,-1,-1
2377,5,-1,-1
2377,6,-1,-1
2377,7,-1,-1
2378,0,0,160
2378,1,0,160
2378,2,-1,-1
2378,3,-1,-1
2378,4,-1,-1
2378,5,-1,-1
2378,6,-1,-1
2378,7,-1,-1
2379,0,0,160
2379,1,0,160
2379,2,-1,-1
2379,3,-1,-1
2379,4,-1,-1
2379,5,-1,-1
2379,6,-1,-1
2379,7,-1,-1
2380,0,0,160
2380,1,0,160
2380,2,-1,-1
2380,3,-1,-1
2380,4,-1,-1
2380,5,-1,-1
2380,6,-1,-1
2380,7,-1,-1
2381,0,0,160
2381,1,0,160
2381,2,-1,-1
2381,3,-1,-1
2381,4,-1,-1
2381,5,-1,-1
2381,6,-1,-1
2381,7,-1,-1
2382,0,0,160
2382,1,0,160
2382,2,-1,-1
2382,3,-1,-1
2382,4,-1,-1
2382,5,-1,-1
2382,6,-1,-1
2382,7,-1,-1
2383,0,0,160
2383,1,0,160
2383,2,-1,-1
2383,3,-1,-1
2383,4,-1,-1
2383,5,-1,-1
2383,6,-1,-1
2383,7,-1,-1
2384,0,0,160
2384,1,0,160
2384,2,-1,-1
2384,3,-1,-1
2384,4,-1,-1
2384,5,-1,-1
2384,6,-1,-1
2384,7,-1,-1
2385,0,0,160
2385,1,0,160
2385,2,-1,-1
2385,3,-1,-1
2385,4,-1,-1
2385,5,-1,-1
2385,6,-1,-1
2385,7,-1,-1
2386,0,0,160
2386,1,0,160
2386,2,-1,-1
2386,3,-1,-1
2386,4,-1,-1
2386,5,-1,-1
2386,6,-1,-1
2386,7,-1,-1
2387,0,0,160
2387,1,0,160
2387,2,-1,-1
2387,3,-1,-1
2387,4,-1,-1
2387,5,-1,-1
2387,6,-1,-1
2387,7,-1,-1
2388,0,0,160
2388,1,0,160
2388,2,-1,-1
2388,3,-1,-1
2388,4,-1,-1
2388,5,-1,-1
2388,6,-1,-1
2388,7,-1,-1
2389,0,0,160
2389,1,0,160
2389,2,-1,-1
2389,3,-1,-1
2389,4,-1,-1
2389,5,-1,-1
2389,6,-1,-1
2389,7,-1,-1
2390,0,0,160
2390,1,0,160
2390,2,-1,-1
2390,3,-1,-1
2390,4,-1,-1
2390,5,-1,-1
2390,6,-1,-1
2390,7,-1,-1
2391,0,0,160
2391,1,0,160
2391,2,-1,-1
2391,3,-1,-1
2391,4,-1,-1
2391,5,-1,-1
2391,6,-1,-1
2391,7,-1,-1
2392,0,0,160
2392,1,0,160
2392,2,-1,-1
2392,3,-1,-1
2392,4,-1,-1
2392,5,-1,-1
2392,6,-1,-1
2392,7,-1,-1
2393,0,0,160
2393,1,0,160
2393,2,-1,-1
2393,3,-1,-1
2393,4,-1,-1
2393,5,-1,-1
2393,6,-1,-1
2393,7,-1,-1
2394,0,0,160
2394,1,0,160
2394,2,-1,-1
2394,3,-1,-1
2394,4,-1,-1
2394,5,-1,-1
2394,6,-1,-1
2394,7,-1,-1
2395,0,0,160
2395,1,0,160
2395,2,-1,-1
2395,3,-1,-1
2395,4,-1,-1
2395,5,-1,-1
2395,6,-1,-1
2395,7,-1,-1
2396,0,0,160
2396,1,0,160
2396,2,-1,-1
2396,3,-1,-1
2396,4,-1,-1
2396,5,-1,-1
2396,6,-1,-1
2396,7,-1,-1
2397,0,0,160
2397,1,0,160
2397,2,-1,-1
2397,3,-1,-1
2397,4,-1,-1
2397,5,-1,-1
2397,6,-1,-1
2397,7,-1,-1
2398,0,0,160
2398,1,0,160
2398,2,-1,-1
2398,3,-1,-1
2398,4,-1,-1
2398,5,-1,-1
2398,6,-1,-1
2398,7,-1,-1
2399,0,0,160
2399,1,0,160
2399,2,-1,-1
2399,3,-1,-1
2399,4,-1,-1
2399,5,-1,-1
2399,6,-1,-1
2399,7,-1,-1
2400,0,0,160
2400,1,0,160
2400,2,-1,-1
2400,3,-1,-1
2400,4,-1,-1
2400,5,-1,-1
2400,6,-1,-1
2400,7,-1,-1
2401,0,0,160
2401,1,0,160
2401,2,-1,-1
2401,3,-1,-1
2401,4,-1,-1
2401,5,-1,-1
2401,6,-1,-1
2401,7,-1,-1
2402,0,0,160
2402,1,0,160
2402,2,-1,-1
2402,3,-1,-1
2402,4,-1,-1
2402,5,-1,-1
2402,6,-1,-1
2402,7,-1,-1
2403,0,0,160
2403,1,0,160
2403,2,-1,-1
2403,3,-1,-1
2403,4,-1,-1
2403,5,-1,-1
2403,6,-1,-1
2403,7,-1,-1
2404,0,0,160
2404,1,0,160
2404,2,-1,-1
2404,3,-1,-1
2404,4,-1,-1
2404,5,-1,-1
2404,6,-1,-1
2404,7,-1,-1
2405,0,0,160
2405,1,0,160
2405,2,-1,-1
2405,3,-1,-1
2405,4,-1,-1
2405,5,-1,-1
2405,6,-1,-1
2405,7,-1,-1
2406,0,0,160
2406,1,0,160
2406,2,-1,-1
2406,3,-1,-1
2406,4,-1,-1
2406,5,-1,-1
2406,6,-1,-1
2406,7,-1,-1
2407,0,0,160
2407,1,0,160
2407,2,-1,-1
2407,3,-1,-1
2407,4,-1,-1
2407,5,-1,-1
2407,6,-1,-1
2407,7,-1,-1
2408,0,0,160
2408,1,0,160
2408,2,-1,-1
2408,3,-1,-1
2408,4,-1,-1
2408,5,-1,-1
2408,6,-1,-1
2408,7,-1,-1
2409,0,0,160
2409,1,0,160
2409,2,-1,-1
2409,3,-1,-1
2409,4,-1,-1
2409,5,-1,-1
2409,6,-1,-1
2409,7,-1,-1
2410,0,0,160
2410,1,0,160
2410,2,-1,-1
2410,3,-1,-1
2410,4,-1,-1
2410,5,-1,-1
2410,6,-1,-1
2410,7,-1,-1
2411,0,0,160
2411,1,0,160
2411,2,-1,-1
2411,3,-1,-1
2411,4,-1,-1
2411,5,-1,-1
2411,6,-1,-1
2411,7,-1,-1
2412,0,0,160
2412,1,0,160
2412,2,-1,-1
2412,3,-1,-1
2412,4,-1,-1
2412,5,-1,-1
2412,6,-1,-1
2412,7,-1,-1
2413,0,0,160
2413,1,0,160
2413,2,-1,-1
2413,3,-1,-1
2413,4,-1,-1
2413,5,-1,-1
2413,6,-1,-1
2413,7,-1,-1
2414,0,0,160
2414,1,0,160
2414,2,-1,-1
2414,3,-1,-1
2414,4,-1,-1
2414,5,-1,-1
2414,6,-1,-1
2414,7,-1,-1
2415,0,0,160
2415,1,0,160
2415,2,-1,-1
2415,3,-1,-1
2415,4,-1,-1
2415,5,-1,-1
2415,6,-1,-1
2415,7,-1,-1
2416,0,0,160
2416,1,0,160
2416,2,-1,-1
2416,3,-1,-1
2416,4,-1,-1
2416,5,-1,-1
2416,6,-1,-1
2416,7,-1,-1
2417,0,0,160
2417,1,0,160
2417,2,-1,-1
2417,3,-1,-1
2417,4,-1,-1
2417,5,-1,-1
2417,6,-1,-1
2417,7,-1,-1
2418,0,0,160
2418,1,0,160
2418,2,-1,-1
2418,3,-1,-1
2418,4,-1,-1
2418,5,-1,-1
2418,6,-1,-1
2418,7,-1,-1
2419,0,0,160
2419,1,0,160
2419,2,-1,-1
2419,3,-1,-1
2419,4,-1,-1
2419,5,-1,-1
2419,6,-1,-1
2419,7,-1,-1
2420,0,0,160
2420,1,0,160
2420,2,-1,-1
2420,3,-1,-1
2420,4,-1,-1
2420,5,-1,-1
2420,6,-1,-1
2420,7,-1,-1
2421,0,0,160
2421,1,0,160
2421,2,-1,-1
2421,3,-1,-1
2421,4,-1,-1
2421,5,-1,-1
2421,6,-1,-1
2421,7,-1,-1
2422,0,0,160
2422,1,0,160
2422,2,-1,-1
2422,3,-1,-1
2422,4,-1,-1
2422,5,-1,-1
2422,6,-1,-1
2422,7,-1,-1
2423,0,0,160
2423,1,0,160
2423,2,-1,-1
2423,3,-1,-1
2423,4,-1,-1
2423,5,-1,-1
2423,6,-1,-1
2423,7,-1,-1
2424,0,0,160
2424,1,0,160
2424,2,-1,-1
2424,3,-1,-1
2424,4,-1,-1
2424,5,-1,-1
2424,6,-1,-1
2424,7,-1,-1
2425,0,0,160
2425,1,0,160
2425,2,-1,-1
2425,3,-1,-1
2425,4,-1,-1
2425,5,-1,-1
2425,6,-1,-1
2425,7,-1,-1
2426,0,0,160
2426,1,0,160
2426,2,-1,-1
2426,3,-1,-1
2426,4,-1,-1
2426,5,-1,-1
2426,6,-1,-1
2426,7,-1,-1
2427,0,0,160
2427,1,0,160
2427,2,-1,-1
2427,3,-1,-1
2427,4,-1,-1
2427,5,-1,-1
2427,6,-1,-1
2427,7,-1,-1
2428,0,0,160
2428,1,0,160
2428,2,-1,-1
2428,3,-1,-1
2428,4,-1,-1
2428,5,-1,-1
2428,6,-1,-1
2428,7,-1,-1
2429,0,0,160
2429,1,0,160
2429,2,-1,-1
2429,3,-1,-1
2429,4,-1,-1
2429,5,-1,-1
2429,6,-1,-1
2429,7,-1,-1
2430,0,0,160
2430,1,0,160
2430,2,-1,-1
2430,3,-1,-1
2430,4,-1,-1
2430,5,-1,-1
2430,6,-1,-1
2430,7,-1,-1
2431,0,0,160
2431,1,0,160
2431,2,-1,-1
2431,3,-1,-1
2431,4,-1,-1
2431,5,-1,-1
2431,6,-1,-1
2431,7,-1,-1
2432,0,0,160
2432,1,0,160
2432,2,-1,-1
2432,3,-1,-1
2432,4,-1,-1
2432,5,-1,-1
2432,6,-1,-1
2432,7,-1,-1
2433,0,0,160
2433,1,0,160
2433,2,-1,-1
2433,3,-1,-1
2433,4,-1,-1
2433,5,-1,-1
2433,6,-1,-1
2433,7,-1,-1
2434,0,0,160
2434,1,0,160
2434,2,-1,-1
2434,3,-1,-1
2434,4,-1,-1
2434,5,-1,-1
2434,6,-1,-1
2434,7,-1,-1
2435,0,0,160
2435,1,0,160
2435,2,-1,-1
2435,3,-1,-1
2435,4,-1,-1
2435,5,-1,-1
2435,6,-1,-1
2435,7,-1,-1
2436,0,0,160
2436,1,0,160
2436,2,-1,-1
2436,3,-1,-1
2436,4,-1,-1
2436,5,-1,-1
2436,6,-1,-1
2436,7,-1,-1
2437,0,0,160
2437,1,0,160
2437,2,-1,-1
2437,3,-1,-1
2437,4,-1,-1
2437,5,-1,-1
2437,6,-1,-1
2437,7,-1,-1
2438,0,0,160
2438,1,0,160
2438,2,-1,-1
2438,3,-1,-1
2438,4,-1,-1
2438,5,-1,-1
2438,6,-1,-1
2438,7,-1,-1
2439,0,0,160
2439,1,0,160
2439,2,-1,-1
2439,3,-1,-1
2439,4,-1,-1
2439,5,-1,-1
2439,6,-1,-1
2439,7,-1,-1
2440,0,0,160
2440,1,0,160
2440,2,-1,-1
2440,3,-1,-1
2440,4,-1,-1
2440,5,-1,-1
2440,6,-1,-1
2440,7,-1,-1
2441,0,0,160
2441,1,0,160
2441,2,-1,-1
2441,3,-1,-1
2441,4,-1,-1
2441,5,-1,-1
2441,6,-1,-1
2441,7,-1,-1
2442,0,0,160
2442,1,0,160
2442,2,-1,-1
2442,3,-1,-1
2442,4,-1,-1
2442,5,-1,-1
2442,6,-1,-1
2442,7,-1,-1
2443,0,0,160
2443,1,0,160
2443,2,-1,-1
2443,3,-1,-1
2443,4,-1,-1
2443,5,-1,-1
2443,6,-1,-1
2443,7,-1,-1
2444,0,0,160
2444,1,0,160
2444,2,-1,-1
2444,3,-1,-1
2444,4,-1,-1
2444,5,-1,-1
2444,6,-1,-1
2444,7,-1,-1
2445,0,0,160
2445,1,0,160
2445,2,-1,-1
2445,3,-1,-1
2445,4,-1,-1
2445,5,-1,-1
2445,6,-1,-1
2445,7,-1,-1
2446,0,0,160
2446,1,0,160
2446,2,-1,-1
2446,3,-1,-1
2446,4,-1,-1
2446,5,-1,-1
2446,6,-1,-1
2446,7,-1,-1
2447,0,0,160
2447,1,0,160
2447,2,-1,-1
2447,3,-1,-1
2447,4,-1,-1
2447,5,-1,-1
2447,6,-1,-1
2447,7,-1,-1
2448,0,0,160
2448,1,0,160
2448,2,-1,-1
2448,3,-1,-1
2448,4,-1,-1
2448,5,-1,-1
2448,6,-1,-1
2448,7,-1,-1
2449,0,0,160
2449,1,0,160
2449,2,-1,-1
2449,3,-1,-1
2449,4,-1,-1
2449,5,-1,-1
2449,6,-1,-1
2449,7,-1,-1
2450,0,0,160
2450,1,0,160
2450,2,-1,-1
2450,3,-1,-1
2450,4,-1,-1
2450,5,-1,-1
2450,6,-1,-1
2450,7,-1,-1
2451,0,0,160
2451,1,0,160
2451,2,-1,-1
2451,3,-1,-1
2451,4,-1,-1
2451,5,-1,-1
2451,6,-1,-1
2451,7,-1,-1
2452,0,0,160
2452,1,0,160
2452,2,-1,-1
2452,3,-1,-1
2452,4,-1,-1
2452,5,-1,-1
2452,6,-1,-1
2452,7,-1,-1
2453,0,0,160
2453,1,0,160
2453,2,-1,-1
2453,3,-1,-1
2453,4,-1,-1
2453,5,-1,-1
2453,6,-1,-1
2453,7,-1,-1
2454,0,0,160
2454,1,0,160
2454,2,-1,-1
2454,3,-1,-1
2454,4,-1,-1
2454,5,-1,-1
2454,6,-1,-1
2454,7,-1,-1
2455,0,0,160
2455,1,0,160
2455,2,-1,-1
2455,3,-1,-1
2455,4,-1,-1
2455,5,-1,-1
2455,6,-1,-1
2455,7,-1,-1
2456,0,0,160
2456,1,0,160
2456,2,-1,-1
2456,3,-1,-1
2456,4,-1,-1
2456,5,-1,-1
2456,6,-1,-1
2456,7,-1,-1
2457,0,0,160
2457,1,0,160
2457,2,-1,-1
2457,3,-1,-1
2457,4,-1,-1
2457,5,-1,-1
2457,6,-1,-1
2457,7,-1,-1
2458,0,0,160
2458,1,0,160
2458,2,-1,-1
2458,3,-1,-1
2458,4,-1,-1
2458,5,-1,-1
2458,6,-1,-1
2458,7,-1,-1
2459,0,0,160
2459,1,0,160
2459,2,-1,-1
2459,3,-1,-1
2459,4,-1,-1
2459,5,-1,-1
2459,6,-1,-1
2459,7,-1,-1
2460,0,0,160
2460,1,0,160
2460,2,-1,-1
2460,3,-1,-1
2460,4,-1,-1
2460,5,-1,-1
2460,6,-1,-1
2460,7,-1,-1
2461,0,0,160
2461,1,0,160
2461,2,-1,-1
2461,3,-1,-1
2461,4,-1,-1
2461,5,-1,-1
2461,6,-1,-1
2461,7,-1,-1
2462,0,0,160
2462,1,0,160
2462,2,-1,-1
2462,3,-1,-1
2462,4,-1,-1
2462,5,-1,-1
2462,6,-1,-1
2462,7,-1,-1
2463,0,0,160
2463,1,0,160
2463,2,-1,-1
2463,3,-1,-1
2463,4,-1,-1
2463,5,-1,-1
2463,6,-1,-1
2463,7,-1,-1
2464,0,0,160
2464,1,0,160
2464,2,-1,-1
2464,3,-1,-1
2464,4,-1,-1
2464,5,-1,-1
2464,6,-1,-1
2464,7,-1,-1
2465,0,0,160
2465,1,0,160
2465,2,-1,-1
2465,3,-1,-1
2465,4,-1,-1
2465,5,-1,-1
2465,6,-1,-1
2465,7,-1,-1
2466,0,0,160
2466,1,0,160
2466,2,-1,-1
2466,3,-1,-1
2466,4,-1,-1
2466,5,-1,-1
2466,6,-1,-1
2466,7,-1,-1
2467,0,0,160
2467,1,0,160
2467,2,-1,-1
2467,3,-1,-1
2467,4,-1,-1
2467,5,-1,-1
2467,6,-1,-1
2467,7,-1,-1
2468,0,0,160
2468,1,0,160
2468,2,-1,-1
2468,3,-1,-1
2468,4,-1,-1
2468,5,-1,-1
2468,6,-1,-1
2468,7,-1,-1
2469,0,0,160
2469,1,0,160
2469,2,-1,-1
2469,3,-1,-1
2469,4,-1,-1
2469,5,-1,-1
2469,6,-1,-1
2469,7,-1,-1
2470,0,0,160
2470,1,0,160
2470,2,-1,-1
2470,3,-1,-1
2470,4,-1,-1
2470,5,-1,-1
2470,6,-1,-1
2470,7,-1,-1
2471,0,0,160
2471,1,0,160
2471,2,-1,-1
2471,3,-1,-1
2471,4,-1,-1
2471,5,-1,-1
2471,6,-1,-1
2471,7,-1,-1
2472,0,0,160
2472,1,0,160
2472,2,-1,-1
2472,3,-1,-1
2472,4,-1,-1
2472,5,-1,-1
2472,6,-1,-1
2472,7,-1,-1
2473,0,0,160
2473,1,0,160
2473,2,-1,-1
2473,3,-1,-1
2473,4,-1,-1
2473,5,-1,-1
2473,6,-1,-1
2473,7,-1,-1
2474,0,0,160
2474,1,0,160
2474,2,-1,-1
2474,3,-1,-1
2474,4,-1,-1
2474,5,-1,-1
2474,6,-1,-1
2474,7,-1,-1
2475,0,0,160
2475,1,0,160
2475,2,-1,-1
2475,3,-1,-1
2475,4,-1,-1
2475,5,-1,-1
2475,6,-1,-1
2475,7,-1,-1
2476,0,0,160
2476,1,0,160
2476,2,-1,-1
2476,3,-1,-1
2476,4,-1,-1
2476,5,-1,-1
2476,6,-1,-1
2476,7,-1,-1
2477,0,0,160
2477,1,0,160
2477,2,-1,-1
2477,3,-1,-1
2477,4,-1,-1
2477,5,-1,-1
2477,6,-1,-1
2477,7,-1,-1
2478,0,0,160
2478,1,0,160
2478,2,-1,-1
2478,3,-1,-1
2478,4,-1,-1
2478,5,-1,-1
2478,6,-1,-1
2478,7,-1,-1
2479,0,0,160
2479,1,0,160
2479,2,-1,-1
2479,3,-1,-1
2479,4,-1,-1
2479,5,-1,-1
2479,6,-1,-1
2479,7,-1,-1
2480,0,0,160
2480,1,0,160
2480,2,-1,-1
2480,3,-1,-1
2480,4,-1,-1
2480,5,-1,-1
2480,6,-1,-1
2480,7,-1,-1
2481,0,0,160
2481,1,0,160
2481,2,-1,-1
2481,3,-1,-1
2481,4,-1,-1
2481,5,-1,-1
2481,6,-1,-1
2481,7,-1,-1
2482,0,0,160
2482,1,0,160
2482,2,-1,-1
2482,3,-1,-1
2482,4,-1,-1
2482,5,-1,-1
2482,6,-1,-1
2482,7,-1,-1
2483,0,0,160
2483,1,0,160
2483,2,-1,-1
2483,3,-1,-1
2483,4,-1,-1
2483,5,-1,-1
2483,6,-1,-1
2483,7,-1,-1
2484,0,0,160
2484,1,0,160
2484,2,-1,-1
2484,3,-1,-1
2484,4,-1,-1
2484,5,-1,-1
2484,6,-1,-1
2484,7,-1,-1
2485,0,0,160
2485,1,0,160
2485,2,-1,-1
2485,3,-1,-1
2485,4,-1,-1
2485,5,-1,-1
2485,6,-1,-1
2485,7,-1,-1
2486,0,0,160
2486,1,0,160
2486,2,-1,-1
2486,3,-1,-1
2486,4,-1,-1
2486,5,-1,-1
2486,6,-1,-1
2486,7,-1,-1
2487,0,0,160
2487,1,0,160
2487,2,-1,-1
2487,3,-1,-1
2487,4,-1,-1
2487,5,-1,-1
2487,6,-1,-1
2487,7,-1,-1
2488,0,0,160
2488,1,0,160
2488,2,-1,-1
2488,3,-1,-1
2488,4,-1,-1
2488,5,-1,-1
2488,6,-1,-1
2488,7,-1,-1
2489,0,0,160
2489,1,0,160
2489,2,-1,-1
2489,3,-1,-1
2489,4,-1,-1
2489,5,-1,-1
2489,6,-1,-1
2489,7,-1,-1
2490,0,0,160
2490,1,0,160
2490,2,-1,-1
2490,3,-1,-1
2490,4,-1,-1
2490,5,-1,-1
2490,6,-1,-1
2490,7,-1,-1
2491,0,0,160
2491,1,0,160
2491,2,-1,-1
2491,3,-1,-1
2491,4,-1,-1
2491,5,-1,-1
2491,6,-1,-1
2491,7,-1,-1
2492,0,0,160
2492,1,0,160
2492,2,-1,-1
2492,3,-1,-1
2492,4,-1,-1
2492,5,-1,-1
2492,6,-1,-1
2492,7,-1,-1
2493,0,0,160
2493,1,0,160
2493,2,-1,-1
2493,3,-1,-1
2493,4,-1,-1
2493,5,-1,-1
2493,6,-1,-1
2493,7,-1,-1
2494,0,0,160
2494,1,0,160
2494,2,-1,-1
2494,3,-1,-1
2494,4,-1,-1
2494,5,-1,-1
2494,6,-1,-1
2494,7,-1,-1
2495,0,0,160
2495,1,0,160
2495,2,-1,-1
2495,3,-1,-1
2495,4,-1,-1
2495,5,-1,-1
2495,6,-1,-1
2495,7,-1,-1
2496,0,0,160
2496,1,0,160
2496,2,-1,-1
2496,3,-1,-1
2496,4,-1,-1
2496,5,-1,-1
2496,6,-1,-1
2496,7,-1,-1
2497,0,0,160
2497,1,0,160
2497,2,-1,-1
2497,3,-1,-1
2497,4,-1,-1
2497,5,-1,-1
2497,6,-1,-1
2497,7,-1,-1
2498,0,0,160
2498,1,0,160
2498,2,-1,-1
2498,3,-1,-1
2498,4,-1,-1
2498,5,-1,-1
2498,6,-1,-1
2498,7,-1,-1
2499,0,0,160
2499,1,0,160
2499,2,-1,-1
2499,3,-1,-1
2499,4,-1,-1
2499,5,-1,-1
2499,6,-1,-1
2499,7,-1,-1
2500,0,0,160
2500,1,0,160
2500,2,-1,-1
2500,3,-1,-1
2500,4,-1,-1
2500,5,-1,-1
2500,6,-1,-1
2500,7,-1,-1
2501,0,0,160
2501,1,0,160
2501,2,-1,-1
2501,3,-1,-1
2501,4,-1,-1
2501,5,-1,-1
2501,6,-1,-1
2501,7,-1,-1
2502,0,0,160
2502,1,0,160
2502,2,-1,-1
2502,3,-1,-1
2502,4,-1,-1
2502,5,-1,-1
2502,6,-1,-1
2502,7,-1,-1
2503,0,0,160
2503,1,0,160
2503,2,-1,-1
2503,3,-1,-1
2503,4,-1,-1
2503,5,-1,-1
2503,6,-1,-1
2503,7,-1,-1
2504,0,0,160
2504,1,0,160
2504,2,-1,-1
2504,3,-1,-1
2504,4,-1,-1
2504,5,-1,-1
2504,6,-1,-1
2504,7,-1,-1
2505,0,0,160
2505,1,0,160
2505,2,-1,-1
2505,3,-1,-1
2505,4,-1,-1
2505,5,-1,-1
2505,6,-1,-1
2505,7,-1,-1
2506,0,0,160
2506,1,0,160
2506,2,-1,-1
2506,3,-1,-1
2506,4,-1,-1
2506,5,-1,-1
2506,6,-1,-1
2506,7,-1,-1
2507,0,0,160
2507,1,0,160
2507,2,-1,-1
2507,3,-1,-1
2507,4,-1,-1
2507,5,-1,-1
2507,6,-1,-1
2507,7,-1,-1
2508,0,0,160
2508,1,0,160
2508,2,-1,-1
2508,3,-1,-1
2508,4,-1,-1
2508,5,-1,-1
2508,6,-1,-1
2508,7,-1,-1
2509,0,0,160
2509,1,0,160
2509,2,-1,-1
2509,3,-1,-1
2509,4,-1,-1
2509,5,-1,-1
2509,6,-1,-1
2509,7,-1,-1
2510,0,0,160
2510,1,0,160
2510,2,-1,-1
2510,3,-1,-1
2510,4,-1,-1
2510,5,-1,-1
2510,6,-1,-1
2510,7,-1,-1
2511,0,0,160
2511,1,0,160
2511,2,-1,-1
2511,3,-1,-1
2511,4,-1,-1
2511,5,-1,-1
2511,6,-1,-1
2511,7,-1,-1
2512,0,0,160
2512,1,0,160
2512,2,-1,-1
2512,3,-1,-1
2512,4,-1,-1
2512,5,-1,-1
2512,6,-1,-1
2512,7,-1,-1
2513,0,0,160
2513,1,0,160
2513,2,-1,-1
2513,3,-1,-1
2513,4,-1,-1
2513,5,-1,-1
2513,6,-1,-1
2513,7,-1,-1
2514,0,0,160
2514,1,0,160
2514,2,-1,-1
2514,3,-1,-1
2514,4,-1,-1
2514,5,-1,-1
2514,6,-1,-1
2514,7,-1,-1
2515,0,0,160
2515,1,0,160
2515,2,-1,-1
2515,3,-1,-1
2515,4,-1,-1
2515,5,-1,-1
2515,6,-1,-1
2515,7,-1,-1
2516,0,0,160
2516,1,0,160
2516,2,-1,-1
2516,3,-1,-1
2516,4,-1,-1
2516,5,-1,-1
2516,6,-1,-1
2516,7,-1,-1
2517,0,0,160
2517,1,0,160
2517,2,-1,-1
2517,3,-1,-1
2517,4,-1,-1
2517,5,-1,-1
2517,6,-1,-1
2517,7,-1,-1
2518,0,0,160
2518,1,0,160
2518,2,-1,-1
2518,3,-1,-1
2518,4,-1,-1
2518,5,-1,-1
2518,6,-1,-1
2518,7,-1,-1
2519,0,0,160
2519,1,0,160
2519,2,-1,-1
2519,3,-1,-1
2519,4,-1,-1
2519,5,-1,-1
2519,6,-1,-1
2519,7,-1,-1
2520,0,0,160
2520,1,0,160
2520,2,-1,-1
2520,3,-1,-1
2520,4,-1,-1
2520,5,-1,-1
2520,6,-1,-1
2520,7,-1,-1
2521,0,0,160
2521,1,0,160
2521,2,-1,-1
2521,3,-1,-1
2521,4,-1,-1
2521,5,-1,-1
2521,6,-1,-1
2521,7,-1,-1
2522,0,0,160
2522,1,0,160
2522,2,-1,-1
2522,3,-1,-1
2522,4,-1,-1
2522,5,-1,-1
2522,6,-1,-1
2522,7,-1,-1
2523,0,0,160
2523,1,0,160
2523,2,-1,-1
2523,3,-1,-1
2523,4,-1,-1
2523,5,-1,-1
2523,6,-1,-1
2523,7,-1,-1
2524,0,0,160
2524,1,0,160
2524,2,-1,-1
2524,3,-1,-1
2524,4,-1,-1
2524,5,-1,-1
2524,6,-1,-1
2524,7,-1,-1
2525,0,0,160
2525,1,0,160
2525,2,-1,-1
2525,3,-1,-1
2525,4,-1,-1
2525,5,-1,-1
2525,6,-1,-1
2525,7,-1,-1
2526,0,0,160
2526,1,0,160
2526,2,-1,-1
2526,3,-1,-1
2526,4,-1,-1
2526,5,-1,-1
2526,6,-1,-1
2526,7,-1,-1
2527,0,0,160
2527,1,0,160
2527,2,-1,-1
2527,3,-1,-1
2527,4,-1,-1
2527,5,-1,-1
2527,6,-1,-1
2527,7,-1,-1
2528,0,0,160
2528,1,0,160
2528,2,-1,-1
2528,3,-1,-1
2528,4,-1,-1
2528,5,-1,-1
2528,6,-1,-1
2528,7,-1,-1
2529,0,0,160
2529,1,0,160
2529,2,-1,-1
2529,3,-1,-1
2529,4,-1,-1
2529,5,-1,-1
2529,6,-1,-1
2529,7,-1,-1
2530,0,0,160
2530,1,0,160
2530,2,-1,-1
2530,3,-1,-1
2530,4,-1,-1
2530,5,-1,-1
2530,6,-1,-1
2530,7,-1,-1
2531,0,0,160
2531,1,0,160
2531,2,-1,-1
2531,3,-1,-1
2531,4,-1,-1
2531,5,-1,-1
2531,6,-1,-1
2531,7,-1,-1
2532,0,0,160
2532,1,0,160
2532,2,-1,-1
2532,3,-1,-1
2532,4,-1,-1
2532,5,-1,-1
2532,6,-1,-1
2532,7,-1,-1
2533,0,0,160
2533,1,0,160
2533,2,-1,-1
2533,3,-1,-1
2533,4,-1,-1
2533,5,-1,-1
2533,6,-1,-1
2533,7,-1,-1
2534,0,0,160
2534,1,0,160
2534,2,-1,-1
2534,3,-1,-1
2534,4,-1,-1
2534,5,-1,-1
2534,6,-1,-1
2534,7,-1,-1
2535,0,0,160
2535,1,0,160
2535,2,-1,-1
2535,3,-1,-1
2535,4,-1,-1
2535,5,-1,-1
2535,6,-1,-1
2535,7,-1,-1
2536,0,0,160
2536,1,0,160
2536,2,-1,-1
2536,3,-1,-1
2536,4,-1,-1
2536,5,-1,-1
2536,6,-1,-1
2536,7,-1,-1
2537,0,0,160
2537,1,0,160
2537,2,-1,-1
2537,3,-1,-1
2537,4,-1,-1
2537,5,-1,-1
2537,6,-1,-1
2537,7,-1,-1
2538,0,0,160
2538,1,0,160
2538,2,-1,-1
2538,3,-1,-1
2538,4,-1,-1
2538,5,-1,-1
2538,6,-1,-1
2538,7,-1,-1
2539,0,0,160
2539,1,0,160
2539,2,-1,-1
2539,3,-1,-1
2539,4,-1,-1
2539,5,-1,-1
2539,6,-1,-1
2539,7,-1,-1
2540,0,0,160
2540,1,0,160
2540,2,-1,-1
2540,3,-1,-1
2540,4,-1,-1
2540,5,-1,-1
2540,6,-1,-1
2540,7,-1,-1
2541,0,0,160
2541,1,0,160
2541,2,-1,-1
2541,3,-1,-1
2541,4,-1,-1
2541,5,-1,-1
2541,6,-1,-1
2541,7,-1,-1
2542,0,0,160
2542,1,0,160
2542,2,-1,-1
2542,3,-1,-1
2542,4,-1,-1
2542,5,-1,-1
2542,6,-1,-1
2542,7,-1,-1
2543,0,0,160
2543,1,0,160
2543,2,-1,-1
2543,3,-1,-1
2543,4,-1,-1
2543,5,-1,-1
2543,6,-1,-1
2543,7,-1,-1
2544,0,0,160
2544,1,0,160
2544,2,-1,-1
2544,3,-1,-1
2544,4,-1,-1
2544,5,-1,-1
2544,6,-1,-1
2544,7,-1,-1
2545,0,0,160
2545,1,0,160
2545,2,-1,-1
2545,3,-1,-1
2545,4,-1,-1
2545,5,-1,-1
2545,6,-1,-1
2545,7,-1,-1
2546,0,0,160
2546,1,0,160
2546,2,-1,-1
2546,3,-1,-1
2546,4,-1,-1
2546,5,-1,-1
2546,6,-1,-1
2546,7,-1,-1
2547,0,0,160
2547,1,0,160
2547,2,-1,-1
2547,3,-1,-1
2547,4,-1,-1
2547,5,-1,-1
2547,6,-1,-1
2547,7,-1,-1
2548,0,0,160
2548,1,0,160
2548,2,-1,-1
2548,3,-1,-1
2548,4,-1,-1
2548,5,-1,-1
2548,6,-1,-1
2548,7,-1,-1
2549,0,0,160
2549,1,0,160
2549,2,-1,-1
2549,3,-1,-1
2549,4,-1,-1
2549,5,-1,-1
2549,6,-1,-1
2549,7,-1,-1
2550,0,0,160
2550,1,0,160
2550,2,-1,-1
2550,3,-1,-1
2550,4,-1,-1
2550,5,-1,-1
2550,6,-1,-1
2550,7,-1,-1
2551,0,0,160
2551,1,0,160
2551,2,-1,-1
2551,3,-1,-1
2551,4,-1,-1
2551,5,-1,-1
2551,6,-1,-1
2551,7,-1,-1
2552,0,0,160
2552,1,0,160
2552,2,-1,-1
2552,3,-1,-1
2552,4,-1,-1
2552,5,-1,-1
2552,6,-1,-1
2552,7,-1,-1
2553,0,0,160
2553,1,0,160
2553,2,-1,-1
2553,3,-1,-1
2553,4,-1,-1
2553,5,-1,-1
2553,6,-1,-1
2553,7,-1,-1
2554,0,0,160
2554,1,0,160
2554,2,-1,-1
2554,3,-1,-1
2554,4,-1,-1
2554,5,-1,-1
2554,6,-1,-1
2554,7,-1,-1
2555,0,0,160
2555,1,0,160
2555,2,-1,-1
2555,3,-1,-1
2555,4,-1,-1
2555,5,-1,-1
2555,6,-1,-1
2555,7,-1,-1
2556,0,0,160
2556,1,0,160
2556,2,-1,-1
2556,3,-1,-1
2556,4,-1,-1
2556,5,-1,-1
2556,6,-1,-1
2556,7,-1,-1
2557,0,0,160
2557,1,0,160
2557,2,-1,-1
2557,3,-1,-1
2557,4,-1,-1
2557,5,-1,-1
2557,6,-1,-1
2557,7,-1,-1
2558,0,0,160
2558,1,0,160
2558,2,-1,-1
2558,3,-1,-1
2558,4,-1,-1
2558,5,-1,-1
2558,6,-1,-1
2558,7,-1,-1
2559,0,0,160
2559,1,0,160
2559,2,-1,-1
2559,3,-1,-1
2559,4,-1,-1
2559,5,-1,-1
2559,6,-1,-1
2559,7,-1,-1
2560,0,0,160
2560,1,0,160
2560,2,-1,-1
2560,3,-1,-1
2560,4,-1,-1
2560,5,-1,-1
2560,6,-1,-1
2560,7,-1,-1
2561,0,0,160
2561,1,0,160
2561,2,-1,-1
2561,3,-1,-1
2561,4,-1,-1
2561,5,-1,-1
2561,6,-1,-1
2561,7,-1,-1
2562,0,0,160
2562,1,0,160
2562,2,-1,-1
2562,3,-1,-1
2562,4,-1,-1
2562,5,-1,-1
2562,6,-1,-1
2562,7,-1,-1
2563,0,0,160
2563,1,0,160
2563,2,-1,-1
2563,3,-1,-1
2563,4,-1,-1
2563,5,-1,-1
2563,6,-1,-1
2563,7,-1,-1
2564,0,0,160
2564,1,0,160
2564,2,-1,-1
2564,3,-1,-1
2564,4,-1,-1
2564,5,-1,-1
2564,6,-1,-1
2564,7,-1,-1
2565,0,0,160
2565,1,0,160
2565,2,-1,-1
2565,3,-1,-1
2565,4,-1,-1
2565,5,-1,-1
2565,6,-1,-1
2565,7,-1,-1
2566,0,0,160
2566,1,0,160
2566,2,-1,-1
2566,3,-1,-1
2566,4,-1,-1
2566,5,-1,-1
2566,6,-1,-1
2566,7,-1,-1
2567,0,0,160
2567,1,0,160
2567,2,-1,-1
2567,3,-1,-1
2567,4,-1,-1
2567,5,-1,-1
2567,6,-1,-1
2567,7,-1,-1
2568,0,0,160
2568,1,0,160
2568,2,-1,-1
2568,3,-1,-1
2568,4,-1,-1
2568,5,-1,-1
2568,6,-1,-1
2568,7,-1,-1
2569,0,0,160
2569,1,0,160
2569,2,-1,-1
2569,3,-1,-1
2569,4,-1,-1
2569,5,-1,-1
2569,6,-1,-1
2569,7,-1,-1
2570,0,0,160
2570,1,0,160
2570,2,-1,-1
2570,3,-1,-1
2570,4,-1,-1
2570,5,-1,-1
2570,6,-1,-1
2570,7,-1,-1
2571,0,0,160
2571,1,0,160
2571,2,-1,-1
2571,3,-1,-1
2571,4,-1,-1
2571,5,-1,-1
2571,6,-1,-1
2571,7,-1,-1
2572,0,0,160
2572,1,0,160
2572,2,-1,-1
2572,3,-1,-1
2572,4,-1,-1
2572,5,-1,-1
2572,6,-1,-1
2572,7,-1,-1
2573,0,0,160
2573,1,0,160
2573,2,-1,-1
2573,3,-1,-1
2573,4,-1,-1
2573,5,-1,-1
2573,6,-1,-1
2573,7,-1,-1
2574,0,0,160
2574,1,0,160
2574,2,-1,-1
2574,3,-1,-1
2574,4,-1,-1
2574,5,-1,-1
2574,6,-1,-1
2574,7,-1,-1
2575,0,0,160
2575,1,0,160
2575,2,-1,-1
2575,3,-1,-1
2575,4,-1,-1
2575,5,-1,-1
2575,6,-1,-1
2575,7,-1,-1
2576,0,0,160
2576,1,0,160
2576,2,-1,-1
2576,3,-1,-1
2576,4,-1,-1
2576,5,-1,-1
2576,6,-1,-1
2576,7,-1,-1
2577,0,0,160
2577,1,0,160
2577,2,-1,-1
2577,3,-1,-1
2577,4,-1,-1
2577,5,-1,-1
2577,6,-1,-1
2577,7,-1,-1
2578,0,0,160
2578,1,0,160
2578,2,-1,-1
2578,3,-1,-1
2578,4,-1,-1
2578,5,-1,-1
2578,6,-1,-1
2578,7,-1,-1
2579,0,0,160
2579,1,0,160
2579,2,-1,-1
2579,3,-1,-1
2579,4,-1,-1
2579,5,-1,-1
2579,6,-1,-1
2579,7,-1,-1
2580,0,0,160
2580,1,0,160
2580,2,-1,-1
2580,3,-1,-1
2580,4,-1,-1
2580,5,-1,-1
2580,6,-1,-1
2580,7,-1,-1
2581,0,0,160
2581,1,0,160
2581,2,-1,-1
2581,3,-1,-1
2581,4,-1,-1
2581,5,-1,-1
2581,6,-1,-1
2581,7,-1,-1
2582,0,0,160
2582,1,0,160
2582,2,-1,-1
2582,3,-1,-1
2582,4,-1,-1
2582,5,-1,-1
2582,6,-1,-1
2582,7,-1,-1
2583,0,0,160
2583,1,0,160
2583,2,-1,-1
2583,3,-1,-1
2583,4,-1,-1
2583,5,-1,-1
2583,6,-1,-1
2583,7,-1,-1
2584,0,0,160
2584,1,0,160
2584,2,-1,-1
2584,3,-1,-1
2584,4,-1,-1
2584,5,-1,-1
2584,6,-1,-1
2584,7,-1,-1
2585,0,0,160
2585,1,0,160
2585,2,-1,-1
2585,3,-1,-1
2585,4,-1,-1
2585,5,-1,-1
2585,6,-1,-1
2585,7,-1,-1
2586,0,0,160
2586,1,0,160
2586,2,-1,-1
2586,3,-1,-1
2586,4,-1,-1
2586,5,-1,-1
2586,6,-1,-1
2586,7,-1,-1
2587,0,0,160
2587,1,0,160
2587,2,-1,-1
2587,3,-1,-1
2587,4,-1,-1
2587,5,-1,-1
2587,6,-1,-1
2587,7,-1,-1
2588,0,0,160
2588,1,0,160
2588,2,-1,-1
2588,3,-1,-1
2588,4,-1,-1
2588,5,-1,-1
2588,6,-1,-1
2588,7,-1,-1
2589,0,0,160
2589,1,0,160
2589,2,-1,-1
2589,3,-1,-1
2589,4,-1,-1
2589,5,-1,-1
2589,6,-1,-1
2589,7,-1,-1
2590,0,0,160
2590,1,0,160
2590,2,-1,-1
2590,3,-1,-1
2590,4,-1,-1
2590,5,-1,-1
2590,6,-1,-1
2590,7,-1,-1
2591,0,0,160
2591,1,0,160
2591,2,-1,-1
2591,3,-1,-1
2591,4,-1,-1
2591,5,-1,-1
2591,6,-1,-1
2591,7,-1,-1
2592,0,0,160
2592,1,0,160
2592,2,-1,-1
2592,3,-1,-1
2592,4,-1,-1
2592,5,-1,-1
2592,6,-1,-1
2592,7,-1,-1
2593,0,0,160
2593,1,0,160
2593,2,-1,-1
2593,3,-1,-1
2593,4,-1,-1
2593,5,-1,-1
2593,6,-1,-1
2593,7,-1,-1
2594,0,0,160
2594,1,0,160
2594,2,-1,-1
2594,3,-1,-1
2594,4,-1,-1
2594,5,-1,-1
2594,6,-1,-1
2594,7,-1,-1
2595,0,0,160
2595,1,0,160
2595,2,-1,-1
2595,3,-1,-1
2595,4,-1,-1
2595,5,-1,-1
2595,6,-1,-1
2595,7,-1,-1
2596,0,0,160
2596,1,0,160
2596,2,-1,-1
2596,3,-1,-1
2596,4,-1,-1
2596,5,-1,-1
2596,6,-1,-1
2596,7,-1,-1
2597,0,0,160
2597,1,0,160
2597,2,-1,-1
2597,3,-1,-1
2597,4,-1,-1
2597,5,-1,-1
2597,6,-1,-1
2597,7,-1,-1
2598,0,0,160
2598,1,0,160
2598,2,-1,-1
2598,3,-1,-1
2598,4,-1,-1
2598,5,-1,-1
2598,6,-1,-1
2598,7,-1,-1
2599,0,0,160
2599,1,0,160
2599,2,-1,-1
2599,3,-1,-1
2599,4,-1,-1
2599,5,-1,-1
2599,6,-1,-1
2599,7,-1,-1
2600,0,0,160
2600,1,0,160
2600,2,-1,-1
2600,3,-1,-1
2600,4,-1,-1
2600,5,-1,-1
2600,6,-1,-1
2600,7,-1,-1
2601,0,0,160
2601,1,0,160
2601,2,-1,-1
2601,3,-1,-1
2601,4,-1,-1
2601,5,-1,-1
2601,6,-1,-1
2601,7,-1,-1
2602,0,0,160
2602,1,0,160
2602,2,-1,-1
2602,3,-1,-1
2602,4,-1,-1
2602,5,-1,-1
2602,6,-1,-1
2602,7,-1,-1
2603,0,0,160
2603,1,0,160
2603,2,-1,-1
2603,3,-1,-1
2603,4,-1,-1
2603,5,-1,-1
2603,6,-1,-1
2603,7,-1,-1
2604,0,0,160
2604,1,0,160
2604,2,-1,-1
2604,3,-1,-1
2604,4,-1,-1
2604,5,-1,-1
2604,6,-1,-1
2604,7,-1,-1
2605,0,0,160
2605,1,0,160
2605,2,-1,-1
2605,3,-1,-1
2605,4,-1,-1
2605,5,-1,-1
2605,6,-1,-1
2605,7,-1,-1
2606,0,0,160
2606,1,0,160
2606,2,-1,-1
2606,3,-1,-1
2606,4,-1,-1
2606,5,-1,-1
2606,6,-1,-1
2606,7,-1,-1
2607,0,0,160
2607,1,0,160
2607,2,-1,-1
2607,3,-1,-1
2607,4,-1,-1
2607,5,-1,-1
2607,6,-1,-1
2607,7,-1,-1
2608,0,0,160
2608,1,0,160
2608,2,-1,-1
2608,3,-1,-1
2608,4,-1,-1
2608,5,-1,-1
2608,6,-1,-1
2608,7,-1,-1
2609,0,0,160
2609,1,0,160
2609,2,-1,-1
2609,3,-1,-1
2609,4,-1,-1
2609,5,-1,-1
2609,6,-1,-1
2609,7,-1,-1
2610,0,0,160
2610,1,0,160
2610,2,-1,-1
2610,3,-1,-1
2610,4,-1,-1
2610,5,-1,-1
2610,6,-1,-1
2610,7,-1,-1
2611,0,0,160
2611,1,0,160
2611,2,-1,-1
2611,3,-1,-1
2611,4,-1,-1
2611,5,-1,-1
2611,6,-1,-1
2611,7,-1,-1
2612,0,0,160
2612,1,0,160
2612,2,-1,-1
2612,3,-1,-1
2612,4,-1,-1
2612,5,-1,-1
2612,6,-1,-1
2612,7,-1,-1
2613,0,0,160
2613,1,0,160
2613,2,-1,-1
2613,3,-1,-1
2613,4,-1,-1
2613,5,-1,-1
2613,6,-1,-1
2613,7,-1,-1
2614,0,0,160
2614,1,0,160
2614,2,-1,-1
2614,3,-1,-1
2614,4,-1,-1
2614,5,-1,-1
2614,6,-1,-1
2614,7,-1,-1
2615,0,0,160
2615,1,0,160
2615,2,-1,-1
2615,3,-1,-1
2615,4,-1,-1
2615,5,-1,-1
2615,6,-1,-1
2615,7,-1,-1
2616,0,0,160
2616,1,0,160
2616,2,-1,-1
2616,3,-1,-1
2616,4,-1,-1
2616,5,-1,-1
2616,6,-1,-1
2616,7,-1,-1
2617,0,0,160
2617,1,0,160
2617,2,-1,-1
2617,3,-1,-1
2617,4,-1,-1
2617,5,-1,-1
2617,6,-1,-1
2617,7,-1,-1
2618,0,0,160
2618,1,0,160
2618,2,-1,-1
2618,3,-1,-1
2618,4,-1,-1
2618,5,-1,-1
2618,6,-1,-1
2618,7,-1,-1
2619,0,0,160
2619,1,0,160
2619,2,-1,-1
2619,3,-1,-1
2619,4,-1,-1
2619,5,-1,-1
2619,6,-1,-1
2619,7,-1,-1
2620,0,0,160
2620,1,0,160
2620,2,-1,-1
2620,3,-1,-1
2620,4,-1,-1
2620,5,-1,-1
2620,6,-1,-1
2620,7,-1,-1
2621,0,0,160
2621,1,0,160
2621,2,-1,-1
2621,3,-1,-1
2621,4,-1,-1
2621,5,-1,-1
2621,6,-1,-1
2621,7,-1,-1
2622,0,0,160
2622,1,0,160
2622,2,-1,-1
2622,3,-1,-1
2622,4,-1,-1
2622,5,-1,-1
2622,6,-1,-1
2622,7,-1,-1
2623,0,0,160
2623,1,0,160
2623,2,-1,-1
2623,3,-1,-1
2623,4,-1,-1
2623,5,-1,-1
2623,6,-1,-1
2623,7,-1,-1
2624,0,0,160
2624,1,0,160
2624,2,-1,-1
2624,3,-1,-1
2624,4,-1,-1
2624,5,-1,-1
2624,6,-1,-1
2624,7,-1,-1
2625,0,0,160
2625,1,0,160
2625,2,-1,-1
2625,3,-1,-1
2625,4,-1,-1
2625,5,-1,-1
2625,6,-1,-1
2625,7,-1,-1
2626,0,0,160
2626,1,0,160
2626,2,-1,-1
2626,3,-1,-1
2626,4,-1,-1
2626,5,-1,-1
2626,6,-1,-1
2626,7,-1,-1
2627,0,0,160
2627,1,0,160
2627,2,-1,-1
2627,3,-1,-1
2627,4,-1,-1
2627,5,-1,-1
2627,6,-1,-1
2627,7,-1,-1
2628,0,0,160
2628,1,0,160
2628,2,-1,-1
2628,3,-1,-1
2628,4,-1,-1
2628,5,-1,-1
2628,6,-1,-1
2628,7,-1,-1
2629,0,0,160
2629,1,0,160
2629,2,-1,-1
2629,3,-1,-1
2629,4,-1,-1
2629,5,-1,-1
2629,6,-1,-1
2629,7,-1,-1
2630,0,0,160
2630,1,0,160
2630,2,-1,-1
2630,3,-1,-1
2630,4,-1,-1
2630,5,-1,-1
2630,6,-1,-1
2630,7,-1,-1
2631,0,0,160
2631,1,0,160
2631,2,-1,-1
2631,3,-1,-1
2631,4,-1,-1
2631,5,-1,-1
2631,6,-1,-1
2631,7,-1,-1
2632,0,0,160
2632,1,0,160
2632,2,-1,-1
2632,3,-1,-1
2632,4,-1,-1
2632,5,-1,-1
2632,6,-1,-1
2632,7,-1,-1
2633,0,0,160
2633,1,0,160
2633,2,-1,-1
2633,3,-1,-1
2633,4,-1,-1
2633,5,-1,-1
2633,6,-1,-1
2633,7,-1,-1
2634,0,0,160
2634,1,0,160
2634,2,-1,-1
2634,3,-1,-1
2634,4,-1,-1
2634,5,-1,-1
2634,6,-1,-1
2634,7,-1,-1
2635,0,0,160
2635,1,0,160
2635,2,-1,-1
2635,3,-1,-1
2635,4,-1,-1
2635,5,-1,-1
2635,6,-1,-1
2635,7,-1,-1
2636,0,0,160
2636,1,0,160
2636,2,-1,-1
2636,3,-1,-1
2636,4,-1,-1
2636,5,-1,-1
2636,6,-1,-1
2636,7,-1,-1
2637,0,0,160
2637,1,0,160
2637,2,-1,-1
2637,3,-1,-1
2637,4,-1,-1
2637,5,-1,-1
2637,6,-1,-1
2637,7,-1,-1
2638,0,0,160
2638,1,0,160
2638,2,-1,-1
2638,3,-1,-1
2638,4,-1,-1
2638,5,-1,-1
2638,6,-1,-1
2638,7,-1,-1
2639,0,0,160
2639,1,0,160
2639,2,-1,-1
2639,3,-1,-1
2639,4,-1,-1
2639,5,-1,-1
2639,6,-1,-1
2639,7,-1,-1
2640,0,0,160
2640,1,0,160
2640,2,-1,-1
2640,3,-1,-1
2640,4,-1,-1
2640,5,-1,-1
2640,6,-1,-1
2640,7,-1,-1
2641,0,0,160
2641,1,0,160
2641,2,-1,-1
2641,3,-1,-1
2641,4,-1,-1
2641,5,-1,-1
2641,6,-1,-1
2641,7,-1,-1
2642,0,0,160
2642,1,0,160
2642,2,-1,-1
2642,3,-1,-1
2642,4,-1,-1
2642,5,-1,-1
2642,6,-1,-1
2642,7,-1,-1
2643,0,0,160
2643,1,0,160
2643,2,-1,-1
2643,3,-1,-1
2643,4,-1,-1
2643,5,-1,-1
2643,6,-1,-1
2643,7,-1,-1
2644,0,0,160
2644,1,0,160
2644,2,-1,-1
2644,3,-1,-1
2644,4,-1,-1
2644,5,-1,-1
2644,6,-1,-1
2644,7,-1,-1
2645,0,0,160
2645,1,0,160
2645,2,-1,-1
2645,3,-1,-1
2645,4,-1,-1
2645,5,-1,-1
2645,6,-1,-1
2645,7,-1,-1
2646,0,0,160
2646,1,0,160
2646,2,-1,-1
2646,3,-1,-1
2646,4,-1,-1
2646,5,-1,-1
2646,6,-1,-1
2646,7,-1,-1
2647,0,0,160
2647,1,0,160
2647,2,-1,-1
2647,3,-1,-1
2647,4,-1,-1
2647,5,-1,-1
2647,6,-1,-1
2647,7,-1,-1
2648,0,0,160
2648,1,0,160
2648,2,-1,-1
2648,3,-1,-1
2648,4,-1,-1
2648,5,-1,-1
2648,6,-1,-1
2648,7,-1,-1
2649,0,0,160
2649,1,0,160
2649,2,-1,-1
2649,3,-1,-1
2649,4,-1,-1
2649,5,-1,-1
2649,6,-1,-1
2649,7,-1,-1
2650,0,0,160
2650,1,0,160
2650,2,-1,-1
2650,3,-1,-1
2650,4,-1,-1
2650,5,-1,-1
2650,6,-1,-1
2650,7,-1,-1
2651,0,0,160
2651,1,0,160
2651,2,-1,-1
2651,3,-1,-1
2651,4,-1,-1
2651,5,-1,-1
2651,6,-1,-1
2651,7,-1,-1
2652,0,0,160
2652,1,0,160
2652,2,-1,-1
2652,3,-1,-1
2652,4,-1,-1
2652,5,-1,-1
2652,6,-1,-1
2652,7,-1,-1
2653,0,0,160
2653,1,0,160
2653,2,-1,-1
2653,3,-1,-1
2653,4,-1,-1
2653,5,-1,-1
2653,6,-1,-1
2653,7,-1,-1
2654,0,0,160
2654,1,0,160
2654,2,-1,-1
2654,3,-1,-1
2654,4,-1,-1
2654,5,-1,-1
2654,6,-1,-1
2654,7,-1,-1
2655,0,0,160
2655,1,0,160
2655,2,-1,-1
2655,3,-1,-1
2655,4,-1,-1
2655,5,-1,-1
2655,6,-1,-1
2655,7,-1,-1
2656,0,0,160
2656,1,0,160
2656,2,-1,-1
2656,3,-1,-1
2656,4,-1,-1
2656,5,-1,-1
2656,6,-1,-1
2656,7,-1,-1
2657,0,0,160
2657,1,0,160
2657,2,-1,-1
2657,3,-1,-1
2657,4,-1,-1
2657,5,-1,-1
2657,6,-1,-1
2657,7,-1,-1
2658,0,0,160
2658,1,0,160
2658,2,-1,-1
2658,3,-1,-1
2658,4,-1,-1
2658,5,-1,-1
2658,6,-1,-1
2658,7,-1,-1
2659,0,0,160
2659,1,0,160
2659,2,-1,-1
2659,3,-1,-1
2659,4,-1,-1
2659,5,-1,-1
2659,6,-1,-1
2659,7,-1,-1
2660,0,0,160
2660,1,0,160
2660,2,-1,-1
2660,3,-1,-1
2660,4,-1,-1
2660,5,-1,-1
2660,6,-1,-1
2660,7,-1,-1
2661,0,0,160
2661,1,0,160
2661,2,-1,-1
2661,3,-1,-1
2661,4,-1,-1
2661,5,-1,-1
2661,6,-1,-1
2661,7,-1,-1
2662,0,0,160
2662,1,0,160
2662,2,-1,-1
2662,3,-1,-1
2662,4,-1,-1
2662,5,-1,-1
2662,6,-1,-1
2662,7,-1,-1
2663,0,0,160
2663,1,0,160
2663,2,-1,-1
2663,3,-1,-1
2663,4,-1,-1
2663,5,-1,-1
2663,6,-1,-1
2663,7,-1,-1
2664,0,0,160
2664,1,0,160
2664,2,-1,-1
2664,3,-1,-1
2664,4,-1,-1
2664,5,-1,-1
2664,6,-1,-1
2664,7,-1,-1
2665,0,0,160
2665,1,0,160
2665,2,-1,-1
2665,3,-1,-1
2665,4,-1,-1
2665,5,-1,-1
2665,6,-1,-1
2665,7,-1,-1
2666,0,0,160
2666,1,0,160
2666,2,-1,-1
2666,3,-1,-1
2666,4,-1,-1
2666,5,-1,-1
2666,6,-1,-1
2666,7,-1,-1
2667,0,0,160
2667,1,0,160
2667,2,-1,-1
2667,3,-1,-1
2667,4,-1,-1
2667,5,-1,-1
2667,6,-1,-1
2667,7,-1,-1
2668,0,0,160
2668,1,0,160
2668,2,-1,-1
2668,3,-1,-1
2668,4,-1,-1
2668,5,-1,-1
2668,6,-1,-1
2668,7,-1,-1
2669,0,0,160
2669,1,0,160
2669,2,-1,-1
2669,3,-1,-1
2669,4,-1,-1
2669,5,-1,-1
2669,6,-1,-1
2669,7,-1,-1
2670,0,0,160
2670,1,0,160
2670,2,-1,-1
2670,3,-1,-1
2670,4,-1,-1
2670,5,-1,-1
2670,6,-1,-1
2670,7,-1,-1
2671,0,0,160
2671,1,0,160
2671,2,-1,-1
2671,3,-1,-1
2671,4,-1,-1
2671,5,-1,-1
2671,6,-1,-1
2671,7,-1,-1
2672,0,0,160
2672,1,0,160
2672,2,-1,-1
2672,3,-1,-1
2672,4,-1,-1
2672,5,-1,-1
2672,6,-1,-1
2672,7,-1,-1
2673,0,0,160
2673,1,0,160
2673,2,-1,-1
2673,3,-1,-1
2673,4,-1,-1
2673,5,-1,-1
2673,6,-1,-1
2673,7,-1,-1
2674,0,0,160
2674,1,0,160
2674,2,-1,-1
2674,3,-1,-1
2674,4,-1,-1
2674,5,-1,-1
2674,6,-1,-1
2674,7,-1,-1
2675,0,0,160
2675,1,0,160
2675,2,-1,-1
2675,3,-1,-1
2675,4,-1,-1
2675,5,-1,-1
2675,6,-1,-1
2675,7,-1,-1
2676,0,0,160
2676,1,0,160
2676,2,-1,-1
2676,3,-1,-1
2676,4,-1,-1
2676,5,-1,-1
2676,6,-1,-1
2676,7,-1,-1
2677,0,0,160
2677,1,0,160
2677,2,-1,-1
2677,3,-1,-1
2677,4,-1,-1
2677,5,-1,-1
2677,6,-1,-1
2677,7,-1,-1
2678,0,0,160
2678,1,0,160
2678,2,-1,-1
2678,3,-1,-1
2678,4,-1,-1
2678,5,-1,-1
2678,6,-1,-1
2678,7,-1,-1
2679,0,0,160
2679,1,0,160
2679,2,-1,-1
2679,3,-1,-1
2679,4,-1,-1
2679,5,-1,-1
2679,6,-1,-1
2679,7,-1,-1
2680,0,0,160
2680,1,0,160
2680,2,-1,-1
2680,3,-1,-1
2680,4,-1,-1
2680,5,-1,-1
2680,6,-1,-1
2680,7,-1,-1
2681,0,0,160
2681,1,0,160
2681,2,-1,-1
2681,3,-1,-1
2681,4,-1,-1
2681,5,-1,-1
2681,6,-1,-1
2681,7,-1,-1
2682,0,0,160
2682,1,0,160
2682,2,-1,-1
2682,3,-1,-1
2682,4,-1,-1
2682,5,-1,-1
2682,6,-1,-1
2682,7,-1,-1
2683,0,0,160
2683,1,0,160
2683,2,-1,-1
2683,3,-1,-1
2683,4,-1,-1
2683,5,-1,-1
2683,6,-1,-1
2683,7,-1,-1
2684,0,0,160
2684,1,0,160
2684,2,-1,-1
2684,3,-1,-1
2684,4,-1,-1
2684,5,-1,-1
2684,6,-1,-1
2684,7,-1,-1
2685,0,0,160
2685,1,0,160
2685,2,-1,-1
2685,3,-1,-1
2685,4,-1,-1
2685,5,-1,-1
2685,6,-1,-1
2685,7,-1,-1
2686,0,0,160
2686,1,0,160
2686,2,-1,-1
2686,3,-1,-1
2686,4,-1,-1
2686,5,-1,-1
2686,6,-1,-1
2686,7,-1,-1
2687,0,0,160
2687,1,0,160
2687,2,-1,-1
2687,3,-1,-1
2687,4,-1,-1
2687,5,-1,-1
2687,6,-1,-1
2687,7,-1,-1
2688,0,0,160
2688,1,0,160
2688,2,-1,-1
2688,3,-1,-1
2688,4,-1,-1
2688,5,-1,-1
2688,6,-1,-1
2688,7,-1,-1
2689,0,0,160
2689,1,0,160
2689,2,-1,-1
2689,3,-1,-1
2689,4,-1,-1
2689,5,-1,-1
2689,6,-1,-1
2689,7,-1,-1
2690,0,0,160
2690,1,0,160
2690,2,-1,-1
2690,3,-1,-1
2690,4,-1,-1
2690,5,-1,-1
2690,6,-1,-1
2690,7,-1,-1
2691,0,0,160
2691,1,0,160
2691,2,-1,-1
2691,3,-1,-1
2691,4,-1,-1
2691,5,-1,-1
2691,6,-1,-1
2691,7,-1,-1
2692,0,0,160
2692,1,0,160
2692,2,-1,-1
2692,3,-1,-1
2692,4,-1,-1
2692,5,-1,-1
2692,6,-1,-1
2692,7,-1,-1
2693,0,0,160
2693,1,0,160
2693,2,-1,-1
2693,3,-1,-1
2693,4,-1,-1
2693,5,-1,-1
2693,6,-1,-1
2693,7,-1,-1
2694,0,0,160
2694,1,0,160
2694,2,-1,-1
2694,3,-1,-1
2694,4,-1,-1
2694,5,-1,-1
2694,6,-1,-1
2694,7,-1,-1
2695,0,0,160
2695,1,0,160
2695,2,-1,-1
2695,3,-1,-1
2695,4,-1,-1
2695,5,-1,-1
2695,6,-1,-1
2695,7,-1,-1
2696,0,0,160
2696,1,0,160
2696,2,-1,-1
2696,3,-1,-1
2696,4,-1,-1
2696,5,-1,-1
2696,6,-1,-1
2696,7,-1,-1
2697,0,0,160
2697,1,0,160
2697,2,-1,-1
2697,3,-1,-1
2697,4,-1,-1
2697,5,-1,-1
2697,6,-1,-1
2697,7,-1,-1
2698,0,0,160
2698,1,0,160
2698,2,-1,-1
2698,3,-1,-1
2698,4,-1,-1
2698,5,-1,-1
2698,6,-1,-1
2698,7,-1,-1
2699,0,0,160
2699,1,0,160
2699,2,-1,-1
2699,3,-1,-1
2699,4,-1,-1
2699,5,-1,-1
2699,6,-1,-1
2699,7,-1,-1
2700,0,0,160
2700,1,0,160
2700,2,-1,-1
2700,3,-1,-1
2700,4,-1,-1
2700,5,-1,-1
2700,6,-1,-1
2700,7,-1,-1
2701,0,0,160
2701,1,0,160
2701,2,-1,-1
2701,3,-1,-1
2701,4,-1,-1
2701,5,-1,-1
2701,6,-1,-1
2701,7,-1,-1
2702,0,0,160
2702,1,0,160
2702,2,-1,-1
2702,3,-1,-1
2702,4,-1,-1
2702,5,-1,-1
2702,6,-1,-1
2702,7,-1,-1
2703,0,0,160
2703,1,0,160
2703,2,-1,-1
2703,3,-1,-1
2703,4,-1,-1
2703,5,-1,-1
2703,6,-1,-1
2703,7,-1,-1
2704,0,0,160
2704,1,0,160
2704,2,-1,-1
2704,3,-1,-1
2704,4,-1,-1
2704,5,-1,-1
2704,6,-1,-1
2704,7,-1,-1
2705,0,0,160
2705,1,0,160
2705,2,-1,-1
2705,3,-1,-1
2705,4,-1,-1
2705,5,-1,-1
2705,6,-1,-1
2705,7,-1,-1
2706,0,0,160
2706,1,0,160
2706,2,-1,-1
2706,3,-1,-1
2706,4,-1,-1
2706,5,-1,-1
2706,6,-1,-1
2706,7,-1,-1
2707,0,0,160
2707,1,0,160
2707,2,-1,-1
2707,3,-1,-1
2707,4,-1,-1
2707,5,-1,-1
2707,6,-1,-1
2707,7,-1,-1
2708,0,0,160
2708,1,0,160
2708,2,-1,-1
2708,3,-1,-1
2708,4,-1,-1
2708,5,-1,-1
2708,6,-1,-1
2708,7,-1,-1
2709,0,0,160
2709,1,0,160
2709,2,-1,-1
2709,3,-1,-1
2709,4,-1,-1
2709,5,-1,-1
2709,6,-1,-1
2709,7,-1,-1
2710,0,0,160
2710,1,0,160
2710,2,-1,-1
2710,3,-1,-1
2710,4,-1,-1
2710,5,-1,-1
2710,6,-1,-1
2710,7,-1,-1
2711,0,0,160
2711,1,0,160
2711,2,-1,-1
2711,3,-1,-1
2711,4,-1,-1
2711,5,-1,-1
2711,6,-1,-1
2711,7,-1,-1
2712,0,0,160
2712,1,0,160
2712,2,-1,-1
2712,3,-1,-1
2712,4,-1,-1
2712,5,-1,-1
2712,6,-1,-1
2712,7,-1,-1
2713,0,0,160
2713,1,0,160
2713,2,-1,-1
2713,3,-1,-1
2713,4,-1,-1
2713,5,-1,-1
2713,6,-1,-1
2713,7,-1,-1
2714,0,0,160
2714,1,0,160
2714,2,-1,-1
2714,3,-1,-1
2714,4,-1,-1
2714,5,-1,-1
2714,6,-1,-1
2714,7,-1,-1
2715,0,0,160
2715,1,0,160
2715,2,-1,-1
2715,3,-1,-1
2715,4,-1,-1
2715,5,-1,-1
2715,6,-1,-1
2715,7,-1,-1
2716,0,0,160
2716,1,0,160
2716,2,-1,-1
2716,3,-1,-1
2716,4,-1,-1
2716,5,-1,-1
2716,6,-1,-1
2716,7,-1,-1
2717,0,0,160
2717,1,0,160
2717,2,-1,-1
2717,3,-1,-1
2717,4,-1,-1
2717,5,-1,-1
2717,6,-1,-1
2717,7,-1,-1
2718,0,0,160
2718,1,0,160
2718,2,-1,-1
2718,3,-1,-1
2718,4,-1,-1
2718,5,-1,-1
2718,6,-1,-1
2718,7,-1,-1
2719,0,0,160
2719,1,0,160
2719,2,-1,-1
2719,3,-1,-1
2719,4,-1,-1
2719,5,-1,-1
2719,6,-1,-1
2719,7,-1,-1
2720,0,0,160
2720,1,0,160
2720,2,-1,-1
2720,3,-1,-1
2720,4,-1,-1
2720,5,-1,-1
2720,6,-1,-1
2720,7,-1,-1
2721,0,0,160
2721,1,0,160
2721,2,-1,-1
2721,3,-1,-1
2721,4,-1,-1
2721,5,-1,-1
2721,6,-1,-1
2721,7,-1,-1
2722,0,0,160
2722,1,0,160
2722,2,-1,-1
2722,3,-1,-1
2722,4,-1,-1
2722,5,-1,-1
2722,6,-1,-1
2722,7,-1,-1
2723,0,0,160
2723,1,0,160
2723,2,-1,-1
2723,3,-1,-1
2723,4,-1,-1
2723,5,-1,-1
2723,6,-1,-1
2723,7,-1,-1
2724,0,0,160
2724,1,0,160
2724,2,-1,-1
2724,3,-1,-1
2724,4,-1,-1
2724,5,-1,-1
2724,6,-1,-1
2724,7,-1,-1
2725,0,0,160
2725,1,0,160
2725,2,-1,-1
2725,3,-1,-1
2725,4,-1,-1
2725,5,-1,-1
2725,6,-1,-1
2725,7,-1,-1
2726,0,0,160
2726,1,0,160
2726,2,-1,-1
2726,3,-1,-1
2726,4,-1,-1
2726,5,-1,-1
2726,6,-1,-1
2726,7,-1,-1
2727,0,0,160
2727,1,0,160
2727,2,-1,-1
2727,3,-1,-1
2727,4,-1,-1
2727,5,-1,-1
2727,6,-1,-1
2727,7,-1,-1
2728,0,0,160
2728,1,0,160
2728,2,-1,-1
2728,3,-1,-1
2728,4,-1,-1
2728,5,-1,-1
2728,6,-1,-1
2728,7,-1,-1
2729,0,0,160
2729,1,0,160
2729,2,-1,-1
2729,3,-1,-1
2729,4,-1,-1
2729,5,-1,-1
2729,6,-1,-1
2729,7,-1,-1
2730,0,0,160
2730,1,0,160
2730,2,-1,-1
2730,3,-1,-1
2730,4,-1,-1
2730,5,-1,-1
2730,6,-1,-1
2730,7,-1,-1
2731,0,0,160
2731,1,0,160
2731,2,-1,-1
2731,3,-1,-1
2731,4,-1,-1
2731,5,-1,-1
2731,6,-1,-1
2731,7,-1,-1
2732,0,0,160
2732,1,0,160
2732,2,-1,-1
2732,3,-1,-1
2732,4,-1,-1
2732,5,-1,-1
2732,6,-1,-1
2732,7,-1,-1
2733,0,0,160
2733,1,0,160
2733,2,-1,-1
2733,3,-1,-1
2733,4,-1,-1
2733,5,-1,-1
2733,6,-1,-1
2733,7,-1,-1
2734,0,0,160
2734,1,0,160
2734,2,-1,-1
2734,3,-1,-1
2734,4,-1,-1
2734,5,-1,-1
2734,6,-1,-1
2734,7,-1,-1
2735,0,0,160
2735,1,0,160
2735,2,-1,-1
2735,3,-1,-1
2735,4,-1,-1
2735,5,-1,-1
2735,6,-1,-1
2735,7,-1,-1
2736,0,0,160
2736,1,0,160
2736,2,-1,-1
2736,3,-1,-1
2736,4,-1,-1
2736,5,-1,-1
2736,6,-1,-1
2736,7,-1,-1
2737,0,0,160
2737,1,0,160
2737,2,-1,-1
2737,3,-1,-1
2737,4,-1,-1
2737,5,-1,-1
2737,6,-1,-1
2737,7,-1,-1
2738,0,0,160
2738,1,0,160
2738,2,-1,-1
2738,3,-1,-1
2738,4,-1,-1
2738,5,-1,-1
2738,6,-1,-1
2738,7,-1,-1
2739,0,0,160
2739,1,0,160
2739,2,-1,-1
2739,3,-1,-1
2739,4,-1,-1
2739,5,-1,-1
2739,6,-1,-1
2739,7,-1,-1
2740,0,0,160
2740,1,0,160
2740,2,-1,-1
2740,3,-1,-1
2740,4,-1,-1
2740,5,-1,-1
2740,6,-1,-1
2740,7,-1,-1
2741,0,0,160
2741,1,0,160
2741,2,-1,-1
2741,3,-1,-1
2741,4,-1,-1
2741,5,-1,-1
2741,6,-1,-1
2741,7,-1,-1
2742,0,0,160
2742,1,0,160
2742,2,-1,-1
2742,3,-1,-1
2742,4,-1,-1
2742,5,-1,-1
2742,6,-1,-1
2742,7,-1,-1
2743,0,0,160
2743,1,0,160
2743,2,-1,-1
2743,3,-1,-1
2743,4,-1,-1
2743,5,-1,-1
2743,6,-1,-1
2743,7,-1,-1
2744,0,0,160
2744,1,0,160
2744,2,-1,-1
2744,3,-1,-1
2744,4,-1,-1
2744,5,-1,-1
2744,6,-1,-1
2744,7,-1,-1
2745,0,0,160
2745,1,0,160
2745,2,-1,-1
2745,3,-1,-1
2745,4,-1,-1
2745,5,-1,-1
2745,6,-1,-1
2745,7,-1,-1
2746,0,0,160
2746,1,0,160
2746,2,-1,-1
2746,3,-1,-1
2746,4,-1,-1
2746,5,-1,-1
2746,6,-1,-1
2746,7,-1,-1
2747,0,0,160
2747,1,0,160
2747,2,-1,-1
2747,3,-1,-1
2747,4,-1,-1
2747,5,-1,-1
2747,6,-1,-1
2747,7,-1,-1
2748,0,0,160
2748,1,0,160
2748,2,-1,-1
2748,3,-1,-1
2748,4,-1,-1
2748,5,-1,-1
2748,6,-1,-1
2748,7,-1,-1
2749,0,0,160
2749,1,0,160
2749,2,-1,-1
2749,3,-1,-1
2749,4,-1,-1
2749,5,-1,-1
2749,6,-1,-1
2749,7,-1,-1
2750,0,0,160
2750,1,0,160
2750,2,-1,-1
2750,3,-1,-1
2750,4,-1,-1
2750,5,-1,-1
2750,6,-1,-1
2750,7,-1,-1
2751,0,0,160
2751,1,0,160
2751,2,-1,-1
2751,3,-1,-1
2751,4,-1,-1
2751,5,-1,-1
2751,6,-1,-1
2751,7,-1,-1
2752,0,0,160
2752,1,0,160
2752,2,-1,-1
2752,3,-1,-1
2752,4,-1,-1
2752,5,-1,-1
2752,6,-1,-1
2752,7,-1,-1
2753,0,0,160
2753,1,0,160
2753,2,-1,-1
2753,3,-1,-1
2753,4,-1,-1
2753,5,-1,-1
2753,6,-1,-1
2753,7,-1,-1
2754,0,0,160
2754,1,0,160
2754,2,-1,-1
2754,3,-1,-1
2754,4,-1,-1
2754,5,-1,-1
2754,6,-1,-1
2754,7,-1,-1
2755,0,0,160
2755,1,0,160
2755,2,-1,-1
2755,3,-1,-1
2755,4,-1,-1
2755,5,-1,-1
2755,6,-1,-1
2755,7,-1,-1
2756,0,0,160
2756,1,0,160
2756,2,-1,-1
2756,3,-1,-1
2756,4,-1,-1
2756,5,-1,-1
2756,6,-1,-1
2756,7,-1,-1
2757,0,0,160
2757,1,0,160
2757,2,-1,-1
2757,3,-1,-1
2757,4,-1,-1
2757,5,-1,-1
2757,6,-1,-1
2757,7,-1,-1
2758,0,0,160
2758,1,0,160
2758,2,-1,-1
2758,3,-1,-1
2758,4,-1,-1
2758,5,-1,-1
2758,6,-1,-1
2758,7,-1,-1
2759,0,0,160
2759,1,0,160
2759,2,-1,-1
2759,3,-1,-1
2759,4,-1,-1
2759,5,-1,-1
2759,6,-1,-1
2759,7,-1,-1
2760,0,0,160
2760,1,0,160
2760,2,-1,-1
2760,3,-1,-1
2760,4,-1,-1
2760,5,-1,-1
2760,6,-1,-1
2760,7,-1,-1
2761,0,0,160
2761,1,0,160
2761,2,-1,-1
2761,3,-1,-1
2761,4,-1,-1
2761,5,-1,-1
2761,6,-1,-1
2761,7,-1,-1
2762,0,0,160
2762,1,0,160
2762,2,-1,-1
2762,3,-1,-1
2762,4,-1,-1
2762,5,-1,-1
2762,6,-1,-1
2762,7,-1,-1
2763,0,0,160
2763,1,0,160
2763,2,-1,-1
2763,3,-1,-1
2763,4,-1,-1
2763,5,-1,-1
2763,6,-1,-1
2763,7,-1,-1
2764,0,0,160
2764,1,0,160
2764,2,-1,-1
2764,3,-1,-1
2764,4,-1,-1
2764,5,-1,-1
2764,6,-1,-1
2764,7,-1,-1
2765,0,0,160
2765,1,0,160
2765,2,-1,-1
2765,3,-1,-1
2765,4,-1,-1
2765,5,-1,-1
2765,6,-1,-1
2765,7,-1,-1
2766,0,0,160
2766,1,0,160
2766,2,-1,-1
2766,3,-1,-1
2766,4,-1,-1
2766,5,-1,-1
2766,6,-1,-1
2766,7,-1,-1
2767,0,0,160
2767,1,0,160
2767,2,-1,-1
2767,3,-1,-1
2767,4,-1,-1
2767,5,-1,-1
2767,6,-1,-1
2767,7,-1,-1
2768,0,0,160
2768,1,0,160
2768,2,-1,-1
2768,3,-1,-1
2768,4,-1,-1
2768,5,-1,-1
2768,6,-1,-1
2768,7,-1,-1
2769,0,0,160
2769,1,0,160
2769,2,-1,-1
2769,3,-1,-1
2769,4,-1,-1
2769,5,-1,-1
2769,6,-1,-1
2769,7,-1,-1
2770,0,0,160
2770,1,0,160
2770,2,-1,-1
2770,3,-1,-1
2770,4,-1,-1
2770,5,-1,-1
2770,6,-1,-1
2770,7,-1,-1
2771,0,0,160
2771,1,0,160
2771,2,-1,-1
2771,3,-1,-1
2771,4,-1,-1
2771,5,-1,-1
2771,6,-1,-1
2771,7,-1,-1
2772,0,0,160
2772,1,0,160
2772,2,-1,-1
2772,3,-1,-1
2772,4,-1,-1
2772,5,-1,-1
2772,6,-1,-1
2772,7,-1,-1
2773,0,0,160
2773,1,0,160
2773,2,-1,-1
2773,3,-1,-1
2773,4,-1,-1
2773,5,-1,-1
2773,6,-1,-1
2773,7,-1,-1
2774,0,0,160
2774,1,0,160
2774,2,-1,-1
2774,3,-1,-1
2774,4,-1,-1
2774,5,-1,-1
2774,6,-1,-1
2774,7,-1,-1
2775,0,0,160
2775,1,0,160
2775,2,-1,-1
2775,3,-1,-1
2775,4,-1,-1
2775,5,-1,-1
2775,6,-1,-1
2775,7,-1,-1
2776,0,0,160
2776,1,0,160
2776,2,-1,-1
2776,3,-1,-1
2776,4,-1,-1
2776,5,-1,-1
2776,6,-1,-1
2776,7,-1,-1
2777,0,0,160
2777,1,0,160
2777,2,-1,-1
2777,3,-1,-1
2777,4,-1,-1
2777,5,-1,-1
2777,6,-1,-1
2777,7,-1,-1
2778,0,0,160
2778,1,0,160
2778,2,-1,-1
2778,3,-1,-1
2778,4,-1,-1
2778,5,-1,-1
2778,6,-1,-1
2778,7,-1,-1
2779,0,0,160
2779,1,0,160
2779,2,-1,-1
2779,3,-1,-1
2779,4,-1,-1
2779,5,-1,-1
2779,6,-1,-1
2779,7,-1,-1
2780,0,0,160
2780,1,0,160
2780,2,-1,-1
2780,3,-1,-1
2780,4,-1,-1
2780,5,-1,-1
2780,6,-1,-1
2780,7,-1,-1
2781,0,0,160
2781,1,0,160
2781,2,-1,-1
2781,3,-1,-1
2781,4,-1,-1
2781,5,-1,-1
2781,6,-1,-1
2781,7,-1,-1
2782,0,0,160
2782,1,0,160
2782,2,-1,-1
2782,3,-1,-1
2782,4,-1,-1
2782,5,-1,-1
2782,6,-1,-1
2782,7,-1,-1
2783,0,0,160
2783,1,0,160
2783,2,-1,-1
2783,3,-1,-1
2783,4,-1,-1
2783,5,-1,-1
2783,6,-1,-1
2783,7,-1,-1
2784,0,0,160
2784,1,0,160
2784,2,-1,-1
2784,3,-1,-1
2784,4,-1,-1
2784,5,-1,-1
2784,6,-1,-1
2784,7,-1,-1
2785,0,0,160
2785,1,0,160
2785,2,-1,-1
2785,3,-1,-1
2785,4,-1,-1
2785,5,-1,-1
2785,6,-1,-1
2785,7,-1,-1
2786,0,0,160
2786,1,0,160
2786,2,-1,-1
2786,3,-1,-1
2786,4,-1,-1
2786,5,-1,-1
2786,6,-1,-1
2786,7,-1,-1
2787,0,0,160
2787,1,0,160
2787,2,-1,-1
2787,3,-1,-1
2787,4,-1,-1
2787,5,-1,-1
2787,6,-1,-1
2787,7,-1,-1
2788,0,0,160
2788,1,0,160
2788,2,-1,-1
2788,3,-1,-1
2788,4,-1,-1
2788,5,-1,-1
2788,6,-1,-1
2788,7,-1,-1
2789,0,0,160
2789,1,0,160
2789,2,-1,-1
2789,3,-1,-1
2789,4,-1,-1
2789,5,-1,-1
2789,6,-1,-1
2789,7,-1,-1
2790,0,0,160
2790,1,0,160
2790,2,-1,-1
2790,3,-1,-1
2790,4,-1,-1
2790,5,-1,-1
2790,6,-1,-1
2790,7,-1,-1
2791,0,0,160
2791,1,0,160
2791,2,-1,-1
2791,3,-1,-1
2791,4,-1,-1
2791,5,-1,-1
2791,6,-1,-1
2791,7,-1,-1
2792,0,0,160
2792,1,0,160
2792,2,-1,-1
2792,3,-1,-1
2792,4,-1,-1
2792,5,-1,-1
2792,6,-1,-1
2792,7,-1,-1
2793,0,0,160
2793,1,0,160
2793,2,-1,-1
2793,3,-1,-1
2793,4,-1,-1
2793,5,-1,-1
2793,6,-1,-1
2793,7,-1,-1
2794,0,0,160
2794,1,0,160
2794,2,-1,-1
2794,3,-1,-1
2794,4,-1,-1
2794,5,-1,-1
2794,6,-1,-1
2794,7,-1,-1
2795,0,0,160
2795,1,0,160
2795,2,-1,-1
2795,3,-1,-1
2795,4,-1,-1
2795,5,-1,-1
2795,6,-1,-1
2795,7,-1,-1
2796,0,0,160
2796,1,0,160
2796,2,-1,-1
2796,3,-1,-1
2796,4,-1,-1
2796,5,-1,-1
2796,6,-1,-1
2796,7,-1,-1
2797,0,0,160
2797,1,0,160
2797,2,-1,-1
2797,3,-1,-1
2797,4,-1,-1
2797,5,-1,-1
2797,6,-1,-1
2797,7,-1,-1
2798,0,0,160
2798,1,0,160
2798,2,-1,-1
2798,3,-1,-1
2798,4,-1,-1
2798,5,-1,-1
2798,6,-1,-1
2798,7,-1,-1
2799,0,0,160
2799,1,0,160
2799,2,-1,-1
2799,3,-1,-1
2799,4,-1,-1
2799,5,-1,-1
2799,6,-1,-1
2799,7,-1,-1
2800,0,0,160
2800,1,0,160
2800,2,-1,-1
2800,3,-1,-1
2800,4,-1,-1
2800,5,-1,-1
2800,6,-1,-1
2800,7,-1,-1
2801,0,0,160
2801,1,0,160
2801,2,-1,-1
2801,3,-1,-1
2801,4,-1,-1
2801,5,-1,-1
2801,6,-1,-1
2801,7,-1,-1
2802,0,0,160
2802,1,0,160
2802,2,-1,-1
2802,3,-1,-1
2802,4,-1,-1
2802,5,-1,-1
2802,6,-1,-1
2802,7,-1,-1
2803,0,0,160
2803,1,0,160
2803,2,-1,-1
2803,3,-1,-1
2803,4,-1,-1
2803,5,-1,-1
2803,6,-1,-1
2803,7,-1,-1
2804,0,0,160
2804,1,0,160
2804,2,-1,-1
2804,3,-1,-1
2804,4,-1,-1
2804,5,-1,-1
2804,6,-1,-1
2804,7,-1,-1
2805,0,0,160
2805,1,0,160
2805,2,-1,-1
2805,3,-1,-1
2805,4,-1,-1
2805,5,-1,-1
2805,6,-1,-1
2805,7,-1,-1
2806,0,0,160
2806,1,0,160
2806,2,-1,-1
2806,3,-1,-1
2806,4,-1,-1
2806,5,-1,-1
2806,6,-1,-1
2806,7,-1,-1
2807,0,0,160
2807,1,0,160
2807,2,-1,-1
2807,3,-1,-1
2807,4,-1,-1
2807,5,-1,-1
2807,6,-1,-1
2807,7,-1,-1
2808,0,0,160
2808,1,0,160
2808,2,-1,-1
2808,3,-1,-1
2808,4,-1,-1
2808,5,-1,-1
2808,6,-1,-1
2808,7,-1,-1
2809,0,0,160
2809,1,0,160
2809,2,-1,-1
2809,3,-1,-1
2809,4,-1,-1
2809,5,-1,-1
2809,6,-1,-1
2809,7,-1,-1
2810,0,0,160
2810,1,0,160
2810,2,-1,-1
2810,3,-1,-1
2810,4,-1,-1
2810,5,-1,-1
2810,6,-1,-1
2810,7,-1,-1
2811,0,0,160
2811,1,0,160
2811,2,-1,-1
2811,3,-1,-1
2811,4,-1,-1
2811,5,-1,-1
2811,6,-1,-1
2811,7,-1,-1
2812,0,0,160
2812,1,0,160
2812,2,-1,-1
2812,3,-1,-1
2812,4,-1,-1
2812,5,-1,-1
2812,6,-1,-1
2812,7,-1,-1
2813,0,0,160
2813,1,0,160
2813,2,-1,-1
2813,3,-1,-1
2813,4,-1,-1
2813,5,-1,-1
2813,6,-1,-1
2813,7,-1,-1
2814,0,0,160
2814,1,0,160
2814,2,-1,-1
2814,3,-1,-1
2814,4,-1,-1
2814,5,-1,-1
2814,6,-1,-1
2814,7,-1,-1
2815,0,0,160
2815,1,0,160
2815,2,-1,-1
2815,3,-1,-1
2815,4,-1,-1
2815,5,-1,-1
2815,6,-1,-1
2815,7,-1,-1
2816,0,0,160
2816,1,0,160
2816,2,-1,-1
2816,3,-1,-1
2816,4,-1,-1
2816,5,-1,-1
2816,6,-1,-1
2816,7,-1,-1
2817,0,0,160
2817,1,0,160
2817,2,-1,-1
2817,3,-1,-1
2817,4,-1,-1
2817,5,-1,-1
2817,6,-1,-1
2817,7,-1,-1
2818,0,0,160
2818,1,0,160
2818,2,-1,-1
2818,3,-1,-1
2818,4,-1,-1
2818,5,-1,-1
2818,6,-1,-1
2818,7,-1,-1
2819,0,0,160
2819,1,0,160
2819,2,-1,-1
2819,3,-1,-1
2819,4,-1,-1
2819,5,-1,-1
2819,6,-1,-1
2819,7,-1,-1
2820,0,0,160
2820,1,0,160
2820,2,-1,-1
2820,3,-1,-1
2820,4,-1,-1
2820,5,-1,-1
2820,6,-1,-1
2820,7,-1,-1
2821,0,0,160
2821,1,0,160
2821,2,-1,-1
2821,3,-1,-1
2821,4,-1,-1
2821,5,-1,-1
2821,6,-1,-1
2821,7,-1,-1
2822,0,0,160
2822,1,0,160
2822,2,-1,-1
2822,3,-1,-1
2822,4,-1,-1
2822,5,-1,-1
2822,6,-1,-1
2822,7,-1,-1
2823,0,0,160
2823,1,0,160
2823,2,-1,-1
2823,3,-1,-1
2823,4,-1,-1
2823,5,-1,-1
2823,6,-1,-1
2823,7,-1,-1
2824,0,0,160
2824,1,0,160
2824,2,-1,-1
2824,3,-1,-1
2824,4,-1,-1
2824,5,-1,-1
2824,6,-1,-1
2824,7,-1,-1
2825,0,0,160
2825,1,0,160
2825,2,-1,-1
2825,3,-1,-1
2825,4,-1,-1
2825,5,-1,-1
2825,6,-1,-1
2825,7,-1,-1
2826,0,0,160
2826,1,0,160
2826,2,-1,-1
2826,3,-1,-1
2826,4,-1,-1
2826,5,-1,-1
2826,6,-1,-1
2826,7,-1,-1
2827,0,0,160
2827,1,0,160
2827,2,-1,-1
2827,3,-1,-1
2827,4,-1,-1
2827,5,-1,-1
2827,6,-1,-1
2827,7,-1,-1
2828,0,0,160
2828,1,0,160
2828,2,-1,-1
2828,3,-1,-1
2828,4,-1,-1
2828,5,-1,-1
2828,6,-1,-1
2828,7,-1,-1
2829,0,0,160
2829,1,0,160
2829,2,-1,-1
2829,3,-1,-1
2829,4,-1,-1
2829,5,-1,-1
2829,6,-1,-1
2829,7,-1,-1
2830,0,0,160
2830,1,0,160
2830,2,-1,-1
2830,3,-1,-1
2830,4,-1,-1
2830,5,-1,-1
2830,6,-1,-1
2830,7,-1,-1
2831,0,0,160
2831,1,0,160
2831,2,-1,-1
2831,3,-1,-1
2831,4,-1,-1
2831,5,-1,-1
2831,6,-1,-1
2831,7,-1,-1
2832,0,0,160
2832,1,0,160
2832,2,-1,-1
2832,3,-1,-1
2832,4,-1,-1
2832,5,-1,-1
2832,6,-1,-1
2832,7,-1,-1
2833,0,0,160
2833,1,0,160
2833,2,-1,-1
2833,3,-1,-1
2833,4,-1,-1
2833,5,-1,-1
2833,6,-1,-1
2833,7,-1,-1
2834,0,0,160
2834,1,0,160
2834,2,-1,-1
2834,3,-1,-1
2834,4,-1,-1
2834,5,-1,-1
2834,6,-1,-1
2834,7,-1,-1
2835,0,0,160
2835,1,0,160
2835,2,-1,-1
2835,3,-1,-1
2835,4,-1,-1
2835,5,-1,-1
2835,6,-1,-1
2835,7,-1,-1
2836,0,0,160
2836,1,0,160
2836,2,-1,-1
2836,3,-1,-1
2836,4,-1,-1
2836,5,-1,-1
2836,6,-1,-1
2836,7,-1,-1
2837,0,0,160
2837,1,0,160
2837,2,-1,-1
2837,3,-1,-1
2837,4,-1,-1
2837,5,-1,-1
2837,6,-1,-1
2837,7,-1,-1
2838,0,0,160
2838,1,0,160
2838,2,-1,-1
2838,3,-1,-1
2838,4,-1,-1
2838,5,-1,-1
2838,6,-1,-1
2838,7,-1,-1
2839,0,0,160
2839,1,0,160
2839,2,-1,-1
2839,3,-1,-1
2839,4,-1,-1
2839,5,-1,-1
2839,6,-1,-1
2839,7,-1,-1
2840,0,0,160
2840,1,0,160
2840,2,-1,-1
2840,3,-1,-1
2840,4,-1,-1
2840,5,-1,-1
2840,6,-1,-1
2840,7,-1,-1
2841,0,0,160
2841,1,0,160
2841,2,-1,-1
2841,3,-1,-1
2841,4,-1,-1
2841,5,-1,-1
2841,6,-1,-1
2841,7,-1,-1
2842,0,0,160
2842,1,0,160
2842,2,-1,-1
2842,3,-1,-1
2842,4,-1,-1
2842,5,-1,-1
2842,6,-1,-1
2842,7,-1,-1
2843,0,0,160
2843,1,0,160
2843,2,-1,-1
2843,3,-1,-1
2843,4,-1,-1
2843,5,-1,-1
2843,6,-1,-1
2843,7,-1,-1
2844,0,0,160
2844,1,0,160
2844,2,-1,-1
2844,3,-1,-1
2844,4,-1,-1
2844,5,-1,-1
2844,6,-1,-1
2844,7,-1,-1
2845,0,0,160
2845,1,0,160
2845,2,-1,-1
2845,3,-1,-1
2845,4,-1,-1
2845,5,-1,-1
2845,6,-1,-1
2845,7,-1,-1
2846,0,0,160
2846,1,0,160
2846,2,-1,-1
2846,3,-1,-1
2846,4,-1,-1
2846,5,-1,-1
2846,6,-1,-1
2846,7,-1,-1
2847,0,0,160
2847,1,0,160
2847,2,-1,-1
2847,3,-1,-1
2847,4,-1,-1
2847,5,-1,-1
2847,6,-1,-1
2847,7,-1,-1
2848,0,0,160
2848,1,0,160
2848,2,-1,-1
2848,3,-1,-1
2848,4,-1,-1
2848,5,-1,-1
2848,6,-1,-1
2848,7,-1,-1
2849,0,0,160
2849,1,0,160
2849,2,-1,-1
2849,3,-1,-1
2849,4,-1,-1
2849,5,-1,-1
2849,6,-1,-1
2849,7,-1,-1
2850,0,0,160
2850,1,0,160
2850,2,-1,-1
2850,3,-1,-1
2850,4,-1,-1
2850,5,-1,-1
2850,6,-1,-1
2850,7,-1,-1
2851,0,0,160
2851,1,0,160
2851,2,-1,-1
2851,3,-1,-1
2851,4,-1,-1
2851,5,-1,-1
2851,6,-1,-1
2851,7,-1,-1
2852,0,0,160
2852,1,0,160
2852,2,-1,-1
2852,3,-1,-1
2852,4,-1,-1
2852,5,-1,-1
2852,6,-1,-1
2852,7,-1,-1
2853,0,0,160
2853,1,0,160
2853,2,-1,-1
2853,3,-1,-1
2853,4,-1,-1
2853,5,-1,-1
2853,6,-1,-1
2853,7,-1,-1
2854,0,0,160
2854,1,0,160
2854,2,-1,-1
2854,3,-1,-1
2854,4,-1,-1
2854,5,-1,-1
2854,6,-1,-1
2854,7,-1,-1
2855,0,0,160
2855,1,0,160
2855,2,-1,-1
2855,3,-1,-1
2855,4,-1,-1
2855,5,-1,-1
2855,6,-1,-1
2855,7,-1,-1
2856,0,0,160
2856,1,0,160
2856,2,-1,-1
2856,3,-1,-1
2856,4,-1,-1
2856,5,-1,-1
2856,6,-1,-1
2856,7,-1,-1
2857,0,0,160
2857,1,0,160
2857,2,-1,-1
2857,3,-1,-1
2857,4,-1,-1
2857,5,-1,-1
2857,6,-1,-1
2857,7,-1,-1
2858,0,0,160
2858,1,0,160
2858,2,-1,-1
2858,3,-1,-1
2858,4,-1,-1
2858,5,-1,-1
2858,6,-1,-1
2858,7,-1,-1
2859,0,0,160
2859,1,0,160
2859,2,-1,-1
2859,3,-1,-1
2859,4,-1,-1
2859,5,-1,-1
2859,6,-1,-1
2859,7,-1,-1
2860,0,0,160
2860,1,0,160
2860,2,-1,-1
2860,3,-1,-1
2860,4,-1,-1
2860,5,-1,-1
2860,6,-1,-1
2860,7,-1,-1
2861,0,0,160
2861,1,0,160
2861,2,-1,-1
2861,3,-1,-1
2861,4,-1,-1
2861,5,-1,-1
2861,6,-1,-1
2861,7,-1,-1
2862,0,0,160
2862,1,0,160
2862,2,-1,-1
2862,3,-1,-1
2862,4,-1,-1
2862,5,-1,-1
2862,6,-1,-1
2862,7,-1,-1
2863,0,0,160
2863,1,0,160
2863,2,-1,-1
2863,3,-1,-1
2863,4,-1,-1
2863,5,-1,-1
2863,6,-1,-1
2863,7,-1,-1
2864,0,0,160
2864,1,0,160
2864,2,-1,-1
2864,3,-1,-1
2864,4,-1,-1
2864,5,-1,-1
2864,6,-1,-1
2864,7,-1,-1
2865,0,0,160
2865,1,0,160
2865,2,-1,-1
2865,3,-1,-1
2865,4,-1,-1
2865,5,-1,-1
2865,6,-1,-1
2865,7,-1,-1
2866,0,0,160
2866,1,0,160
2866,2,-1,-1
2866,3,-1,-1
2866,4,-1,-1
2866,5,-1,-1
2866,6,-1,-1
2866,7,-1,-1
2867,0,0,160
2867,1,0,160
2867,2,-1,-1
2867,3,-1,-1
2867,4,-1,-1
2867,5,-1,-1
2867,6,-1,-1
2867,7,-1,-1
2868,0,0,160
2868,1,0,160
2868,2,-1,-1
2868,3,-1,-1
2868,4,-1,-1
2868,5,-1,-1
2868,6,-1,-1
2868,7,-1,-1
2869,0,0,160
2869,1,0,160
2869,2,-1,-1
2869,3,-1,-1
2869,4,-1,-1
2869,5,-1,-1
2869,6,-1,-1
2869,7,-1,-1
2870,0,0,160
2870,1,0,160
2870,2,-1,-1
2870,3,-1,-1
2870,4,-1,-1
2870,5,-1,-1
2870,6,-1,-1
2870,7,-1,-1
2871,0,0,160
2871,1,0,160
2871,2,-1,-1
2871,3,-1,-1
2871,4,-1,-1
2871,5,-1,-1
2871,6,-1,-1
2871,7,-1,-1
2872,0,0,160
2872,1,0,160
2872,2,-1,-1
2872,3,-1,-1
2872,4,-1,-1
2872,5,-1,-1
2872,6,-1,-1
2872,7,-1,-1
2873,0,0,160
2873,1,0,160
2873,2,-1,-1
2873,3,-1,-1
2873,4,-1,-1
2873,5,-1,-1
2873,6,-1,-1
2873,7,-1,-1
2874,0,0,160
2874,1,0,160
2874,2,-1,-1
2874,3,-1,-1
2874,4,-1,-1
2874,5,-1,-1
2874,6,-1,-1
2874,7,-1,-1
2875,0,0,160
2875,1,0,160
2875,2,-1,-1
2875,3,-1,-1
2875,4,-1,-1
2875,5,-1,-1
2875,6,-1,-1
2875,7,-1,-1
2876,0,0,160
2876,1,0,160
2876,2,-1,-1
2876,3,-1,-1
2876,4,-1,-1
2876,5,-1,-1
2876,6,-1,-1
2876,7,-1,-1
2877,0,0,160
2877,1,0,160
2877,2,-1,-1
2877,3,-1,-1
2877,4,-1,-1
2877,5,-1,-1
2877,6,-1,-1
2877,7,-1,-1
2878,0,0,160
2878,1,0,160
2878,2,-1,-1
2878,3,-1,-1
2878,4,-1,-1
2878,5,-1,-1
2878,6,-1,-1
2878,7,-1,-1
2879,0,0,160
2879,1,0,160
2879,2,-1,-1
2879,3,-1,-1
2879,4,-1,-1
2879,5,-1,-1
2879,6,-1,-1
2879,7,-1,-1
2880,0,0,160
2880,1,0,160
2880,2,-1,-1
2880,3,-1,-1
2880,4,-1,-1
2880,5,-1,-1
2880,6,-1,-1
2880,7,-1,-1
2881,0,0,160
2881,1,0,160
2881,2,-1,-1
2881,3,-1,-1
2881,4,-1,-1
2881,5,-1,-1
2881,6,-1,-1
2881,7,-1,-1
2882,0,0,160
2882,1,0,160
2882,2,-1,-1
2882,3,-1,-1
2882,4,-1,-1
2882,5,-1,-1
2882,6,-1,-1
2882,7,-1,-1
2883,0,0,160
2883,1,0,160
2883,2,-1,-1
2883,3,-1,-1
2883,4,-1,-1
2883,5,-1,-1
2883,6,-1,-1
2883,7,-1,-1
2884,0,0,160
2884,1,0,160
2884,2,-1,-1
2884,3,-1,-1
2884,4,-1,-1
2884,5,-1,-1
2884,6,-1,-1
2884,7,-1,-1
2885,0,0,160
2885,1,0,160
2885,2,-1,-1
2885,3,-1,-1
2885,4,-1,-1
2885,5,-1,-1
2885,6,-1,-1
2885,7,-1,-1
2886,0,0,160
2886,1,0,160
2886,2,-1,-1
2886,3,-1,-1
2886,4,-1,-1
2886,5,-1,-1
2886,6,-1,-1
2886,7,-1,-1
2887,0,0,160
2887,1,0,160
2887,2,-1,-1
2887,3,-1,-1
2887,4,-1,-1
2887,5,-1,-1
2887,6,-1,-1
2887,7,-1,-1
2888,0,0,160
2888,1,0,160
2888,2,-1,-1
2888,3,-1,-1
2888,4,-1,-1
2888,5,-1,-1
2888,6,-1,-1
2888,7,-1,-1
2889,0,0,160
2889,1,0,160
2889,2,-1,-1
2889,3,-1,-1
2889,4,-1,-1
2889,5,-1,-1
2889,6,-1,-1
2889,7,-1,-1
2890,0,0,160
2890,1,0,160
2890,2,-1,-1
2890,3,-1,-1
2890,4,-1,-1
2890,5,-1,-1
2890,6,-1,-1
2890,7,-1,-1
2891,0,0,160
2891,1,0,160
2891,2,-1,-1
2891,3,-1,-1
2891,4,-1,-1
2891,5,-1,-1
2891,6,-1,-1
2891,7,-1,-1
2892,0,0,160
2892,1,0,160
2892,2,-1,-1
2892,3,-1,-1
2892,4,-1,-1
2892,5,-1,-1
2892,6,-1,-1
2892,7,-1,-1
2893,0,0,160
2893,1,0,160
2893,2,-1,-1
2893,3,-1,-1
2893,4,-1,-1
2893,5,-1,-1
2893,6,-1,-1
2893,7,-1,-1
2894,0,0,160
2894,1,0,160
2894,2,-1,-1
2894,3,-1,-1
2894,4,-1,-1
2894,5,-1,-1
2894,6,-1,-1
2894,7,-1,-1
2895,0,0,160
2895,1,0,160
2895,2,-1,-1
2895,3,-1,-1
2895,4,-1,-1
2895,5,-1,-1
2895,6,-1,-1
2895,7,-1,-1
2896,0,0,160
2896,1,0,160
2896,2,-1,-1
2896,3,-1,-1
2896,4,-1,-1
2896,5,-1,-1
2896,6,-1,-1
2896,7,-1,-1
2897,0,0,160
2897,1,0,160
2897,2,-1,-1
2897,3,-1,-1
2897,4,-1,-1
2897,5,-1,-1
2897,6,-1,-1
2897,7,-1,-1
2898,0,0,160
2898,1,0,160
2898,2,-1,-1
2898,3,-1,-1
2898,4,-1,-1
2898,5,-1,-1
2898,6,-1,-1
2898,7,-1,-1
2899,0,0,160
2899,1,0,160
2899,2,-1,-1
2899,3,-1,-1
2899,4,-1,-1
2899,5,-1,-1
2899,6,-1,-1
2899,7,-1,-1
2900,0,0,160
2900,1,0,160
2900,2,-1,-1
2900,3,-1,-1
2900,4,-1,-1
2900,5,-1,-1
2900,6,-1,-1
2900,7,-1,-1
2901,0,0,160
2901,1,0,160
2901,2,-1,-1
2901,3,-1,-1
2901,4,-1,-1
2901,5,-1,-1
2901,6,-1,-1
2901,7,-1,-1
2902,0,0,160
2902,1,0,160
2902,2,-1,-1
2902,3,-1,-1
2902,4,-1,-1
2902,5,-1,-1
2902,6,-1,-1
2902,7,-1,-1
2903,0,0,160
2903,1,0,160
2903,2,-1,-1
2903,3,-1,-1
2903,4,-1,-1
2903,5,-1,-1
2903,6,-1,-1
2903,7,-1,-1
2904,0,0,160
2904,1,0,160
2904,2,-1,-1
2904,3,-1,-1
2904,4,-1,-1
2904,5,-1,-1
2904,6,-1,-1
2904,7,-1,-1
2905,0,0,160
2905,1,0,160
2905,2,-1,-1
2905,3,-1,-1
2905,4,-1,-1
2905,5,-1,-1
2905,6,-1,-1
2905,7,-1,-1
2906,0,0,160
2906,1,0,160
2906,2,-1,-1
2906,3,-1,-1
2906,4,-1,-1
2906,5,-1,-1
2906,6,-1,-1
2906,7,-1,-1
2907,0,0,160
2907,1,0,160
2907,2,-1,-1
2907,3,-1,-1
2907,4,-1,-1
2907,5,-1,-1
2907,6,-1,-1
2907,7,-1,-1
2908,0,0,160
2908,1,0,160
2908,2,-1,-1
2908,3,-1,-1
2908,4,-1,-1
2908,5,-1,-1
2908,6,-1,-1
2908,7,-1,-1
2909,0,0,160
2909,1,0,160
2909,2,-1,-1
2909,3,-1,-1
2909,4,-1,-1
2909,5,-1,-1
2909,6,-1,-1
2909,7,-1,-1
2910,0,0,160
2910,1,0,160
2910,2,-1,-1
2910,3,-1,-1
2910,4,-1,-1
2910,5,-1,-1
2910,6,-1,-1
2910,7,-1,-1
2911,0,0,160
2911,1,0,160
2911,2,-1,-1
2911,3,-1,-1
2911,4,-1,-1
2911,5,-1,-1
2911,6,-1,-1
2911,7,-1,-1
2912,0,0,160
2912,1,0,160
2912,2,-1,-1
2912,3,-1,-1
2912,4,-1,-1
2912,5,-1,-1
2912,6,-1,-1
2912,7,-1,-1
2913,0,0,160
2913,1,0,160
2913,2,-1,-1
2913,3,-1,-1
2913,4,-1,-1
2913,5,-1,-1
2913,6,-1,-1
2913,7,-1,-1
2914,0,0,160
2914,1,0,160
2914,2,-1,-1
2914,3,-1,-1
2914,4,-1,-1
2914,5,-1,-1
2914,6,-1,-1
2914,7,-1,-1
2915,0,0,160
2915,1,0,160
2915,2,-1,-1
2915,3,-1,-1
2915,4,-1,-1
2915,5,-1,-1
2915,6,-1,-1
2915,7,-1,-1
2916,0,0,160
2916,1,0,160
2916,2,-1,-1
2916,3,-1,-1
2916,4,-1,-1
2916,5,-1,-1
2916,6,-1,-1
2916,7,-1,-1
2917,0,0,160
2917,1,0,160
2917,2,-1,-1
2917,3,-1,-1
2917,4,-1,-1
2917,5,-1,-1
2917,6,-1,-1
2917,7,-1,-1
2918,0,0,160
2918,1,0,160
2918,2,-1,-1
2918,3,-1,-1
2918,4,-1,-1
2918,5,-1,-1
2918,6,-1,-1
2918,7,-1,-1
2919,0,0,160
2919,1,0,160
2919,2,-1,-1
2919,3,-1,-1
2919,4,-1,-1
2919,5,-1,-1
2919,6,-1,-1
2919,7,-1,-1
2920,0,0,160
2920,1,0,160
2920,2,-1,-1
2920,3,-1,-1
2920,4,-1,-1
2920,5,-1,-1
2920,6,-1,-1
2920,7,-1,-1
2921,0,0,160
2921,1,0,160
2921,2,-1,-1
2921,3,-1,-1
2921,4,-1,-1
2921,5,-1,-1
2921,6,-1,-1
2921,7,-1,-1
2922,0,0,160
2922,1,0,160
2922,2,-1,-1
2922,3,-1,-1
2922,4,-1,-1
2922,5,-1,-1
2922,6,-1,-1
2922,7,-1,-1
2923,0,0,160
2923,1,0,160
2923,2,-1,-1
2923,3,-1,-1
2923,4,-1,-1
2923,5,-1,-1
2923,6,-1,-1
2923,7,-1,-1
2924,0,0,160
2924,1,0,160
2924,2,-1,-1
2924,3,-1,-1
2924,4,-1,-1
2924,5,-1,-1
2924,6,-1,-1
2924,7,-1,-1
2925,0,0,160
2925,1,0,160
2925,2,-1,-1
2925,3,-1,-1
2925,4,-1,-1
2925,5,-1,-1
2925,6,-1,-1
2925,7,-1,-1
2926,0,0,160
2926,1,0,160
2926,2,-1,-1
2926,3,-1,-1
2926,4,-1,-1
2926,5,-1,-1
2926,6,-1,-1
2926,7,-1,-1
2927,0,0,160
2927,1,0,160
2927,2,-1,-1
2927,3,-1,-1
2927,4,-1,-1
2927,5,-1,-1
2927,6,-1,-1
2927,7,-1,-1
2928,0,0,160
2928,1,0,160
2928,2,-1,-1
2928,3,-1,-1
2928,4,-1,-1
2928,5,-1,-1
2928,6,-1,-1
2928,7,-1,-1
2929,0,0,160
2929,1,0,160
2929,2,-1,-1
2929,3,-1,-1
2929,4,-1,-1
2929,5,-1,-1
2929,6,-1,-1
2929,7,-1,-1
2930,0,0,160
2930,1,0,160
2930,2,-1,-1
2930,3,-1,-1
2930,4,-1,-1
2930,5,-1,-1
2930,6,-1,-1
2930,7,-1,-1
2931,0,0,160
2931,1,0,160
2931,2,-1,-1
2931,3,-1,-1
2931,4,-1,-1
2931,5,-1,-1
2931,6,-1,-1
2931,7,-1,-1
2932,0,0,160
2932,1,0,160
2932,2,-1,-1
2932,3,-1,-1
2932,4,-1,-1
2932,5,-1,-1
2932,6,-1,-1
2932,7,-1,-1
2933,0,0,160
2933,1,0,160
2933,2,-1,-1
2933,3,-1,-1
2933,4,-1,-1
2933,5,-1,-1
2933,6,-1,-1
2933,7,-1,-1
2934,0,0,160
2934,1,0,160
2934,2,-1,-1
2934,3,-1,-1
2934,4,-1,-1
2934,5,-1,-1
2934,6,-1,-1
2934,7,-1,-1
2935,0,0,160
2935,1,0,160
2935,2,-1,-1
2935,3,-1,-1
2935,4,-1,-1
2935,5,-1,-1
2935,6,-1,-1
2935,7,-1,-1
2936,0,0,160
2936,1,0,160
2936,2,-1,-1
2936,3,-1,-1
2936,4,-1,-1
2936,5,-1,-1
2936,6,-1,-1
2936,7,-1,-1
2937,0,0,160
2937,1,0,160
2937,2,-1,-1
2937,3,-1,-1
2937,4,-1,-1
2937,5,-1,-1
2937,6,-1,-1
2937,7,-1,-1
2938,0,0,160
2938,1,0,160
2938,2,-1,-1
2938,3,-1,-1
2938,4,-1,-1
2938,5,-1,-1
2938,6,-1,-1
2938,7,-1,-1
2939,0,0,160
2939,1,0,160
2939,2,-1,-1
2939,3,-1,-1
2939,4,-1,-1
2939,5,-1,-1
2939,6,-1,-1
2939,7,-1,-1
2940,0,0,160
2940,1,0,160
2940,2,-1,-1
2940,3,-1,-1
2940,4,-1,-1
2940,5,-1,-1
2940,6,-1,-1
2940,7,-1,-1
2941,0,0,160
2941,1,0,160
2941,2,-1,-1
2941,3,-1,-1
2941,4,-1,-1
2941,5,-1,-1
2941,6,-1,-1
2941,7,-1,-1
2942,0,0,160
2942,1,0,160
2942,2,-1,-1
2942,3,-1,-1
2942,4,-1,-1
2942,5,-1,-1
2942,6,-1,-1
2942,7,-1,-1
2943,0,0,160
2943,1,0,160
2943,2,-1,-1
2943,3,-1,-1
2943,4,-1,-1
2943,5,-1,-1
2943,6,-1,-1
2943,7,-1,-1
2944,0,0,160
2944,1,0,160
2944,2,-1,-1
2944,3,-1,-1
2944,4,-1,-1
2944,5,-1,-1
2944,6,-1,-1
2944,7,-1,-1
2945,0,0,160
2945,1,0,160
2945,2,-1,-1
2945,3,-1,-1
2945,4,-1,-1
2945,5,-1,-1
2945,6,-1,-1
2945,7,-1,-1
2946,0,0,160
2946,1,0,160
2946,2,-1,-1
2946,3,-1,-1
2946,4,-1,-1
2946,5,-1,-1
2946,6,-1,-1
2946,7,-1,-1
2947,0,0,160
2947,1,0,160
2947,2,-1,-1
2947,3,-1,-1
2947,4,-1,-1
2947,5,-1,-1
2947,6,-1,-1
2947,7,-1,-1
2948,0,0,160
2948,1,0,160
2948,2,-1,-1
2948,3,-1,-1
2948,4,-1,-1
2948,5,-1,-1
2948,6,-1,-1
2948,7,-1,-1
2949,0,0,160
2949,1,0,160
2949,2,-1,-1
2949,3,-1,-1
2949,4,-1,-1
2949,5,-1,-1
2949,6,-1,-1
2949,7,-1,-1
2950,0,0,160
2950,1,0,160
2950,2,-1,-1
2950,3,-1,-1
2950,4,-1,-1
2950,5,-1,-1
2950,6,-1,-1
2950,7,-1,-1
2951,0,0,160
2951,1,0,160
2951,2,-1,-1
2951,3,-1,-1
2951,4,-1,-1
2951,5,-1,-1
2951,6,-1,-1
2951,7,-1,-1
2952,0,0,160
2952,1,0,160
2952,2,-1,-1
2952,3,-1,-1
2952,4,-1,-1
2952,5,-1,-1
2952,6,-1,-1
2952,7,-1,-1
2953,0,0,160
2953,1,0,160
2953,2,-1,-1
2953,3,-1,-1
2953,4,-1,-1
2953,5,-1,-1
2953,6,-1,-1
2953,7,-1,-1
2954,0,0,160
2954,1,0,160
2954,2,-1,-1
2954,3,-1,-1
2954,4,-1,-1
2954,5,-1,-1
2954,6,-1,-1
2954,7,-1,-1
2955,0,0,160
2955,1,0,160
2955,2,-1,-1
2955,3,-1,-1
2955,4,-1,-1
2955,5,-1,-1
2955,6,-1,-1
2955,7,-1,-1
2956,0,0,160
2956,1,0,160
2956,2,-1,-1
2956,3,-1,-1
2956,4,-1,-1
2956,5,-1,-1
2956,6,-1,-1
2956,7,-1,-1
2957,0,0,160
2957,1,0,160
2957,2,-1,-1
2957,3,-1,-1
2957,4,-1,-1
2957,5,-1,-1
2957,6,-1,-1
2957,7,-1,-1
2958,0,0,160
2958,1,0,160
2958,2,-1,-1
2958,3,-1,-1
2958,4,-1,-1
2958,5,-1,-1
2958,6,-1,-1
2958,7,-1,-1
2959,0,0,160
2959,1,0,160
2959,2,-1,-1
2959,3,-1,-1
2959,4,-1,-1
2959,5,-1,-1
2959,6,-1,-1
2959,7,-1,-1
2960,0,0,160
2960,1,0,160
2960,2,-1,-1
2960,3,-1,-1
2960,4,-1,-1
2960,5,-1,-1
2960,6,-1,-1
2960,7,-1,-1
2961,0,0,160
2961,1,0,160
2961,2,-1,-1
2961,3,-1,-1
2961,4,-1,-1
2961,5,-1,-1
2961,6,-1,-1
2961,7,-1,-1
2962,0,0,160
2962,1,0,160
2962,2,-1,-1
2962,3,-1,-1
2962,4,-1,-1
2962,5,-1,-1
2962,6,-1,-1
2962,7,-1,-1
2963,0,0,160
2963,1,0,160
2963,2,-1,-1
2963,3,-1,-1
2963,4,-1,-1
2963,5,-1,-1
2963,6,-1,-1
2963,7,-1,-1
2964,0,0,160
2964,1,0,160
2964,2,-1,-1
2964,3,-1,-1
2964,4,-1,-1
2964,5,-1,-1
2964,6,-1,-1
2964,7,-1,-1
2965,0,0,160
2965,1,0,160
2965,2,-1,-1
2965,3,-1,-1
2965,4,-1,-1
2965,5,-1,-1
2965,6,-1,-1
2965,7,-1,-1
2966,0,0,160
2966,1,0,160
2966,2,-1,-1
2966,3,-1,-1
2966,4,-1,-1
2966,5,-1,-1
2966,6,-1,-1
2966,7,-1,-1
2967,0,0,160
2967,1,0,160
2967,2,-1,-1
2967,3,-1,-1
2967,4,-1,-1
2967,5,-1,-1
2967,6,-1,-1
2967,7,-1,-1
2968,0,0,160
2968,1,0,160
2968,2,-1,-1
2968,3,-1,-1
2968,4,-1,-1
2968,5,-1,-1
2968,6,-1,-1
2968,7,-1,-1
2969,0,0,160
2969,1,0,160
2969,2,-1,-1
2969,3,-1,-1
2969,4,-1,-1
2969,5,-1,-1
2969,6,-1,-1
2969,7,-1,-1
2970,0,0,160
2970,1,0,160
2970,2,-1,-1
2970,3,-1,-1
2970,4,-1,-1
2970,5,-1,-1
2970,6,-1,-1
2970,7,-1,-1
2971,0,0,160
2971,1,0,160
2971,2,-1,-1
2971,3,-1,-1
2971,4,-1,-1
2971,5,-1,-1
2971,6,-1,-1
2971,7,-1,-1
2972,0,0,160
2972,1,0,160
2972,2,-1,-1
2972,3,-1,-1
2972,4,-1,-1
2972,5,-1,-1
2972,6,-1,-1
2972,7,-1,-1
2973,0,0,160
2973,1,0,160
2973,2,-1,-1
2973,3,-1,-1
2973,4,-1,-1
2973,5,-1,-1
2973,6,-1,-1
2973,7,-1,-1
2974,0,0,160
2974,1,0,160
2974,2,-1,-1
2974,3,-1,-1
2974,4,-1,-1
2974,5,-1,-1
2974,6,-1,-1
2974,7,-1,-1
2975,0,0,160
2975,1,0,160
2975,2,-1,-1
2975,3,-1,-1
2975,4,-1,-1
2975,5,-1,-1
2975,6,-1,-1
2975,7,-1,-1
2976,0,0,160
2976,1,0,160
2976,2,-1,-1
2976,3,-1,-1
2976,4,-1,-1
2976,5,-1,-1
2976,6,-1,-1
2976,7,-1,-1
2977,0,0,160
2977,1,0,160
2977,2,-1,-1
2977,3,-1,-1
2977,4,-1,-1
2977,5,-1,-1
2977,6,-1,-1
2977,7,-1,-1
2978,0,0,160
2978,1,0,160
2978,2,-1,-1
2978,3,-1,-1
2978,4,-1,-1
2978,5,-1,-1
2978,6,-1,-1
2978,7,-1,-1
2979,0,0,160
2979,1,0,160
2979,2,-1,-1
2979,3,-1,-1
2979,4,-1,-1
2979,5,-1,-1
2979,6,-1,-1
2979,7,-1,-1
2980,0,0,160
2980,1,0,160
2980,2,-1,-1
2980,3,-1,-1
2980,4,-1,-1
2980,5,-1,-1
2980,6,-1,-1
2980,7,-1,-1
2981,0,0,160
2981,1,0,160
2981,2,-1,-1
2981,3,-1,-1
2981,4,-1,-1
2981,5,-1,-1
2981,6,-1,-1
2981,7,-1,-1
2982,0,0,160
2982,1,0,160
2982,2,-1,-1
2982,3,-1,-1
2982,4,-1,-1
2982,5,-1,-1
2982,6,-1,-1
2982,7,-1,-1
2983,0,0,160
2983,1,0,160
2983,2,-1,-1
2983,3,-1,-1
2983,4,-1,-1
2983,5,-1,-1
2983,6,-1,-1
2983,7,-1,-1
2984,0,0,160
2984,1,0,160
2984,2,-1,-1
2984,3,-1,-1
2984,4,-1,-1
2984,5,-1,-1
2984,6,-1,-1
2984,7,-1,-1
2985,0,0,160
2985,1,0,160
2985,2,-1,-1
2985,3,-1,-1
2985,4,-1,-1
2985,5,-1,-1
2985,6,-1,-1
2985,7,-1,-1
2986,0,0,160
2986,1,0,160
2986,2,-1,-1
2986,3,-1,-1
2986,4,-1,-1
2986,5,-1,-1
2986,6,-1,-1
2986,7,-1,-1
2987,0,0,160
2987,1,0,160
2987,2,-1,-1
2987,3,-1,-1
2987,4,-1,-1
2987,5,-1,-1
2987,6,-1,-1
2987,7,-1,-1
2988,0,0,160
2988,1,0,160
2988,2,-1,-1
2988,3,-1,-1
2988,4,-1,-1
2988,5,-1,-1
2988,6,-1,-1
2988,7,-1,-1
2989,0,0,160
2989,1,0,160
2989,2,-1,-1
2989,3,-1,-1
2989,4,-1,-1
2989,5,-1,-1
2989,6,-1,-1
2989,7,-1,-1
2990,0,0,160
2990,1,0,160
2990,2,-1,-1
2990,3,-1,-1
2990,4,-1,-1
2990,5,-1,-1
2990,6,-1,-1
2990,7,-1,-1
2991,0,0,160
2991,1,0,160
2991,2,-1,-1
2991,3,-1,-1
2991,4,-1,-1
2991,5,-1,-1
2991,6,-1,-1
2991,7,-1,-1
2992,0,0,160
2992,1,0,160
2992,2,-1,-1
2992,3,-1,-1
2992,4,-1,-1
2992,5,-1,-1
2992,6,-1,-1
2992,7,-1,-1
2993,0,0,160
2993,1,0,160
2993,2,-1,-1
2993,3,-1,-1
2993,4,-1,-1
2993,5,-1,-1
2993,6,-1,-1
2993,7,-1,-1
2994,0,0,160
2994,1,0,160
2994,2,-1,-1
2994,3,-1,-1
2994,4,-1,-1
2994,5,-1,-1
2994,6,-1,-1
2994,7,-1,-1
2995,0,0,160
2995,1,0,160
2995,2,-1,-1
2995,3,-1,-1
2995,4,-1,-1
2995,5,-1,-1
2995,6,-1,-1
2995,7,-1,-1
2996,0,0,160
2996,1,0,160
2996,2,-1,-1
2996,3,-1,-1
2996,4,-1,-1
2996,5,-1,-1
2996,6,-1,-1
2996,7,-1,-1
2997,0,0,160
2997,1,0,160
2997,2,-1,-1
2997,3,-1,-1
2997,4,-1,-1
2997,5,-1,-1
2997,6,-1,-1
2997,7,-1,-1
2998,0,0,160
2998,1,0,160
2998,2,-1,-1
2998,3,-1,-1
2998,4,-1,-1
2998,5,-1,-1
2998,6,-1,-1
2998,7,-1,-1
2999,0,0,160
2999,1,0,160
2999,2,-1,-1
2999,3,-1,-1
2999,4,-1,-1
2999,5,-1,-1
2999,6,-1,-1
2999,7,-1,-1
3000,0,0,160
3000,1,0,160
3000,2,-1,-1
3000,3,-1,-1
3000,4,-1,-1
3000,5,-1,-1
3000,6,-1,-1
3000,7,-1,-1
3001,0,0,160
3001,1,0,160
3001,2,-1,-1
3001,3,-1,-1
3001,4,-1,-1
3001,5,-1,-1
3001,6,-1,-1
3001,7,-1,-1
3002,0,0,160
3002,1,0,160
3002,2,-1,-1
3002,3,-1,-1
3002,4,-1,-1
3002,5,-1,-1
3002,6,-1,-1
3002,7,-1,-1
3003,0,0,160
3003,1,0,160
3003,2,-1,-1
3003,3,-1,-1
3003,4,-1,-1
3003,5,-1,-1
3003,6,-1,-1
3003,7,-1,-1
3004,0,0,160
3004,1,0,160
3004,2,-1,-1
3004,3,-1,-1
3004,4,-1,-1
3004,5,-1,-1
3004,6,-1,-1
3004,7,-1,-1
3005,0,0,160
3005,1,0,160
3005,2,-1,-1
3005,3,-1,-1
3005,4,-1,-1
3005,5,-1,-1
3005,6,-1,-1
3005,7,-1,-1
3006,0,0,160
3006,1,0,160
3006,2,-1,-1
3006,3,-1,-1
3006,4,-1,-1
3006,5,-1,-1
3006,6,-1,-1
3006,7,-1,-1
3007,0,0,160
3007,1,0,160
3007,2,-1,-1
3007,3,-1,-1
3007,4,-1,-1
3007,5,-1,-1
3007,6,-1,-1
3007,7,-1,-1
3008,0,0,160
3008,1,0,160
3008,2,-1,-1
3008,3,-1,-1
3008,4,-1,-1
3008,5,-1,-1
3008,6,-1,-1
3008,7,-1,-1
3009,0,0,160
3009,1,0,160
3009,2,-1,-1
3009,3,-1,-1
3009,4,-1,-1
3009,5,-1,-1
3009,6,-1,-1
3009,7,-1,-1
3010,0,0,160
3010,1,0,160
3010,2,-1,-1
3010,3,-1,-1
3010,4,-1,-1
3010,5,-1,-1
3010,6,-1,-1
3010,7,-1,-1
3011,0,0,160
3011,1,0,160
3011,2,-1,-1
3011,3,-1,-1
3011,4,-1,-1
3011,5,-1,-1
3011,6,-1,-1
3011,7,-1,-1
3012,0,0,160
3012,1,0,160
3012,2,-1,-1
3012,3,-1,-1
3012,4,-1,-1
3012,5,-1,-1
3012,6,-1,-1
3012,7,-1,-1
3013,0,0,160
3013,1,0,160
3013,2,-1,-1
3013,3,-1,-1
3013,4,-1,-1
3013,5,-1,-1
3013,6,-1,-1
3013,7,-1,-1
3014,0,0,160
3014,1,0,160
3014,2,-1,-1
3014,3,-1,-1
3014,4,-1,-1
3014,5,-1,-1
3014,6,-1,-1
3014,7,-1,-1
3015,0,0,160
3015,1,0,160
3015,2,-1,-1
3015,3,-1,-1
3015,4,-1,-1
3015,5,-1,-1
3015,6,-1,-1
3015,7,-1,-1
3016,0,0,160
3016,1,0,160
3016,2,-1,-1
3016,3,-1,-1
3016,4,-1,-1
3016,5,-1,-1
3016,6,-1,-1
3016,7,-1,-1
3017,0,0,160
3017,1,0,160
3017,2,-1,-1
3017,3,-1,-1
3017,4,-1,-1
3017,5,-1,-1
3017,6,-1,-1
3017,7,-1,-1
3018,0,0,160
3018,1,0,160
3018,2,-1,-1
3018,3,-1,-1
3018,4,-1,-1
3018,5,-1,-1
3018,6,-1,-1
3018,7,-1,-1
3019,0,0,160
3019,1,0,160
3019,2,-1,-1
3019,3,-1,-1
3019,4,-1,-1
3019,5,-1,-1
3019,6,-1,-1
3019,7,-1,-1
3020,0,0,160
3020,1,0,160
3020,2,-1,-1
3020,3,-1,-1
3020,4,-1,-1
3020,5,-1,-1
3020,6,-1,-1
3020,7,-1,-1
3021,0,0,160
3021,1,0,160
3021,2,-1,-1
3021,3,-1,-1
3021,4,-1,-1
3021,5,-1,-1
3021,6,-1,-1
3021,7,-1,-1
3022,0,0,160
3022,1,0,160
3022,2,-1,-1
3022,3,-1,-1
3022,4,-1,-1
3022,5,-1,-1
3022,6,-1,-1
3022,7,-1,-1
3023,0,0,160
3023,1,0,160
3023,2,-1,-1
3023,3,-1,-1
3023,4,-1,-1
3023,5,-1,-1
3023,6,-1,-1
3023,7,-1,-1
3024,0,0,160
3024,1,0,160
3024,2,-1,-1
3024,3,-1,-1
3024,4,-1,-1
3024,5,-1,-1
3024,6,-1,-1
3024,7,-1,-1
3025,0,0,160
3025,1,0,160
3025,2,-1,-1
3025,3,-1,-1
3025,4,-1,-1
3025,5,-1,-1
3025,6,-1,-1
3025,7,-1,-1
3026,0,0,160
3026,1,0,160
3026,2,-1,-1
3026,3,-1,-1
3026,4,-1,-1
3026,5,-1,-1
3026,6,-1,-1
3026,7,-1,-1
3027,0,0,160
3027,1,0,160
3027,2,-1,-1
3027,3,-1,-1
3027,4,-1,-1
3027,5,-1,-1
3027,6,-1,-1
3027,7,-1,-1
3028,0,0,160
3028,1,0,160
3028,2,-1,-1
3028,3,-1,-1
3028,4,-1,-1
3028,5,-1,-1
3028,6,-1,-1
3028,7,-1,-1
3029,0,0,160
3029,1,0,160
3029,2,-1,-1
3029,3,-1,-1
3029,4,-1,-1
3029,5,-1,-1
3029,6,-1,-1
3029,7,-1,-1
3030,0,0,160
3030,1,0,160
3030,2,-1,-1
3030,3,-1,-1
3030,4,-1,-1
3030,5,-1,-1
3030,6,-1,-1
3030,7,-1,-1
3031,0,0,160
3031,1,0,160
3031,2,-1,-1
3031,3,-1,-1
3031,4,-1,-1
3031,5,-1,-1
3031,6,-1,-1
3031,7,-1,-1
3032,0,0,160
3032,1,0,160
3032,2,-1,-1
3032,3,-1,-1
3032,4,-1,-1
3032,5,-1,-1
3032,6,-1,-1
3032,7,-1,-1
3033,0,0,160
3033,1,0,160
3033,2,-1,-1
3033,3,-1,-1
3033,4,-1,-1
3033,5,-1,-1
3033,6,-1,-1
3033,7,-1,-1
3034,0,0,160
3034,1,0,160
3034,2,-1,-1
3034,3,-1,-1
3034,4,-1,-1
3034,5,-1,-1
3034,6,-1,-1
3034,7,-1,-1
3035,0,0,160
3035,1,0,160
3035,2,-1,-1
3035,3,-1,-1
3035,4,-1,-1
3035,5,-1,-1
3035,6,-1,-1
3035,7,-1,-1
3036,0,0,160
3036,1,0,160
3036,2,-1,-1
3036,3,-1,-1
3036,4,-1,-1
3036,5,-1,-1
3036,6,-1,-1
3036,7,-1,-1
3037,0,0,160
3037,1,0,160
3037,2,-1,-1
3037,3,-1,-1
3037,4,-1,-1
3037,5,-1,-1
3037,6,-1,-1
3037,7,-1,-1
3038,0,0,160
3038,1,0,160
3038,2,-1,-1
3038,3,-1,-1
3038,4,-1,-1
3038,5,-1,-1
3038,6,-1,-1
3038,7,-1,-1
3039,0,0,160
3039,1,0,160
3039,2,-1,-1
3039,3,-1,-1
3039,4,-1,-1
3039,5,-1,-1
3039,6,-1,-1
3039,7,-1,-1
3040,0,0,160
3040,1,0,160
3040,2,-1,-1
3040,3,-1,-1
3040,4,-1,-1
3040,5,-1,-1
3040,6,-1,-1
3040,7,-1,-1
3041,0,0,160
3041,1,0,160
3041,2,-1,-1
3041,3,-1,-1
3041,4,-1,-1
3041,5,-1,-1
3041,6,-1,-1
3041,7,-1,-1
3042,0,0,160
3042,1,0,160
3042,2,-1,-1
3042,3,-1,-1
3042,4,-1,-1
3042,5,-1,-1
3042,6,-1,-1
3042,7,-1,-1
3043,0,0,160
3043,1,0,160
3043,2,-1,-1
3043,3,-1,-1
3043,4,-1,-1
3043,5,-1,-1
3043,6,-1,-1
3043,7,-1,-1
3044,0,0,160
3044,1,0,160
3044,2,-1,-1
3044,3,-1,-1
3044,4,-1,-1
3044,5,-1,-1
3044,6,-1,-1
3044,7,-1,-1
3045,0,0,160
3045,1,0,160
3045,2,-1,-1
3045,3,-1,-1
3045,4,-1,-1
3045,5,-1,-1
3045,6,-1,-1
3045,7,-1,-1
3046,0,0,160
3046,1,0,160
3046,2,-1,-1
3046,3,-1,-1
3046,4,-1,-1
3046,5,-1,-1
3046,6,-1,-1
3046,7,-1,-1
3047,0,0,160
3047,1,0,160
3047,2,-1,-1
3047,3,-1,-1
3047,4,-1,-1
3047,5,-1,-1
3047,6,-1,-1
3047,7,-1,-1
3048,0,0,160
3048,1,0,160
3048,2,-1,-1
3048,3,-1,-1
3048,4,-1,-1
3048,5,-1,-1
3048,6,-1,-1
3048,7,-1,-1
3049,0,0,160
3049,1,0,160
3049,2,-1,-1
3049,3,-1,-1
3049,4,-1,-1
3049,5,-1,-1
3049,6,-1,-1
3049,7,-1,-1
3050,0,0,160
3050,1,0,160
3050,2,-1,-1
3050,3,-1,-1
3050,4,-1,-1
3050,5,-1,-1
3050,6,-1,-1
3050,7,-1,-1
3051,0,0,160
3051,1,0,160
3051,2,-1,-1
3051,3,-1,-1
3051,4,-1,-1
3051,5,-1,-1
3051,6,-1,-1
3051,7,-1,-1
3052,0,0,160
3052,1,0,160
3052,2,-1,-1
3052,3,-1,-1
3052,4,-1,-1
3052,5,-1,-1
3052,6,-1,-1
3052,7,-1,-1
3053,0,0,160
3053,1,0,160
3053,2,-1,-1
3053,3,-1,-1
3053,4,-1,-1
3053,5,-1,-1
3053,6,-1,-1
3053,7,-1,-1
3054,0,0,160
3054,1,0,160
3054,2,-1,-1
3054,3,-1,-1
3054,4,-1,-1
3054,5,-1,-1
3054,6,-1,-1
3054,7,-1,-1
3055,0,0,160
3055,1,0,160
3055,2,-1,-1
3055,3,-1,-1
3055,4,-1,-1
3055,5,-1,-1
3055,6,-1,-1
3055,7,-1,-1
3056,0,0,160
3056,1,0,160
3056,2,-1,-1
3056,3,-1,-1
3056,4,-1,-1
3056,5,-1,-1
3056,6,-1,-1
3056,7,-1,-1
3057,0,0,160
3057,1,0,160
3057,2,-1,-1
3057,3,-1,-1
3057,4,-1,-1
3057,5,-1,-1
3057,6,-1,-1
3057,7,-1,-1
3058,0,0,160
3058,1,0,160
3058,2,-1,-1
3058,3,-1,-1
3058,4,-1,-1
3058,5,-1,-1
3058,6,-1,-1
3058,7,-1,-1
3059,0,0,160
3059,1,0,160
3059,2,-1,-1
3059,3,-1,-1
3059,4,-1,-1
3059,5,-1,-1
3059,6,-1,-1
3059,7,-1,-1
3060,0,0,160
3060,1,0,160
3060,2,-1,-1
3060,3,-1,-1
3060,4,-1,-1
3060,5,-1,-1
3060,6,-1,-1
3060,7,-1,-1
3061,0,0,160
3061,1,0,160
3061,2,-1,-1
3061,3,-1,-1
3061,4,-1,-1
3061,5,-1,-1
3061,6,-1,-1
3061,7,-1,-1
3062,0,0,160
3062,1,0,160
3062,2,-1,-1
3062,3,-1,-1
3062,4,-1,-1
3062,5,-1,-1
3062,6,-1,-1
3062,7,-1,-1
3063,0,0,160
3063,1,0,160
3063,2,-1,-1
3063,3,-1,-1
3063,4,-1,-1
3063,5,-1,-1
3063,6,-1,-1
3063,7,-1,-1
3064,0,0,160
3064,1,0,160
3064,2,-1,-1
3064,3,-1,-1
3064,4,-1,-1
3064,5,-1,-1
3064,6,-1,-1
3064,7,-1,-1
3065,0,0,160
3065,1,0,160
3065,2,-1,-1
3065,3,-1,-1
3065,4,-1,-1
3065,5,-1,-1
3065,6,-1,-1
3065,7,-1,-1
3066,0,0,160
3066,1,0,160
3066,2,-1,-1
3066,3,-1,-1
3066,4,-1,-1
3066,5,-1,-1
3066,6,-1,-1
3066,7,-1,-1
3067,0,0,160
3067,1,0,160
3067,2,-1,-1
3067,3,-1,-1
3067,4,-1,-1
3067,5,-1,-1
3067,6,-1,-1
3067,7,-1,-1
3068,0,0,160
3068,1,0,160
3068,2,-1,-1
3068,3,-1,-1
3068,4,-1,-1
3068,5,-1,-1
3068,6,-1,-1
3068,7,-1,-1
3069,0,0,160
3069,1,0,160
3069,2,-1,-1
3069,3,-1,-1
3069,4,-1,-1
3069,5,-1,-1
3069,6,-1,-1
3069,7,-1,-1
3070,0,0,160
3070,1,0,160
3070,2,-1,-1
3070,3,-1,-1
3070,4,-1,-1
3070,5,-1,-1
3070,6,-1,-1
3070,7,-1,-1
3071,0,0,160
3071,1,0,160
3071,2,-1,-1
3071,3,-1,-1
3071,4,-1,-1
3071,5,-1,-1
3071,6,-1,-1
3071,7,-1,-1
3072,0,0,160
3072,1,0,160
3072,2,-1,-1
3072,3,-1,-1
3072,4,-1,-1
3072,5,-1,-1
3072,6,-1,-1
3072,7,-1,-1
3073,0,0,160
3073,1,0,160
3073,2,-1,-1
3073,3,-1,-1
3073,4,-1,-1
3073,5,-1,-1
3073,6,-1,-1
3073,7,-1,-1
3074,0,0,160
3074,1,0,160
3074,2,-1,-1
3074,3,-1,-1
3074,4,-1,-1
3074,5,-1,-1
3074,6,-1,-1
3074,7,-1,-1
3075,0,0,160
3075,1,0,160
3075,2,-1,-1
3075,3,-1,-1
3075,4,-1,-1
3075,5,-1,-1
3075,6,-1,-1
3075,7,-1,-1
3076,0,0,160
3076,1,0,160
3076,2,-1,-1
3076,3,-1,-1
3076,4,-1,-1
3076,5,-1,-1
3076,6,-1,-1
3076,7,-1,-1
3077,0,0,160
3077,1,0,160
3077,2,-1,-1
3077,3,-1,-1
3077,4,-1,-1
3077,5,-1,-1
3077,6,-1,-1
3077,7,-1,-1
3078,0,0,160
3078,1,0,160
3078,2,-1,-1
3078,3,-1,-1
3078,4,-1,-1
3078,5,-1,-1
3078,6,-1,-1
3078,7,-1,-1
3079,0,0,160
3079,1,0,160
3079,2,-1,-1
3079,3,-1,-1
3079,4,-1,-1
3079,5,-1,-1
3079,6,-1,-1
3079,7,-1,-1
3080,0,0,160
3080,1,0,160
3080,2,-1,-1
3080,3,-1,-1
3080,4,-1,-1
3080,5,-1,-1
3080,6,-1,-1
3080,7,-1,-1
3081,0,0,160
3081,1,0,160
3081,2,-1,-1
3081,3,-1,-1
3081,4,-1,-1
3081,5,-1,-1
3081,6,-1,-1
3081,7,-1,-1
3082,0,0,160
3082,1,0,160
3082,2,-1,-1
3082,3,-1,-1
3082,4,-1,-1
3082,5,-1,-1
3082,6,-1,-1
3082,7,-1,-1
3083,0,0,160
3083,1,0,160
3083,2,-1,-1
3083,3,-1,-1
3083,4,-1,-1
3083,5,-1,-1
3083,6,-1,-1
3083,7,-1,-1
3084,0,0,160
3084,1,0,160
3084,2,-1,-1
3084,3,-1,-1
3084,4,-1,-1
3084,5,-1,-1
3084,6,-1,-1
3084,7,-1,-1
3085,0,0,160
3085,1,0,160
3085,2,-1,-1
3085,3,-1,-1
3085,4,-1,-1
3085,5,-1,-1
3085,6,-1,-1
3085,7,-1,-1
3086,0,0,160
3086,1,0,160
3086,2,-1,-1
3086,3,-1,-1
3086,4,-1,-1
3086,5,-1,-1
3086,6,-1,-1
3086,7,-1,-1
3087,0,0,160
3087,1,0,160
3087,2,-1,-1
3087,3,-1,-1
3087,4,-1,-1
3087,5,-1,-1
3087,6,-1,-1
3087,7,-1,-1
3088,0,0,160
3088,1,0,160
3088,2,-1,-1
3088,3,-1,-1
3088,4,-1,-1
3088,5,-1,-1
3088,6,-1,-1
3088,7,-1,-1
3089,0,0,160
3089,1,0,160
3089,2,-1,-1
3089,3,-1,-1
3089,4,-1,-1
3089,5,-1,-1
3089,6,-1,-1
3089,7,-1,-1
3090,0,0,160
3090,1,0,160
3090,2,-1,-1
3090,3,-1,-1
3090,4,-1,-1
3090,5,-1,-1
3090,6,-1,-1
3090,7,-1,-1
3091,0,0,160
3091,1,0,160
3091,2,-1,-1
3091,3,-1,-1
3091,4,-1,-1
3091,5,-1,-1
3091,6,-1,-1
3091,7,-1,-1
3092,0,0,160
3092,1,0,160
3092,2,-1,-1
3092,3,-1,-1
3092,4,-1,-1
3092,5,-1,-1
3092,6,-1,-1
3092,7,-1,-1
3093,0,0,160
3093,1,0,160
3093,2,-1,-1
3093,3,-1,-1
3093,4,-1,-1
3093,5,-1,-1
3093,6,-1,-1
3093,7,-1,-1
3094,0,0,160
3094,1,0,160
3094,2,-1,-1
3094,3,-1,-1
3094,4,-1,-1
3094,5,-1,-1
3094,6,-1,-1
3094,7,-1,-1
3095,0,0,160
3095,1,0,160
3095,2,-1,-1
3095,3,-1,-1
3095,4,-1,-1
3095,5,-1,-1
3095,6,-1,-1
3095,7,-1,-1
3096,0,0,160
3096,1,0,160
3096,2,-1,-1
3096,3,-1,-1
3096,4,-1,-1
3096,5,-1,-1
3096,6,-1,-1
3096,7,-1,-1
3097,0,0,160
3097,1,0,160
3097,2,-1,-1
3097,3,-1,-1
3097,4,-1,-1
3097,5,-1,-1
3097,6,-1,-1
3097,7,-1,-1
3098,0,0,160
3098,1,0,160
3098,2,-1,-1
3098,3,-1,-1
3098,4,-1,-1
3098,5,-1,-1
3098,6,-1,-1
3098,7,-1,-1
3099,0,0,160
3099,1,0,160
3099,2,-1,-1
3099,3,-1,-1
3099,4,-1,-1
3099,5,-1,-1
3099,6,-1,-1
3099,7,-1,-1
3100,0,0,160
3100,1,0,160
3100,2,-1,-1
3100,3,-1,-1
3100,4,-1,-1
3100,5,-1,-1
3100,6,-1,-1
3100,7,-1,-1
3101,0,0,160
3101,1,0,160
3101,2,-1,-1
3101,3,-1,-1
3101,4,-1,-1
3101,5,-1,-1
3101,6,-1,-1
3101,7,-1,-1
3102,0,0,160
3102,1,0,160
3102,2,-1,-1
3102,3,-1,-1
3102,4,-1,-1
3102,5,-1,-1
3102,6,-1,-1
3102,7,-1,-1
3103,0,0,160
3103,1,0,160
3103,2,-1,-1
3103,3,-1,-1
3103,4,-1,-1
3103,5,-1,-1
3103,6,-1,-1
3103,7,-1,-1
3104,0,0,160
3104,1,0,160
3104,2,-1,-1
3104,3,-1,-1
3104,4,-1,-1
3104,5,-1,-1
3104,6,-1,-1
3104,7,-1,-1
3105,0,0,160
3105,1,0,160
3105,2,-1,-1
3105,3,-1,-1
3105,4,-1,-1
3105,5,-1,-1
3105,6,-1,-1
3105,7,-1,-1
3106,0,0,160
3106,1,0,160
3106,2,-1,-1
3106,3,-1,-1
3106,4,-1,-1
3106,5,-1,-1
3106,6,-1,-1
3106,7,-1,-1
3107,0,0,160
3107,1,0,160
3107,2,-1,-1
3107,3,-1,-1
3107,4,-1,-1
3107,5,-1,-1
3107,6,-1,-1
3107,7,-1,-1
3108,0,0,160
3108,1,0,160
3108,2,-1,-1
3108,3,-1,-1
3108,4,-1,-1
3108,5,-1,-1
3108,6,-1,-1
3108,7,-1,-1
3109,0,0,160
3109,1,0,160
3109,2,-1,-1
3109,3,-1,-1
3109,4,-1,-1
3109,5,-1,-1
3109,6,-1,-1
3109,7,-1,-1
3110,0,0,160
3110,1,0,160
3110,2,-1,-1
3110,3,-1,-1
3110,4,-1,-1
3110,5,-1,-1
3110,6,-1,-1
3110,7,-1,-1
3111,0,0,160
3111,1,0,160
3111,2,-1,-1
3111,3,-1,-1
3111,4,-1,-1
3111,5,-1,-1
3111,6,-1,-1
3111,7,-1,-1
3112,0,0,160
3112,1,0,160
3112,2,-1,-1
3112,3,-1,-1
3112,4,-1,-1
3112,5,-1,-1
3112,6,-1,-1
3112,7,-1,-1
3113,0,0,160
3113,1,0,160
3113,2,-1,-1
3113,3,-1,-1
3113,4,-1,-1
3113,5,-1,-1
3113,6,-1,-1
3113,7,-1,-1
3114,0,0,160
3114,1,0,160
3114,2,-1,-1
3114,3,-1,-1
3114,4,-1,-1
3114,5,-1,-1
3114,6,-1,-1
3114,7,-1,-1
3115,0,0,160
3115,1,0,160
3115,2,-1,-1
3115,3,-1,-1
3115,4,-1,-1
3115,5,-1,-1
3115,6,-1,-1
3115,7,-1,-1
3116,0,0,160
3116,1,0,160
3116,2,-1,-1
3116,3,-1,-1
3116,4,-1,-1
3116,5,-1,-1
3116,6,-1,-1
3116,7,-1,-1
3117,0,0,160
3117,1,0,160
3117,2,-1,-1
3117,3,-1,-1
3117,4,-1,-1
3117,5,-1,-1
3117,6,-1,-1
3117,7,-1,-1
3118,0,0,160
3118,1,0,160
3118,2,-1,-1
3118,3,-1,-1
3118,4,-1,-1
3118,5,-1,-1
3118,6,-1,-1
3118,7,-1,-1
3119,0,0,160
3119,1,0,160
3119,2,-1,-1
3119,3,-1,-1
3119,4,-1,-1
3119,5,-1,-1
3119,6,-1,-1
3119,7,-1,-1
3120,0,0,160
3120,1,0,160
3120,2,-1,-1
3120,3,-1,-1
3120,4,-1,-1
3120,5,-1,-1
3120,6,-1,-1
3120,7,-1,-1
3121,0,0,160
3121,1,0,160
3121,2,-1,-1
3121,3,-1,-1
3121,4,-1,-1
3121,5,-1,-1
3121,6,-1,-1
3121,7,-1,-1
3122,0,0,160
3122,1,0,160
3122,2,-1,-1
3122,3,-1,-1
3122,4,-1,-1
3122,5,-1,-1
3122,6,-1,-1
3122,7,-1,-1
3123,0,0,160
3123,1,0,160
3123,2,-1,-1
3123,3,-1,-1
3123,4,-1,-1
3123,5,-1,-1
3123,6,-1,-1
3123,7,-1,-1
3124,0,0,160
3124,1,0,160
3124,2,-1,-1
3124,3,-1,-1
3124,4,-1,-1
3124,5,-1,-1
3124,6,-1,-1
3124,7,-1,-1
3125,0,0,160
3125,1,0,160
3125,2,-1,-1
3125,3,-1,-1
3125,4,-1,-1
3125,5,-1,-1
3125,6,-1,-1
3125,7,-1,-1
3126,0,0,160
3126,1,0,160
3126,2,-1,-1
3126,3,-1,-1
3126,4,-1,-1
3126,5,-1,-1
3126,6,-1,-1
3126,7,-1,-1
3127,0,0,160
3127,1,0,160
3127,2,-1,-1
3127,3,-1,-1
3127,4,-1,-1
3127,5,-1,-1
3127,6,-1,-1
3127,7,-1,-1
3128,0,0,160
3128,1,0,160
3128,2,-1,-1
3128,3,-1,-1
3128,4,-1,-1
3128,5,-1,-1
3128,6,-1,-1
3128,7,-1,-1
3129,0,0,160
3129,1,0,160
3129,2,-1,-1
3129,3,-1,-1
3129,4,-1,-1
3129,5,-1,-1
3129,6,-1,-1
3129,7,-1,-1
3130,0,0,160
3130,1,0,160
3130,2,-1,-1
3130,3,-1,-1
3130,4,-1,-1
3130,5,-1,-1
3130,6,-1,-1
3130,7,-1,-1
3131,0,0,160
3131,1,0,160
3131,2,-1,-1
3131,3,-1,-1
3131,4,-1,-1
3131,5,-1,-1
3131,6,-1,-1
3131,7,-1,-1
3132,0,0,160
3132,1,0,160
3132,2,-1,-1
3132,3,-1,-1
3132,4,-1,-1
3132,5,-1,-1
3132,6,-1,-1
3132,7,-1,-1
3133,0,0,160
3133,1,0,160
3133,2,-1,-1
3133,3,-1,-1
3133,4,-1,-1
3133,5,-1,-1
3133,6,-1,-1
3133,7,-1,-1
3134,0,0,160
3134,1,0,160
3134,2,-1,-1
3134,3,-1,-1
3134,4,-1,-1
3134,5,-1,-1
3134,6,-1,-1
3134,7,-1,-1
3135,0,0,160
3135,1,0,160
3135,2,-1,-1
3135,3,-1,-1
3135,4,-1,-1
3135,5,-1,-1
3135,6,-1,-1
3135,7,-1,-1
3136,0,0,160
3136,1,0,160
3136,2,-1,-1
3136,3,-1,-1
3136,4,-1,-1
3136,5,-1,-1
3136,6,-1,-1
3136,7,-1,-1
3137,0,0,160
3137,1,0,160
3137,2,-1,-1
3137,3,-1,-1
3137,4,-1,-1
3137,5,-1,-1
3137,6,-1,-1
3137,7,-1,-1
3138,0,0,160
3138,1,0,160
3138,2,-1,-1
3138,3,-1,-1
3138,4,-1,-1
3138,5,-1,-1
3138,6,-1,-1
3138,7,-1,-1
3139,0,0,160
3139,1,0,160
3139,2,-1,-1
3139,3,-1,-1
3139,4,-1,-1
3139,5,-1,-1
3139,6,-1,-1
3139,7,-1,-1
3140,0,0,160
3140,1,0,160
3140,2,-1,-1
3140,3,-1,-1
3140,4,-1,-1
3140,5,-1,-1
3140,6,-1,-1
3140,7,-1,-1
3141,0,0,160
3141,1,0,160
3141,2,-1,-1
3141,3,-1,-1
3141,4,-1,-1
3141,5,-1,-1
3141,6,-1,-1
3141,7,-1,-1
3142,0,0,160
3142,1,0,160
3142,2,-1,-1
3142,3,-1,-1
3142,4,-1,-1
3142,5,-1,-1
3142,6,-1,-1
3142,7,-1,-1
3143,0,0,160
3143,1,0,160
3143,2,-1,-1
3143,3,-1,-1
3143,4,-1,-1
3143,5,-1,-1
3143,6,-1,-1
3143,7,-1,-1
3144,0,0,160
3144,1,0,160
3144,2,-1,-1
3144,3,-1,-1
3144,4,-1,-1
3144,5,-1,-1
3144,6,-1,-1
3144,7,-1,-1
3145,0,0,160
3145,1,0,160
3145,2,-1,-1
3145,3,-1,-1
3145,4,-1,-1
3145,5,-1,-1
3145,6,-1,-1
3145,7,-1,-1
3146,0,0,160
3146,1,0,160
3146,2,-1,-1
3146,3,-1,-1
3146,4,-1,-1
3146,5,-1,-1
3146,6,-1,-1
3146,7,-1,-1
3147,0,0,160
3147,1,0,160
3147,2,-1,-1
3147,3,-1,-1
3147,4,-1,-1
3147,5,-1,-1
3147,6,-1,-1
3147,7,-1,-1
3148,0,0,160
3148,1,0,160
3148,2,-1,-1
3148,3,-1,-1
3148,4,-1,-1
3148,5,-1,-1
3148,6,-1,-1
3148,7,-1,-1
3149,0,0,160
3149,1,0,160
3149,2,-1,-1
3149,3,-1,-1
3149,4,-1,-1
3149,5,-1,-1
3149,6,-1,-1
3149,7,-1,-1
3150,0,0,160
3150,1,0,160
3150,2,-1,-1
3150,3,-1,-1
3150,4,-1,-1
3150,5,-1,-1
3150,6,-1,-1
3150,7,-1,-1
3151,0,0,160
3151,1,0,160
3151,2,-1,-1
3151,3,-1,-1
3151,4,-1,-1
3151,5,-1,-1
3151,6,-1,-1
3151,7,-1,-1
3152,0,0,160
3152,1,0,160
3152,2,-1,-1
3152,3,-1,-1
3152,4,-1,-1
3152,5,-1,-1
3152,6,-1,-1
3152,7,-1,-1
3153,0,0,160
3153,1,0,160
3153,2,-1,-1
3153,3,-1,-1
3153,4,-1,-1
3153,5,-1,-1
3153,6,-1,-1
3153,7,-1,-1
3154,0,0,160
3154,1,0,160
3154,2,-1,-1
3154,3,-1,-1
3154,4,-1,-1
3154,5,-1,-1
3154,6,-1,-1
3154,7,-1,-1
3155,0,0,160
3155,1,0,160
3155,2,-1,-1
3155,3,-1,-1
3155,4,-1,-1
3155,5,-1,-1
3155,6,-1,-1
3155,7,-1,-1
3156,0,0,160
3156,1,0,160
3156,2,-1,-1
3156,3,-1,-1
3156,4,-1,-1
3156,5,-1,-1
3156,6,-1,-1
3156,7,-1,-1
3157,0,0,160
3157,1,0,160
3157,2,-1,-1
3157,3,-1,-1
3157,4,-1,-1
3157,5,-1,-1
3157,6,-1,-1
3157,7,-1,-1
3158,0,0,160
3158,1,0,160
3158,2,-1,-1
3158,3,-1,-1
3158,4,-1,-1
3158,5,-1,-1
3158,6,-1,-1
3158,7,-1,-1
3159,0,0,160
3159,1,0,160
3159,2,-1,-1
3159,3,-1,-1
3159,4,-1,-1
3159,5,-1,-1
3159,6,-1,-1
3159,7,-1,-1
3160,0,0,160
3160,1,0,160
3160,2,-1,-1
3160,3,-1,-1
3160,4,-1,-1
3160,5,-1,-1
3160,6,-1,-1
3160,7,-1,-1
3161,0,0,160
3161,1,0,160
3161,2,-1,-1
3161,3,-1,-1
3161,4,-1,-1
3161,5,-1,-1
3161,6,-1,-1
3161,7,-1,-1
3162,0,0,160
3162,1,0,160
3162,2,-1,-1
3162,3,-1,-1
3162,4,-1,-1
3162,5,-1,-1
3162,6,-1,-1
3162,7,-1,-1
3163,0,0,160
3163,1,0,160
3163,2,-1,-1
3163,3,-1,-1
3163,4,-1,-1
3163,5,-1,-1
3163,6,-1,-1
3163,7,-1,-1
3164,0,0,160
3164,1,0,160
3164,2,-1,-1
3164,3,-1,-1
3164,4,-1,-1
3164,5,-1,-1
3164,6,-1,-1
3164,7,-1,-1
3165,0,0,160
3165,1,0,160
3165,2,-1,-1
3165,3,-1,-1
3165,4,-1,-1
3165,5,-1,-1
3165,6,-1,-1
3165,7,-1,-1
3166,0,0,160
3166,1,0,160
3166,2,-1,-1
3166,3,-1,-1
3166,4,-1,-1
3166,5,-1,-1
3166,6,-1,-1
3166,7,-1,-1
3167,0,0,160
3167,1,0,160
3167,2,-1,-1
3167,3,-1,-1
3167,4,-1,-1
3167,5,-1,-1
3167,6,-1,-1
3167,7,-1,-1
3168,0,0,160
3168,1,0,160
3168,2,-1,-1
3168,3,-1,-1
3168,4,-1,-1
3168,5,-1,-1
3168,6,-1,-1
3168,7,-1,-1
3169,0,0,160
3169,1,0,160
3169,2,-1,-1
3169,3,-1,-1
3169,4,-1,-1
3169,5,-1,-1
3169,6,-1,-1
3169,7,-1,-1
3170,0,0,160
3170,1,0,160
3170,2,-1,-1
3170,3,-1,-1
3170,4,-1,-1
3170,5,-1,-1
3170,6,-1,-1
3170,7,-1,-1
3171,0,0,160
3171,1,0,160
3171,2,-1,-1
3171,3,-1,-1
3171,4,-1,-1
3171,5,-1,-1
3171,6,-1,-1
3171,7,-1,-1
3172,0,0,160
3172,1,0,160
3172,2,-1,-1
3172,3,-1,-1
3172,4,-1,-1
3172,5,-1,-1
3172,6,-1,-1
3172,7,-1,-1
3173,0,0,160
3173,1,0,160
3173,2,-1,-1
3173,3,-1,-1
3173,4,-1,-1
3173,5,-1,-1
3173,6,-1,-1
3173,7,-1,-1
3174,0,0,160
3174,1,0,160
3174,2,-1,-1
3174,3,-1,-1
3174,4,-1,-1
3174,5,-1,-1
3174,6,-1,-1
3174,7,-1,-1
3175,0,0,160
3175,1,0,160
3175,2,-1,-1
3175,3,-1,-1
3175,4,-1,-1
3175,5,-1,-1
3175,6,-1,-1
3175,7,-1,-1
3176,0,0,160
3176,1,0,160
3176,2,-1,-1
3176,3,-1,-1
3176,4,-1,-1
3176,5,-1,-1
3176,6,-1,-1
3176,7,-1,-1
3177,0,0,160
3177,1,0,160
3177,2,-1,-1
3177,3,-1,-1
3177,4,-1,-1
3177,5,-1,-1
3177,6,-1,-1
3177,7,-1,-1
3178,0,0,160
3178,1,0,160
3178,2,-1,-1
3178,3,-1,-1
3178,4,-1,-1
3178,5,-1,-1
3178,6,-1,-1
3178,7,-1,-1
3179,0,0,160
3179,1,0,160
3179,2,-1,-1
3179,3,-1,-1
3179,4,-1,-1
3179,5,-1,-1
3179,6,-1,-1
3179,7,-1,-1
3180,0,0,160
3180,1,0,160
3180,2,-1,-1
3180,3,-1,-1
3180,4,-1,-1
3180,5,-1,-1
3180,6,-1,-1
3180,7,-1,-1
3181,0,0,160
3181,1,0,160
3181,2,-1,-1
3181,3,-1,-1
3181,4,-1,-1
3181,5,-1,-1
3181,6,-1,-1
3181,7,-1,-1
3182,0,0,160
3182,1,0,160
3182,2,-1,-1
3182,3,-1,-1
3182,4,-1,-1
3182,5,-1,-1
3182,6,-1,-1
3182,7,-1,-1
3183,0,0,160
3183,1,0,160
3183,2,-1,-1
3183,3,-1,-1
3183,4,-1,-1
3183,5,-1,-1
3183,6,-1,-1
3183,7,-1,-1
3184,0,0,160
3184,1,0,160
3184,2,-1,-1
3184,3,-1,-1
3184,4,-1,-1
3184,5,-1,-1
3184,6,-1,-1
3184,7,-1,-1
3185,0,0,160
3185,1,0,160
3185,2,-1,-1
3185,3,-1,-1
3185,4,-1,-1
3185,5,-1,-1
3185,6,-1,-1
3185,7,-1,-1
3186,0,0,160
3186,1,0,160
3186,2,-1,-1
3186,3,-1,-1
3186,4,-1,-1
3186,5,-1,-1
3186,6,-1,-1
3186,7,-1,-1
3187,0,0,160
3187,1,0,160
3187,2,-1,-1
3187,3,-1,-1
3187,4,-1,-1
3187,5,-1,-1
3187,6,-1,-1
3187,7,-1,-1
3188,0,0,160
3188,1,0,160
3188,2,-1,-1
3188,3,-1,-1
3188,4,-1,-1
3188,5,-1,-1
3188,6,-1,-1
3188,7,-1,-1
3189,0,0,160
3189,1,0,160
3189,2,-1,-1
3189,3,-1,-1
3189,4,-1,-1
3189,5,-1,-1
3189,6,-1,-1
3189,7,-1,-1
3190,0,0,160
3190,1,0,160
3190,2,-1,-1
3190,3,-1,-1
3190,4,-1,-1
3190,5,-1,-1
3190,6,-1,-1
3190,7,-1,-1
3191,0,0,160
3191,1,0,160
3191,2,-1,-1
3191,3,-1,-1
3191,4,-1,-1
3191,5,-1,-1
3191,6,-1,-1
3191,7,-1,-1
3192,0,0,160
3192,1,0,160
3192,2,-1,-1
3192,3,-1,-1
3192,4,-1,-1
3192,5,-1,-1
3192,6,-1,-1
3192,7,-1,-1
3193,0,0,160
3193,1,0,160
3193,2,-1,-1
3193,3,-1,-1
3193,4,-1,-1
3193,5,-1,-1
3193,6,-1,-1
3193,7,-1,-1
3194,0,0,160
3194,1,0,160
3194,2,-1,-1
3194,3,-1,-1
3194,4,-1,-1
3194,5,-1,-1
3194,6,-1,-1
3194,7,-1,-1
3195,0,0,160
3195,1,0,160
3195,2,-1,-1
3195,3,-1,-1
3195,4,-1,-1
3195,5,-1,-1
3195,6,-1,-1
3195,7,-1,-1
3196,0,0,160
3196,1,0,160
3196,2,-1,-1
3196,3,-1,-1
3196,4,-1,-1
3196,5,-1,-1
3196,6,-1,-1
3196,7,-1,-1
3197,0,0,160
3197,1,0,160
3197,2,-1,-1
3197,3,-1,-1
3197,4,-1,-1
3197,5,-1,-1
3197,6,-1,-1
3197,7,-1,-1
3198,0,0,160
3198,1,0,160
3198,2,-1,-1
3198,3,-1,-1
3198,4,-1,-1
3198,5,-1,-1
3198,6,-1,-1
3198,7,-1,-1
3199,0,0,160
3199,1,0,160
3199,2,-1,-1
3199,3,-1,-1
3199,4,-1,-1
3199,5,-1,-1
3199,6,-1,-1
3199,7,-1,-1
3200,0,0,160
3200,1,0,160
3200,2,-1,-1
3200,3,-1,-1
3200,4,-1,-1
3200,5,-1,-1
3200,6,-1,-1
3200,7,-1,-1
3201,0,0,160
3201,1,0,160
3201,2,-1,-1
3201,3,-1,-1
3201,4,-1,-1
3201,5,-1,-1
3201,6,-1,-1
3201,7,-1,-1
3202,0,0,160
3202,1,0,160
3202,2,-1,-1
3202,3,-1,-1
3202,4,-1,-1
3202,5,-1,-1
3202,6,-1,-1
3202,7,-1,-1
3203,0,0,160
3203,1,0,160
3203,2,-1,-1
3203,3,-1,-1
3203,4,-1,-1
3203,5,-1,-1
3203,6,-1,-1
3203,7,-1,-1
3204,0,0,160
3204,1,0,160
3204,2,-1,-1
3204,3,-1,-1
3204,4,-1,-1
3204,5,-1,-1
3204,6,-1,-1
3204,7,-1,-1
3205,0,0,160
3205,1,0,160
3205,2,-1,-1
3205,3,-1,-1
3205,4,-1,-1
3205,5,-1,-1
3205,6,-1,-1
3205,7,-1,-1
3206,0,0,160
3206,1,0,160
3206,2,-1,-1
3206,3,-1,-1
3206,4,-1,-1
3206,5,-1,-1
3206,6,-1,-1
3206,7,-1,-1
3207,0,0,160
3207,1,0,160
3207,2,-1,-1
3207,3,-1,-1
3207,4,-1,-1
3207,5,-1,-1
3207,6,-1,-1
3207,7,-1,-1
3208,0,0,160
3208,1,0,160
3208,2,-1,-1
3208,3,-1,-1
3208,4,-1,-1
3208,5,-1,-1
3208,6,-1,-1
3208,7,-1,-1
3209,0,0,160
3209,1,0,160
3209,2,-1,-1
3209,3,-1,-1
3209,4,-1,-1
3209,5,-1,-1
3209,6,-1,-1
3209,7,-1,-1
3210,0,0,160
3210,1,0,160
3210,2,-1,-1
3210,3,-1,-1
3210,4,-1,-1
3210,5,-1,-1
3210,6,-1,-1
3210,7,-1,-1
3211,0,0,160
3211,1,0,160
3211,2,-1,-1
3211,3,-1,-1
3211,4,-1,-1
3211,5,-1,-1
3211,6,-1,-1
3211,7,-1,-1
3212,0,0,160
3212,1,0,160
3212,2,-1,-1
3212,3,-1,-1
3212,4,-1,-1
3212,5,-1,-1
3212,6,-1,-1
3212,7,-1,-1
3213,0,0,160
3213,1,0,160
3213,2,-1,-1
3213,3,-1,-1
3213,4,-1,-1
3213,5,-1,-1
3213,6,-1,-1
3213,7,-1,-1
3214,0,0,160
3214,1,0,160
3214,2,-1,-1
3214,3,-1,-1
3214,4,-1,-1
3214,5,-1,-1
3214,6,-1,-1
3214,7,-1,-1
3215,0,0,160
3215,1,0,160
3215,2,-1,-1
3215,3,-1,-1
3215,4,-1,-1
3215,5,-1,-1
3215,6,-1,-1
3215,7,-1,-1
3216,0,0,160
3216,1,0,160
3216,2,-1,-1
3216,3,-1,-1
3216,4,-1,-1
3216,5,-1,-1
3216,6,-1,-1
3216,7,-1,-1
3217,0,0,160
3217,1,0,160
3217,2,-1,-1
3217,3,-1,-1
3217,4,-1,-1
3217,5,-1,-1
3217,6,-1,-1
3217,7,-1,-1
3218,0,0,160
3218,1,0,160
3218,2,-1,-1
3218,3,-1,-1
3218,4,-1,-1
3218,5,-1,-1
3218,6,-1,-1
3218,7,-1,-1
3219,0,0,160
3219,1,0,160
3219,2,-1,-1
3219,3,-1,-1
3219,4,-1,-1
3219,5,-1,-1
3219,6,-1,-1
3219,7,-1,-1
3220,0,0,160
3220,1,0,160
3220,2,-1,-1
3220,3,-1,-1
3220,4,-1,-1
3220,5,-1,-1
3220,6,-1,-1
3220,7,-1,-1
3221,0,0,160
3221,1,0,160
3221,2,-1,-1
3221,3,-1,-1
3221,4,-1,-1
3221,5,-1,-1
3221,6,-1,-1
3221,7,-1,-1
3222,0,0,160
3222,1,0,160
3222,2,-1,-1
3222,3,-1,-1
3222,4,-1,-1
3222,5,-1,-1
3222,6,-1,-1
3222,7,-1,-1
3223,0,0,160
3223,1,0,160
3223,2,-1,-1
3223,3,-1,-1
3223,4,-1,-1
3223,5,-1,-1
3223,6,-1,-1
3223,7,-1,-1
3224,0,0,160
3224,1,0,160
3224,2,-1,-1
3224,3,-1,-1
3224,4,-1,-1
3224,5,-1,-1
3224,6,-1,-1
3224,7,-1,-1
3225,0,0,160
3225,1,0,160
3225,2,-1,-1
3225,3,-1,-1
3225,4,-1,-1
3225,5,-1,-1
3225,6,-1,-1
3225,7,-1,-1
3226,0,0,160
3226,1,0,160
3226,2,-1,-1
3226,3,-1,-1
3226,4,-1,-1
3226,5,-1,-1
3226,6,-1,-1
3226,7,-1,-1
3227,0,0,160
3227,1,0,160
3227,2,-1,-1
3227,3,-1,-1
3227,4,-1,-1
3227,5,-1,-1
3227,6,-1,-1
3227,7,-1,-1
3228,0,0,160
3228,1,0,160
3228,2,-1,-1
3228,3,-1,-1
3228,4,-1,-1
3228,5,-1,-1
3228,6,-1,-1
3228,7,-1,-1
3229,0,0,160
3229,1,0,160
3229,2,-1,-1
3229,3,-1,-1
3229,4,-1,-1
3229,5,-1,-1
3229,6,-1,-1
3229,7,-1,-1
3230,0,0,160
3230,1,0,160
3230,2,-1,-1
3230,3,-1,-1
3230,4,-1,-1
3230,5,-1,-1
3230,6,-1,-1
3230,7,-1,-1
3231,0,0,160
3231,1,0,160
3231,2,-1,-1
3231,3,-1,-1
3231,4,-1,-1
3231,5,-1,-1
3231,6,-1,-1
3231,7,-1,-1
3232,0,0,160
3232,1,0,160
3232,2,-1,-1
3232,3,-1,-1
3232,4,-1,-1
3232,5,-1,-1
3232,6,-1,-1
3232,7,-1,-1
3233,0,0,160
3233,1,0,160
3233,2,-1,-1
3233,3,-1,-1
3233,4,-1,-1
3233,5,-1,-1
3233,6,-1,-1
3233,7,-1,-1
3234,0,0,160
3234,1,0,160
3234,2,-1,-1
3234,3,-1,-1
3234,4,-1,-1
3234,5,-1,-1
3234,6,-1,-1
3234,7,-1,-1
3235,0,0,160
3235,1,0,160
3235,2,-1,-1
3235,3,-1,-1
3235,4,-1,-1
3235,5,-1,-1
3235,6,-1,-1
3235,7,-1,-1
3236,0,0,160
3236,1,0,160
3236,2,-1,-1
3236,3,-1,-1
3236,4,-1,-1
3236,5,-1,-1
3236,6,-1,-1
3236,7,-1,-1
3237,0,0,160
3237,1,0,160
3237,2,-1,-1
3237,3,-1,-1
3237,4,-1,-1
3237,5,-1,-1
3237,6,-1,-1
3237,7,-1,-1
3238,0,0,160
3238,1,0,160
3238,2,-1,-1
3238,3,-1,-1
3238,4,-1,-1
3238,5,-1,-1
3238,6,-1,-1
3238,7,-1,-1
3239,0,0,160
3239,1,0,160
3239,2,-1,-1
3239,3,-1,-1
3239,4,-1,-1
3239,5,-1,-1
3239,6,-1,-1
3239,7,-1,-1
3240,0,0,160
3240,1,0,160
3240,2,-1,-1
3240,3,-1,-1
3240,4,-1,-1
3240,5,-1,-1
3240,6,-1,-1
3240,7,-1,-1
3241,0,0,160
3241,1,0,160
3241,2,-1,-1
3241,3,-1,-1
3241,4,-1,-1
3241,5,-1,-1
3241,6,-1,-1
3241,7,-1,-1
3242,0,0,160
3242,1,0,160
3242,2,-1,-1
3242,3,-1,-1
3242,4,-1,-1
3242,5,-1,-1
3242,6,-1,-1
3242,7,-1,-1
3243,0,0,160
3243,1,0,160
3243,2,-1,-1
3243,3,-1,-1
3243,4,-1,-1
3243,5,-1,-1
3243,6,-1,-1
3243,7,-1,-1
3244,0,0,160
3244,1,0,160
3244,2,-1,-1
3244,3,-1,-1
3244,4,-1,-1
3244,5,-1,-1
3244,6,-1,-1
3244,7,-1,-1
3245,0,0,160
3245,1,0,160
3245,2,-1,-1
3245,3,-1,-1
3245,4,-1,-1
3245,5,-1,-1
3245,6,-1,-1
3245,7,-1,-1
3246,0,0,160
3246,1,0,160
3246,2,-1,-1
3246,3,-1,-1
3246,4,-1,-1
3246,5,-1,-1
3246,6,-1,-1
3246,7,-1,-1
3247,0,0,160
3247,1,0,160
3247,2,-1,-1
3247,3,-1,-1
3247,4,-1,-1
3247,5,-1,-1
3247,6,-1,-1
3247,7,-1,-1
3248,0,0,160
3248,1,0,160
3248,2,-1,-1
3248,3,-1,-1
3248,4,-1,-1
3248,5,-1,-1
3248,6,-1,-1
3248,7,-1,-1
3249,0,0,160
3249,1,0,160
3249,2,-1,-1
3249,3,-1,-1
3249,4,-1,-1
3249,5,-1,-1
3249,6,-1,-1
3249,7,-1,-1
3250,0,0,160
3250,1,0,160
3250,2,-1,-1
3250,3,-1,-1
3250,4,-1,-1
3250,5,-1,-1
3250,6,-1,-1
3250,7,-1,-1
3251,0,0,160
3251,1,0,160
3251,2,-1,-1
3251,3,-1,-1
3251,4,-1,-1
3251,5,-1,-1
3251,6,-1,-1
3251,7,-1,-1
3252,0,0,160
3252,1,0,160
3252,2,-1,-1
3252,3,-1,-1
3252,4,-1,-1
3252,5,-1,-1
3252,6,-1,-1
3252,7,-1,-1
3253,0,0,160
3253,1,0,160
3253,2,-1,-1
3253,3,-1,-1
3253,4,-1,-1
3253,5,-1,-1
3253,6,-1,-1
3253,7,-1,-1
3254,0,0,160
3254,1,0,160
3254,2,-1,-1
3254,3,-1,-1
3254,4,-1,-1
3254,5,-1,-1
3254,6,-1,-1
3254,7,-1,-1
3255,0,0,160
3255,1,0,160
3255,2,-1,-1
3255,3,-1,-1
3255,4,-1,-1
3255,5,-1,-1
3255,6,-1,-1
3255,7,-1,-1
3256,0,0,160
3256,1,0,160
3256,2,-1,-1
3256,3,-1,-1
3256,4,-1,-1
3256,5,-1,-1
3256,6,-1,-1
3256,7,-1,-1
3257,0,0,160
3257,1,0,160
3257,2,-1,-1
3257,3,-1,-1
3257,4,-1,-1
3257,5,-1,-1
3257,6,-1,-1
3257,7,-1,-1
3258,0,0,160
3258,1,0,160
3258,2,-1,-1
3258,3,-1,-1
3258,4,-1,-1
3258,5,-1,-1
3258,6,-1,-1
3258,7,-1,-1
3259,0,0,160
3259,1,0,160
3259,2,-1,-1
3259,3,-1,-1
3259,4,-1,-1
3259,5,-1,-1
3259,6,-1,-1
3259,7,-1,-1
3260,0,0,160
3260,1,0,160
3260,2,-1,-1
3260,3,-1,-1
3260,4,-1,-1
3260,5,-1,-1
3260,6,-1,-1
3260,7,-1,-1
3261,0,0,160
3261,1,0,160
3261,2,-1,-1
3261,3,-1,-1
3261,4,-1,-1
3261,5,-1,-1
3261,6,-1,-1
3261,7,-1,-1
3262,0,0,160
3262,1,0,160
3262,2,-1,-1
3262,3,-1,-1
3262,4,-1,-1
3262,5,-1,-1
3262,6,-1,-1
3262,7,-1,-1
3263,0,0,160
3263,1,0,160
3263,2,-1,-1
3263,3,-1,-1
3263,4,-1,-1
3263,5,-1,-1
3263,6,-1,-1
3263,7,-1,-1
3264,0,0,160
3264,1,0,160
3264,2,-1,-1
3264,3,-1,-1
3264,4,-1,-1
3264,5,-1,-1
3264,6,-1,-1
3264,7,-1,-1
3265,0,0,160
3265,1,0,160
3265,2,-1,-1
3265,3,-1,-1
3265,4,-1,-1
3265,5,-1,-1
3265,6,-1,-1
3265,7,-1,-1
3266,0,0,160
3266,1,0,160
3266,2,-1,-1
3266,3,-1,-1
3266,4,-1,-1
3266,5,-1,-1
3266,6,-1,-1
3266,7,-1,-1
3267,0,0,160
3267,1,0,160
3267,2,-1,-1
3267,3,-1,-1
3267,4,-1,-1
3267,5,-1,-1
3267,6,-1,-1
3267,7,-1,-1
3268,0,0,160
3268,1,0,160
3268,2,-1,-1
3268,3,-1,-1
3268,4,-1,-1
3268,5,-1,-1
3268,6,-1,-1
3268,7,-1,-1
3269,0,0,160
3269,1,0,160
3269,2,-1,-1
3269,3,-1,-1
3269,4,-1,-1
3269,5,-1,-1
3269,6,-1,-1
3269,7,-1,-1
3270,0,0,160
3270,1,0,160
3270,2,-1,-1
3270,3,-1,-1
3270,4,-1,-1
3270,5,-1,-1
3270,6,-1,-1
3270,7,-1,-1
3271,0,0,160
3271,1,0,160
3271,2,-1,-1
3271,3,-1,-1
3271,4,-1,-1
3271,5,-1,-1
3271,6,-1,-1
3271,7,-1,-1
3272,0,0,160
3272,1,0,160
3272,2,-1,-1
3272,3,-1,-1
3272,4,-1,-1
3272,5,-1,-1
3272,6,-1,-1
3272,7,-1,-1
3273,0,0,160
3273,1,0,160
3273,2,-1,-1
3273,3,-1,-1
3273,4,-1,-1
3273,5,-1,-1
3273,6,-1,-1
3273,7,-1,-1
3274,0,0,160
3274,1,0,160
3274,2,-1,-1
3274,3,-1,-1
3274,4,-1,-1
3274,5,-1,-1
3274,6,-1,-1
3274,7,-1,-1
3275,0,0,160
3275,1,0,160
3275,2,-1,-1
3275,3,-1,-1
3275,4,-1,-1
3275,5,-1,-1
3275,6,-1,-1
3275,7,-1,-1
3276,0,0,160
3276,1,0,160
3276,2,-1,-1
3276,3,-1,-1
3276,4,-1,-1
3276,5,-1,-1
3276,6,-1,-1
3276,7,-1,-1
3277,0,0,160
3277,1,0,160
3277,2,-1,-1
3277,3,-1,-1
3277,4,-1,-1
3277,5,-1,-1
3277,6,-1,-1
3277,7,-1,-1
3278,0,0,160
3278,1,0,160
3278,2,-1,-1
3278,3,-1,-1
3278,4,-1,-1
3278,5,-1,-1
3278,6,-1,-1
3278,7,-1,-1
3279,0,0,160
3279,1,0,160
3279,2,-1,-1
3279,3,-1,-1
3279,4,-1,-1
3279,5,-1,-1
3279,6,-1,-1
3279,7,-1,-1
3280,0,0,160
3280,1,0,160
3280,2,-1,-1
3280,3,-1,-1
3280,4,-1,-1
3280,5,-1,-1
3280,6,-1,-1
3280,7,-1,-1
3281,0,0,160
3281,1,0,160
3281,2,-1,-1
3281,3,-1,-1
3281,4,-1,-1
3281,5,-1,-1
3281,6,-1,-1
3281,7,-1,-1
3282,0,0,160
3282,1,0,160
3282,2,-1,-1
3282,3,-1,-1
3282,4,-1,-1
3282,5,-1,-1
3282,6,-1,-1
3282,7,-1,-1
3283,0,0,160
3283,1,0,160
3283,2,-1,-1
3283,3,-1,-1
3283,4,-1,-1
3283,5,-1,-1
3283,6,-1,-1
3283,7,-1,-1
3284,0,0,160
3284,1,0,160
3284,2,-1,-1
3284,3,-1,-1
3284,4,-1,-1
3284,5,-1,-1
3284,6,-1,-1
3284,7,-1,-1
3285,0,0,160
3285,1,0,160
3285,2,-1,-1
3285,3,-1,-1
3285,4,-1,-1
3285,5,-1,-1
3285,6,-1,-1
3285,7,-1,-1
3286,0,0,160
3286,1,0,160
3286,2,-1,-1
3286,3,-1,-1
3286,4,-1,-1
3286,5,-1,-1
3286,6,-1,-1
3286,7,-1,-1
3287,0,0,160
3287,1,0,160
3287,2,-1,-1
3287,3,-1,-1
3287,4,-1,-1
3287,5,-1,-1
3287,6,-1,-1
3287,7,-1,-1
3288,0,0,160
3288,1,0,160
3288,2,-1,-1
3288,3,-1,-1
3288,4,-1,-1
3288,5,-1,-1
3288,6,-1,-1
3288,7,-1,-1
3289,0,0,160
3289,1,0,160
3289,2,-1,-1
3289,3,-1,-1
3289,4,-1,-1
3289,5,-1,-1
3289,6,-1,-1
3289,7,-1,-1
3290,0,0,160
3290,1,0,160
3290,2,-1,-1
3290,3,-1,-1
3290,4,-1,-1
3290,5,-1,-1
3290,6,-1,-1
3290,7,-1,-1
3291,0,0,160
3291,1,0,160
3291,2,-1,-1
3291,3,-1,-1
3291,4,-1,-1
3291,5,-1,-1
3291,6,-1,-1
3291,7,-1,-1
3292,0,0,160
3292,1,0,160
3292,2,-1,-1
3292,3,-1,-1
3292,4,-1,-1
3292,5,-1,-1
3292,6,-1,-1
3292,7,-1,-1
3293,0,0,160
3293,1,0,160
3293,2,-1,-1
3293,3,-1,-1
3293,4,-1,-1
3293,5,-1,-1
3293,6,-1,-1
3293,7,-1,-1
3294,0,0,160
3294,1,0,160
3294,2,-1,-1
3294,3,-1,-1
3294,4,-1,-1
3294,5,-1,-1
3294,6,-1,-1
3294,7,-1,-1
3295,0,0,160
3295,1,0,160
3295,2,-1,-1
3295,3,-1,-1
3295,4,-1,-1
3295,5,-1,-1
3295,6,-1,-1
3295,7,-1,-1
3296,0,0,160
3296,1,0,160
3296,2,-1,-1
3296,3,-1,-1
3296,4,-1,-1
3296,5,-1,-1
3296,6,-1,-1
3296,7,-1,-1
3297,0,0,160
3297,1,0,160
3297,2,-1,-1
3297,3,-1,-1
3297,4,-1,-1
3297,5,-1,-1
3297,6,-1,-1
3297,7,-1,-1
3298,0,0,160
3298,1,0,160
3298,2,-1,-1
3298,3,-1,-1
3298,4,-1,-1
3298,5,-1,-1
3298,6,-1,-1
3298,7,-1,-1
3299,0,0,160
3299,1,0,160
3299,2,-1,-1
3299,3,-1,-1
3299,4,-1,-1
3299,5,-1,-1
3299,6,-1,-1
3299,7,-1,-1
3300,0,0,160
3300,1,0,160
3300,2,-1,-1
3300,3,-1,-1
3300,4,-1,-1
3300,5,-1,-1
3300,6,-1,-1
3300,7,-1,-1
3301,0,0,160
3301,1,0,160
3301,2,-1,-1
3301,3,-1,-1
3301,4,-1,-1
3301,5,-1,-1
3301,6,-1,-1
3301,7,-1,-1
3302,0,0,160
3302,1,0,160
3302,2,-1,-1
3302,3,-1,-1
3302,4,-1,-1
3302,5,-1,-1
3302,6,-1,-1
3302,7,-1,-1
3303,0,0,160
3303,1,0,160
3303,2,-1,-1
3303,3,-1,-1
3303,4,-1,-1
3303,5,-1,-1
3303,6,-1,-1
3303,7,-1,-1
3304,0,0,160
3304,1,0,160
3304,2,-1,-1
3304,3,-1,-1
3304,4,-1,-1
3304,5,-1,-1
3304,6,-1,-1
3304,7,-1,-1
3305,0,0,160
3305,1,0,160
3305,2,-1,-1
3305,3,-1,-1
3305,4,-1,-1
3305,5,-1,-1
3305,6,-1,-1
3305,7,-1,-1
3306,0,0,160
3306,1,0,160
3306,2,-1,-1
3306,3,-1,-1
3306,4,-1,-1
3306,5,-1,-1
3306,6,-1,-1
3306,7,-1,-1
3307,0,0,160
3307,1,0,160
3307,2,-1,-1
3307,3,-1,-1
3307,4,-1,-1
3307,5,-1,-1
3307,6,-1,-1
3307,7,-1,-1
3308,0,0,160
3308,1,0,160
3308,2,-1,-1
3308,3,-1,-1
3308,4,-1,-1
3308,5,-1,-1
3308,6,-1,-1
3308,7,-1,-1
3309,0,0,160
3309,1,0,160
3309,2,-1,-1
3309,3,-1,-1
3309,4,-1,-1
3309,5,-1,-1
3309,6,-1,-1
3309,7,-1,-1
3310,0,0,160
3310,1,0,160
3310,2,-1,-1
3310,3,-1,-1
3310,4,-1,-1
3310,5,-1,-1
3310,6,-1,-1
3310,7,-1,-1
3311,0,0,160
3311,1,0,160
3311,2,-1,-1
3311,3,-1,-1
3311,4,-1,-1
3311,5,-1,-1
3311,6,-1,-1
3311,7,-1,-1
3312,0,0,160
3312,1,0,160
3312,2,-1,-1
3312,3,-1,-1
3312,4,-1,-1
3312,5,-1,-1
3312,6,-1,-1
3312,7,-1,-1
3313,0,0,160
3313,1,0,160
3313,2,-1,-1
3313,3,-1,-1
3313,4,-1,-1
3313,5,-1,-1
3313,6,-1,-1
3313,7,-1,-1
3314,0,0,160
3314,1,0,160
3314,2,-1,-1
3314,3,-1,-1
3314,4,-1,-1
3314,5,-1,-1
3314,6,-1,-1
3314,7,-1,-1
3315,0,0,160
3315,1,0,160
3315,2,-1,-1
3315,3,-1,-1
3315,4,-1,-1
3315,5,-1,-1
3315,6,-1,-1
3315,7,-1,-1
3316,0,0,160
3316,1,0,160
3316,2,-1,-1
3316,3,-1,-1
3316,4,-1,-1
3316,5,-1,-1
3316,6,-1,-1
3316,7,-1,-1
3317,0,0,160
3317,1,0,160
3317,2,-1,-1
3317,3,-1,-1
3317,4,-1,-1
3317,5,-1,-1
3317,6,-1,-1
3317,7,-1,-1
3318,0,0,160
3318,1,0,160
3318,2,-1,-1
3318,3,-1,-1
3318,4,-1,-1
3318,5,-1,-1
3318,6,-1,-1
3318,7,-1,-1
3319,0,0,160
3319,1,0,160
3319,2,-1,-1
3319,3,-1,-1
3319,4,-1,-1
3319,5,-1,-1
3319,6,-1,-1
3319,7,-1,-1
3320,0,0,160
3320,1,0,160
3320,2,-1,-1
3320,3,-1,-1
3320,4,-1,-1
3320,5,-1,-1
3320,6,-1,-1
3320,7,-1,-1
3321,0,0,160
3321,1,0,160
3321,2,-1,-1
3321,3,-1,-1
3321,4,-1,-1
3321,5,-1,-1
3321,6,-1,-1
3321,7,-1,-1
3322,0,0,160
3322,1,0,160
3322,2,-1,-1
3322,3,-1,-1
3322,4,-1,-1
3322,5,-1,-1
3322,6,-1,-1
3322,7,-1,-1
3323,0,0,160
3323,1,0,160
3323,2,-1,-1
3323,3,-1,-1
3323,4,-1,-1
3323,5,-1,-1
3323,6,-1,-1
3323,7,-1,-1
3324,0,0,160
3324,1,0,160
3324,2,-1,-1
3324,3,-1,-1
3324,4,-1,-1
3324,5,-1,-1
3324,6,-1,-1
3324,7,-1,-1
3325,0,0,160
3325,1,0,160
3325,2,-1,-1
3325,3,-1,-1
3325,4,-1,-1
3325,5,-1,-1
3325,6,-1,-1
3325,7,-1,-1
3326,0,0,160
3326,1,0,160
3326,2,-1,-1
3326,3,-1,-1
3326,4,-1,-1
3326,5,-1,-1
3326,6,-1,-1
3326,7,-1,-1
3327,0,0,160
3327,1,0,160
3327,2,-1,-1
3327,3,-1,-1
3327,4,-1,-1
3327,5,-1,-1
3327,6,-1,-1
3327,7,-1,-1
3328,0,0,160
3328,1,0,160
3328,2,-1,-1
3328,3,-1,-1
3328,4,-1,-1
3328,5,-1,-1
3328,6,-1,-1
3328,7,-1,-1
3329,0,0,160
3329,1,0,160
3329,2,-1,-1
3329,3,-1,-1
3329,4,-1,-1
3329,5,-1,-1
3329,6,-1,-1
3329,7,-1,-1
3330,0,0,160
3330,1,0,160
3330,2,-1,-1
3330,3,-1,-1
3330,4,-1,-1
3330,5,-1,-1
3330,6,-1,-1
3330,7,-1,-1
3331,0,0,160
3331,1,0,160
3331,2,-1,-1
3331,3,-1,-1
3331,4,-1,-1
3331,5,-1,-1
3331,6,-1,-1
3331,7,-1,-1
3332,0,0,160
3332,1,0,160
3332,2,-1,-1
3332,3,-1,-1
3332,4,-1,-1
3332,5,-1,-1
3332,6,-1,-1
3332,7,-1,-1
3333,0,0,160
3333,1,0,160
3333,2,-1,-1
3333,3,-1,-1
3333,4,-1,-1
3333,5,-1,-1
3333,6,-1,-1
3333,7,-1,-1
3334,0,0,160
3334,1,0,160
3334,2,-1,-1
3334,3,-1,-1
3334,4,-1,-1
3334,5,-1,-1
3334,6,-1,-1
3334,7,-1,-1
3335,0,0,160
3335,1,0,160
3335,2,-1,-1
3335,3,-1,-1
3335,4,-1,-1
3335,5,-1,-1
3335,6,-1,-1
3335,7,-1,-1
3336,0,0,160
3336,1,0,160
3336,2,-1,-1
3336,3,-1,-1
3336,4,-1,-1
3336,5,-1,-1
3336,6,-1,-1
3336,7,-1,-1
3337,0,0,160
3337,1,0,160
3337,2,-1,-1
3337,3,-1,-1
3337,4,-1,-1
3337,5,-1,-1
3337,6,-1,-1
3337,7,-1,-1
3338,0,0,160
3338,1,0,160
3338,2,-1,-1
3338,3,-1,-1
3338,4,-1,-1
3338,5,-1,-1
3338,6,-1,-1
3338,7,-1,-1
3339,0,0,160
3339,1,0,160
3339,2,-1,-1
3339,3,-1,-1
3339,4,-1,-1
3339,5,-1,-1
3339,6,-1,-1
3339,7,-1,-1
3340,0,0,160
3340,1,0,160
3340,2,-1,-1
3340,3,-1,-1
3340,4,-1,-1
3340,5,-1,-1
3340,6,-1,-1
3340,7,-1,-1
3341,0,0,160
3341,1,0,160
3341,2,-1,-1
3341,3,-1,-1
3341,4,-1,-1
3341,5,-1,-1
3341,6,-1,-1
3341,7,-1,-1
3342,0,0,160
3342,1,0,160
3342,2,-1,-1
3342,3,-1,-1
3342,4,-1,-1
3342,5,-1,-1
3342,6,-1,-1
3342,7,-1,-1
3343,0,0,160
3343,1,0,160
3343,2,-1,-1
3343,3,-1,-1
3343,4,-1,-1
3343,5,-1,-1
3343,6,-1,-1
3343,7,-1,-1
3344,0,0,160
3344,1,0,160
3344,2,-1,-1
3344,3,-1,-1
3344,4,-1,-1
3344,5,-1,-1
3344,6,-1,-1
3344,7,-1,-1
3345,0,0,160
3345,1,0,160
3345,2,-1,-1
3345,3,-1,-1
3345,4,-1,-1
3345,5,-1,-1
3345,6,-1,-1
3345,7,-1,-1
3346,0,0,160
3346,1,0,160
3346,2,-1,-1
3346,3,-1,-1
3346,4,-1,-1
3346,5,-1,-1
3346,6,-1,-1
3346,7,-1,-1
3347,0,0,160
3347,1,0,160
3347,2,-1,-1
3347,3,-1,-1
3347,4,-1,-1
3347,5,-1,-1
3347,6,-1,-1
3347,7,-1,-1
3348,0,0,160
3348,1,0,160
3348,2,-1,-1
3348,3,-1,-1
3348,4,-1,-1
3348,5,-1,-1
3348,6,-1,-1
3348,7,-1,-1
3349,0,0,160
3349,1,0,160
3349,2,-1,-1
3349,3,-1,-1
3349,4,-1,-1
3349,5,-1,-1
3349,6,-1,-1
3349,7,-1,-1
3350,0,0,160
3350,1,0,160
3350,2,-1,-1
3350,3,-1,-1
3350,4,-1,-1
3350,5,-1,-1
3350,6,-1,-1
3350,7,-1,-1
3351,0,0,160
3351,1,0,160
3351,2,-1,-1
3351,3,-1,-1
3351,4,-1,-1
3351,5,-1,-1
3351,6,-1,-1
3351,7,-1,-1
3352,0,0,160
3352,1,0,160
3352,2,-1,-1
3352,3,-1,-1
3352,4,-1,-1
3352,5,-1,-1
3352,6,-1,-1
3352,7,-1,-1
3353,0,0,160
3353,1,0,160
3353,2,-1,-1
3353,3,-1,-1
3353,4,-1,-1
3353,5,-1,-1
3353,6,-1,-1
3353,7,-1,-1
3354,0,0,160
3354,1,0,160
3354,2,-1,-1
3354,3,-1,-1
3354,4,-1,-1
3354,5,-1,-1
3354,6,-1,-1
3354,7,-1,-1
3355,0,0,160
3355,1,0,160
3355,2,-1,-1
3355,3,-1,-1
3355,4,-1,-1
3355,5,-1,-1
3355,6,-1,-1
3355,7,-1,-1
3356,0,0,160
3356,1,0,160
3356,2,-1,-1
3356,3,-1,-1
3356,4,-1,-1
3356,5,-1,-1
3356,6,-1,-1
3356,7,-1,-1
3357,0,0,160
3357,1,0,160
3357,2,-1,-1
3357,3,-1,-1
3357,4,-1,-1
3357,5,-1,-1
3357,6,-1,-1
3357,7,-1,-1
3358,0,0,160
3358,1,0,160
3358,2,-1,-1
3358,3,-1,-1
3358,4,-1,-1
3358,5,-1,-1
3358,6,-1,-1
3358,7,-1,-1
3359,0,0,160
3359,1,0,160
3359,2,-1,-1
3359,3,-1,-1
3359,4,-1,-1
3359,5,-1,-1
3359,6,-1,-1
3359,7,-1,-1
3360,0,0,160
3360,1,0,160
3360,2,-1,-1
3360,3,-1,-1
3360,4,-1,-1
3360,5,-1,-1
3360,6,-1,-1
3360,7,-1,-1
3361,0,0,160
3361,1,0,160
3361,2,-1,-1
3361,3,-1,-1
3361,4,-1,-1
3361,5,-1,-1
3361,6,-1,-1
3361,7,-1,-1
3362,0,0,160
3362,1,0,160
3362,2,-1,-1
3362,3,-1,-1
3362,4,-1,-1
3362,5,-1,-1
3362,6,-1,-1
3362,7,-1,-1
3363,0,0,160
3363,1,0,160
3363,2,-1,-1
3363,3,-1,-1
3363,4,-1,-1
3363,5,-1,-1
3363,6,-1,-1
3363,7,-1,-1
3364,0,0,160
3364,1,0,160
3364,2,-1,-1
3364,3,-1,-1
3364,4,-1,-1
3364,5,-1,-1
3364,6,-1,-1
3364,7,-1,-1
3365,0,0,160
3365,1,0,160
3365,2,-1,-1
3365,3,-1,-1
3365,4,-1,-1
3365,5,-1,-1
3365,6,-1,-1
3365,7,-1,-1
3366,0,0,160
3366,1,0,160
3366,2,-1,-1
3366,3,-1,-1
3366,4,-1,-1
3366,5,-1,-1
3366,6,-1,-1
3366,7,-1,-1
3367,0,0,160
3367,1,0,160
3367,2,-1,-1
3367,3,-1,-1
3367,4,-1,-1
3367,5,-1,-1
3367,6,-1,-1
3367,7,-1,-1
3368,0,0,160
3368,1,0,160
3368,2,-1,-1
3368,3,-1,-1
3368,4,-1,-1
3368,5,-1,-1
3368,6,-1,-1
3368,7,-1,-1
3369,0,0,160
3369,1,0,160
3369,2,-1,-1
3369,3,-1,-1
3369,4,-1,-1
3369,5,-1,-1
3369,6,-1,-1
3369,7,-1,-1
3370,0,0,160
3370,1,0,160
3370,2,-1,-1
3370,3,-1,-1
3370,4,-1,-1
3370,5,-1,-1
3370,6,-1,-1
3370,7,-1,-1
3371,0,0,160
3371,1,0,160
3371,2,-1,-1
3371,3,-1,-1
3371,4,-1,-1
3371,5,-1,-1
3371,6,-1,-1
3371,7,-1,-1
3372,0,0,160
3372,1,0,160
3372,2,-1,-1
3372,3,-1,-1
3372,4,-1,-1
3372,5,-1,-1
3372,6,-1,-1
3372,7,-1,-1
3373,0,0,160
3373,1,0,160
3373,2,-1,-1
3373,3,-1,-1
3373,4,-1,-1
3373,5,-1,-1
3373,6,-1,-1
3373,7,-1,-1
3374,0,0,160
3374,1,0,160
3374,2,-1,-1
3374,3,-1,-1
3374,4,-1,-1
3374,5,-1,-1
3374,6,-1,-1
3374,7,-1,-1
3375,0,0,160
3375,1,0,160
3375,2,-1,-1
3375,3,-1,-1
3375,4,-1,-1
3375,5,-1,-1
3375,6,-1,-1
3375,7,-1,-1
3376,0,0,160
3376,1,0,160
3376,2,-1,-1
3376,3,-1,-1
3376,4,-1,-1
3376,5,-1,-1
3376,6,-1,-1
3376,7,-1,-1
3377,0,0,160
3377,1,0,160
3377,2,-1,-1
3377,3,-1,-1
3377,4,-1,-1
3377,5,-1,-1
3377,6,-1,-1
3377,7,-1,-1
3378,0,0,160
3378,1,0,160
3378,2,-1,-1
3378,3,-1,-1
3378,4,-1,-1
3378,5,-1,-1
3378,6,-1,-1
3378,7,-1,-1
3379,0,0,160
3379,1,0,160
3379,2,-1,-1
3379,3,-1,-1
3379,4,-1,-1
3379,5,-1,-1
3379,6,-1,-1
3379,7,-1,-1
3380,0,0,160
3380,1,0,160
3380,2,-1,-1
3380,3,-1,-1
3380,4,-1,-1
3380,5,-1,-1
3380,6,-1,-1
3380,7,-1,-1
3381,0,0,160
3381,1,0,160
3381,2,-1,-1
3381,3,-1,-1
3381,4,-1,-1
3381,5,-1,-1
3381,6,-1,-1
3381,7,-1,-1
3382,0,0,160
3382,1,0,160
3382,2,-1,-1
3382,3,-1,-1
3382,4,-1,-1
3382,5,-1,-1
3382,6,-1,-1
3382,7,-1,-1
3383,0,0,160
3383,1,0,160
3383,2,-1,-1
3383,3,-1,-1
3383,4,-1,-1
3383,5,-1,-1
3383,6,-1,-1
3383,7,-1,-1
3384,0,0,160
3384,1,0,160
3384,2,-1,-1
3384,3,-1,-1
3384,4,-1,-1
3384,5,-1,-1
3384,6,-1,-1
3384,7,-1,-1
3385,0,0,160
3385,1,0,160
3385,2,-1,-1
3385,3,-1,-1
3385,4,-1,-1
3385,5,-1,-1
3385,6,-1,-1
3385,7,-1,-1
3386,0,0,160
3386,1,0,160
3386,2,-1,-1
3386,3,-1,-1
3386,4,-1,-1
3386,5,-1,-1
3386,6,-1,-1
3386,7,-1,-1
3387,0,0,160
3387,1,0,160
3387,2,-1,-1
3387,3,-1,-1
3387,4,-1,-1
3387,5,-1,-1
3387,6,-1,-1
3387,7,-1,-1
3388,0,0,160
3388,1,0,160
3388,2,-1,-1
3388,3,-1,-1
3388,4,-1,-1
3388,5,-1,-1
3388,6,-1,-1
3388,7,-1,-1
3389,0,0,160
3389,1,0,160
3389,2,-1,-1
3389,3,-1,-1
3389,4,-1,-1
3389,5,-1,-1
3389,6,-1,-1
3389,7,-1,-1
3390,0,0,160
3390,1,0,160
3390,2,-1,-1
3390,3,-1,-1
3390,4,-1,-1
3390,5,-1,-1
3390,6,-1,-1
3390,7,-1,-1
3391,0,0,160
3391,1,0,160
3391,2,-1,-1
3391,3,-1,-1
3391,4,-1,-1
3391,5,-1,-1
3391,6,-1,-1
3391,7,-1,-1
3392,0,0,160
3392,1,0,160
3392,2,-1,-1
3392,3,-1,-1
3392,4,-1,-1
3392,5,-1,-1
3392,6,-1,-1
3392,7,-1,-1
3393,0,0,160
3393,1,0,160
3393,2,-1,-1
3393,3,-1,-1
3393,4,-1,-1
3393,5,-1,-1
3393,6,-1,-1
3393,7,-1,-1
3394,0,0,160
3394,1,0,160
3394,2,-1,-1
3394,3,-1,-1
3394,4,-1,-1
3394,5,-1,-1
3394,6,-1,-1
3394,7,-1,-1
3395,0,0,160
3395,1,0,160
3395,2,-1,-1
3395,3,-1,-1
3395,4,-1,-1
3395,5,-1,-1
3395,6,-1,-1
3395,7,-1,-1
3396,0,0,160
3396,1,0,160
3396,2,-1,-1
3396,3,-1,-1
3396,4,-1,-1
3396,5,-1,-1
3396,6,-1,-1
3396,7,-1,-1
3397,0,0,160
3397,1,0,160
3397,2,-1,-1
3397,3,-1,-1
3397,4,-1,-1
3397,5,-1,-1
3397,6,-1,-1
3397,7,-1,-1
3398,0,0,160
3398,1,0,160
3398,2,-1,-1
3398,3,-1,-1
3398,4,-1,-1
3398,5,-1,-1
3398,6,-1,-1
3398,7,-1,-1
3399,0,0,160
3399,1,0,160
3399,2,-1,-1
3399,3,-1,-1
3399,4,-1,-1
3399,5,-1,-1
3399,6,-1,-1
3399,7,-1,-1
3400,0,0,160
3400,1,0,160
3400,2,-1,-1
3400,3,-1,-1
3400,4,-1,-1
3400,5,-1,-1
3400,6,-1,-1
3400,7,-1,-1
3401,0,0,160
3401,1,0,160
3401,2,-1,-1
3401,3,-1,-1
3401,4,-1,-1
3401,5,-1,-1
3401,6,-1,-1
3401,7,-1,-1
3402,0,0,160
3402,1,0,160
3402,2,-1,-1
3402,3,-1,-1
3402,4,-1,-1
3402,5,-1,-1
3402,6,-1,-1
3402,7,-1,-1
3403,0,0,160
3403,1,0,160
3403,2,-1,-1
3403,3,-1,-1
3403,4,-1,-1
3403,5,-1,-1
3403,6,-1,-1
3403,7,-1,-1
3404,0,0,160
3404,1,0,160
3404,2,-1,-1
3404,3,-1,-1
3404,4,-1,-1
3404,5,-1,-1
3404,6,-1,-1
3404,7,-1,-1
3405,0,0,160
3405,1,0,160
3405,2,-1,-1
3405,3,-1,-1
3405,4,-1,-1
3405,5,-1,-1
3405,6,-1,-1
3405,7,-1,-1
3406,0,0,160
3406,1,0,160
3406,2,-1,-1
3406,3,-1,-1
3406,4,-1,-1
3406,5,-1,-1
3406,6,-1,-1
3406,7,-1,-1
3407,0,0,160
3407,1,0,160
3407,2,-1,-1
3407,3,-1,-1
3407,4,-1,-1
3407,5,-1,-1
3407,6,-1,-1
3407,7,-1,-1
3408,0,0,160
3408,1,0,160
3408,2,-1,-1
3408,3,-1,-1
3408,4,-1,-1
3408,5,-1,-1
3408,6,-1,-1
3408,7,-1,-1
3409,0,0,160
3409,1,0,160
3409,2,-1,-1
3409,3,-1,-1
3409,4,-1,-1
3409,5,-1,-1
3409,6,-1,-1
3409,7,-1,-1
3410,0,0,160
3410,1,0,160
3410,2,-1,-1
3410,3,-1,-1
3410,4,-1,-1
3410,5,-1,-1
3410,6,-1,-1
3410,7,-1,-1
3411,0,0,160
3411,1,0,160
3411,2,-1,-1
3411,3,-1,-1
3411,4,-1,-1
3411,5,-1,-1
3411,6,-1,-1
3411,7,-1,-1
3412,0,0,160
3412,1,0,160
3412,2,-1,-1
3412,3,-1,-1
3412,4,-1,-1
3412,5,-1,-1
3412,6,-1,-1
3412,7,-1,-1
3413,0,0,160
3413,1,0,160
3413,2,-1,-1
3413,3,-1,-1
3413,4,-1,-1
3413,5,-1,-1
3413,6,-1,-1
3413,7,-1,-1
3414,0,0,160
3414,1,0,160
3414,2,-1,-1
3414,3,-1,-1
3414,4,-1,-1
3414,5,-1,-1
3414,6,-1,-1
3414,7,-1,-1
3415,0,0,160
3415,1,0,160
3415,2,-1,-1
3415,3,-1,-1
3415,4,-1,-1
3415,5,-1,-1
3415,6,-1,-1
3415,7,-1,-1
3416,0,0,160
3416,1,0,160
3416,2,-1,-1
3416,3,-1,-1
3416,4,-1,-1
3416,5,-1,-1
3416,6,-1,-1
3416,7,-1,-1
3417,0,0,160
3417,1,0,160
3417,2,-1,-1
3417,3,-1,-1
3417,4,-1,-1
3417,5,-1,-1
3417,6,-1,-1
3417,7,-1,-1
3418,0,0,160
3418,1,0,160
3418,2,-1,-1
3418,3,-1,-1
3418,4,-1,-1
3418,5,-1,-1
3418,6,-1,-1
3418,7,-1,-1
3419,0,0,160
3419,1,0,160
3419,2,-1,-1
3419,3,-1,-1
3419,4,-1,-1
3419,5,-1,-1
3419,6,-1,-1
3419,7,-1,-1
3420,0,0,160
3420,1,0,160
3420,2,-1,-1
3420,3,-1,-1
3420,4,-1,-1
3420,5,-1,-1
3420,6,-1,-1
3420,7,-1,-1
3421,0,0,160
3421,1,0,160
3421,2,-1,-1
3421,3,-1,-1
3421,4,-1,-1
3421,5,-1,-1
3421,6,-1,-1
3421,7,-1,-1
3422,0,0,160
3422,1,0,160
3422,2,-1,-1
3422,3,-1,-1
3422,4,-1,-1
3422,5,-1,-1
3422,6,-1,-1
3422,7,-1,-1
3423,0,0,160
3423,1,0,160
3423,2,-1,-1
3423,3,-1,-1
3423,4,-1,-1
3423,5,-1,-1
3423,6,-1,-1
3423,7,-1,-1
3424,0,0,160
3424,1,0,160
3424,2,-1,-1
3424,3,-1,-1
3424,4,-1,-1
3424,5,-1,-1
3424,6,-1,-1
3424,7,-1,-1
3425,0,0,160
3425,1,0,160
3425,2,-1,-1
3425,3,-1,-1
3425,4,-1,-1
3425,5,-1,-1
3425,6,-1,-1
3425,7,-1,-1
3426,0,0,160
3426,1,0,160
3426,2,-1,-1
3426,3,-1,-1
3426,4,-1,-1
3426,5,-1,-1
3426,6,-1,-1
3426,7,-1,-1
3427,0,0,160
3427,1,0,160
3427,2,-1,-1
3427,3,-1,-1
3427,4,-1,-1
3427,5,-1,-1
3427,6,-1,-1
3427,7,-1,-1
3428,0,0,160
3428,1,0,160
3428,2,-1,-1
3428,3,-1,-1
3428,4,-1,-1
3428,5,-1,-1
3428,6,-1,-1
3428,7,-1,-1
3429,0,0,160
3429,1,0,160
3429,2,-1,-1
3429,3,-1,-1
3429,4,-1,-1
3429,5,-1,-1
3429,6,-1,-1
3429,7,-1,-1
3430,0,0,160
3430,1,0,160
3430,2,-1,-1
3430,3,-1,-1
3430,4,-1,-1
3430,5,-1,-1
3430,6,-1,-1
3430,7,-1,-1
3431,0,0,160
3431,1,0,160
3431,2,-1,-1
3431,3,-1,-1
3431,4,-1,-1
3431,5,-1,-1
3431,6,-1,-1
3431,7,-1,-1
3432,0,0,160
3432,1,0,160
3432,2,-1,-1
3432,3,-1,-1
3432,4,-1,-1
3432,5,-1,-1
3432,6,-1,-1
3432,7,-1,-1
3433,0,0,160
3433,1,0,160
3433,2,-1,-1
3433,3,-1,-1
3433,4,-1,-1
3433,5,-1,-1
3433,6,-1,-1
3433,7,-1,-1
3434,0,0,160
3434,1,0,160
3434,2,-1,-1
3434,3,-1,-1
3434,4,-1,-1
3434,5,-1,-1
3434,6,-1,-1
3434,7,-1,-1
3435,0,0,160
3435,1,0,160
3435,2,-1,-1
3435,3,-1,-1
3435,4,-1,-1
3435,5,-1,-1
3435,6,-1,-1
3435,7,-1,-1
3436,0,0,160
3436,1,0,160
3436,2,-1,-1
3436,3,-1,-1
3436,4,-1,-1
3436,5,-1,-1
3436,6,-1,-1
3436,7,-1,-1
3437,0,0,160
3437,1,0,160
3437,2,-1,-1
3437,3,-1,-1
3437,4,-1,-1
3437,5,-1,-1
3437,6,-1,-1
3437,7,-1,-1
3438,0,0,160
3438,1,0,160
3438,2,-1,-1
3438,3,-1,-1
3438,4,-1,-1
3438,5,-1,-1
3438,6,-1,-1
3438,7,-1,-1
3439,0,0,160
3439,1,0,160
3439,2,-1,-1
3439,3,-1,-1
3439,4,-1,-1
3439,5,-1,-1
3439,6,-1,-1
3439,7,-1,-1
3440,0,0,160
3440,1,0,160
3440,2,-1,-1
3440,3,-1,-1
3440,4,-1,-1
3440,5,-1,-1
3440,6,-1,-1
3440,7,-1,-1
3441,0,0,160
3441,1,0,160
3441,2,-1,-1
3441,3,-1,-1
3441,4,-1,-1
3441,5,-1,-1
3441,6,-1,-1
3441,7,-1,-1
3442,0,0,160
3442,1,0,160
3442,2,-1,-1
3442,3,-1,-1
3442,4,-1,-1
3442,5,-1,-1
3442,6,-1,-1
3442,7,-1,-1
3443,0,0,160
3443,1,0,160
3443,2,-1,-1
3443,3,-1,-1
3443,4,-1,-1
3443,5,-1,-1
3443,6,-1,-1
3443,7,-1,-1
3444,0,0,160
3444,1,0,160
3444,2,-1,-1
3444,3,-1,-1
3444,4,-1,-1
3444,5,-1,-1
3444,6,-1,-1
3444,7,-1,-1
3445,0,0,160
3445,1,0,160
3445,2,-1,-1
3445,3,-1,-1
3445,4,-1,-1
3445,5,-1,-1
3445,6,-1,-1
3445,7,-1,-1
3446,0,0,160
3446,1,0,160
3446,2,-1,-1
3446,3,-1,-1
3446,4,-1,-1
3446,5,-1,-1
3446,6,-1,-1
3446,7,-1,-1
3447,0,0,160
3447,1,0,160
3447,2,-1,-1
3447,3,-1,-1
3447,4,-1,-1
3447,5,-1,-1
3447,6,-1,-1
3447,7,-1,-1
3448,0,0,160
3448,1,0,160
3448,2,-1,-1
3448,3,-1,-1
3448,4,-1,-1
3448,5,-1,-1
3448,6,-1,-1
3448,7,-1,-1
3449,0,0,160
3449,1,0,160
3449,2,-1,-1
3449,3,-1,-1
3449,4,-1,-1
3449,5,-1,-1
3449,6,-1,-1
3449,7,-1,-1
3450,0,0,160
3450,1,0,160
3450,2,-1,-1
3450,3,-1,-1
3450,4,-1,-1
3450,5,-1,-1
3450,6,-1,-1
3450,7,-1,-1
3451,0,0,160
3451,1,0,160
3451,2,-1,-1
3451,3,-1,-1
3451,4,-1,-1
3451,5,-1,-1
3451,6,-1,-1
3451,7,-1,-1
3452,0,0,160
3452,1,0,160
3452,2,-1,-1
3452,3,-1,-1
3452,4,-1,-1
3452,5,-1,-1
3452,6,-1,-1
3452,7,-1,-1
3453,0,0,160
3453,1,0,160
3453,2,-1,-1
3453,3,-1,-1
3453,4,-1,-1
3453,5,-1,-1
3453,6,-1,-1
3453,7,-1,-1
3454,0,0,160
3454,1,0,160
3454,2,-1,-1
3454,3,-1,-1
3454,4,-1,-1
3454,5,-1,-1
3454,6,-1,-1
3454,7,-1,-1
3455,0,0,160
3455,1,0,160
3455,2,-1,-1
3455,3,-1,-1
3455,4,-1,-1
3455,5,-1,-1
3455,6,-1,-1
3455,7,-1,-1
3456,0,0,160
3456,1,0,160
3456,2,-1,-1
3456,3,-1,-1
3456,4,-1,-1
3456,5,-1,-1
3456,6,-1,-1
3456,7,-1,-1
3457,0,0,160
3457,1,0,160
3457,2,-1,-1
3457,3,-1,-1
3457,4,-1,-1
3457,5,-1,-1
3457,6,-1,-1
3457,7,-1,-1
3458,0,0,160
3458,1,0,160
3458,2,-1,-1
3458,3,-1,-1
3458,4,-1,-1
3458,5,-1,-1
3458,6,-1,-1
3458,7,-1,-1
3459,0,0,160
3459,1,0,160
3459,2,-1,-1
3459,3,-1,-1
3459,4,-1,-1
3459,5,-1,-1
3459,6,-1,-1
3459,7,-1,-1
3460,0,0,160
3460,1,0,160
3460,2,-1,-1
3460,3,-1,-1
3460,4,-1,-1
3460,5,-1,-1
3460,6,-1,-1
3460,7,-1,-1
3461,0,0,160
3461,1,0,160
3461,2,-1,-1
3461,3,-1,-1
3461,4,-1,-1
3461,5,-1,-1
3461,6,-1,-1
3461,7,-1,-1
3462,0,0,160
3462,1,0,160
3462,2,-1,-1
3462,3,-1,-1
3462,4,-1,-1
3462,5,-1,-1
3462,6,-1,-1
3462,7,-1,-1
3463,0,0,160
3463,1,0,160
3463,2,-1,-1
3463,3,-1,-1
3463,4,-1,-1
3463,5,-1,-1
3463,6,-1,-1
3463,7,-1,-1
3464,0,0,160
3464,1,0,160
3464,2,-1,-1
3464,3,-1,-1
3464,4,-1,-1
3464,5,-1,-1
3464,6,-1,-1
3464,7,-1,-1
3465,0,0,160
3465,1,0,160
3465,2,-1,-1
3465,3,-1,-1
3465,4,-1,-1
3465,5,-1,-1
3465,6,-1,-1
3465,7,-1,-1
3466,0,0,160
3466,1,0,160
3466,2,-1,-1
3466,3,-1,-1
3466,4,-1,-1
3466,5,-1,-1
3466,6,-1,-1
3466,7,-1,-1
3467,0,0,160
3467,1,0,160
3467,2,-1,-1
3467,3,-1,-1
3467,4,-1,-1
3467,5,-1,-1
3467,6,-1,-1
3467,7,-1,-1
3468,0,0,160
3468,1,0,160
3468,2,-1,-1
3468,3,-1,-1
3468,4,-1,-1
3468,5,-1,-1
3468,6,-1,-1
3468,7,-1,-1
3469,0,0,160
3469,1,0,160
3469,2,-1,-1
3469,3,-1,-1
3469,4,-1,-1
3469,5,-1,-1
3469,6,-1,-1
3469,7,-1,-1
3470,0,0,160
3470,1,0,160
3470,2,-1,-1
3470,3,-1,-1
3470,4,-1,-1
3470,5,-1,-1
3470,6,-1,-1
3470,7,-1,-1
3471,0,0,160
3471,1,0,160
3471,2,-1,-1
3471,3,-1,-1
3471,4,-1,-1
3471,5,-1,-1
3471,6,-1,-1
3471,7,-1,-1
3472,0,0,160
3472,1,0,160
3472,2,-1,-1
3472,3,-1,-1
3472,4,-1,-1
3472,5,-1,-1
3472,6,-1,-1
3472,7,-1,-1
3473,0,0,160
3473,1,0,160
3473,2,-1,-1
3473,3,-1,-1
3473,4,-1,-1
3473,5,-1,-1
3473,6,-1,-1
3473,7,-1,-1
3474,0,0,160
3474,1,0,160
3474,2,-1,-1
3474,3,-1,-1
3474,4,-1,-1
3474,5,-1,-1
3474,6,-1,-1
3474,7,-1,-1
3475,0,0,160
3475,1,0,160
3475,2,-1,-1
3475,3,-1,-1
3475,4,-1,-1
3475,5,-1,-1
3475,6,-1,-1
3475,7,-1,-1
3476,0,0,160
3476,1,0,160
3476,2,-1,-1
3476,3,-1,-1
3476,4,-1,-1
3476,5,-1,-1
3476,6,-1,-1
3476,7,-1,-1
3477,0,0,160
3477,1,0,160
3477,2,-1,-1
3477,3,-1,-1
3477,4,-1,-1
3477,5,-1,-1
3477,6,-1,-1
3477,7,-1,-1
3478,0,0,160
3478,1,0,160
3478,2,-1,-1
3478,3,-1,-1
3478,4,-1,-1
3478,5,-1,-1
3478,6,-1,-1
3478,7,-1,-1
3479,0,0,160
3479,1,0,160
3479,2,-1,-1
3479,3,-1,-1
3479,4,-1,-1
3479,5,-1,-1
3479,6,-1,-1
3479,7,-1,-1
3480,0,0,160
3480,1,0,160
3480,2,-1,-1
3480,3,-1,-1
3480,4,-1,-1
3480,5,-1,-1
3480,6,-1,-1
3480,7,-1,-1
3481,0,0,160
3481,1,0,160
3481,2,-1,-1
3481,3,-1,-1
3481,4,-1,-1
3481,5,-1,-1
3481,6,-1,-1
3481,7,-1,-1
3482,0,0,160
3482,1,0,160
3482,2,-1,-1
3482,3,-1,-1
3482,4,-1,-1
3482,5,-1,-1
3482,6,-1,-1
3482,7,-1,-1
3483,0,0,160
3483,1,0,160
3483,2,-1,-1
3483,3,-1,-1
3483,4,-1,-1
3483,5,-1,-1
3483,6,-1,-1
3483,7,-1,-1
3484,0,0,160
3484,1,0,160
3484,2,-1,-1
3484,3,-1,-1
3484,4,-1,-1
3484,5,-1,-1
3484,6,-1,-1
3484,7,-1,-1
3485,0,0,160
3485,1,0,160
3485,2,-1,-1
3485,3,-1,-1
3485,4,-1,-1
3485,5,-1,-1
3485,6,-1,-1
3485,7,-1,-1
3486,0,0,160
3486,1,0,160
3486,2,-1,-1
3486,3,-1,-1
3486,4,-1,-1
3486,5,-1,-1
3486,6,-1,-1
3486,7,-1,-1
3487,0,0,160
3487,1,0,160
3487,2,-1,-1
3487,3,-1,-1
3487,4,-1,-1
3487,5,-1,-1
3487,6,-1,-1
3487,7,-1,-1
3488,0,0,160
3488,1,0,160
3488,2,-1,-1
3488,3,-1,-1
3488,4,-1,-1
3488,5,-1,-1
3488,6,-1,-1
3488,7,-1,-1
3489,0,0,160
3489,1,0,160
3489,2,-1,-1
3489,3,-1,-1
3489,4,-1,-1
3489,5,-1,-1
3489,6,-1,-1
3489,7,-1,-1
3490,0,0,160
3490,1,0,160
3490,2,-1,-1
3490,3,-1,-1
3490,4,-1,-1
3490,5,-1,-1
3490,6,-1,-1
3490,7,-1,-1
3491,0,0,160
3491,1,0,160
3491,2,-1,-1
3491,3,-1,-1
3491,4,-1,-1
3491,5,-1,-1
3491,6,-1,-1
3491,7,-1,-1
3492,0,0,160
3492,1,0,160
3492,2,-1,-1
3492,3,-1,-1
3492,4,-1,-1
3492,5,-1,-1
3492,6,-1,-1
3492,7,-1,-1
3493,0,0,160
3493,1,0,160
3493,2,-1,-1
3493,3,-1,-1
3493,4,-1,-1
3493,5,-1,-1
3493,6,-1,-1
3493,7,-1,-1
3494,0,0,160
3494,1,0,160
3494,2,-1,-1
3494,3,-1,-1
3494,4,-1,-1
3494,5,-1,-1
3494,6,-1,-1
3494,7,-1,-1
3495,0,0,160
3495,1,0,160
3495,2,-1,-1
3495,3,-1,-1
3495,4,-1,-1
3495,5,-1,-1
3495,6,-1,-1
3495,7,-1,-1
3496,0,0,160
3496,1,0,160
3496,2,-1,-1
3496,3,-1,-1
3496,4,-1,-1
3496,5,-1,-1
3496,6,-1,-1
3496,7,-1,-1
3497,0,0,160
3497,1,0,160
3497,2,-1,-1
3497,3,-1,-1
3497,4,-1,-1
3497,5,-1,-1
3497,6,-1,-1
3497,7,-1,-1
3498,0,0,160
3498,1,0,160
3498,2,-1,-1
3498,3,-1,-1
3498,4,-1,-1
3498,5,-1,-1
3498,6,-1,-1
3498,7,-1,-1
3499,0,0,160
3499,1,0,160
3499,2,-1,-1
3499,3,-1,-1
3499,4,-1,-1
3499,5,-1,-1
3499,6,-1,-1
3499,7,-1,-1
3500,0,0,160
3500,1,0,160
3500,2,-1,-1
3500,3,-1,-1
3500,4,-1,-1
3500,5,-1,-1
3500,6,-1,-1
3500,7,-1,-1
3501,0,0,160
3501,1,0,160
3501,2,-1,-1
3501,3,-1,-1
3501,4,-1,-1
3501,5,-1,-1
3501,6,-1,-1
3501,7,-1,-1
3502,0,0,160
3502,1,0,160
3502,2,-1,-1
3502,3,-1,-1
3502,4,-1,-1
3502,5,-1,-1
3502,6,-1,-1
3502,7,-1,-1
3503,0,0,160
3503,1,0,160
3503,2,-1,-1
3503,3,-1,-1
3503,4,-1,-1
3503,5,-1,-1
3503,6,-1,-1
3503,7,-1,-1
3504,0,0,160
3504,1,0,160
3504,2,-1,-1
3504,3,-1,-1
3504,4,-1,-1
3504,5,-1,-1
3504,6,-1,-1
3504,7,-1,-1
3505,0,0,160
3505,1,0,160
3505,2,-1,-1
3505,3,-1,-1
3505,4,-1,-1
3505,5,-1,-1
3505,6,-1,-1
3505,7,-1,-1
3506,0,0,160
3506,1,0,160
3506,2,-1,-1
3506,3,-1,-1
3506,4,-1,-1
3506,5,-1,-1
3506,6,-1,-1
3506,7,-1,-1
3507,0,0,160
3507,1,0,160
3507,2,-1,-1
3507,3,-1,-1
3507,4,-1,-1
3507,5,-1,-1
3507,6,-1,-1
3507,7,-1,-1
3508,0,0,160
3508,1,0,160
3508,2,-1,-1
3508,3,-1,-1
3508,4,-1,-1
3508,5,-1,-1
3508,6,-1,-1
3508,7,-1,-1
3509,0,0,160
3509,1,0,160
3509,2,-1,-1
3509,3,-1,-1
3509,4,-1,-1
3509,5,-1,-1
3509,6,-1,-1
3509,7,-1,-1
3510,0,0,160
3510,1,0,160
3510,2,-1,-1
3510,3,-1,-1
3510,4,-1,-1
3510,5,-1,-1
3510,6,-1,-1
3510,7,-1,-1
3511,0,0,160
3511,1,0,160
3511,2,-1,-1
3511,3,-1,-1
3511,4,-1,-1
3511,5,-1,-1
3511,6,-1,-1
3511,7,-1,-1
3512,0,0,160
3512,1,0,160
3512,2,-1,-1
3512,3,-1,-1
3512,4,-1,-1
3512,5,-1,-1
3512,6,-1,-1
3512,7,-1,-1
3513,0,0,160
3513,1,0,160
3513,2,-1,-1
3513,3,-1,-1
3513,4,-1,-1
3513,5,-1,-1
3513,6,-1,-1
3513,7,-1,-1
3514,0,0,160
3514,1,0,160
3514,2,-1,-1
3514,3,-1,-1
3514,4,-1,-1
3514,5,-1,-1
3514,6,-1,-1
3514,7,-1,-1
3515,0,0,160
3515,1,0,160
3515,2,-1,-1
3515,3,-1,-1
3515,4,-1,-1
3515,5,-1,-1
3515,6,-1,-1
3515,7,-1,-1
3516,0,0,160
3516,1,0,160
3516,2,-1,-1
3516,3,-1,-1
3516,4,-1,-1
3516,5,-1,-1
3516,6,-1,-1
3516,7,-1,-1
3517,0,0,160
3517,1,0,160
3517,2,-1,-1
3517,3,-1,-1
3517,4,-1,-1
3517,5,-1,-1
3517,6,-1,-1
3517,7,-1,-1
3518,0,0,160
3518,1,0,160
3518,2,-1,-1
3518,3,-1,-1
3518,4,-1,-1
3518,5,-1,-1
3518,6,-1,-1
3518,7,-1,-1
3519,0,0,160
3519,1,0,160
3519,2,-1,-1
3519,3,-1,-1
3519,4,-1,-1
3519,5,-1,-1
3519,6,-1,-1
3519,7,-1,-1
3520,0,0,160
3520,1,0,160
3520,2,-1,-1
3520,3,-1,-1
3520,4,-1,-1
3520,5,-1,-1
3520,6,-1,-1
3520,7,-1,-1
3521,0,0,160
3521,1,0,160
3521,2,-1,-1
3521,3,-1,-1
3521,4,-1,-1
3521,5,-1,-1
3521,6,-1,-1
3521,7,-1,-1
3522,0,0,160
3522,1,0,160
3522,2,-1,-1
3522,3,-1,-1
3522,4,-1,-1
3522,5,-1,-1
3522,6,-1,-1
3522,7,-1,-1
3523,0,0,160
3523,1,0,160
3523,2,-1,-1
3523,3,-1,-1
3523,4,-1,-1
3523,5,-1,-1
3523,6,-1,-1
3523,7,-1,-1
3524,0,0,160
3524,1,0,160
3524,2,-1,-1
3524,3,-1,-1
3524,4,-1,-1
3524,5,-1,-1
3524,6,-1,-1
3524,7,-1,-1
3525,0,0,160
3525,1,0,160
3525,2,-1,-1
3525,3,-1,-1
3525,4,-1,-1
3525,5,-1,-1
3525,6,-1,-1
3525,7,-1,-1
3526,0,0,160
3526,1,0,160
3526,2,-1,-1
3526,3,-1,-1
3526,4,-1,-1
3526,5,-1,-1
3526,6,-1,-1
3526,7,-1,-1
3527,0,0,160
3527,1,0,160
3527,2,-1,-1
3527,3,-1,-1
3527,4,-1,-1
3527,5,-1,-1
3527,6,-1,-1
3527,7,-1,-1
3528,0,0,160
3528,1,0,160
3528,2,-1,-1
3528,3,-1,-1
3528,4,-1,-1
3528,5,-1,-1
3528,6,-1,-1
3528,7,-1,-1
3529,0,0,160
3529,1,0,160
3529,2,-1,-1
3529,3,-1,-1
3529,4,-1,-1
3529,5,-1,-1
3529,6,-1,-1
3529,7,-1,-1
3530,0,0,160
3530,1,0,160
3530,2,-1,-1
3530,3,-1,-1
3530,4,-1,-1
3530,5,-1,-1
3530,6,-1,-1
3530,7,-1,-1
3531,0,0,160
3531,1,0,160
3531,2,-1,-1
3531,3,-1,-1
3531,4,-1,-1
3531,5,-1,-1
3531,6,-1,-1
3531,7,-1,-1
3532,0,0,160
3532,1,0,160
3532,2,-1,-1
3532,3,-1,-1
3532,4,-1,-1
3532,5,-1,-1
3532,6,-1,-1
3532,7,-1,-1
3533,0,0,160
3533,1,0,160
3533,2,-1,-1
3533,3,-1,-1
3533,4,-1,-1
3533,5,-1,-1
3533,6,-1,-1
3533,7,-1,-1
3534,0,0,160
3534,1,0,160
3534,2,-1,-1
3534,3,-1,-1
3534,4,-1,-1
3534,5,-1,-1
3534,6,-1,-1
3534,7,-1,-1
3535,0,0,160
3535,1,0,160
3535,2,-1,-1
3535,3,-1,-1
3535,4,-1,-1
3535,5,-1,-1
3535,6,-1,-1
3535,7,-1,-1
3536,0,0,160
3536,1,0,160
3536,2,-1,-1
3536,3,-1,-1
3536,4,-1,-1
3536,5,-1,-1
3536,6,-1,-1
3536,7,-1,-1
3537,0,0,160
3537,1,0,160
3537,2,-1,-1
3537,3,-1,-1
3537,4,-1,-1
3537,5,-1,-1
3537,6,-1,-1
3537,7,-1,-1
3538,0,0,160
3538,1,0,160
3538,2,-1,-1
3538,3,-1,-1
3538,4,-1,-1
3538,5,-1,-1
3538,6,-1,-1
3538,7,-1,-1
3539,0,0,160
3539,1,0,160
3539,2,-1,-1
3539,3,-1,-1
3539,4,-1,-1
3539,5,-1,-1
3539,6,-1,-1
3539,7,-1,-1
3540,0,0,160
3540,1,0,160
3540,2,-1,-1
3540,3,-1,-1
3540,4,-1,-1
3540,5,-1,-1
3540,6,-1,-1
3540,7,-1,-1
3541,0,0,160
3541,1,0,160
3541,2,-1,-1
3541,3,-1,-1
3541,4,-1,-1
3541,5,-1,-1
3541,6,-1,-1
3541,7,-1,-1
3542,0,0,160
3542,1,0,160
3542,2,-1,-1
3542,3,-1,-1
3542,4,-1,-1
3542,5,-1,-1
3542,6,-1,-1
3542,7,-1,-1
3543,0,0,160
3543,1,0,160
3543,2,-1,-1
3543,3,-1,-1
3543,4,-1,-1
3543,5,-1,-1
3543,6,-1,-1
3543,7,-1,-1
3544,0,0,160
3544,1,0,160
3544,2,-1,-1
3544,3,-1,-1
3544,4,-1,-1
3544,5,-1,-1
3544,6,-1,-1
3544,7,-1,-1
3545,0,0,160
3545,1,0,160
3545,2,-1,-1
3545,3,-1,-1
3545,4,-1,-1
3545,5,-1,-1
3545,6,-1,-1
3545,7,-1,-1
3546,0,0,160
3546,1,0,160
3546,2,-1,-1
3546,3,-1,-1
3546,4,-1,-1
3546,5,-1,-1
3546,6,-1,-1
3546,7,-1,-1
3547,0,0,160
3547,1,0,160
3547,2,-1,-1
3547,3,-1,-1
3547,4,-1,-1
3547,5,-1,-1
3547,6,-1,-1
3547,7,-1,-1
3548,0,0,160
3548,1,0,160
3548,2,-1,-1
3548,3,-1,-1
3548,4,-1,-1
3548,5,-1,-1
3548,6,-1,-1
3548,7,-1,-1
3549,0,0,160
3549,1,0,160
3549,2,-1,-1
3549,3,-1,-1
3549,4,-1,-1
3549,5,-1,-1
3549,6,-1,-1
3549,7,-1,-1
3550,0,0,160
3550,1,0,160
3550,2,-1,-1
3550,3,-1,-1
3550,4,-1,-1
3550,5,-1,-1
3550,6,-1,-1
3550,7,-1,-1
3551,0,0,160
3551,1,0,160
3551,2,-1,-1
3551,3,-1,-1
3551,4,-1,-1
3551,5,-1,-1
3551,6,-1,-1
3551,7,-1,-1
3552,0,0,160
3552,1,0,160
3552,2,-1,-1
3552,3,-1,-1
3552,4,-1,-1
3552,5,-1,-1
3552,6,-1,-1
3552,7,-1,-1
3553,0,0,160
3553,1,0,160
3553,2,-1,-1
3553,3,-1,-1
3553,4,-1,-1
3553,5,-1,-1
3553,6,-1,-1
3553,7,-1,-1
3554,0,0,160
3554,1,0,160
3554,2,-1,-1
3554,3,-1,-1
3554,4,-1,-1
3554,5,-1,-1
3554,6,-1,-1
3554,7,-1,-1
3555,0,0,160
3555,1,0,160
3555,2,-1,-1
3555,3,-1,-1
3555,4,-1,-1
3555,5,-1,-1
3555,6,-1,-1
3555,7,-1,-1
3556,0,0,160
3556,1,0,160
3556,2,-1,-1
3556,3,-1,-1
3556,4,-1,-1
3556,5,-1,-1
3556,6,-1,-1
3556,7,-1,-1
3557,0,0,160
3557,1,0,160
3557,2,-1,-1
3557,3,-1,-1
3557,4,-1,-1
3557,5,-1,-1
3557,6,-1,-1
3557,7,-1,-1
3558,0,0,160
3558,1,0,160
3558,2,-1,-1
3558,3,-1,-1
3558,4,-1,-1
3558,5,-1,-1
3558,6,-1,-1
3558,7,-1,-1
3559,0,0,160
3559,1,0,160
3559,2,-1,-1
3559,3,-1,-1
3559,4,-1,-1
3559,5,-1,-1
3559,6,-1,-1
3559,7,-1,-1
3560,0,0,160
3560,1,0,160
3560,2,-1,-1
3560,3,-1,-1
3560,4,-1,-1
3560,5,-1,-1
3560,6,-1,-1
3560,7,-1,-1
3561,0,0,160
3561,1,0,160
3561,2,-1,-1
3561,3,-1,-1
3561,4,-1,-1
3561,5,-1,-1
3561,6,-1,-1
3561,7,-1,-1
3562,0,0,160
3562,1,0,160
3562,2,-1,-1
3562,3,-1,-1
3562,4,-1,-1
3562,5,-1,-1
3562,6,-1,-1
3562,7,-1,-1
3563,0,0,160
3563,1,0,160
3563,2,-1,-1
3563,3,-1,-1
3563,4,-1,-1
3563,5,-1,-1
3563,6,-1,-1
3563,7,-1,-1
3564,0,0,160
3564,1,0,160
3564,2,-1,-1
3564,3,-1,-1
3564,4,-1,-1
3564,5,-1,-1
3564,6,-1,-1
3564,7,-1,-1
3565,0,0,160
3565,1,0,160
3565,2,-1,-1
3565,3,-1,-1
3565,4,-1,-1
3565,5,-1,-1
3565,6,-1,-1
3565,7,-1,-1
3566,0,0,160
3566,1,0,160
3566,2,-1,-1
3566,3,-1,-1
3566,4,-1,-1
3566,5,-1,-1
3566,6,-1,-1
3566,7,-1,-1
3567,0,0,160
3567,1,0,160
3567,2,-1,-1
3567,3,-1,-1
3567,4,-1,-1
3567,5,-1,-1
3567,6,-1,-1
3567,7,-1,-1
3568,0,0,160
3568,1,0,160
3568,2,-1,-1
3568,3,-1,-1
3568,4,-1,-1
3568,5,-1,-1
3568,6,-1,-1
3568,7,-1,-1
3569,0,0,160
3569,1,0,160
3569,2,-1,-1
3569,3,-1,-1
3569,4,-1,-1
3569,5,-1,-1
3569,6,-1,-1
3569,7,-1,-1
3570,0,0,160
3570,1,0,160
3570,2,-1,-1
3570,3,-1,-1
3570,4,-1,-1
3570,5,-1,-1
3570,6,-1,-1
3570,7,-1,-1
3571,0,0,160
3571,1,0,160
3571,2,-1,-1
3571,3,-1,-1
3571,4,-1,-1
3571,5,-1,-1
3571,6,-1,-1
3571,7,-1,-1
3572,0,0,160
3572,1,0,160
3572,2,-1,-1
3572,3,-1,-1
3572,4,-1,-1
3572,5,-1,-1
3572,6,-1,-1
3572,7,-1,-1
3573,0,0,160
3573,1,0,160
3573,2,-1,-1
3573,3,-1,-1
3573,4,-1,-1
3573,5,-1,-1
3573,6,-1,-1
3573,7,-1,-1
3574,0,0,160
3574,1,0,160
3574,2,-1,-1
3574,3,-1,-1
3574,4,-1,-1
3574,5,-1,-1
3574,6,-1,-1
3574,7,-1,-1
3575,0,0,160
3575,1,0,160
3575,2,-1,-1
3575,3,-1,-1
3575,4,-1,-1
3575,5,-1,-1
3575,6,-1,-1
3575,7,-1,-1
3576,0,0,160
3576,1,0,160
3576,2,-1,-1
3576,3,-1,-1
3576,4,-1,-1
3576,5,-1,-1
3576,6,-1,-1
3576,7,-1,-1
3577,0,0,160
3577,1,0,160
3577,2,-1,-1
3577,3,-1,-1
3577,4,-1,-1
3577,5,-1,-1
3577,6,-1,-1
3577,7,-1,-1
3578,0,0,160
3578,1,0,160
3578,2,-1,-1
3578,3,-1,-1
3578,4,-1,-1
3578,5,-1,-1
3578,6,-1,-1
3578,7,-1,-1
3579,0,0,160
3579,1,0,160
3579,2,-1,-1
3579,3,-1,-1
3579,4,-1,-1
3579,5,-1,-1
3579,6,-1,-1
3579,7,-1,-1
3580,0,0,160
3580,1,0,160
3580,2,-1,-1
3580,3,-1,-1
3580,4,-1,-1
3580,5,-1,-1
3580,6,-1,-1
3580,7,-1,-1
3581,0,0,160
3581,1,0,160
3581,2,-1,-1
3581,3,-1,-1
3581,4,-1,-1
3581,5,-1,-1
3581,6,-1,-1
3581,7,-1,-1
3582,0,0,160
3582,1,0,160
3582,2,-1,-1
3582,3,-1,-1
3582,4,-1,-1
3582,5,-1,-1
3582,6,-1,-1
3582,7,-1,-1
3583,0,0,160
3583,1,0,160
3583,2,-1,-1
3583,3,-1,-1
3583,4,-1,-1
3583,5,-1,-1
3583,6,-1,-1
3583,7,-1,-1
3584,0,0,160
3584,1,0,160
3584,2,-1,-1
3584,3,-1,-1
3584,4,-1,-1
3584,5,-1,-1
3584,6,-1,-1
3584,7,-1,-1
3585,0,0,160
3585,1,0,160
3585,2,-1,-1
3585,3,-1,-1
3585,4,-1,-1
3585,5,-1,-1
3585,6,-1,-1
3585,7,-1,-1
3586,0,0,160
3586,1,0,160
3586,2,-1,-1
3586,3,-1,-1
3586,4,-1,-1
3586,5,-1,-1
3586,6,-1,-1
3586,7,-1,-1
3587,0,0,160
3587,1,0,160
3587,2,-1,-1
3587,3,-1,-1
3587,4,-1,-1
3587,5,-1,-1
3587,6,-1,-1
3587,7,-1,-1
3588,0,0,160
3588,1,0,160
3588,2,-1,-1
3588,3,-1,-1
3588,4,-1,-1
3588,5,-1,-1
3588,6,-1,-1
3588,7,-1,-1
3589,0,0,160
3589,1,0,160
3589,2,-1,-1
3589,3,-1,-1
3589,4,-1,-1
3589,5,-1,-1
3589,6,-1,-1
3589,7,-1,-1
3590,0,0,160
3590,1,0,160
3590,2,-1,-1
3590,3,-1,-1
3590,4,-1,-1
3590,5,-1,-1
3590,6,-1,-1
3590,7,-1,-1
3591,0,0,160
3591,1,0,160
3591,2,-1,-1
3591,3,-1,-1
3591,4,-1,-1
3591,5,-1,-1
3591,6,-1,-1
3591,7,-1,-1
3592,0,0,160
3592,1,0,160
3592,2,-1,-1
3592,3,-1,-1
3592,4,-1,-1
3592,5,-1,-1
3592,6,-1,-1
3592,7,-1,-1
3593,0,0,160
3593,1,0,160
3593,2,-1,-1
3593,3,-1,-1
3593,4,-1,-1
3593,5,-1,-1
3593,6,-1,-1
3593,7,-1,-1
3594,0,0,160
3594,1,0,160
3594,2,-1,-1
3594,3,-1,-1
3594,4,-1,-1
3594,5,-1,-1
3594,6,-1,-1
3594,7,-1,-1
3595,0,0,160
3595,1,0,160
3595,2,-1,-1
3595,3,-1,-1
3595,4,-1,-1
3595,5,-1,-1
3595,6,-1,-1
3595,7,-1,-1
3596,0,0,160
3596,1,0,160
3596,2,-1,-1
3596,3,-1,-1
3596,4,-1,-1
3596,5,-1,-1
3596,6,-1,-1
3596,7,-1,-1
3597,0,0,160
3597,1,0,160
3597,2,-1,-1
3597,3,-1,-1
3597,4,-1,-1
3597,5,-1,-1
3597,6,-1,-1
3597,7,-1,-1
3598,0,0,160
3598,1,0,160
3598,2,-1,-1
3598,3,-1,-1
3598,4,-1,-1
3598,5,-1,-1
3598,6,-1,-1
3598,7,-1,-1
3599,0,0,160
3599,1,0,160
3599,2,-1,-1
3599,3,-1,-1
3599,4,-1,-1
3599,5,-1,-1
3599,6,-1,-1
3599,7,-1,-1
3600,0,3,160
3600,1,3,160
3600,2,3,160
3600,3,3,160
3600,4,4,160
3600,5,4,160
3600,6,4,160
3600,7,4,160
3601,0,3,160
3601,1,3,160
3601,2,3,160
3601,3,3,160
3601,4,4,160
3601,5,4,160
3601,6,4,160
3601,7,4,160
3602,0,3,160
3602,1,3,160
3602,2,3,160
3602,3,3,160
3602,4,4,160
3602,5,4,160
3602,6,4,160
3602,7,4,160
3603,0,3,160
3603,1,3,160
3603,2,3,160
3603,3,3,160
3603,4,4,160
3603,5,4,160
3603,6,4,160
3603,7,4,160
3604,0,3,160
3604,1,3,160
3604,2,3,160
3604,3,3,160
3604,4,4,160
3604,5,4,160
3604,6,4,160
3604,7,4,160
3605,0,3,160
3605,1,3,160
3605,2,3,160
3605,3,3,160
3605,4,4,160
3605,5,4,160
3605,6,4,160
3605,7,4,160
3606,0,3,160
3606,1,3,160
3606,2,3,160
3606,3,3,160
3606,4,4,160
3606,5,4,160
3606,6,4,160
3606,7,4,160
3607,0,3,160
3607,1,3,160
3607,2,3,160
3607,3,3,160
3607,4,4,160
3607,5,4,160
3607,6,4,160
3607,7,4,160
3608,0,3,160
3608,1,3,160
3608,2,3,160
3608,3,3,160
3608,4,4,160
3608,5,4,160
3608,6,4,160
3608,7,4,160
3609,0,3,160
3609,1,3,160
3609,2,3,160
3609,3,3,160
3609,4,4,160
3609,5,4,160
3609,6,4,160
3609,7,4,160
3610,0,3,160
3610,1,3,160
3610,2,3,160
3610,3,3,160
3610,4,4,160
3610,5,4,160
3610,6,4,160
3610,7,4,160
3611,0,3,160
3611,1,3,160
3611,2,3,160
3611,3,3,160
3611,4,4,160
3611,5,4,160
3611,6,4,160
3611,7,4,160
3612,0,3,160
3612,1,3,160
3612,2,3,160
3612,3,3,160
3612,4,4,160
3612,5,4,160
3612,6,4,160
3612,7,4,160
3613,0,3,160
3613,1,3,160
3613,2,3,160
3613,3,3,160
3613,4,4,160
3613,5,4,160
3613,6,4,160
3613,7,4,160
3614,0,3,160
3614,1,3,160
3614,2,3,160
3614,3,3,160
3614,4,4,160
3614,5,4,160
3614,6,4,160
3614,7,4,160
3615,0,3,160
3615,1,3,160
3615,2,3,160
3615,3,3,160
3615,4,4,160
3615,5,4,160
3615,6,4,160
3615,7,4,160
3616,0,3,160
3616,1,3,160
3616,2,3,160
3616,3,3,160
3616,4,4,160
3616,5,4,160
3616,6,4,160
3616,7,4,160
3617,0,3,160
3617,1,3,160
3617,2,3,160
3617,3,3,160
3617,4,4,160
3617,5,4,160
3617,6,4,160
3617,7,4,160
3618,0,3,160
3618,1,3,160
3618,2,3,160
3618,3,3,160
3618,4,4,160
3618,5,4,160
3618,6,4,160
3618,7,4,160
3619,0,3,160
3619,1,3,160
3619,2,3,160
3619,3,3,160
3619,4,4,160
3619,5,4,160
3619,6,4,160
3619,7,4,160
3620,0,3,160
3620,1,3,160
3620,2,3,160
3620,3,3,160
3620,4,4,160
3620,5,4,160
3620,6,4,160
3620,7,4,160
3621,0,3,160
3621,1,3,160
3621,2,3,160
3621,3,3,160
3621,4,4,160
3621,5,4,160
3621,6,4,160
3621,7,4,160
3622,0,3,160
3622,1,3,160
3622,2,3,160
3622,3,3,160
3622,4,4,160
3622,5,4,160
3622,6,4,160
3622,7,4,160
3623,0,3,160
3623,1,3,160
3623,2,3,160
3623,3,3,160
3623,4,4,160
3623,5,4,160
3623,6,4,160
3623,7,4,160
3624,0,3,160
3624,1,3,160
3624,2,3,160
3624,3,3,160
3624,4,4,160
3624,5,4,160
3624,6,4,160
3624,7,4,160
3625,0,3,160
3625,1,3,160
3625,2,3,160
3625,3,3,160
3625,4,4,160
3625,5,4,160
3625,6,4,160
3625,7,4,160
3626,0,3,160
3626,1,3,160
3626,2,3,160
3626,3,3,160
3626,4,4,160
3626,5,4,160
3626,6,4,160
3626,7,4,160
3627,0,3,160
3627,1,3,160
3627,2,3,160
3627,3,3,160
3627,4,4,160
3627,5,4,160
3627,6,4,160
3627,7,4,160
3628,0,3,160
3628,1,3,160
3628,2,3,160
3628,3,3,160
3628,4,4,160
3628,5,4,160
3628,6,4,160
3628,7,4,160
3629,0,3,160
3629,1,3,160
3629,2,3,160
3629,3,3,160
3629,4,4,160
3629,5,4,160
3629,6,4,160
3629,7,4,160
3630,0,3,160
3630,1,3,160
3630,2,3,160
3630,3,3,160
3630,4,4,160
3630,5,4,160
3630,6,4,160
3630,7,4,160
3631,0,3,160
3631,1,3,160
3631,2,3,160
3631,3,3,160
3631,4,4,160
3631,5,4,160
3631,6,4,160
3631,7,4,160
3632,0,3,160
3632,1,3,160
3632,2,3,160
3632,3,3,160
3632,4,4,160
3632,5,4,160
3632,6,4,160
3632,7,4,160
3633,0,3,160
3633,1,3,160
3633,2,3,160
3633,3,3,160
3633,4,4,160
3633,5,4,160
3633,6,4,160
3633,7,4,160
3634,0,3,160
3634,1,3,160
3634,2,3,160
3634,3,3,160
3634,4,4,160
3634,5,4,160
3634,6,4,160
3634,7,4,160
3635,0,3,160
3635,1,3,160
3635,2,3,160
3635,3,3,160
3635,4,4,160
3635,5,4,160
3635,6,4,160
3635,7,4,160
3636,0,3,160
3636,1,3,160
3636,2,3,160
3636,3,3,160
3636,4,4,160
3636,5,4,160
3636,6,4,160
3636,7,4,160
3637,0,3,160
3637,1,3,160
3637,2,3,160
3637,3,3,160
3637,4,4,160
3637,5,4,160
3637,6,4,160
3637,7,4,160
3638,0,3,160
3638,1,3,160
3638,2,3,160
3638,3,3,160
3638,4,4,160
3638,5,4,160
3638,6,4,160
3638,7,4,160
3639,0,3,160
3639,1,3,160
3639,2,3,160
3639,3,3,160
3639,4,4,160
3639,5,4,160
3639,6,4,160
3639,7,4,160
3640,0,3,160
3640,1,3,160
3640,2,3,160
3640,3,3,160
3640,4,4,160
3640,5,4,160
3640,6,4,160
3640,7,4,160
3641,0,3,160
3641,1,3,160
3641,2,3,160
3641,3,3,160
3641,4,4,160
3641,5,4,160
3641,6,4,160
3641,7,4,160
3642,0,3,160
3642,1,3,160
3642,2,3,160
3642,3,3,160
3642,4,4,160
3642,5,4,160
3642,6,4,160
3642,7,4,160
3643,0,3,160
3643,1,3,160
3643,2,3,160
3643,3,3,160
3643,4,4,160
3643,5,4,160
3643,6,4,160
3643,7,4,160
3644,0,3,160
3644,1,3,160
3644,2,3,160
3644,3,3,160
3644,4,4,160
3644,5,4,160
3644,6,4,160
3644,7,4,160
3645,0,3,160
3645,1,3,160
3645,2,3,160
3645,3,3,160
3645,4,4,160
3645,5,4,160
3645,6,4,160
3645,7,4,160
3646,0,3,160
3646,1,3,160
3646,2,3,160
3646,3,3,160
3646,4,4,160
3646,5,4,160
3646,6,4,160
3646,7,4,160
3647,0,3,160
3647,1,3,160
3647,2,3,160
3647,3,3,160
3647,4,4,160
3647,5,4,160
3647,6,4,160
3647,7,4,160
3648,0,3,160
3648,1,3,160
3648,2,3,160
3648,3,3,160
3648,4,4,160
3648,5,4,160
3648,6,4,160
3648,7,4,160
3649,0,3,160
3649,1,3,160
3649,2,3,160
3649,3,3,160
3649,4,4,160
3649,5,4,160
3649,6,4,160
3649,7,4,160
3650,0,3,160
3650,1,3,160
3650,2,3,160
3650,3,3,160
3650,4,4,160
3650,5,4,160
3650,6,4,160
3650,7,4,160
3651,0,3,160
3651,1,3,160
3651,2,3,160
3651,3,3,160
3651,4,4,160
3651,5,4,160
3651,6,4,160
3651,7,4,160
3652,0,3,160
3652,1,3,160
3652,2,3,160
3652,3,3,160
3652,4,4,160
3652,5,4,160
3652,6,4,160
3652,7,4,160
3653,0,3,160
3653,1,3,160
3653,2,3,160
3653,3,3,160
3653,4,4,160
3653,5,4,160
3653,6,4,160
3653,7,4,160
3654,0,3,160
3654,1,3,160
3654,2,3,160
3654,3,3,160
3654,4,4,160
3654,5,4,160
3654,6,4,160
3654,7,4,160
3655,0,3,160
3655,1,3,160
3655,2,3,160
3655,3,3,160
3655,4,4,160
3655,5,4,160
3655,6,4,160
3655,7,4,160
3656,0,3,160
3656,1,3,160
3656,2,3,160
3656,3,3,160
3656,4,4,160
3656,5,4,160
3656,6,4,160
3656,7,4,160
3657,0,3,160
3657,1,3,160
3657,2,3,160
3657,3,3,160
3657,4,4,160
3657,5,4,160
3657,6,4,160
3657,7,4,160
3658,0,3,160
3658,1,3,160
3658,2,3,160
3658,3,3,160
3658,4,4,160
3658,5,4,160
3658,6,4,160
3658,7,4,160
3659,0,3,160
3659,1,3,160
3659,2,3,160
3659,3,3,160
3659,4,4,160
3659,5,4,160
3659,6,4,160
3659,7,4,160
3660,0,3,160
3660,1,3,160
3660,2,3,160
3660,3,3,160
3660,4,4,160
3660,5,4,160
3660,6,4,160
3660,7,4,160
3661,0,3,160
3661,1,3,160
3661,2,3,160
3661,3,3,160
3661,4,4,160
3661,5,4,160
3661,6,4,160
3661,7,4,160
3662,0,3,160
3662,1,3,160
3662,2,3,160
3662,3,3,160
3662,4,4,160
3662,5,4,160
3662,6,4,160
3662,7,4,160
3663,0,3,160
3663,1,3,160
3663,2,3,160
3663,3,3,160
3663,4,4,160
3663,5,4,160
3663,6,4,160
3663,7,4,160
3664,0,3,160
3664,1,3,160
3664,2,3,160
3664,3,3,160
3664,4,4,160
3664,5,4,160
3664,6,4,160
3664,7,4,160
3665,0,3,160
3665,1,3,160
3665,2,3,160
3665,3,3,160
3665,4,4,160
3665,5,4,160
3665,6,4,160
3665,7,4,160
3666,0,3,160
3666,1,3,160
3666,2,3,160
3666,3,3,160
3666,4,4,160
3666,5,4,160
3666,6,4,160
3666,7,4,160
3667,0,3,160
3667,1,3,160
3667,2,3,160
3667,3,3,160
3667,4,4,160
3667,5,4,160
3667,6,4,160
3667,7,4,160
3668,0,3,160
3668,1,3,160
3668,2,3,160
3668,3,3,160
3668,4,4,160
3668,5,4,160
3668,6,4,160
3668,7,4,160
3669,0,3,160
3669,1,3,160
3669,2,3,160
3669,3,3,160
3669,4,4,160
3669,5,4,160
3669,6,4,160
3669,7,4,160
3670,0,3,160
3670,1,3,160
3670,2,3,160
3670,3,3,160
3670,4,4,160
3670,5,4,160
3670,6,4,160
3670,7,4,160
3671,0,3,160
3671,1,3,160
3671,2,3,160
3671,3,3,160
3671,4,4,160
3671,5,4,160
3671,6,4,160
3671,7,4,160
3672,0,3,160
3672,1,3,160
3672,2,3,160
3672,3,3,160
3672,4,4,160
3672,5,4,160
3672,6,4,160
3672,7,4,160
3673,0,3,160
3673,1,3,160
3673,2,3,160
3673,3,3,160
3673,4,4,160
3673,5,4,160
3673,6,4,160
3673,7,4,160
3674,0,3,160
3674,1,3,160
3674,2,3,160
3674,3,3,160
3674,4,4,160
3674,5,4,160
3674,6,4,160
3674,7,4,160
3675,0,3,160
3675,1,3,160
3675,2,3,160
3675,3,3,160
3675,4,4,160
3675,5,4,160
3675,6,4,160
3675,7,4,160
3676,0,3,160
3676,1,3,160
3676,2,3,160
3676,3,3,160
3676,4,4,160
3676,5,4,160
3676,6,4,160
3676,7,4,160
3677,0,3,160
3677,1,3,160
3677,2,3,160
3677,3,3,160
3677,4,4,160
3677,5,4,160
3677,6,4,160
3677,7,4,160
3678,0,3,160
3678,1,3,160
3678,2,3,160
3678,3,3,160
3678,4,4,160
3678,5,4,160
3678,6,4,160
3678,7,4,160
3679,0,3,160
3679,1,3,160
3679,2,3,160
3679,3,3,160
3679,4,4,160
3679,5,4,160
3679,6,4,160
3679,7,4,160
3680,0,3,160
3680,1,3,160
3680,2,3,160
3680,3,3,160
3680,4,4,160
3680,5,4,160
3680,6,4,160
3680,7,4,160
3681,0,3,160
3681,1,3,160
3681,2,3,160
3681,3,3,160
3681,4,4,160
3681,5,4,160
3681,6,4,160
3681,7,4,160
3682,0,3,160
3682,1,3,160
3682,2,3,160
3682,3,3,160
3682,4,4,160
3682,5,4,160
3682,6,4,160
3682,7,4,160
3683,0,3,160
3683,1,3,160
3683,2,3,160
3683,3,3,160
3683,4,4,160
3683,5,4,160
3683,6,4,160
3683,7,4,160
3684,0,3,160
3684,1,3,160
3684,2,3,160
3684,3,3,160
3684,4,4,160
3684,5,4,160
3684,6,4,160
3684,7,4,160
3685,0,3,160
3685,1,3,160
3685,2,3,160
3685,3,3,160
3685,4,4,160
3685,5,4,160
3685,6,4,160
3685,7,4,160
3686,0,3,160
3686,1,3,160
3686,2,3,160
3686,3,3,160
3686,4,4,160
3686,5,4,160
3686,6,4,160
3686,7,4,160
3687,0,3,160
3687,1,3,160
3687,2,3,160
3687,3,3,160
3687,4,4,160
3687,5,4,160
3687,6,4,160
3687,7,4,160
3688,0,3,160
3688,1,3,160
3688,2,3,160
3688,3,3,160
3688,4,4,160
3688,5,4,160
3688,6,4,160
3688,7,4,160
3689,0,3,160
3689,1,3,160
3689,2,3,160
3689,3,3,160
3689,4,4,160
3689,5,4,160
3689,6,4,160
3689,7,4,160
3690,0,3,160
3690,1,3,160
3690,2,3,160
3690,3,3,160
3690,4,4,160
3690,5,4,160
3690,6,4,160
3690,7,4,160
3691,0,3,160
3691,1,3,160
3691,2,3,160
3691,3,3,160
3691,4,4,160
3691,5,4,160
3691,6,4,160
3691,7,4,160
3692,0,3,160
3692,1,3,160
3692,2,3,160
3692,3,3,160
3692,4,4,160
3692,5,4,160
3692,6,4,160
3692,7,4,160
3693,0,3,160
3693,1,3,160
3693,2,3,160
3693,3,3,160
3693,4,4,160
3693,5,4,160
3693,6,4,160
3693,7,4,160
3694,0,3,160
3694,1,3,160
3694,2,3,160
3694,3,3,160
3694,4,4,160
3694,5,4,160
3694,6,4,160
3694,7,4,160
3695,0,3,160
3695,1,3,160
3695,2,3,160
3695,3,3,160
3695,4,4,160
3695,5,4,160
3695,6,4,160
3695,7,4,160
3696,0,3,160
3696,1,3,160
3696,2,3,160
3696,3,3,160
3696,4,4,160
3696,5,4,160
3696,6,4,160
3696,7,4,160
3697,0,3,160
3697,1,3,160
3697,2,3,160
3697,3,3,160
3697,4,4,160
3697,5,4,160
3697,6,4,160
3697,7,4,160
3698,0,3,160
3698,1,3,160
3698,2,3,160
3698,3,3,160
3698,4,4,160
3698,5,4,160
3698,6,4,160
3698,7,4,160
3699,0,3,160
3699,1,3,160
3699,2,3,160
3699,3,3,160
3699,4,4,160
3699,5,4,160
3699,6,4,160
3699,7,4,160
3700,0,3,160
3700,1,3,160
3700,2,3,160
3700,3,3,160
3700,4,4,160
3700,5,4,160
3700,6,4,160
3700,7,4,160
3701,0,3,160
3701,1,3,160
3701,2,3,160
3701,3,3,160
3701,4,4,160
3701,5,4,160
3701,6,4,160
3701,7,4,160
3702,0,3,160
3702,1,3,160
3702,2,3,160
3702,3,3,160
3702,4,4,160
3702,5,4,160
3702,6,4,160
3702,7,4,160
3703,0,3,160
3703,1,3,160
3703,2,3,160
3703,3,3,160
3703,4,4,160
3703,5,4,160
3703,6,4,160
3703,7,4,160
3704,0,3,160
3704,1,3,160
3704,2,3,160
3704,3,3,160
3704,4,4,160
3704,5,4,160
3704,6,4,160
3704,7,4,160
3705,0,3,160
3705,1,3,160
3705,2,3,160
3705,3,3,160
3705,4,4,160
3705,5,4,160
3705,6,4,160
3705,7,4,160
3706,0,3,160
3706,1,3,160
3706,2,3,160
3706,3,3,160
3706,4,4,160
3706,5,4,160
3706,6,4,160
3706,7,4,160
3707,0,3,160
3707,1,3,160
3707,2,3,160
3707,3,3,160
3707,4,4,160
3707,5,4,160
3707,6,4,160
3707,7,4,160
3708,0,3,160
3708,1,3,160
3708,2,3,160
3708,3,3,160
3708,4,4,160
3708,5,4,160
3708,6,4,160
3708,7,4,160
3709,0,3,160
3709,1,3,160
3709,2,3,160
3709,3,3,160
3709,4,4,160
3709,5,4,160
3709,6,4,160
3709,7,4,160
3710,0,3,160
3710,1,3,160
3710,2,3,160
3710,3,3,160
3710,4,4,160
3710,5,4,160
3710,6,4,160
3710,7,4,160
3711,0,3,160
3711,1,3,160
3711,2,3,160
3711,3,3,160
3711,4,4,160
3711,5,4,160
3711,6,4,160
3711,7,4,160
3712,0,3,160
3712,1,3,160
3712,2,3,160
3712,3,3,160
3712,4,4,160
3712,5,4,160
3712,6,4,160
3712,7,4,160
3713,0,3,160
3713,1,3,160
3713,2,3,160
3713,3,3,160
3713,4,4,160
3713,5,4,160
3713,6,4,160
3713,7,4,160
3714,0,3,160
3714,1,3,160
3714,2,3,160
3714,3,3,160
3714,4,4,160
3714,5,4,160
3714,6,4,160
3714,7,4,160
3715,0,3,160
3715,1,3,160
3715,2,3,160
3715,3,3,160
3715,4,4,160
3715,5,4,160
3715,6,4,160
3715,7,4,160
3716,0,3,160
3716,1,3,160
3716,2,3,160
3716,3,3,160
3716,4,4,160
3716,5,4,160
3716,6,4,160
3716,7,4,160
3717,0,3,160
3717,1,3,160
3717,2,3,160
3717,3,3,160
3717,4,4,160
3717,5,4,160
3717,6,4,160
3717,7,4,160
3718,0,3,160
3718,1,3,160
3718,2,3,160
3718,3,3,160
3718,4,4,160
3718,5,4,160
3718,6,4,160
3718,7,4,160
3719,0,3,160
3719,1,3,160
3719,2,3,160
3719,3,3,160
3719,4,4,160
3719,5,4,160
3719,6,4,160
3719,7,4,160
3720,0,3,160
3720,1,3,160
3720,2,3,160
3720,3,3,160
3720,4,4,160
3720,5,4,160
3720,6,4,160
3720,7,4,160
3721,0,3,160
3721,1,3,160
3721,2,3,160
3721,3,3,160
3721,4,4,160
3721,5,4,160
3721,6,4,160
3721,7,4,160
3722,0,3,160
3722,1,3,160
3722,2,3,160
3722,3,3,160
3722,4,4,160
3722,5,4,160
3722,6,4,160
3722,7,4,160
3723,0,3,160
3723,1,3,160
3723,2,3,160
3723,3,3,160
3723,4,4,160
3723,5,4,160
3723,6,4,160
3723,7,4,160
3724,0,3,160
3724,1,3,160
3724,2,3,160
3724,3,3,160
3724,4,4,160
3724,5,4,160
3724,6,4,160
3724,7,4,160
3725,0,3,160
3725,1,3,160
3725,2,3,160
3725,3,3,160
3725,4,4,160
3725,5,4,160
3725,6,4,160
3725,7,4,160
3726,0,3,160
3726,1,3,160
3726,2,3,160
3726,3,3,160
3726,4,4,160
3726,5,4,160
3726,6,4,160
3726,7,4,160
3727,0,3,160
3727,1,3,160
3727,2,3,160
3727,3,3,160
3727,4,4,160
3727,5,4,160
3727,6,4,160
3727,7,4,160
3728,0,3,160
3728,1,3,160
3728,2,3,160
3728,3,3,160
3728,4,4,160
3728,5,4,160
3728,6,4,160
3728,7,4,160
3729,0,3,160
3729,1,3,160
3729,2,3,160
3729,3,3,160
3729,4,4,160
3729,5,4,160
3729,6,4,160
3729,7,4,160
3730,0,3,160
3730,1,3,160
3730,2,3,160
3730,3,3,160
3730,4,4,160
3730,5,4,160
3730,6,4,160
3730,7,4,160
3731,0,3,160
3731,1,3,160
3731,2,3,160
3731,3,3,160
3731,4,4,160
3731,5,4,160
3731,6,4,160
3731,7,4,160
3732,0,3,160
3732,1,3,160
3732,2,3,160
3732,3,3,160
3732,4,4,160
3732,5,4,160
3732,6,4,160
3732,7,4,160
3733,0,3,160
3733,1,3,160
3733,2,3,160
3733,3,3,160
3733,4,4,160
3733,5,4,160
3733,6,4,160
3733,7,4,160
3734,0,3,160
3734,1,3,160
3734,2,3,160
3734,3,3,160
3734,4,4,160
3734,5,4,160
3734,6,4,160
3734,7,4,160
3735,0,3,160
3735,1,3,160
3735,2,3,160
3735,3,3,160
3735,4,4,160
3735,5,4,160
3735,6,4,160
3735,7,4,160
3736,0,3,160
3736,1,3,160
3736,2,3,160
3736,3,3,160
3736,4,4,160
3736,5,4,160
3736,6,4,160
3736,7,4,160
3737,0,3,160
3737,1,3,160
3737,2,3,160
3737,3,3,160
3737,4,4,160
3737,5,4,160
3737,6,4,160
3737,7,4,160
3738,0,3,160
3738,1,3,160
3738,2,3,160
3738,3,3,160
3738,4,4,160
3738,5,4,160
3738,6,4,160
3738,7,4,160
3739,0,3,160
3739,1,3,160
3739,2,3,160
3739,3,3,160
3739,4,4,160
3739,5,4,160
3739,6,4,160
3739,7,4,160
3740,0,3,160
3740,1,3,160
3740,2,3,160
3740,3,3,160
3740,4,4,160
3740,5,4,160
3740,6,4,160
3740,7,4,160
3741,0,3,160
3741,1,3,160
3741,2,3,160
3741,3,3,160
3741,4,4,160
3741,5,4,160
3741,6,4,160
3741,7,4,160
3742,0,3,160
3742,1,3,160
3742,2,3,160
3742,3,3,160
3742,4,4,160
3742,5,4,160
3742,6,4,160
3742,7,4,160
3743,0,3,160
3743,1,3,160
3743,2,3,160
3743,3,3,160
3743,4,4,160
3743,5,4,160
3743,6,4,160
3743,7,4,160
3744,0,3,160
3744,1,3,160
3744,2,3,160
3744,3,3,160
3744,4,4,160
3744,5,4,160
3744,6,4,160
3744,7,4,160
3745,0,3,160
3745,1,3,160
3745,2,3,160
3745,3,3,160
3745,4,4,160
3745,5,4,160
3745,6,4,160
3745,7,4,160
3746,0,3,160
3746,1,3,160
3746,2,3,160
3746,3,3,160
3746,4,4,160
3746,5,4,160
3746,6,4,160
3746,7,4,160
3747,0,3,160
3747,1,3,160
3747,2,3,160
3747,3,3,160
3747,4,4,160
3747,5,4,160
3747,6,4,160
3747,7,4,160
3748,0,3,160
3748,1,3,160
3748,2,3,160
3748,3,3,160
3748,4,4,160
3748,5,4,160
3748,6,4,160
3748,7,4,160
3749,0,3,160
3749,1,3,160
3749,2,3,160
3749,3,3,160
3749,4,4,160
3749,5,4,160
3749,6,4,160
3749,7,4,160
3750,0,3,160
3750,1,3,160
3750,2,3,160
3750,3,3,160
3750,4,4,160
3750,5,4,160
3750,6,4,160
3750,7,4,160
3751,0,3,160
3751,1,3,160
3751,2,3,160
3751,3,3,160
3751,4,4,160
3751,5,4,160
3751,6,4,160
3751,7,4,160
3752,0,3,160
3752,1,3,160
3752,2,3,160
3752,3,3,160
3752,4,4,160
3752,5,4,160
3752,6,4,160
3752,7,4,160
3753,0,3,160
3753,1,3,160
3753,2,3,160
3753,3,3,160
3753,4,4,160
3753,5,4,160
3753,6,4,160
3753,7,4,160
3754,0,3,160
3754,1,3,160
3754,2,3,160
3754,3,3,160
3754,4,4,160
3754,5,4,160
3754,6,4,160
3754,7,4,160
3755,0,3,160
3755,1,3,160
3755,2,3,160
3755,3,3,160
3755,4,4,160
3755,5,4,160
3755,6,4,160
3755,7,4,160
3756,0,3,160
3756,1,3,160
3756,2,3,160
3756,3,3,160
3756,4,4,160
3756,5,4,160
3756,6,4,160
3756,7,4,160
3757,0,3,160
3757,1,3,160
3757,2,3,160
3757,3,3,160
3757,4,4,160
3757,5,4,160
3757,6,4,160
3757,7,4,160
3758,0,3,160
3758,1,3,160
3758,2,3,160
3758,3,3,160
3758,4,4,160
3758,5,4,160
3758,6,4,160
3758,7,4,160
3759,0,3,160
3759,1,3,160
3759,2,3,160
3759,3,3,160
3759,4,4,160
3759,5,4,160
3759,6,4,160
3759,7,4,160
3760,0,3,160
3760,1,3,160
3760,2,3,160
3760,3,3,160
3760,4,4,160
3760,5,4,160
3760,6,4,160
3760,7,4,160
3761,0,3,160
3761,1,3,160
3761,2,3,160
3761,3,3,160
3761,4,4,160
3761,5,4,160
3761,6,4,160
3761,7,4,160
3762,0,3,160
3762,1,3,160
3762,2,3,160
3762,3,3,160
3762,4,4,160
3762,5,4,160
3762,6,4,160
3762,7,4,160
3763,0,3,160
3763,1,3,160
3763,2,3,160
3763,3,3,160
3763,4,4,160
3763,5,4,160
3763,6,4,160
3763,7,4,160
3764,0,3,160
3764,1,3,160
3764,2,3,160
3764,3,3,160
3764,4,4,160
3764,5,4,160
3764,6,4,160
3764,7,4,160
3765,0,3,160
3765,1,3,160
3765,2,3,160
3765,3,3,160
3765,4,4,160
3765,5,4,160
3765,6,4,160
3765,7,4,160
3766,0,3,160
3766,1,3,160
3766,2,3,160
3766,3,3,160
3766,4,4,160
3766,5,4,160
3766,6,4,160
3766,7,4,160
3767,0,3,160
3767,1,3,160
3767,2,3,160
3767,3,3,160
3767,4,4,160
3767,5,4,160
3767,6,4,160
3767,7,4,160
3768,0,3,160
3768,1,3,160
3768,2,3,160
3768,3,3,160
3768,4,4,160
3768,5,4,160
3768,6,4,160
3768,7,4,160
3769,0,3,160
3769,1,3,160
3769,2,3,160
3769,3,3,160
3769,4,4,160
3769,5,4,160
3769,6,4,160
3769,7,4,160
3770,0,3,160
3770,1,3,160
3770,2,3,160
3770,3,3,160
3770,4,4,160
3770,5,4,160
3770,6,4,160
3770,7,4,160
3771,0,3,160
3771,1,3,160
3771,2,3,160
3771,3,3,160
3771,4,4,160
3771,5,4,160
3771,6,4,160
3771,7,4,160
3772,0,3,160
3772,1,3,160
3772,2,3,160
3772,3,3,160
3772,4,4,160
3772,5,4,160
3772,6,4,160
3772,7,4,160
3773,0,3,160
3773,1,3,160
3773,2,3,160
3773,3,3,160
3773,4,4,160
3773,5,4,160
3773,6,4,160
3773,7,4,160
3774,0,3,160
3774,1,3,160
3774,2,3,160
3774,3,3,160
3774,4,4,160
3774,5,4,160
3774,6,4,160
3774,7,4,160
3775,0,3,160
3775,1,3,160
3775,2,3,160
3775,3,3,160
3775,4,4,160
3775,5,4,160
3775,6,4,160
3775,7,4,160
3776,0,3,160
3776,1,3,160
3776,2,3,160
3776,3,3,160
3776,4,4,160
3776,5,4,160
3776,6,4,160
3776,7,4,160
3777,0,3,160
3777,1,3,160
3777,2,3,160
3777,3,3,160
3777,4,4,160
3777,5,4,160
3777,6,4,160
3777,7,4,160
3778,0,3,160
3778,1,3,160
3778,2,3,160
3778,3,3,160
3778,4,4,160
3778,5,4,160
3778,6,4,160
3778,7,4,160
3779,0,3,160
3779,1,3,160
3779,2,3,160
3779,3,3,160
3779,4,4,160
3779,5,4,160
3779,6,4,160
3779,7,4,160
3780,0,3,160
3780,1,3,160
3780,2,3,160
3780,3,3,160
3780,4,4,160
3780,5,4,160
3780,6,4,160
3780,7,4,160
3781,0,3,160
3781,1,3,160
3781,2,3,160
3781,3,3,160
3781,4,4,160
3781,5,4,160
3781,6,4,160
3781,7,4,160
3782,0,3,160
3782,1,3,160
3782,2,3,160
3782,3,3,160
3782,4,4,160
3782,5,4,160
3782,6,4,160
3782,7,4,160
3783,0,3,160
3783,1,3,160
3783,2,3,160
3783,3,3,160
3783,4,4,160
3783,5,4,160
3783,6,4,160
3783,7,4,160
3784,0,3,160
3784,1,3,160
3784,2,3,160
3784,3,3,160
3784,4,4,160
3784,5,4,160
3784,6,4,160
3784,7,4,160
3785,0,3,160
3785,1,3,160
3785,2,3,160
3785,3,3,160
3785,4,4,160
3785,5,4,160
3785,6,4,160
3785,7,4,160
3786,0,3,160
3786,1,3,160
3786,2,3,160
3786,3,3,160
3786,4,4,160
3786,5,4,160
3786,6,4,160
3786,7,4,160
3787,0,3,160
3787,1,3,160
3787,2,3,160
3787,3,3,160
3787,4,4,160
3787,5,4,160
3787,6,4,160
3787,7,4,160
3788,0,3,160
3788,1,3,160
3788,2,3,160
3788,3,3,160
3788,4,4,160
3788,5,4,160
3788,6,4,160
3788,7,4,160
3789,0,3,160
3789,1,3,160
3789,2,3,160
3789,3,3,160
3789,4,4,160
3789,5,4,160
3789,6,4,160
3789,7,4,160
3790,0,3,160
3790,1,3,160
3790,2,3,160
3790,3,3,160
3790,4,4,160
3790,5,4,160
3790,6,4,160
3790,7,4,160
3791,0,3,160
3791,1,3,160
3791,2,3,160
3791,3,3,160
3791,4,4,160
3791,5,4,160
3791,6,4,160
3791,7,4,160
3792,0,3,160
3792,1,3,160
3792,2,3,160
3792,3,3,160
3792,4,4,160
3792,5,4,160
3792,6,4,160
3792,7,4,160
3793,0,3,160
3793,1,3,160
3793,2,3,160
3793,3,3,160
3793,4,4,160
3793,5,4,160
3793,6,4,160
3793,7,4,160
3794,0,3,160
3794,1,3,160
3794,2,3,160
3794,3,3,160
3794,4,4,160
3794,5,4,160
3794,6,4,160
3794,7,4,160
3795,0,3,160
3795,1,3,160
3795,2,3,160
3795,3,3,160
3795,4,4,160
3795,5,4,160
3795,6,4,160
3795,7,4,160
3796,0,3,160
3796,1,3,160
3796,2,3,160
3796,3,3,160
3796,4,4,160
3796,5,4,160
3796,6,4,160
3796,7,4,160
3797,0,3,160
3797,1,3,160
3797,2,3,160
3797,3,3,160
3797,4,4,160
3797,5,4,160
3797,6,4,160
3797,7,4,160
3798,0,3,160
3798,1,3,160
3798,2,3,160
3798,3,3,160
3798,4,4,160
3798,5,4,160
3798,6,4,160
3798,7,4,160
3799,0,3,160
3799,1,3,160
3799,2,3,160
3799,3,3,160
3799,4,4,160
3799,5,4,160
3799,6,4,160
3799,7,4,160
3800,0,3,160
3800,1,3,160
3800,2,3,160
3800,3,3,160
3800,4,4,160
3800,5,4,160
3800,6,4,160
3800,7,4,160
3801,0,3,160
3801,1,3,160
3801,2,3,160
3801,3,3,160
3801,4,4,160
3801,5,4,160
3801,6,4,160
3801,7,4,160
3802,0,3,160
3802,1,3,160
3802,2,3,160
3802,3,3,160
3802,4,4,160
3802,5,4,160
3802,6,4,160
3802,7,4,160
3803,0,3,160
3803,1,3,160
3803,2,3,160
3803,3,3,160
3803,4,4,160
3803,5,4,160
3803,6,4,160
3803,7,4,160
3804,0,3,160
3804,1,3,160
3804,2,3,160
3804,3,3,160
3804,4,4,160
3804,5,4,160
3804,6,4,160
3804,7,4,160
3805,0,3,160
3805,1,3,160
3805,2,3,160
3805,3,3,160
3805,4,4,160
3805,5,4,160
3805,6,4,160
3805,7,4,160
3806,0,3,160
3806,1,3,160
3806,2,3,160
3806,3,3,160
3806,4,4,160
3806,5,4,160
3806,6,4,160
3806,7,4,160
3807,0,3,160
3807,1,3,160
3807,2,3,160
3807,3,3,160
3807,4,4,160
3807,5,4,160
3807,6,4,160
3807,7,4,160
3808,0,3,160
3808,1,3,160
3808,2,3,160
3808,3,3,160
3808,4,4,160
3808,5,4,160
3808,6,4,160
3808,7,4,160
3809,0,3,160
3809,1,3,160
3809,2,3,160
3809,3,3,160
3809,4,4,160
3809,5,4,160
3809,6,4,160
3809,7,4,160
3810,0,3,160
3810,1,3,160
3810,2,3,160
3810,3,3,160
3810,4,4,160
3810,5,4,160
3810,6,4,160
3810,7,4,160
3811,0,3,160
3811,1,3,160
3811,2,3,160
3811,3,3,160
3811,4,4,160
3811,5,4,160
3811,6,4,160
3811,7,4,160
3812,0,3,160
3812,1,3,160
3812,2,3,160
3812,3,3,160
3812,4,4,160
3812,5,4,160
3812,6,4,160
3812,7,4,160
3813,0,3,160
3813,1,3,160
3813,2,3,160
3813,3,3,160
3813,4,4,160
3813,5,4,160
3813,6,4,160
3813,7,4,160
3814,0,3,160
3814,1,3,160
3814,2,3,160
3814,3,3,160
3814,4,4,160
3814,5,4,160
3814,6,4,160
3814,7,4,160
3815,0,3,160
3815,1,3,160
3815,2,3,160
3815,3,3,160
3815,4,4,160
3815,5,4,160
3815,6,4,160
3815,7,4,160
3816,0,3,160
3816,1,3,160
3816,2,3,160
3816,3,3,160
3816,4,4,160
3816,5,4,160
3816,6,4,160
3816,7,4,160
3817,0,3,160
3817,1,3,160
3817,2,3,160
3817,3,3,160
3817,4,4,160
3817,5,4,160
3817,6,4,160
3817,7,4,160
3818,0,3,160
3818,1,3,160
3818,2,3,160
3818,3,3,160
3818,4,4,160
3818,5,4,160
3818,6,4,160
3818,7,4,160
3819,0,3,160
3819,1,3,160
3819,2,3,160
3819,3,3,160
3819,4,4,160
3819,5,4,160
3819,6,4,160
3819,7,4,160
3820,0,3,160
3820,1,3,160
3820,2,3,160
3820,3,3,160
3820,4,4,160
3820,5,4,160
3820,6,4,160
3820,7,4,160
3821,0,3,160
3821,1,3,160
3821,2,3,160
3821,3,3,160
3821,4,4,160
3821,5,4,160
3821,6,4,160
3821,7,4,160
3822,0,3,160
3822,1,3,160
3822,2,3,160
3822,3,3,160
3822,4,4,160
3822,5,4,160
3822,6,4,160
3822,7,4,160
3823,0,3,160
3823,1,3,160
3823,2,3,160
3823,3,3,160
3823,4,4,160
3823,5,4,160
3823,6,4,160
3823,7,4,160
3824,0,3,160
3824,1,3,160
3824,2,3,160
3824,3,3,160
3824,4,4,160
3824,5,4,160
3824,6,4,160
3824,7,4,160
3825,0,3,160
3825,1,3,160
3825,2,3,160
3825,3,3,160
3825,4,4,160
3825,5,4,160
3825,6,4,160
3825,7,4,160
3826,0,3,160
3826,1,3,160
3826,2,3,160
3826,3,3,160
3826,4,4,160
3826,5,4,160
3826,6,4,160
3826,7,4,160
3827,0,3,160
3827,1,3,160
3827,2,3,160
3827,3,3,160
3827,4,4,160
3827,5,4,160
3827,6,4,160
3827,7,4,160
3828,0,3,160
3828,1,3,160
3828,2,3,160
3828,3,3,160
3828,4,4,160
3828,5,4,160
3828,6,4,160
3828,7,4,160
3829,0,3,160
3829,1,3,160
3829,2,3,160
3829,3,3,160
3829,4,4,160
3829,5,4,160
3829,6,4,160
3829,7,4,160
3830,0,3,160
3830,1,3,160
3830,2,3,160
3830,3,3,160
3830,4,4,160
3830,5,4,160
3830,6,4,160
3830,7,4,160
3831,0,3,160
3831,1,3,160
3831,2,3,160
3831,3,3,160
3831,4,4,160
3831,5,4,160
3831,6,4,160
3831,7,4,160
3832,0,3,160
3832,1,3,160
3832,2,3,160
3832,3,3,160
3832,4,4,160
3832,5,4,160
3832,6,4,160
3832,7,4,160
3833,0,3,160
3833,1,3,160
3833,2,3,160
3833,3,3,160
3833,4,4,160
3833,5,4,160
3833,6,4,160
3833,7,4,160
3834,0,3,160
3834,1,3,160
3834,2,3,160
3834,3,3,160
3834,4,4,160
3834,5,4,160
3834,6,4,160
3834,7,4,160
3835,0,3,160
3835,1,3,160
3835,2,3,160
3835,3,3,160
3835,4,4,160
3835,5,4,160
3835,6,4,160
3835,7,4,160
3836,0,3,160
3836,1,3,160
3836,2,3,160
3836,3,3,160
3836,4,4,160
3836,5,4,160
3836,6,4,160
3836,7,4,160
3837,0,3,160
3837,1,3,160
3837,2,3,160
3837,3,3,160
3837,4,4,160
3837,5,4,160
3837,6,4,160
3837,7,4,160
3838,0,3,160
3838,1,3,160
3838,2,3,160
3838,3,3,160
3838,4,4,160
3838,5,4,160
3838,6,4,160
3838,7,4,160
3839,0,3,160
3839,1,3,160
3839,2,3,160
3839,3,3,160
3839,4,4,160
3839,5,4,160
3839,6,4,160
3839,7,4,160
3840,0,3,160
3840,1,3,160
3840,2,3,160
3840,3,3,160
3840,4,4,160
3840,5,4,160
3840,6,4,160
3840,7,4,160
3841,0,3,160
3841,1,3,160
3841,2,3,160
3841,3,3,160
3841,4,4,160
3841,5,4,160
3841,6,4,160
3841,7,4,160
3842,0,3,160
3842,1,3,160
3842,2,3,160
3842,3,3,160
3842,4,4,160
3842,5,4,160
3842,6,4,160
3842,7,4,160
3843,0,3,160
3843,1,3,160
3843,2,3,160
3843,3,3,160
3843,4,4,160
3843,5,4,160
3843,6,4,160
3843,7,4,160
3844,0,3,160
3844,1,3,160
3844,2,3,160
3844,3,3,160
3844,4,4,160
3844,5,4,160
3844,6,4,160
3844,7,4,160
3845,0,3,160
3845,1,3,160
3845,2,3,160
3845,3,3,160
3845,4,4,160
3845,5,4,160
3845,6,4,160
3845,7,4,160
3846,0,3,160
3846,1,3,160
3846,2,3,160
3846,3,3,160
3846,4,4,160
3846,5,4,160
3846,6,4,160
3846,7,4,160
3847,0,3,160
3847,1,3,160
3847,2,3,160
3847,3,3,160
3847,4,4,160
3847,5,4,160
3847,6,4,160
3847,7,4,160
3848,0,3,160
3848,1,3,160
3848,2,3,160
3848,3,3,160
3848,4,4,160
3848,5,4,160
3848,6,4,160
3848,7,4,160
3849,0,3,160
3849,1,3,160
3849,2,3,160
3849,3,3,160
3849,4,4,160
3849,5,4,160
3849,6,4,160
3849,7,4,160
3850,0,3,160
3850,1,3,160
3850,2,3,160
3850,3,3,160
3850,4,4,160
3850,5,4,160
3850,6,4,160
3850,7,4,160
3851,0,3,160
3851,1,3,160
3851,2,3,160
3851,3,3,160
3851,4,4,160
3851,5,4,160
3851,6,4,160
3851,7,4,160
3852,0,3,160
3852,1,3,160
3852,2,3,160
3852,3,3,160
3852,4,4,160
3852,5,4,160
3852,6,4,160
3852,7,4,160
3853,0,3,160
3853,1,3,160
3853,2,3,160
3853,3,3,160
3853,4,4,160
3853,5,4,160
3853,6,4,160
3853,7,4,160
3854,0,3,160
3854,1,3,160
3854,2,3,160
3854,3,3,160
3854,4,4,160
3854,5,4,160
3854,6,4,160
3854,7,4,160
3855,0,3,160
3855,1,3,160
3855,2,3,160
3855,3,3,160
3855,4,4,160
3855,5,4,160
3855,6,4,160
3855,7,4,160
3856,0,3,160
3856,1,3,160
3856,2,3,160
3856,3,3,160
3856,4,4,160
3856,5,4,160
3856,6,4,160
3856,7,4,160
3857,0,3,160
3857,1,3,160
3857,2,3,160
3857,3,3,160
3857,4,4,160
3857,5,4,160
3857,6,4,160
3857,7,4,160
3858,0,3,160
3858,1,3,160
3858,2,3,160
3858,3,3,160
3858,4,4,160
3858,5,4,160
3858,6,4,160
3858,7,4,160
3859,0,3,160
3859,1,3,160
3859,2,3,160
3859,3,3,160
3859,4,4,160
3859,5,4,160
3859,6,4,160
3859,7,4,160
3860,0,3,160
3860,1,3,160
3860,2,3,160
3860,3,3,160
3860,4,4,160
3860,5,4,160
3860,6,4,160
3860,7,4,160
3861,0,3,160
3861,1,3,160
3861,2,3,160
3861,3,3,160
3861,4,4,160
3861,5,4,160
3861,6,4,160
3861,7,4,160
3862,0,3,160
3862,1,3,160
3862,2,3,160
3862,3,3,160
3862,4,4,160
3862,5,4,160
3862,6,4,160
3862,7,4,160
3863,0,3,160
3863,1,3,160
3863,2,3,160
3863,3,3,160
3863,4,4,160
3863,5,4,160
3863,6,4,160
3863,7,4,160
3864,0,3,160
3864,1,3,160
3864,2,3,160
3864,3,3,160
3864,4,4,160
3864,5,4,160
3864,6,4,160
3864,7,4,160
3865,0,3,160
3865,1,3,160
3865,2,3,160
3865,3,3,160
3865,4,4,160
3865,5,4,160
3865,6,4,160
3865,7,4,160
3866,0,3,160
3866,1,3,160
3866,2,3,160
3866,3,3,160
3866,4,4,160
3866,5,4,160
3866,6,4,160
3866,7,4,160
3867,0,3,160
3867,1,3,160
3867,2,3,160
3867,3,3,160
3867,4,4,160
3867,5,4,160
3867,6,4,160
3867,7,4,160
3868,0,3,160
3868,1,3,160
3868,2,3,160
3868,3,3,160
3868,4,4,160
3868,5,4,160
3868,6,4,160
3868,7,4,160
3869,0,3,160
3869,1,3,160
3869,2,3,160
3869,3,3,160
3869,4,4,160
3869,5,4,160
3869,6,4,160
3869,7,4,160
3870,0,3,160
3870,1,3,160
3870,2,3,160
3870,3,3,160
3870,4,4,160
3870,5,4,160
3870,6,4,160
3870,7,4,160
3871,0,3,160
3871,1,3,160
3871,2,3,160
3871,3,3,160
3871,4,4,160
3871,5,4,160
3871,6,4,160
3871,7,4,160
3872,0,3,160
3872,1,3,160
3872,2,3,160
3872,3,3,160
3872,4,4,160
3872,5,4,160
3872,6,4,160
3872,7,4,160
3873,0,3,160
3873,1,3,160
3873,2,3,160
3873,3,3,160
3873,4,4,160
3873,5,4,160
3873,6,4,160
3873,7,4,160
3874,0,3,160
3874,1,3,160
3874,2,3,160
3874,3,3,160
3874,4,4,160
3874,5,4,160
3874,6,4,160
3874,7,4,160
3875,0,3,160
3875,1,3,160
3875,2,3,160
3875,3,3,160
3875,4,4,160
3875,5,4,160
3875,6,4,160
3875,7,4,160
3876,0,3,160
3876,1,3,160
3876,2,3,160
3876,3,3,160
3876,4,4,160
3876,5,4,160
3876,6,4,160
3876,7,4,160
3877,0,3,160
3877,1,3,160
3877,2,3,160
3877,3,3,160
3877,4,4,160
3877,5,4,160
3877,6,4,160
3877,7,4,160
3878,0,3,160
3878,1,3,160
3878,2,3,160
3878,3,3,160
3878,4,4,160
3878,5,4,160
3878,6,4,160
3878,7,4,160
3879,0,3,160
3879,1,3,160
3879,2,3,160
3879,3,3,160
3879,4,4,160
3879,5,4,160
3879,6,4,160
3879,7,4,160
3880,0,3,160
3880,1,3,160
3880,2,3,160
3880,3,3,160
3880,4,4,160
3880,5,4,160
3880,6,4,160
3880,7,4,160
3881,0,3,160
3881,1,3,160
3881,2,3,160
3881,3,3,160
3881,4,4,160
3881,5,4,160
3881,6,4,160
3881,7,4,160
3882,0,3,160
3882,1,3,160
3882,2,3,160
3882,3,3,160
3882,4,4,160
3882,5,4,160
3882,6,4,160
3882,7,4,160
3883,0,3,160
3883,1,3,160
3883,2,3,160
3883,3,3,160
3883,4,4,160
3883,5,4,160
3883,6,4,160
3883,7,4,160
3884,0,3,160
3884,1,3,160
3884,2,3,160
3884,3,3,160
3884,4,4,160
3884,5,4,160
3884,6,4,160
3884,7,4,160
3885,0,3,160
3885,1,3,160
3885,2,3,160
3885,3,3,160
3885,4,4,160
3885,5,4,160
3885,6,4,160
3885,7,4,160
3886,0,3,160
3886,1,3,160
3886,2,3,160
3886,3,3,160
3886,4,4,160
3886,5,4,160
3886,6,4,160
3886,7,4,160
3887,0,3,160
3887,1,3,160
3887,2,3,160
3887,3,3,160
3887,4,4,160
3887,5,4,160
3887,6,4,160
3887,7,4,160
3888,0,3,160
3888,1,3,160
3888,2,3,160
3888,3,3,160
3888,4,4,160
3888,5,4,160
3888,6,4,160
3888,7,4,160
3889,0,3,160
3889,1,3,160
3889,2,3,160
3889,3,3,160
3889,4,4,160
3889,5,4,160
3889,6,4,160
3889,7,4,160
3890,0,3,160
3890,1,3,160
3890,2,3,160
3890,3,3,160
3890,4,4,160
3890,5,4,160
3890,6,4,160
3890,7,4,160
3891,0,3,160
3891,1,3,160
3891,2,3,160
3891,3,3,160
3891,4,4,160
3891,5,4,160
3891,6,4,160
3891,7,4,160
3892,0,3,160
3892,1,3,160
3892,2,3,160
3892,3,3,160
3892,4,4,160
3892,5,4,160
3892,6,4,160
3892,7,4,160
3893,0,3,160
3893,1,3,160
3893,2,3,160
3893,3,3,160
3893,4,4,160
3893,5,4,160
3893,6,4,160
3893,7,4,160
3894,0,3,160
3894,1,3,160
3894,2,3,160
3894,3,3,160
3894,4,4,160
3894,5,4,160
3894,6,4,160
3894,7,4,160
3895,0,3,160
3895,1,3,160
3895,2,3,160
3895,3,3,160
3895,4,4,160
3895,5,4,160
3895,6,4,160
3895,7,4,160
3896,0,3,160
3896,1,3,160
3896,2,3,160
3896,3,3,160
3896,4,4,160
3896,5,4,160
3896,6,4,160
3896,7,4,160
3897,0,3,160
3897,1,3,160
3897,2,3,160
3897,3,3,160
3897,4,4,160
3897,5,4,160
3897,6,4,160
3897,7,4,160
3898,0,3,160
3898,1,3,160
3898,2,3,160
3898,3,3,160
3898,4,4,160
3898,5,4,160
3898,6,4,160
3898,7,4,160
3899,0,3,160
3899,1,3,160
3899,2,3,160
3899,3,3,160
3899,4,4,160
3899,5,4,160
3899,6,4,160
3899,7,4,160
3900,0,3,160
3900,1,3,160
3900,2,3,160
3900,3,3,160
3900,4,4,160
3900,5,4,160
3900,6,4,160
3900,7,4,160
3901,0,3,160
3901,1,3,160
3901,2,3,160
3901,3,3,160
3901,4,4,160
3901,5,4,160
3901,6,4,160
3901,7,4,160
3902,0,3,160
3902,1,3,160
3902,2,3,160
3902,3,3,160
3902,4,4,160
3902,5,4,160
3902,6,4,160
3902,7,4,160
3903,0,3,160
3903,1,3,160
3903,2,3,160
3903,3,3,160
3903,4,4,160
3903,5,4,160
3903,6,4,160
3903,7,4,160
3904,0,3,160
3904,1,3,160
3904,2,3,160
3904,3,3,160
3904,4,4,160
3904,5,4,160
3904,6,4,160
3904,7,4,160
3905,0,3,160
3905,1,3,160
3905,2,3,160
3905,3,3,160
3905,4,4,160
3905,5,4,160
3905,6,4,160
3905,7,4,160
3906,0,3,160
3906,1,3,160
3906,2,3,160
3906,3,3,160
3906,4,4,160
3906,5,4,160
3906,6,4,160
3906,7,4,160
3907,0,3,160
3907,1,3,160
3907,2,3,160
3907,3,3,160
3907,4,4,160
3907,5,4,160
3907,6,4,160
3907,7,4,160
3908,0,3,160
3908,1,3,160
3908,2,3,160
3908,3,3,160
3908,4,4,160
3908,5,4,160
3908,6,4,160
3908,7,4,160
3909,0,3,160
3909,1,3,160
3909,2,3,160
3909,3,3,160
3909,4,4,160
3909,5,4,160
3909,6,4,160
3909,7,4,160
3910,0,3,160
3910,1,3,160
3910,2,3,160
3910,3,3,160
3910,4,4,160
3910,5,4,160
3910,6,4,160
3910,7,4,160
3911,0,3,160
3911,1,3,160
3911,2,3,160
3911,3,3,160
3911,4,4,160
3911,5,4,160
3911,6,4,160
3911,7,4,160
3912,0,3,160
3912,1,3,160
3912,2,3,160
3912,3,3,160
3912,4,4,160
3912,5,4,160
3912,6,4,160
3912,7,4,160
3913,0,3,160
3913,1,3,160
3913,2,3,160
3913,3,3,160
3913,4,4,160
3913,5,4,160
3913,6,4,160
3913,7,4,160
3914,0,3,160
3914,1,3,160
3914,2,3,160
3914,3,3,160
3914,4,4,160
3914,5,4,160
3914,6,4,160
3914,7,4,160
3915,0,3,160
3915,1,3,160
3915,2,3,160
3915,3,3,160
3915,4,4,160
3915,5,4,160
3915,6,4,160
3915,7,4,160
3916,0,3,160
3916,1,3,160
3916,2,3,160
3916,3,3,160
3916,4,4,160
3916,5,4,160
3916,6,4,160
3916,7,4,160
3917,0,3,160
3917,1,3,160
3917,2,3,160
3917,3,3,160
3917,4,4,160
3917,5,4,160
3917,6,4,160
3917,7,4,160
3918,0,3,160
3918,1,3,160
3918,2,3,160
3918,3,3,160
3918,4,4,160
3918,5,4,160
3918,6,4,160
3918,7,4,160
3919,0,3,160
3919,1,3,160
3919,2,3,160
3919,3,3,160
3919,4,4,160
3919,5,4,160
3919,6,4,160
3919,7,4,160
3920,0,3,160
3920,1,3,160
3920,2,3,160
3920,3,3,160
3920,4,4,160
3920,5,4,160
3920,6,4,160
3920,7,4,160
3921,0,3,160
3921,1,3,160
3921,2,3,160
3921,3,3,160
3921,4,4,160
3921,5,4,160
3921,6,4,160
3921,7,4,160
3922,0,3,160
3922,1,3,160
3922,2,3,160
3922,3,3,160
3922,4,4,160
3922,5,4,160
3922,6,4,160
3922,7,4,160
3923,0,3,160
3923,1,3,160
3923,2,3,160
3923,3,3,160
3923,4,4,160
3923,5,4,160
3923,6,4,160
3923,7,4,160
3924,0,3,160
3924,1,3,160
3924,2,3,160
3924,3,3,160
3924,4,4,160
3924,5,4,160
3924,6,4,160
3924,7,4,160
3925,0,3,160
3925,1,3,160
3925,2,3,160
3925,3,3,160
3925,4,4,160
3925,5,4,160
3925,6,4,160
3925,7,4,160
3926,0,3,160
3926,1,3,160
3926,2,3,160
3926,3,3,160
3926,4,4,160
3926,5,4,160
3926,6,4,160
3926,7,4,160
3927,0,3,160
3927,1,3,160
3927,2,3,160
3927,3,3,160
3927,4,4,160
3927,5,4,160
3927,6,4,160
3927,7,4,160
3928,0,3,160
3928,1,3,160
3928,2,3,160
3928,3,3,160
3928,4,4,160
3928,5,4,160
3928,6,4,160
3928,7,4,160
3929,0,3,160
3929,1,3,160
3929,2,3,160
3929,3,3,160
3929,4,4,160
3929,5,4,160
3929,6,4,160
3929,7,4,160
3930,0,3,160
3930,1,3,160
3930,2,3,160
3930,3,3,160
3930,4,4,160
3930,5,4,160
3930,6,4,160
3930,7,4,160
3931,0,3,160
3931,1,3,160
3931,2,3,160
3931,3,3,160
3931,4,4,160
3931,5,4,160
3931,6,4,160
3931,7,4,160
3932,0,3,160
3932,1,3,160
3932,2,3,160
3932,3,3,160
3932,4,4,160
3932,5,4,160
3932,6,4,160
3932,7,4,160
3933,0,3,160
3933,1,3,160
3933,2,3,160
3933,3,3,160
3933,4,4,160
3933,5,4,160
3933,6,4,160
3933,7,4,160
3934,0,3,160
3934,1,3,160
3934,2,3,160
3934,3,3,160
3934,4,4,160
3934,5,4,160
3934,6,4,160
3934,7,4,160
3935,0,3,160
3935,1,3,160
3935,2,3,160
3935,3,3,160
3935,4,4,160
3935,5,4,160
3935,6,4,160
3935,7,4,160
3936,0,3,160
3936,1,3,160
3936,2,3,160
3936,3,3,160
3936,4,4,160
3936,5,4,160
3936,6,4,160
3936,7,4,160
3937,0,3,160
3937,1,3,160
3937,2,3,160
3937,3,3,160
3937,4,4,160
3937,5,4,160
3937,6,4,160
3937,7,4,160
3938,0,3,160
3938,1,3,160
3938,2,3,160
3938,3,3,160
3938,4,4,160
3938,5,4,160
3938,6,4,160
3938,7,4,160
3939,0,3,160
3939,1,3,160
3939,2,3,160
3939,3,3,160
3939,4,4,160
3939,5,4,160
3939,6,4,160
3939,7,4,160
3940,0,3,160
3940,1,3,160
3940,2,3,160
3940,3,3,160
3940,4,4,160
3940,5,4,160
3940,6,4,160
3940,7,4,160
3941,0,3,160
3941,1,3,160
3941,2,3,160
3941,3,3,160
3941,4,4,160
3941,5,4,160
3941,6,4,160
3941,7,4,160
3942,0,3,160
3942,1,3,160
3942,2,3,160
3942,3,3,160
3942,4,4,160
3942,5,4,160
3942,6,4,160
3942,7,4,160
3943,0,3,160
3943,1,3,160
3943,2,3,160
3943,3,3,160
3943,4,4,160
3943,5,4,160
3943,6,4,160
3943,7,4,160
3944,0,3,160
3944,1,3,160
3944,2,3,160
3944,3,3,160
3944,4,4,160
3944,5,4,160
3944,6,4,160
3944,7,4,160
3945,0,3,160
3945,1,3,160
3945,2,3,160
3945,3,3,160
3945,4,4,160
3945,5,4,160
3945,6,4,160
3945,7,4,160
3946,0,3,160
3946,1,3,160
3946,2,3,160
3946,3,3,160
3946,4,4,160
3946,5,4,160
3946,6,4,160
3946,7,4,160
3947,0,3,160
3947,1,3,160
3947,2,3,160
3947,3,3,160
3947,4,4,160
3947,5,4,160
3947,6,4,160
3947,7,4,160
3948,0,3,160
3948,1,3,160
3948,2,3,160
3948,3,3,160
3948,4,4,160
3948,5,4,160
3948,6,4,160
3948,7,4,160
3949,0,3,160
3949,1,3,160
3949,2,3,160
3949,3,3,160
3949,4,4,160
3949,5,4,160
3949,6,4,160
3949,7,4,160
3950,0,3,160
3950,1,3,160
3950,2,3,160
3950,3,3,160
3950,4,4,160
3950,5,4,160
3950,6,4,160
3950,7,4,160
3951,0,3,160
3951,1,3,160
3951,2,3,160
3951,3,3,160
3951,4,4,160
3951,5,4,160
3951,6,4,160
3951,7,4,160
3952,0,3,160
3952,1,3,160
3952,2,3,160
3952,3,3,160
3952,4,4,160
3952,5,4,160
3952,6,4,160
3952,7,4,160
3953,0,3,160
3953,1,3,160
3953,2,3,160
3953,3,3,160
3953,4,4,160
3953,5,4,160
3953,6,4,160
3953,7,4,160
3954,0,3,160
3954,1,3,160
3954,2,3,160
3954,3,3,160
3954,4,4,160
3954,5,4,160
3954,6,4,160
3954,7,4,160
3955,0,3,160
3955,1,3,160
3955,2,3,160
3955,3,3,160
3955,4,4,160
3955,5,4,160
3955,6,4,160
3955,7,4,160
3956,0,3,160
3956,1,3,160
3956,2,3,160
3956,3,3,160
3956,4,4,160
3956,5,4,160
3956,6,4,160
3956,7,4,160
3957,0,3,160
3957,1,3,160
3957,2,3,160
3957,3,3,160
3957,4,4,160
3957,5,4,160
3957,6,4,160
3957,7,4,160
3958,0,3,160
3958,1,3,160
3958,2,3,160
3958,3,3,160
3958,4,4,160
3958,5,4,160
3958,6,4,160
3958,7,4,160
3959,0,3,160
3959,1,3,160
3959,2,3,160
3959,3,3,160
3959,4,4,160
3959,5,4,160
3959,6,4,160
3959,7,4,160
3960,0,3,160
3960,1,3,160
3960,2,3,160
3960,3,3,160
3960,4,4,160
3960,5,4,160
3960,6,4,160
3960,7,4,160
3961,0,3,160
3961,1,3,160
3961,2,3,160
3961,3,3,160
3961,4,4,160
3961,5,4,160
3961,6,4,160
3961,7,4,160
3962,0,3,160
3962,1,3,160
3962,2,3,160
3962,3,3,160
3962,4,4,160
3962,5,4,160
3962,6,4,160
3962,7,4,160
3963,0,3,160
3963,1,3,160
3963,2,3,160
3963,3,3,160
3963,4,4,160
3963,5,4,160
3963,6,4,160
3963,7,4,160
3964,0,3,160
3964,1,3,160
3964,2,3,160
3964,3,3,160
3964,4,4,160
3964,5,4,160
3964,6,4,160
3964,7,4,160
3965,0,3,160
3965,1,3,160
3965,2,3,160
3965,3,3,160
3965,4,4,160
3965,5,4,160
3965,6,4,160
3965,7,4,160
3966,0,3,160
3966,1,3,160
3966,2,3,160
3966,3,3,160
3966,4,4,160
3966,5,4,160
3966,6,4,160
3966,7,4,160
3967,0,3,160
3967,1,3,160
3967,2,3,160
3967,3,3,160
3967,4,4,160
3967,5,4,160
3967,6,4,160
3967,7,4,160
3968,0,3,160
3968,1,3,160
3968,2,3,160
3968,3,3,160
3968,4,4,160
3968,5,4,160
3968,6,4,160
3968,7,4,160
3969,0,3,160
3969,1,3,160
3969,2,3,160
3969,3,3,160
3969,4,4,160
3969,5,4,160
3969,6,4,160
3969,7,4,160
3970,0,3,160
3970,1,3,160
3970,2,3,160
3970,3,3,160
3970,4,4,160
3970,5,4,160
3970,6,4,160
3970,7,4,160
3971,0,3,160
3971,1,3,160
3971,2,3,160
3971,3,3,160
3971,4,4,160
3971,5,4,160
3971,6,4,160
3971,7,4,160
3972,0,3,160
3972,1,3,160
3972,2,3,160
3972,3,3,160
3972,4,4,160
3972,5,4,160
3972,6,4,160
3972,7,4,160
3973,0,3,160
3973,1,3,160
3973,2,3,160
3973,3,3,160
3973,4,4,160
3973,5,4,160
3973,6,4,160
3973,7,4,160
3974,0,3,160
3974,1,3,160
3974,2,3,160
3974,3,3,160
3974,4,4,160
3974,5,4,160
3974,6,4,160
3974,7,4,160
3975,0,3,160
3975,1,3,160
3975,2,3,160
3975,3,3,160
3975,4,4,160
3975,5,4,160
3975,6,4,160
3975,7,4,160
3976,0,3,160
3976,1,3,160
3976,2,3,160
3976,3,3,160
3976,4,4,160
3976,5,4,160
3976,6,4,160
3976,7,4,160
3977,0,3,160
3977,1,3,160
3977,2,3,160
3977,3,3,160
3977,4,4,160
3977,5,4,160
3977,6,4,160
3977,7,4,160
3978,0,3,160
3978,1,3,160
3978,2,3,160
3978,3,3,160
3978,4,4,160
3978,5,4,160
3978,6,4,160
3978,7,4,160
3979,0,3,160
3979,1,3,160
3979,2,3,160
3979,3,3,160
3979,4,4,160
3979,5,4,160
3979,6,4,160
3979,7,4,160
3980,0,3,160
3980,1,3,160
3980,2,3,160
3980,3,3,160
3980,4,4,160
3980,5,4,160
3980,6,4,160
3980,7,4,160
3981,0,3,160
3981,1,3,160
3981,2,3,160
3981,3,3,160
3981,4,4,160
3981,5,4,160
3981,6,4,160
3981,7,4,160
3982,0,3,160
3982,1,3,160
3982,2,3,160
3982,3,3,160
3982,4,4,160
3982,5,4,160
3982,6,4,160
3982,7,4,160
3983,0,3,160
3983,1,3,160
3983,2,3,160
3983,3,3,160
3983,4,4,160
3983,5,4,160
3983,6,4,160
3983,7,4,160
3984,0,3,160
3984,1,3,160
3984,2,3,160
3984,3,3,160
3984,4,4,160
3984,5,4,160
3984,6,4,160
3984,7,4,160
3985,0,3,160
3985,1,3,160
3985,2,3,160
3985,3,3,160
3985,4,4,160
3985,5,4,160
3985,6,4,160
3985,7,4,160
3986,0,3,160
3986,1,3,160
3986,2,3,160
3986,3,3,160
3986,4,4,160
3986,5,4,160
3986,6,4,160
3986,7,4,160
3987,0,3,160
3987,1,3,160
3987,2,3,160
3987,3,3,160
3987,4,4,160
3987,5,4,160
3987,6,4,160
3987,7,4,160
3988,0,3,160
3988,1,3,160
3988,2,3,160
3988,3,3,160
3988,4,4,160
3988,5,4,160
3988,6,4,160
3988,7,4,160
3989,0,3,160
3989,1,3,160
3989,2,3,160
3989,3,3,160
3989,4,4,160
3989,5,4,160
3989,6,4,160
3989,7,4,160
3990,0,3,160
3990,1,3,160
3990,2,3,160
3990,3,3,160
3990,4,4,160
3990,5,4,160
3990,6,4,160
3990,7,4,160
3991,0,3,160
3991,1,3,160
3991,2,3,160
3991,3,3,160
3991,4,4,160
3991,5,4,160
3991,6,4,160
3991,7,4,160
3992,0,3,160
3992,1,3,160
3992,2,3,160
3992,3,3,160
3992,4,4,160
3992,5,4,160
3992,6,4,160
3992,7,4,160
3993,0,3,160
3993,1,3,160
3993,2,3,160
3993,3,3,160
3993,4,4,160
3993,5,4,160
3993,6,4,160
3993,7,4,160
3994,0,3,160
3994,1,3,160
3994,2,3,160
3994,3,3,160
3994,4,4,160
3994,5,4,160
3994,6,4,160
3994,7,4,160
3995,0,3,160
3995,1,3,160
3995,2,3,160
3995,3,3,160
3995,4,4,160
3995,5,4,160
3995,6,4,160
3995,7,4,160
3996,0,3,160
3996,1,3,160
3996,2,3,160
3996,3,3,160
3996,4,4,160
3996,5,4,160
3996,6,4,160
3996,7,4,160
3997,0,3,160
3997,1,3,160
3997,2,3,160
3997,3,3,160
3997,4,4,160
3997,5,4,160
3997,6,4,160
3997,7,4,160
3998,0,3,160
3998,1,3,160
3998,2,3,160
3998,3,3,160
3998,4,4,160
3998,5,4,160
3998,6,4,160
3998,7,4,160
3999,0,3,160
3999,1,3,160
3999,2,3,160
3999,3,3,160
3999,4,4,160
3999,5,4,160
3999,6,4,160
3999,7,4,160
4000,0,3,160
4000,1,3,160
4000,2,3,160
4000,3,3,160
4000,4,4,160
4000,5,4,160
4000,6,4,160
4000,7,4,160
4001,0,3,160
4001,1,3,160
4001,2,3,160
4001,3,3,160
4001,4,4,160
4001,5,4,160
4001,6,4,160
4001,7,4,160
4002,0,3,160
4002,1,3,160
4002,2,3,160
4002,3,3,160
4002,4,4,160
4002,5,4,160
4002,6,4,160
4002,7,4,160
4003,0,3,160
4003,1,3,160
4003,2,3,160
4003,3,3,160
4003,4,4,160
4003,5,4,160
4003,6,4,160
4003,7,4,160
4004,0,3,160
4004,1,3,160
4004,2,3,160
4004,3,3,160
4004,4,4,160
4004,5,4,160
4004,6,4,160
4004,7,4,160
4005,0,3,160
4005,1,3,160
4005,2,3,160
4005,3,3,160
4005,4,4,160
4005,5,4,160
4005,6,4,160
4005,7,4,160
4006,0,3,160
4006,1,3,160
4006,2,3,160
4006,3,3,160
4006,4,4,160
4006,5,4,160
4006,6,4,160
4006,7,4,160
4007,0,3,160
4007,1,3,160
4007,2,3,160
4007,3,3,160
4007,4,4,160
4007,5,4,160
4007,6,4,160
4007,7,4,160
4008,0,3,160
4008,1,3,160
4008,2,3,160
4008,3,3,160
4008,4,4,160
4008,5,4,160
4008,6,4,160
4008,7,4,160
4009,0,3,160
4009,1,3,160
4009,2,3,160
4009,3,3,160
4009,4,4,160
4009,5,4,160
4009,6,4,160
4009,7,4,160
4010,0,3,160
4010,1,3,160
4010,2,3,160
4010,3,3,160
4010,4,4,160
4010,5,4,160
4010,6,4,160
4010,7,4,160
4011,0,3,160
4011,1,3,160
4011,2,3,160
4011,3,3,160
4011,4,4,160
4011,5,4,160
4011,6,4,160
4011,7,4,160
4012,0,3,160
4012,1,3,160
4012,2,3,160
4012,3,3,160
4012,4,4,160
4012,5,4,160
4012,6,4,160
4012,7,4,160
4013,0,3,160
4013,1,3,160
4013,2,3,160
4013,3,3,160
4013,4,4,160
4013,5,4,160
4013,6,4,160
4013,7,4,160
4014,0,3,160
4014,1,3,160
4014,2,3,160
4014,3,3,160
4014,4,4,160
4014,5,4,160
4014,6,4,160
4014,7,4,160
4015,0,3,160
4015,1,3,160
4015,2,3,160
4015,3,3,160
4015,4,4,160
4015,5,4,160
4015,6,4,160
4015,7,4,160
4016,0,3,160
4016,1,3,160
4016,2,3,160
4016,3,3,160
4016,4,4,160
4016,5,4,160
4016,6,4,160
4016,7,4,160
4017,0,3,160
4017,1,3,160
4017,2,3,160
4017,3,3,160
4017,4,4,160
4017,5,4,160
4017,6,4,160
4017,7,4,160
4018,0,3,160
4018,1,3,160
4018,2,3,160
4018,3,3,160
4018,4,4,160
4018,5,4,160
4018,6,4,160
4018,7,4,160
4019,0,3,160
4019,1,3,160
4019,2,3,160
4019,3,3,160
4019,4,4,160
4019,5,4,160
4019,6,4,160
4019,7,4,160
4020,0,3,160
4020,1,3,160
4020,2,3,160
4020,3,3,160
4020,4,4,160
4020,5,4,160
4020,6,4,160
4020,7,4,160
4021,0,3,160
4021,1,3,160
4021,2,3,160
4021,3,3,160
4021,4,4,160
4021,5,4,160
4021,6,4,160
4021,7,4,160
4022,0,3,160
4022,1,3,160
4022,2,3,160
4022,3,3,160
4022,4,4,160
4022,5,4,160
4022,6,4,160
4022,7,4,160
4023,0,3,160
4023,1,3,160
4023,2,3,160
4023,3,3,160
4023,4,4,160
4023,5,4,160
4023,6,4,160
4023,7,4,160
4024,0,3,160
4024,1,3,160
4024,2,3,160
4024,3,3,160
4024,4,4,160
4024,5,4,160
4024,6,4,160
4024,7,4,160
4025,0,3,160
4025,1,3,160
4025,2,3,160
4025,3,3,160
4025,4,4,160
4025,5,4,160
4025,6,4,160
4025,7,4,160
4026,0,3,160
4026,1,3,160
4026,2,3,160
4026,3,3,160
4026,4,4,160
4026,5,4,160
4026,6,4,160
4026,7,4,160
4027,0,3,160
4027,1,3,160
4027,2,3,160
4027,3,3,160
4027,4,4,160
4027,5,4,160
4027,6,4,160
4027,7,4,160
4028,0,3,160
4028,1,3,160
4028,2,3,160
4028,3,3,160
4028,4,4,160
4028,5,4,160
4028,6,4,160
4028,7,4,160
4029,0,3,160
4029,1,3,160
4029,2,3,160
4029,3,3,160
4029,4,4,160
4029,5,4,160
4029,6,4,160
4029,7,4,160
4030,0,3,160
4030,1,3,160
4030,2,3,160
4030,3,3,160
4030,4,4,160
4030,5,4,160
4030,6,4,160
4030,7,4,160
4031,0,3,160
4031,1,3,160
4031,2,3,160
4031,3,3,160
4031,4,4,160
4031,5,4,160
4031,6,4,160
4031,7,4,160
4032,0,3,160
4032,1,3,160
4032,2,3,160
4032,3,3,160
4032,4,4,160
4032,5,4,160
4032,6,4,160
4032,7,4,160
4033,0,3,160
4033,1,3,160
4033,2,3,160
4033,3,3,160
4033,4,4,160
4033,5,4,160
4033,6,4,160
4033,7,4,160
4034,0,3,160
4034,1,3,160
4034,2,3,160
4034,3,3,160
4034,4,4,160
4034,5,4,160
4034,6,4,160
4034,7,4,160
4035,0,3,160
4035,1,3,160
4035,2,3,160
4035,3,3,160
4035,4,4,160
4035,5,4,160
4035,6,4,160
4035,7,4,160
4036,0,3,160
4036,1,3,160
4036,2,3,160
4036,3,3,160
4036,4,4,160
4036,5,4,160
4036,6,4,160
4036,7,4,160
4037,0,3,160
4037,1,3,160
4037,2,3,160
4037,3,3,160
4037,4,4,160
4037,5,4,160
4037,6,4,160
4037,7,4,160
4038,0,3,160
4038,1,3,160
4038,2,3,160
4038,3,3,160
4038,4,4,160
4038,5,4,160
4038,6,4,160
4038,7,4,160
4039,0,3,160
4039,1,3,160
4039,2,3,160
4039,3,3,160
4039,4,4,160
4039,5,4,160
4039,6,4,160
4039,7,4,160
4040,0,3,160
4040,1,3,160
4040,2,3,160
4040,3,3,160
4040,4,4,160
4040,5,4,160
4040,6,4,160
4040,7,4,160
4041,0,3,160
4041,1,3,160
4041,2,3,160
4041,3,3,160
4041,4,4,160
4041,5,4,160
4041,6,4,160
4041,7,4,160
4042,0,3,160
4042,1,3,160
4042,2,3,160
4042,3,3,160
4042,4,4,160
4042,5,4,160
4042,6,4,160
4042,7,4,160
4043,0,3,160
4043,1,3,160
4043,2,3,160
4043,3,3,160
4043,4,4,160
4043,5,4,160
4043,6,4,160
4043,7,4,160
4044,0,3,160
4044,1,3,160
4044,2,3,160
4044,3,3,160
4044,4,4,160
4044,5,4,160
4044,6,4,160
4044,7,4,160
4045,0,3,160
4045,1,3,160
4045,2,3,160
4045,3,3,160
4045,4,4,160
4045,5,4,160
4045,6,4,160
4045,7,4,160
4046,0,3,160
4046,1,3,160
4046,2,3,160
4046,3,3,160
4046,4,4,160
4046,5,4,160
4046,6,4,160
4046,7,4,160
4047,0,3,160
4047,1,3,160
4047,2,3,160
4047,3,3,160
4047,4,4,160
4047,5,4,160
4047,6,4,160
4047,7,4,160
4048,0,3,160
4048,1,3,160
4048,2,3,160
4048,3,3,160
4048,4,4,160
4048,5,4,160
4048,6,4,160
4048,7,4,160
4049,0,3,160
4049,1,3,160
4049,2,3,160
4049,3,3,160
4049,4,4,160
4049,5,4,160
4049,6,4,160
4049,7,4,160
4050,0,3,160
4050,1,3,160
4050,2,3,160
4050,3,3,160
4050,4,4,160
4050,5,4,160
4050,6,4,160
4050,7,4,160
4051,0,3,160
4051,1,3,160
4051,2,3,160
4051,3,3,160
4051,4,4,160
4051,5,4,160
4051,6,4,160
4051,7,4,160
4052,0,3,160
4052,1,3,160
4052,2,3,160
4052,3,3,160
4052,4,4,160
4052,5,4,160
4052,6,4,160
4052,7,4,160
4053,0,3,160
4053,1,3,160
4053,2,3,160
4053,3,3,160
4053,4,4,160
4053,5,4,160
4053,6,4,160
4053,7,4,160
4054,0,3,160
4054,1,3,160
4054,2,3,160
4054,3,3,160
4054,4,4,160
4054,5,4,160
4054,6,4,160
4054,7,4,160
4055,0,3,160
4055,1,3,160
4055,2,3,160
4055,3,3,160
4055,4,4,160
4055,5,4,160
4055,6,4,160
4055,7,4,160
4056,0,3,160
4056,1,3,160
4056,2,3,160
4056,3,3,160
4056,4,4,160
4056,5,4,160
4056,6,4,160
4056,7,4,160
4057,0,3,160
4057,1,3,160
4057,2,3,160
4057,3,3,160
4057,4,4,160
4057,5,4,160
4057,6,4,160
4057,7,4,160
4058,0,3,160
4058,1,3,160
4058,2,3,160
4058,3,3,160
4058,4,4,160
4058,5,4,160
4058,6,4,160
4058,7,4,160
4059,0,3,160
4059,1,3,160
4059,2,3,160
4059,3,3,160
4059,4,4,160
4059,5,4,160
4059,6,4,160
4059,7,4,160
4060,0,3,160
4060,1,3,160
4060,2,3,160
4060,3,3,160
4060,4,4,160
4060,5,4,160
4060,6,4,160
4060,7,4,160
4061,0,3,160
4061,1,3,160
4061,2,3,160
4061,3,3,160
4061,4,4,160
4061,5,4,160
4061,6,4,160
4061,7,4,160
4062,0,3,160
4062,1,3,160
4062,2,3,160
4062,3,3,160
4062,4,4,160
4062,5,4,160
4062,6,4,160
4062,7,4,160
4063,0,3,160
4063,1,3,160
4063,2,3,160
4063,3,3,160
4063,4,4,160
4063,5,4,160
4063,6,4,160
4063,7,4,160
4064,0,3,160
4064,1,3,160
4064,2,3,160
4064,3,3,160
4064,4,4,160
4064,5,4,160
4064,6,4,160
4064,7,4,160
4065,0,3,160
4065,1,3,160
4065,2,3,160
4065,3,3,160
4065,4,4,160
4065,5,4,160
4065,6,4,160
4065,7,4,160
4066,0,3,160
4066,1,3,160
4066,2,3,160
4066,3,3,160
4066,4,4,160
4066,5,4,160
4066,6,4,160
4066,7,4,160
4067,0,3,160
4067,1,3,160
4067,2,3,160
4067,3,3,160
4067,4,4,160
4067,5,4,160
4067,6,4,160
4067,7,4,160
4068,0,3,160
4068,1,3,160
4068,2,3,160
4068,3,3,160
4068,4,4,160
4068,5,4,160
4068,6,4,160
4068,7,4,160
4069,0,3,160
4069,1,3,160
4069,2,3,160
4069,3,3,160
4069,4,4,160
4069,5,4,160
4069,6,4,160
4069,7,4,160
4070,0,3,160
4070,1,3,160
4070,2,3,160
4070,3,3,160
4070,4,4,160
4070,5,4,160
4070,6,4,160
4070,7,4,160
4071,0,3,160
4071,1,3,160
4071,2,3,160
4071,3,3,160
4071,4,4,160
4071,5,4,160
4071,6,4,160
4071,7,4,160
4072,0,3,160
4072,1,3,160
4072,2,3,160
4072,3,3,160
4072,4,4,160
4072,5,4,160
4072,6,4,160
4072,7,4,160
4073,0,3,160
4073,1,3,160
4073,2,3,160
4073,3,3,160
4073,4,4,160
4073,5,4,160
4073,6,4,160
4073,7,4,160
4074,0,3,160
4074,1,3,160
4074,2,3,160
4074,3,3,160
4074,4,4,160
4074,5,4,160
4074,6,4,160
4074,7,4,160
4075,0,3,160
4075,1,3,160
4075,2,3,160
4075,3,3,160
4075,4,4,160
4075,5,4,160
4075,6,4,160
4075,7,4,160
4076,0,3,160
4076,1,3,160
4076,2,3,160
4076,3,3,160
4076,4,4,160
4076,5,4,160
4076,6,4,160
4076,7,4,160
4077,0,3,160
4077,1,3,160
4077,2,3,160
4077,3,3,160
4077,4,4,160
4077,5,4,160
4077,6,4,160
4077,7,4,160
4078,0,3,160
4078,1,3,160
4078,2,3,160
4078,3,3,160
4078,4,4,160
4078,5,4,160
4078,6,4,160
4078,7,4,160
4079,0,3,160
4079,1,3,160
4079,2,3,160
4079,3,3,160
4079,4,4,160
4079,5,4,160
4079,6,4,160
4079,7,4,160
4080,0,3,160
4080,1,3,160
4080,2,3,160
4080,3,3,160
4080,4,4,160
4080,5,4,160
4080,6,4,160
4080,7,4,160
4081,0,3,160
4081,1,3,160
4081,2,3,160
4081,3,3,160
4081,4,4,160
4081,5,4,160
4081,6,4,160
4081,7,4,160
4082,0,3,160
4082,1,3,160
4082,2,3,160
4082,3,3,160
4082,4,4,160
4082,5,4,160
4082,6,4,160
4082,7,4,160
4083,0,3,160
4083,1,3,160
4083,2,3,160
4083,3,3,160
4083,4,4,160
4083,5,4,160
4083,6,4,160
4083,7,4,160
4084,0,3,160
4084,1,3,160
4084,2,3,160
4084,3,3,160
4084,4,4,160
4084,5,4,160
4084,6,4,160
4084,7,4,160
4085,0,3,160
4085,1,3,160
4085,2,3,160
4085,3,3,160
4085,4,4,160
4085,5,4,160
4085,6,4,160
4085,7,4,160
4086,0,3,160
4086,1,3,160
4086,2,3,160
4086,3,3,160
4086,4,4,160
4086,5,4,160
4086,6,4,160
4086,7,4,160
4087,0,3,160
4087,1,3,160
4087,2,3,160
4087,3,3,160
4087,4,4,160
4087,5,4,160
4087,6,4,160
4087,7,4,160
4088,0,3,160
4088,1,3,160
4088,2,3,160
4088,3,3,160
4088,4,4,160
4088,5,4,160
4088,6,4,160
4088,7,4,160
4089,0,3,160
4089,1,3,160
4089,2,3,160
4089,3,3,160
4089,4,4,160
4089,5,4,160
4089,6,4,160
4089,7,4,160
4090,0,3,160
4090,1,3,160
4090,2,3,160
4090,3,3,160
4090,4,4,160
4090,5,4,160
4090,6,4,160
4090,7,4,160
4091,0,3,160
4091,1,3,160
4091,2,3,160
4091,3,3,160
4091,4,4,160
4091,5,4,160
4091,6,4,160
4091,7,4,160
4092,0,3,160
4092,1,3,160
4092,2,3,160
4092,3,3,160
4092,4,4,160
4092,5,4,160
4092,6,4,160
4092,7,4,160
4093,0,3,160
4093,1,3,160
4093,2,3,160
4093,3,3,160
4093,4,4,160
4093,5,4,160
4093,6,4,160
4093,7,4,160
4094,0,3,160
4094,1,3,160
4094,2,3,160
4094,3,3,160
4094,4,4,160
4094,5,4,160
4094,6,4,160
4094,7,4,160
4095,0,3,160
4095,1,3,160
4095,2,3,160
4095,3,3,160
4095,4,4,160
4095,5,4,160
4095,6,4,160
4095,7,4,160
4096,0,3,160
4096,1,3,160
4096,2,3,160
4096,3,3,160
4096,4,4,160
4096,5,4,160
4096,6,4,160
4096,7,4,160
4097,0,3,160
4097,1,3,160
4097,2,3,160
4097,3,3,160
4097,4,4,160
4097,5,4,160
4097,6,4,160
4097,7,4,160
4098,0,3,160
4098,1,3,160
4098,2,3,160
4098,3,3,160
4098,4,4,160
4098,5,4,160
4098,6,4,160
4098,7,4,160
4099,0,3,160
4099,1,3,160
4099,2,3,160
4099,3,-1,-1
4099,4,4,160
4099,5,4,160
4099,6,4,160
4099,7,-1,-1
