t,i,dest_port,size
0,0,0,160
0,1,0,160
0,2,-1,-1
0,3,-1,-1
0,4,-1,-1
0,5,-1,-1
0,6,-1,-1
0,7,-1,-1
1,0,0,160
1,1,0,160
1,2,-1,-1
1,3,-1,-1
1,4,-1,-1
1,5,-1,-1
1,6,-1,-1
1,7,-1,-1
2,0,0,160
2,1,0,160
2,2,-1,-1
2,3,-1,-1
2,4,-1,-1
2,5,-1,-1
2,6,-1,-1
2,7,-1,-1
3,0,0,160
3,1,0,160
3,2,-1,-1
3,3,-1,-1
3,4,-1,-1
3,5,-1,-1
3,6,-1,-1
3,7,-1,-1
4,0,0,160
4,1,0,160
4,2,-1,-1
4,3,-1,-1
4,4,-1,-1
4,5,-1,-1
4,6,-1,-1
4,7,-1,-1
5,0,0,160
5,1,0,160
5,2,-1,-1
5,3,-1,-1
5,4,-1,-1
5,5,-1,-1
5,6,-1,-1
5,7,-1,-1
6,0,0,160
6,1,0,160
6,2,-1,-1
6,3,-1,-1
6,4,-1,-1
6,5,-1,-1
6,6,-1,-1
6,7,-1,-1
7,0,0,160
7,1,0,160
7,2,-1,-1
7,3,-1,-1
7,4,-1,-1
7,5,-1,-1
7,6,-1,-1
7,7,-1,-1
8,0,0,160
8,1,0,160
8,2,-1,-1
8,3,-1,-1
8,4,-1,-1
8,5,-1,-1
8,6,-1,-1
8,7,-1,-1
9,0,0,160
9,1,0,160
9,2,-1,-1
9,3,-1,-1
9,4,-1,-1
9,5,-1,-1
9,6,-1,-1
9,7,-1,-1
10,0,0,160
10,1,0,160
10,2,-1,-1
10,3,-1,-1
10,4,-1,-1
10,5,-1,-1
10,6,-1,-1
10,7,-1,-1
11,0,0,160
11,1,0,160
11,2,-1,-1
11,3,-1,-1
11,4,-1,-1
11,5,-1,-1
11,6,-1,-1
11,7,-1,-1
12,0,0,160
12,1,0,160
12,2,-1,-1
12,3,-1,-1
12,4,-1,-1
12,5,-1,-1
12,6,-1,-1
12,7,-1,-1
13,0,0,160
13,1,0,160
13,2,-1,-1
13,3,-1,-1
13,4,-1,-1
13,5,-1,-1
13,6,-1,-1
13,7,-1,-1
14,0,0,160
14,1,0,160
14,2,-1,-1
14,3,-1,-1
14,4,-1,-1
14,5,-1,-1
14,6,-1,-1
14,7,-1,-1
15,0,0,160
15,1,0,160
15,2,-1,-1
15,3,-1,-1
15,4,-1,-1
15,5,-1,-1
15,6,-1,-1
15,7,-1,-1
16,0,0,160
16,1,0,160
16,2,-1,-1
16,3,-1,-1
16,4,-1,-1
16,5,-1,-1
16,6,-1,-1
16,7,-1,-1
17,0,0,160
17,1,0,160
17,2,-1,-1
17,3,-1,-1
17,4,-1,-1
17,5,-1,-1
17,6,-1,-1
17,7,-1,-1
18,0,0,160
18,1,0,160
18,2,-1,-1
18,3,-1,-1
18,4,-1,-1
18,5,-1,-1
18,6,-1,-1
18,7,-1,-1
19,0,0,160
19,1,0,160
19,2,-1,-1
19,3,-1,-1
19,4,-1,-1
19,5,-1,-1
19,6,-1,-1
19,7,-1,-1
20,0,0,160
20,1,0,160
20,2,-1,-1
20,3,-1,-1
20,4,-1,-1
20,5,-1,-1
20,6,-1,-1
20,7,-1,-1
21,0,0,160
21,1,0,160
21,2,-1,-1
21,3,-1,-1
21,4,-1,-1
21,5,-1,-1
21,6,-1,-1
21,7,-1,-1
22,0,0,160
22,1,0,160
22,2,-1,-1
22,3,-1,-1
22,4,-1,-1
22,5,-1,-1
22,6,-1,-1
22,7,-1,-1
23,0,0,160
23,1,0,160
23,2,-1,-1
23,3,-1,-1
23,4,-1,-1
23,5,-1,-1
23,6,-1,-1
23,7,-1,-1
24,0,0,160
24,1,0,160
24,2,-1,-1
24,3,-1,-1
24,4,-1,-1
24,5,-1,-1
24,6,-1,-1
24,7,-1,-1
25,0,0,160
25,1,0,160
25,2,-1,-1
25,3,-1,-1
25,4,-1,-1
25,5,-1,-1
25,6,-1,-1
25,7,-1,-1
26,0,0,160
26,1,0,160
26,2,-1,-1
26,3,-1,-1
26,4,-1,-1
26,5,-1,-1
26,6,-1,-1
26,7,-1,-1
27,0,0,160
27,1,0,160
27,2,-1,-1
27,3,-1,-1
27,4,-1,-1
27,5,-1,-1
27,6,-1,-1
27,7,-1,-1
28,0,0,160
28,1,0,160
28,2,-1,-1
28,3,-1,-1
28,4,-1,-1
28,5,-1,-1
28,6,-1,-1
28,7,-1,-1
29,0,0,160
29,1,0,160
29,2,-1,-1
29,3,-1,-1
29,4,-1,-1
29,5,-1,-1
29,6,-1,-1
29,7,-1,-1
30,0,0,160
30,1,0,160
30,2,-1,-1
30,3,-1,-1
30,4,-1,-1
30,5,-1,-1
30,6,-1,-1
30,7,-1,-1
31,0,0,160
31,1,0,160
31,2,-1,-1
31,3,-1,-1
31,4,-1,-1
31,5,-1,-1
31,6,-1,-1
31,7,-1,-1
32,0,0,160
32,1,0,160
32,2,-1,-1
32,3,-1,-1
32,4,-1,-1
32,5,-1,-1
32,6,-1,-1
32,7,-1,-1
33,0,0,160
33,1,0,160
33,2,-1,-1
33,3,-1,-1
33,4,-1,-1
33,5,-1,-1
33,6,-1,-1
33,7,-1,-1
34,0,0,160
34,1,0,160
34,2,-1,-1
34,3,-1,-1
34,4,-1,-1
34,5,-1,-1
34,6,-1,-1
34,7,-1,-1
35,0,0,160
35,1,0,160
35,2,-1,-1
35,3,-1,-1
35,4,-1,-1
35,5,-1,-1
35,6,-1,-1
35,7,-1,-1
36,0,0,160
36,1,0,160
36,2,-1,-1
36,3,-1,-1
36,4,-1,-1
36,5,-1,-1
36,6,-1,-1
36,7,-1,-1
37,0,0,160
37,1,0,160
37,2,-1,-1
37,3,-1,-1
37,4,-1,-1
37,5,-1,-1
37,6,-1,-1
37,7,-1,-1
38,0,0,160
38,1,0,160
38,2,-1,-1
38,3,-1,-1
38,4,-1,-1
38,5,-1,-1
38,6,-1,-1
38,7,-1,-1
39,0,0,160
39,1,0,160
39,2,-1,-1
39,3,-1,-1
39,4,-1,-1
39,5,-1,-1
39,6,-1,-1
39,7,-1,-1
40,0,0,160
40,1,0,160
40,2,-1,-1
40,3,-1,-1
40,4,-1,-1
40,5,-1,-1
40,6,-1,-1
40,7,-1,-1
41,0,0,160
41,1,0,160
41,2,-1,-1
41,3,-1,-1
41,4,-1,-1
41,5,-1,-1
41,6,-1,-1
41,7,-1,-1
42,0,0,160
42,1,0,160
42,2,-1,-1
42,3,-1,-1
42,4,-1,-1
42,5,-1,-1
42,6,-1,-1
42,7,-1,-1
43,0,0,160
43,1,0,160
43,2,-1,-1
43,3,-1,-1
43,4,-1,-1
43,5,-1,-1
43,6,-1,-1
43,7,-1,-1
44,0,0,160
44,1,0,160
44,2,-1,-1
44,3,-1,-1
44,4,-1,-1
44,5,-1,-1
44,6,-1,-1
44,7,-1,-1
45,0,0,160
45,1,0,160
45,2,-1,-1
45,3,-1,-1
45,4,-1,-1
45,5,-1,-1
45,6,-1,-1
45,7,-1,-1
46,0,0,160
46,1,0,160
46,2,-1,-1
46,3,-1,-1
46,4,-1,-1
46,5,-1,-1
46,6,-1,-1
46,7,-1,-1
47,0,0,160
47,1,0,160
47,2,-1,-1
47,3,-1,-1
47,4,-1,-1
47,5,-1,-1
47,6,-1,-1
47,7,-1,-1
48,0,0,160
48,1,0,160
48,2,-1,-1
48,3,-1,-1
48,4,-1,-1
48,5,-1,-1
48,6,-1,-1
48,7,-1,-1
49,0,0,160
49,1,0,160
49,2,-1,-1
49,3,-1,-1
49,4,-1,-1
49,5,-1,-1
49,6,-1,-1
49,7,-1,-1
50,0,0,160
50,1,0,160
50,2,-1,-1
50,3,-1,-1
50,4,-1,-1
50,5,-1,-1
50,6,-1,-1
50,7,-1,-1
51,0,0,160
51,1,0,160
51,2,-1,-1
51,3,-1,-1
51,4,-1,-1
51,5,-1,-1
51,6,-1,-1
51,7,-1,-1
52,0,0,160
52,1,0,160
52,2,-1,-1
52,3,-1,-1
52,4,-1,-1
52,5,-1,-1
52,6,-1,-1
52,7,-1,-1
53,0,0,160
53,1,0,160
53,2,-1,-1
53,3,-1,-1
53,4,-1,-1
53,5,-1,-1
53,6,-1,-1
53,7,-1,-1
54,0,0,160
54,1,0,160
54,2,-1,-1
54,3,-1,-1
54,4,-1,-1
54,5,-1,-1
54,6,-1,-1
54,7,-1,-1
55,0,0,160
55,1,0,160
55,2,-1,-1
55,3,-1,-1
55,4,-1,-1
55,5,-1,-1
55,6,-1,-1
55,7,-1,-1
56,0,0,160
56,1,0,160
56,2,-1,-1
56,3,-1,-1
56,4,-1,-1
56,5,-1,-1
56,6,-1,-1
56,7,-1,-1
57,0,0,160
57,1,0,160
57,2,-1,-1
57,3,-1,-1
57,4,-1,-1
57,5,-1,-1
57,6,-1,-1
57,7,-1,-1
58,0,0,160
58,1,0,160
58,2,-1,-1
58,3,-1,-1
58,4,-1,-1
58,5,-1,-1
58,6,-1,-1
58,7,-1,-1
59,0,0,160
59,1,0,160
59,2,-1,-1
59,3,-1,-1
59,4,-1,-1
59,5,-1,-1
59,6,-1,-1
59,7,-1,-1
60,0,0,160
60,1,0,160
60,2,-1,-1
60,3,-1,-1
60,4,-1,-1
60,5,-1,-1
60,6,-1,-1
60,7,-1,-1
61,0,0,160
61,1,0,160
61,2,-1,-1
61,3,-1,-1
61,4,-1,-1
61,5,-1,-1
61,6,-1,-1
61,7,-1,-1
62,0,0,160
62,1,0,160
62,2,-1,-1
62,3,-1,-1
62,4,-1,-1
62,5,-1,-1
62,6,-1,-1
62,7,-1,-1
63,0,0,160
63,1,0,160
63,2,-1,-1
63,3,-1,-1
63,4,-1,-1
63,5,-1,-1
63,6,-1,-1
63,7,-1,-1
64,0,0,160
64,1,0,160
64,2,-1,-1
64,3,-1,-1
64,4,-1,-1
64,5,-1,-1
64,6,-1,-1
64,7,-1,-1
65,0,0,160
65,1,0,160
65,2,-1,-1
65,3,-1,-1
65,4,-1,-1
65,5,-1,-1
65,6,-1,-1
65,7,-1,-1
66,0,0,160
66,1,0,160
66,2,-1,-1
66,3,-1,-1
66,4,-1,-1
66,5,-1,-1
66,6,-1,-1
66,7,-1,-1
67,0,0,160
67,1,0,160
67,2,-1,-1
67,3,-1,-1
67,4,-1,-1
67,5,-1,-1
67,6,-1,-1
67,7,-1,-1
68,0,0,160
68,1,0,160
68,2,-1,-1
68,3,-1,-1
68,4,-1,-1
68,5,-1,-1
68,6,-1,-1
68,7,-1,-1
69,0,0,160
69,1,0,160
69,2,-1,-1
69,3,-1,-1
69,4,-1,-1
69,5,-1,-1
69,6,-1,-1
69,7,-1,-1
70,0,0,160
70,1,0,160
70,2,-1,-1
70,3,-1,-1
70,4,-1,-1
70,5,-1,-1
70,6,-1,-1
70,7,-1,-1
71,0,0,160
71,1,0,160
71,2,-1,-1
71,3,-1,-1
71,4,-1,-1
71,5,-1,-1
71,6,-1,-1
71,7,-1,-1
72,0,0,160
72,1,0,160
72,2,-1,-1
72,3,-1,-1
72,4,-1,-1
72,5,-1,-1
72,6,-1,-1
72,7,-1,-1
73,0,0,160
73,1,0,160
73,2,-1,-1
73,3,-1,-1
73,4,-1,-1
73,5,-1,-1
73,6,-1,-1
73,7,-1,-1
74,0,0,160
74,1,0,160
74,2,-1,-1
74,3,-1,-1
74,4,-1,-1
74,5,-1,-1
74,6,-1,-1
74,7,-1,-1
75,0,0,160
75,1,0,160
75,2,-1,-1
75,3,-1,-1
75,4,-1,-1
75,5,-1,-1
75,6,-1,-1
75,7,-1,-1
76,0,0,160
76,1,0,160
76,2,-1,-1
76,3,-1,-1
76,4,-1,-1
76,5,-1,-1
76,6,-1,-1
76,7,-1,-1
77,0,0,160
77,1,0,160
77,2,-1,-1
77,3,-1,-1
77,4,-1,-1
77,5,-1,-1
77,6,-1,-1
77,7,-1,-1
78,0,0,160
78,1,0,160
78,2,-1,-1
78,3,-1,-1
78,4,-1,-1
78,5,-1,-1
78,6,-1,-1
78,7,-1,-1
79,0,0,160
79,1,0,160
79,2,-1,-1
79,3,-1,-1
79,4,-1,-1
79,5,-1,-1
79,6,-1,-1
79,7,-1,-1
80,0,0,160
80,1,0,160
80,2,-1,-1
80,3,-1,-1
80,4,-1,-1
80,5,-1,-1
80,6,-1,-1
80,7,-1,-1
81,0,0,160
81,1,0,160
81,2,-1,-1
81,3,-1,-1
81,4,-1,-1
81,5,-1,-1
81,6,-1,-1
81,7,-1,-1
82,0,0,160
82,1,0,160
82,2,-1,-1
82,3,-1,-1
82,4,-1,-1
82,5,-1,-1
82,6,-1,-1
82,7,-1,-1
83,0,0,160
83,1,0,160
83,2,-1,-1
83,3,-1,-1
83,4,-1,-1
83,5,-1,-1
83,6,-1,-1
83,7,-1,-1
84,0,0,160
84,1,0,160
84,2,-1,-1
84,3,-1,-1
84,4,-1,-1
84,5,-1,-1
84,6,-1,-1
84,7,-1,-1
85,0,0,160
85,1,0,160
85,2,-1,-1
85,3,-1,-1
85,4,-1,-1
85,5,-1,-1
85,6,-1,-1
85,7,-1,-1
86,0,0,160
86,1,0,160
86,2,-1,-1
86,3,-1,-1
86,4,-1,-1
86,5,-1,-1
86,6,-1,-1
86,7,-1,-1
87,0,0,160
87,1,0,160
87,2,-1,-1
87,3,-1,-1
87,4,-1,-1
87,5,-1,-1
87,6,-1,-1
87,7,-1,-1
88,0,0,160
88,1,0,160
88,2,-1,-1
88,3,-1,-1
88,4,-1,-1
88,5,-1,-1
88,6,-1,-1
88,7,-1,-1
89,0,0,160
89,1,0,160
89,2,-1,-1
89,3,-1,-1
89,4,-1,-1
89,5,-1,-1
89,6,-1,-1
89,7,-1,-1
90,0,0,160
90,1,0,160
90,2,-1,-1
90,3,-1,-1
90,4,-1,-1
90,5,-1,-1
90,6,-1,-1
90,7,-1,-1
91,0,0,160
91,1,0,160
91,2,-1,-1
91,3,-1,-1
91,4,-1,-1
91,5,-1,-1
91,6,-1,-1
91,7,-1,-1
92,0,0,160
92,1,0,160
92,2,-1,-1
92,3,-1,-1
92,4,-1,-1
92,5,-1,-1
92,6,-1,-1
92,7,-1,-1
93,0,0,160
93,1,0,160
93,2,-1,-1
93,3,-1,-1
93,4,-1,-1
93,5,-1,-1
93,6,-1,-1
93,7,-1,-1
94,0,0,160
94,1,0,160
94,2,-1,-1
94,3,-1,-1
94,4,-1,-1
94,5,-1,-1
94,6,-1,-1
94,7,-1,-1
95,0,0,160
95,1,0,160
95,2,-1,-1
95,3,-1,-1
95,4,-1,-1
95,5,-1,-1
95,6,-1,-1
95,7,-1,-1
96,0,0,160
96,1,0,160
96,2,-1,-1
96,3,-1,-1
96,4,-1,-1
96,5,-1,-1
96,6,-1,-1
96,7,-1,-1
97,0,0,160
97,1,0,160
97,2,-1,-1
97,3,-1,-1
97,4,-1,-1
97,5,-1,-1
97,6,-1,-1
97,7,-1,-1
98,0,0,160
98,1,0,160
98,2,-1,-1
98,3,-1,-1
98,4,-1,-1
98,5,-1,-1
98,6,-1,-1
98,7,-1,-1
99,0,0,160
99,1,0,160
99,2,-1,-1
99,3,-1,-1
99,4,-1,-1
99,5,-1,-1
99,6,-1,-1
99,7,-1,-1
100,0,0,160
100,1,0,160
100,2,-1,-1
100,3,-1,-1
100,4,-1,-1
100,5,-1,-1
100,6,-1,-1
100,7,-1,-1
101,0,0,160
101,1,0,160
101,2,-1,-1
101,3,-1,-1
101,4,-1,-1
101,5,-1,-1
101,6,-1,-1
101,7,-1,-1
102,0,0,160
102,1,0,160
102,2,-1,-1
102,3,-1,-1
102,4,-1,-1
102,5,-1,-1
102,6,-1,-1
102,7,-1,-1
103,0,0,160
103,1,0,160
103,2,-1,-1
103,3,-1,-1
103,4,-1,-1
103,5,-1,-1
103,6,-1,-1
103,7,-1,-1
104,0,0,160
104,1,0,160
104,2,-1,-1
104,3,-1,-1
104,4,-1,-1
104,5,-1,-1
104,6,-1,-1
104,7,-1,-1
105,0,0,160
105,1,0,160
105,2,-1,-1
105,3,-1,-1
105,4,-1,-1
105,5,-1,-1
105,6,-1,-1
105,7,-1,-1
106,0,0,160
106,1,0,160
106,2,-1,-1
106,3,-1,-1
106,4,-1,-1
106,5,-1,-1
106,6,-1,-1
106,7,-1,-1
107,0,0,160
107,1,0,160
107,2,-1,-1
107,3,-1,-1
107,4,-1,-1
107,5,-1,-1
107,6,-1,-1
107,7,-1,-1
108,0,0,160
108,1,0,160
108,2,-1,-1
108,3,-1,-1
108,4,-1,-1
108,5,-1,-1
108,6,-1,-1
108,7,-1,-1
109,0,0,160
109,1,0,160
109,2,-1,-1
109,3,-1,-1
109,4,-1,-1
109,5,-1,-1
109,6,-1,-1
109,7,-1,-1
110,0,0,160
110,1,0,160
110,2,-1,-1
110,3,-1,-1
110,4,-1,-1
110,5,-1,-1
110,6,-1,-1
110,7,-1,-1
111,0,0,160
111,1,0,160
111,2,-1,-1
111,3,-1,-1
111,4,-1,-1
111,5,-1,-1
111,6,-1,-1
111,7,-1,-1
112,0,0,160
112,1,0,160
112,2,-1,-1
112,3,-1,-1
112,4,-1,-1
112,5,-1,-1
112,6,-1,-1
112,7,-1,-1
113,0,0,160
113,1,0,160
113,2,-1,-1
113,3,-1,-1
113,4,-1,-1
113,5,-1,-1
113,6,-1,-1
113,7,-1,-1
114,0,0,160
114,1,0,160
114,2,-1,-1
114,3,-1,-1
114,4,-1,-1
114,5,-1,-1
114,6,-1,-1
114,7,-1,-1
115,0,0,160
115,1,0,160
115,2,-1,-1
115,3,-1,-1
115,4,-1,-1
115,5,-1,-1
115,6,-1,-1
115,7,-1,-1
116,0,0,160
116,1,0,160
116,2,-1,-1
116,3,-1,-1
116,4,-1,-1
116,5,-1,-1
116,6,-1,-1
116,7,-1,-1
117,0,0,160
117,1,0,160
117,2,-1,-1
117,3,-1,-1
117,4,-1,-1
117,5,-1,-1
117,6,-1,-1
117,7,-1,-1
118,0,0,160
118,1,0,160
118,2,-1,-1
118,3,-1,-1
118,4,-1,-1
118,5,-1,-1
118,6,-1,-1
118,7,-1,-1
119,0,0,160
119,1,0,160
119,2,-1,-1
119,3,-1,-1
119,4,-1,-1
119,5,-1,-1
119,6,-1,-1
119,7,-1,-1
120,0,0,160
120,1,0,160
120,2,-1,-1
120,3,-1,-1
120,4,-1,-1
120,5,-1,-1
120,6,-1,-1
120,7,-1,-1
121,0,0,160
121,1,0,160
121,2,-1,-1
121,3,-1,-1
121,4,-1,-1
121,5,-1,-1
121,6,-1,-1
121,7,-1,-1
122,0,0,160
122,1,0,160
122,2,-1,-1
122,3,-1,-1
122,4,-1,-1
122,5,-1,-1
122,6,-1,-1
122,7,-1,-1
123,0,0,160
123,1,0,160
123,2,-1,-1
123,3,-1,-1
123,4,-1,-1
123,5,-1,-1
123,6,-1,-1
123,7,-1,-1
124,0,0,160
124,1,0,160
124,2,-1,-1
124,3,-1,-1
124,4,-1,-1
124,5,-1,-1
124,6,-1,-1
124,7,-1,-1
125,0,0,160
125,1,0,160
125,2,-1,-1
125,3,-1,-1
125,4,-1,-1
125,5,-1,-1
125,6,-1,-1
125,7,-1,-1
126,0,0,160
126,1,0,160
126,2,-1,-1
126,3,-1,-1
126,4,-1,-1
126,5,-1,-1
126,6,-1,-1
126,7,-1,-1
127,0,0,160
127,1,0,160
127,2,-1,-1
127,3,-1,-1
127,4,-1,-1
127,5,-1,-1
127,6,-1,-1
127,7,-1,-1
128,0,0,160
128,1,0,160
128,2,-1,-1
128,3,-1,-1
128,4,-1,-1
128,5,-1,-1
128,6,-1,-1
128,7,-1,-1
129,0,0,160
129,1,0,160
129,2,-1,-1
129,3,-1,-1
129,4,-1,-1
129,5,-1,-1
129,6,-1,-1
129,7,-1,-1
130,0,0,160
130,1,0,160
130,2,-1,-1
130,3,-1,-1
130,4,-1,-1
130,5,-1,-1
130,6,-1,-1
130,7,-1,-1
131,0,0,160
131,1,0,160
131,2,-1,-1
131,3,-1,-1
131,4,-1,-1
131,5,-1,-1
131,6,-1,-1
131,7,-1,-1
132,0,0,160
132,1,0,160
132,2,-1,-1
132,3,-1,-1
132,4,-1,-1
132,5,-1,-1
132,6,-1,-1
132,7,-1,-1
133,0,0,160
133,1,0,160
133,2,-1,-1
133,3,-1,-1
133,4,-1,-1
133,5,-1,-1
133,6,-1,-1
133,7,-1,-1
134,0,0,160
134,1,0,160
134,2,-1,-1
134,3,-1,-1
134,4,-1,-1
134,5,-1,-1
134,6,-1,-1
134,7,-1,-1
135,0,0,160
135,1,0,160
135,2,-1,-1
135,3,-1,-1
135,4,-1,-1
135,5,-1,-1
135,6,-1,-1
135,7,-1,-1
136,0,0,160
136,1,0,160
136,2,-1,-1
136,3,-1,-1
136,4,-1,-1
136,5,-1,-1
136,6,-1,-1
136,7,-1,-1
137,0,0,160
137,1,0,160
137,2,-1,-1
137,3,-1,-1
137,4,-1,-1
137,5,-1,-1
137,6,-1,-1
137,7,-1,-1
138,0,0,160
138,1,0,160
138,2,-1,-1
138,3,-1,-1
138,4,-1,-1
138,5,-1,-1
138,6,-1,-1
138,7,-1,-1
139,0,0,160
139,1,0,160
139,2,-1,-1
139,3,-1,-1
139,4,-1,-1
139,5,-1,-1
139,6,-1,-1
139,7,-1,-1
140,0,0,160
140,1,0,160
140,2,-1,-1
140,3,-1,-1
140,4,-1,-1
140,5,-1,-1
140,6,-1,-1
140,7,-1,-1
141,0,0,160
141,1,0,160
141,2,-1,-1
141,3,-1,-1
141,4,-1,-1
141,5,-1,-1
141,6,-1,-1
141,7,-1,-1
142,0,0,160
142,1,0,160
142,2,-1,-1
142,3,-1,-1
142,4,-1,-1
142,5,-1,-1
142,6,-1,-1
142,7,-1,-1
143,0,0,160
143,1,0,160
143,2,-1,-1
143,3,-1,-1
143,4,-1,-1
143,5,-1,-1
143,6,-1,-1
143,7,-1,-1
144,0,0,160
144,1,0,160
144,2,-1,-1
144,3,-1,-1
144,4,-1,-1
144,5,-1,-1
144,6,-1,-1
144,7,-1,-1
145,0,0,160
145,1,0,160
145,2,-1,-1
145,3,-1,-1
145,4,-1,-1
145,5,-1,-1
145,6,-1,-1
145,7,-1,-1
146,0,0,160
146,1,0,160
146,2,-1,-1
146,3,-1,-1
146,4,-1,-1
146,5,-1,-1
146,6,-1,-1
146,7,-1,-1
147,0,0,160
147,1,0,160
147,2,-1,-1
147,3,-1,-1
147,4,-1,-1
147,5,-1,-1
147,6,-1,-1
147,7,-1,-1
148,0,0,160
148,1,0,160
148,2,-1,-1
148,3,-1,-1
148,4,-1,-1
148,5,-1,-1
148,6,-1,-1
148,7,-1,-1
149,0,0,160
149,1,0,160
149,2,-1,-1
149,3,-1,-1
149,4,-1,-1
149,5,-1,-1
149,6,-1,-1
149,7,-1,-1
150,0,0,160
150,1,0,160
150,2,-1,-1
150,3,-1,-1
150,4,-1,-1
150,5,-1,-1
150,6,-1,-1
150,7,-1,-1
151,0,0,160
151,1,0,160
151,2,-1,-1
151,3,-1,-1
151,4,-1,-1
151,5,-1,-1
151,6,-1,-1
151,7,-1,-1
152,0,0,160
152,1,0,160
152,2,-1,-1
152,3,-1,-1
152,4,-1,-1
152,5,-1,-1
152,6,-1,-1
152,7,-1,-1
153,0,0,160
153,1,0,160
153,2,-1,-1
153,3,-1,-1
153,4,-1,-1
153,5,-1,-1
153,6,-1,-1
153,7,-1,-1
154,0,0,160
154,1,0,160
154,2,-1,-1
154,3,-1,-1
154,4,-1,-1
154,5,-1,-1
154,6,-1,-1
154,7,-1,-1
155,0,0,160
155,1,0,160
155,2,-1,-1
155,3,-1,-1
155,4,-1,-1
155,5,-1,-1
155,6,-1,-1
155,7,-1,-1
156,0,0,160
156,1,0,160
156,2,-1,-1
156,3,-1,-1
156,4,-1,-1
156,5,-1,-1
156,6,-1,-1
156,7,-1,-1
157,0,0,160
157,1,0,160
157,2,-1,-1
157,3,-1,-1
157,4,-1,-1
157,5,-1,-1
157,6,-1,-1
157,7,-1,-1
158,0,0,160
158,1,0,160
158,2,-1,-1
158,3,-1,-1
158,4,-1,-1
158,5,-1,-1
158,6,-1,-1
158,7,-1,-1
159,0,0,160
159,1,0,160
159,2,-1,-1
159,3,-1,-1
159,4,-1,-1
159,5,-1,-1
159,6,-1,-1
159,7,-1,-1
160,0,0,160
160,1,0,160
160,2,-1,-1
160,3,-1,-1
160,4,-1,-1
160,5,-1,-1
160,6,-1,-1
160,7,-1,-1
161,0,0,160
161,1,0,160
161,2,-1,-1
161,3,-1,-1
161,4,-1,-1
161,5,-1,-1
161,6,-1,-1
161,7,-1,-1
162,0,0,160
162,1,0,160
162,2,-1,-1
162,3,-1,-1
162,4,-1,-1
162,5,-1,-1
162,6,-1,-1
162,7,-1,-1
163,0,0,160
163,1,0,160
163,2,-1,-1
163,3,-1,-1
163,4,-1,-1
163,5,-1,-1
163,6,-1,-1
163,7,-1,-1
164,0,0,160
164,1,0,160
164,2,-1,-1
164,3,-1,-1
164,4,-1,-1
164,5,-1,-1
164,6,-1,-1
164,7,-1,-1
165,0,0,160
165,1,0,160
165,2,-1,-1
165,3,-1,-1
165,4,-1,-1
165,5,-1,-1
165,6,-1,-1
165,7,-1,-1
166,0,0,160
166,1,0,160
166,2,-1,-1
166,3,-1,-1
166,4,-1,-1
166,5,-1,-1
166,6,-1,-1
166,7,-1,-1
167,0,0,160
167,1,0,160
167,2,-1,-1
167,3,-1,-1
167,4,-1,-1
167,5,-1,-1
167,6,-1,-1
167,7,-1,-1
168,0,0,160
168,1,0,160
168,2,-1,-1
168,3,-1,-1
168,4,-1,-1
168,5,-1,-1
168,6,-1,-1
168,7,-1,-1
169,0,0,160
169,1,0,160
169,2,-1,-1
169,3,-1,-1
169,4,-1,-1
169,5,-1,-1
169,6,-1,-1
169,7,-1,-1
170,0,0,160
170,1,0,160
170,2,-1,-1
170,3,-1,-1
170,4,-1,-1
170,5,-1,-1
170,6,-1,-1
170,7,-1,-1
171,0,0,160
171,1,0,160
171,2,-1,-1
171,3,-1,-1
171,4,-1,-1
171,5,-1,-1
171,6,-1,-1
171,7,-1,-1
172,0,0,160
172,1,0,160
172,2,-1,-1
172,3,-1,-1
172,4,-1,-1
172,5,-1,-1
172,6,-1,-1
172,7,-1,-1
173,0,0,160
173,1,0,160
173,2,-1,-1
173,3,-1,-1
173,4,-1,-1
173,5,-1,-1
173,6,-1,-1
173,7,-1,-1
174,0,0,160
174,1,0,160
174,2,-1,-1
174,3,-1,-1
174,4,-1,-1
174,5,-1,-1
174,6,-1,-1
174,7,-1,-1
175,0,0,160
175,1,0,160
175,2,-1,-1
175,3,-1,-1
175,4,-1,-1
175,5,-1,-1
175,6,-1,-1
175,7,-1,-1
176,0,0,160
176,1,0,160
176,2,-1,-1
176,3,-1,-1
176,4,-1,-1
176,5,-1,-1
176,6,-1,-1
176,7,-1,-1
177,0,0,160
177,1,0,160
177,2,-1,-1
177,3,-1,-1
177,4,-1,-1
177,5,-1,-1
177,6,-1,-1
177,7,-1,-1
178,0,0,160
178,1,0,160
178,2,-1,-1
178,3,-1,-1
178,4,-1,-1
178,5,-1,-1
178,6,-1,-1
178,7,-1,-1
179,0,0,160
179,1,0,160
179,2,-1,-1
179,3,-1,-1
179,4,-1,-1
179,5,-1,-1
179,6,-1,-1
179,7,-1,-1
180,0,0,160
180,1,0,160
180,2,-1,-1
180,3,-1,-1
180,4,-1,-1
180,5,-1,-1
180,6,-1,-1
180,7,-1,-1
181,0,0,160
181,1,0,160
181,2,-1,-1
181,3,-1,-1
181,4,-1,-1
181,5,-1,-1
181,6,-1,-1
181,7,-1,-1
182,0,0,160
182,1,0,160
182,2,-1,-1
182,3,-1,-1
182,4,-1,-1
182,5,-1,-1
182,6,-1,-1
182,7,-1,-1
183,0,0,160
183,1,0,160
183,2,-1,-1
183,3,-1,-1
183,4,-1,-1
183,5,-1,-1
183,6,-1,-1
183,7,-1,-1
184,0,0,160
184,1,0,160
184,2,-1,-1
184,3,-1,-1
184,4,-1,-1
184,5,-1,-1
184,6,-1,-1
184,7,-1,-1
185,0,0,160
185,1,0,160
185,2,-1,-1
185,3,-1,-1
185,4,-1,-1
185,5,-1,-1
185,6,-1,-1
185,7,-1,-1
186,0,0,160
186,1,0,160
186,2,-1,-1
186,3,-1,-1
186,4,-1,-1
186,5,-1,-1
186,6,-1,-1
186,7,-1,-1
187,0,0,160
187,1,0,160
187,2,-1,-1
187,3,-1,-1
187,4,-1,-1
187,5,-1,-1
187,6,-1,-1
187,7,-1,-1
188,0,0,160
188,1,0,160
188,2,-1,-1
188,3,-1,-1
188,4,-1,-1
188,5,-1,-1
188,6,-1,-1
188,7,-1,-1
189,0,0,160
189,1,0,160
189,2,-1,-1
189,3,-1,-1
189,4,-1,-1
189,5,-1,-1
189,6,-1,-1
189,7,-1,-1
190,0,0,160
190,1,0,160
190,2,-1,-1
190,3,-1,-1
190,4,-1,-1
190,5,-1,-1
190,6,-1,-1
190,7,-1,-1
191,0,0,160
191,1,0,160
191,2,-1,-1
191,3,-1,-1
191,4,-1,-1
191,5,-1,-1
191,6,-1,-1
191,7,-1,-1
192,0,0,160
192,1,0,160
192,2,-1,-1
192,3,-1,-1
192,4,-1,-1
192,5,-1,-1
192,6,-1,-1
192,7,-1,-1
193,0,0,160
193,1,0,160
193,2,-1,-1
193,3,-1,-1
193,4,-1,-1
193,5,-1,-1
193,6,-1,-1
193,7,-1,-1
194,0,0,160
194,1,0,160
194,2,-1,-1
194,3,-1,-1
194,4,-1,-1
194,5,-1,-1
194,6,-1,-1
194,7,-1,-1
195,0,0,160
195,1,0,160
195,2,-1,-1
195,3,-1,-1
195,4,-1,-1
195,5,-1,-1
195,6,-1,-1
195,7,-1,-1
196,0,0,160
196,1,0,160
196,2,-1,-1
196,3,-1,-1
196,4,-1,-1
196,5,-1,-1
196,6,-1,-1
196,7,-1,-1
197,0,0,160
197,1,0,160
197,2,-1,-1
197,3,-1,-1
197,4,-1,-1
197,5,-1,-1
197,6,-1,-1
197,7,-1,-1
198,0,0,160
198,1,0,160
198,2,-1,-1
198,3,-1,-1
198,4,-1,-1
198,5,-1,-1
198,6,-1,-1
198,7,-1,-1
199,0,0,160
199,1,0,160
199,2,-1,-1
199,3,-1,-1
199,4,-1,-1
199,5,-1,-1
199,6,-1,-1
199,7,-1,-1
200,0,0,160
200,1,0,160
200,2,-1,-1
200,3,-1,-1
200,4,-1,-1
200,5,-1,-1
200,6,-1,-1
200,7,-1,-1
201,0,0,160
201,1,0,160
201,2,-1,-1
201,3,-1,-1
201,4,-1,-1
201,5,-1,-1
201,6,-1,-1
201,7,-1,-1
202,0,0,160
202,1,0,160
202,2,-1,-1
202,3,-1,-1
202,4,-1,-1
202,5,-1,-1
202,6,-1,-1
202,7,-1,-1
203,0,0,160
203,1,0,160
203,2,-1,-1
203,3,-1,-1
203,4,-1,-1
203,5,-1,-1
203,6,-1,-1
203,7,-1,-1
204,0,0,160
204,1,0,160
204,2,-1,-1
204,3,-1,-1
204,4,-1,-1
204,5,-1,-1
204,6,-1,-1
204,7,-1,-1
205,0,0,160
205,1,0,160
205,2,-1,-1
205,3,-1,-1
205,4,-1,-1
205,5,-1,-1
205,6,-1,-1
205,7,-1,-1
206,0,0,160
206,1,0,160
206,2,-1,-1
206,3,-1,-1
206,4,-1,-1
206,5,-1,-1
206,6,-1,-1
206,7,-1,-1
207,0,0,160
207,1,0,160
207,2,-1,-1
207,3,-1,-1
207,4,-1,-1
207,5,-1,-1
207,6,-1,-1
207,7,-1,-1
208,0,0,160
208,1,0,160
208,2,-1,-1
208,3,-1,-1
208,4,-1,-1
208,5,-1,-1
208,6,-1,-1
208,7,-1,-1
209,0,0,160
209,1,0,160
209,2,-1,-1
209,3,-1,-1
209,4,-1,-1
209,5,-1,-1
209,6,-1,-1
209,7,-1,-1
210,0,0,160
210,1,0,160
210,2,-1,-1
210,3,-1,-1
210,4,-1,-1
210,5,-1,-1
210,6,-1,-1
210,7,-1,-1
211,0,0,160
211,1,0,160
211,2,-1,-1
211,3,-1,-1
211,4,-1,-1
211,5,-1,-1
211,6,-1,-1
211,7,-1,-1
212,0,0,160
212,1,0,160
212,2,-1,-1
212,3,-1,-1
212,4,-1,-1
212,5,-1,-1
212,6,-1,-1
212,7,-1,-1
213,0,0,160
213,1,0,160
213,2,-1,-1
213,3,-1,-1
213,4,-1,-1
213,5,-1,-1
213,6,-1,-1
213,7,-1,-1
214,0,0,160
214,1,0,160
214,2,-1,-1
214,3,-1,-1
214,4,-1,-1
214,5,-1,-1
214,6,-1,-1
214,7,-1,-1
215,0,0,160
215,1,0,160
215,2,-1,-1
215,3,-1,-1
215,4,-1,-1
215,5,-1,-1
215,6,-1,-1
215,7,-1,-1
216,0,0,160
216,1,0,160
216,2,-1,-1
216,3,-1,-1
216,4,-1,-1
216,5,-1,-1
216,6,-1,-1
216,7,-1,-1
217,0,0,160
217,1,0,160
217,2,-1,-1
217,3,-1,-1
217,4,-1,-1
217,5,-1,-1
217,6,-1,-1
217,7,-1,-1
218,0,0,160
218,1,0,160
218,2,-1,-1
218,3,-1,-1
218,4,-1,-1
218,5,-1,-1
218,6,-1,-1
218,7,-1,-1
219,0,0,160
219,1,0,160
219,2,-1,-1
219,3,-1,-1
219,4,-1,-1
219,5,-1,-1
219,6,-1,-1
219,7,-1,-1
220,0,0,160
220,1,0,160
220,2,-1,-1
220,3,-1,-1
220,4,-1,-1
220,5,-1,-1
220,6,-1,-1
220,7,-1,-1
221,0,0,160
221,1,0,160
221,2,-1,-1
221,3,-1,-1
221,4,-1,-1
221,5,-1,-1
221,6,-1,-1
221,7,-1,-1
222,0,0,160
222,1,0,160
222,2,-1,-1
222,3,-1,-1
222,4,-1,-1
222,5,-1,-1
222,6,-1,-1
222,7,-1,-1
223,0,0,160
223,1,0,160
223,2,-1,-1
223,3,-1,-1
223,4,-1,-1
223,5,-1,-1
223,6,-1,-1
223,7,-1,-1
224,0,0,160
224,1,0,160
224,2,-1,-1
224,3,-1,-1
224,4,-1,-1
224,5,-1,-1
224,6,-1,-1
224,7,-1,-1
225,0,0,160
225,1,0,160
225,2,-1,-1
225,3,-1,-1
225,4,-1,-1
225,5,-1,-1
225,6,-1,-1
225,7,-1,-1
226,0,0,160
226,1,0,160
226,2,-1,-1
226,3,-1,-1
226,4,-1,-1
226,5,-1,-1
226,6,-1,-1
226,7,-1,-1
227,0,0,160
227,1,0,160
227,2,-1,-1
227,3,-1,-1
227,4,-1,-1
227,5,-1,-1
227,6,-1,-1
227,7,-1,-1
228,0,0,160
228,1,0,160
228,2,-1,-1
228,3,-1,-1
228,4,-1,-1
228,5,-1,-1
228,6,-1,-1
228,7,-1,-1
229,0,0,160
229,1,0,160
229,2,-1,-1
229,3,-1,-1
229,4,-1,-1
229,5,-1,-1
229,6,-1,-1
229,7,-1,-1
230,0,0,160
230,1,0,160
230,2,-1,-1
230,3,-1,-1
230,4,-1,-1
230,5,-1,-1
230,6,-1,-1
230,7,-1,-1
231,0,0,160
231,1,0,160
231,2,-1,-1
231,3,-1,-1
231,4,-1,-1
231,5,-1,-1
231,6,-1,-1
231,7,-1,-1
232,0,0,160
232,1,0,160
232,2,-1,-1
232,3,-1,-1
232,4,-1,-1
232,5,-1,-1
232,6,-1,-1
232,7,-1,-1
233,0,0,160
233,1,0,160
233,2,-1,-1
233,3,-1,-1
233,4,-1,-1
233,5,-1,-1
233,6,-1,-1
233,7,-1,-1
234,0,0,160
234,1,0,160
234,2,-1,-1
234,3,-1,-1
234,4,-1,-1
234,5,-1,-1
234,6,-1,-1
234,7,-1,-1
235,0,0,160
235,1,0,160
235,2,-1,-1
235,3,-1,-1
235,4,-1,-1
235,5,-1,-1
235,6,-1,-1
235,7,-1,-1
236,0,0,160
236,1,0,160
236,2,-1,-1
236,3,-1,-1
236,4,-1,-1
236,5,-1,-1
236,6,-1,-1
236,7,-1,-1
237,0,0,160
237,1,0,160
237,2,-1,-1
237,3,-1,-1
237,4,-1,-1
237,5,-1,-1
237,6,-1,-1
237,7,-1,-1
238,0,0,160
238,1,0,160
238,2,-1,-1
238,3,-1,-1
238,4,-1,-1
238,5,-1,-1
238,6,-1,-1
238,7,-1,-1
239,0,0,160
239,1,0,160
239,2,-1,-1
239,3,-1,-1
239,4,-1,-1
239,5,-1,-1
239,6,-1,-1
239,7,-1,-1
240,0,0,160
240,1,0,160
240,2,-1,-1
240,3,-1,-1
240,4,-1,-1
240,5,-1,-1
240,6,-1,-1
240,7,-1,-1
241,0,0,160
241,1,0,160
241,2,-1,-1
241,3,-1,-1
241,4,-1,-1
241,5,-1,-1
241,6,-1,-1
241,7,-1,-1
242,0,0,160
242,1,0,160
242,2,-1,-1
242,3,-1,-1
242,4,-1,-1
242,5,-1,-1
242,6,-1,-1
242,7,-1,-1
243,0,0,160
243,1,0,160
243,2,-1,-1
243,3,-1,-1
243,4,-1,-1
243,5,-1,-1
243,6,-1,-1
243,7,-1,-1
244,0,0,160
244,1,0,160
244,2,-1,-1
244,3,-1,-1
244,4,-1,-1
244,5,-1,-1
244,6,-1,-1
244,7,-1,-1
245,0,0,160
245,1,0,160
245,2,-1,-1
245,3,-1,-1
245,4,-1,-1
245,5,-1,-1
245,6,-1,-1
245,7,-1,-1
246,0,0,160
246,1,0,160
246,2,-1,-1
246,3,-1,-1
246,4,-1,-1
246,5,-1,-1
246,6,-1,-1
246,7,-1,-1
247,0,0,160
247,1,0,160
247,2,-1,-1
247,3,-1,-1
247,4,-1,-1
247,5,-1,-1
247,6,-1,-1
247,7,-1,-1
248,0,0,160
248,1,0,160
248,2,-1,-1
248,3,-1,-1
248,4,-1,-1
248,5,-1,-1
248,6,-1,-1
248,7,-1,-1
249,0,0,160
249,1,0,160
249,2,-1,-1
249,3,-1,-1
249,4,-1,-1
249,5,-1,-1
249,6,-1,-1
249,7,-1,-1
250,0,0,160
250,1,0,160
250,2,-1,-1
250,3,-1,-1
250,4,-1,-1
250,5,-1,-1
250,6,-1,-1
250,7,-1,-1
251,0,0,160
251,1,0,160
251,2,-1,-1
251,3,-1,-1
251,4,-1,-1
251,5,-1,-1
251,6,-1,-1
251,7,-1,-1
252,0,0,160
252,1,0,160
252,2,-1,-1
252,3,-1,-1
252,4,-1,-1
252,5,-1,-1
252,6,-1,-1
252,7,-1,-1
253,0,0,160
253,1,0,160
253,2,-1,-1
253,3,-1,-1
253,4,-1,-1
253,5,-1,-1
253,6,-1,-1
253,7,-1,-1
254,0,0,160
254,1,0,160
254,2,-1,-1
254,3,-1,-1
254,4,-1,-1
254,5,-1,-1
254,6,-1,-1
254,7,-1,-1
255,0,0,160
255,1,0,160
255,2,-1,-1
255,3,-1,-1
255,4,-1,-1
255,5,-1,-1
255,6,-1,-1
255,7,-1,-1
256,0,0,160
256,1,0,160
256,2,-1,-1
256,3,-1,-1
256,4,-1,-1
256,5,-1,-1
256,6,-1,-1
256,7,-1,-1
257,0,0,160
257,1,0,160
257,2,-1,-1
257,3,-1,-1
257,4,-1,-1
257,5,-1,-1
257,6,-1,-1
257,7,-1,-1
258,0,0,160
258,1,0,160
258,2,-1,-1
258,3,-1,-1
258,4,-1,-1
258,5,-1,-1
258,6,-1,-1
258,7,-1,-1
259,0,0,160
259,1,0,160
259,2,-1,-1
259,3,-1,-1
259,4,-1,-1
259,5,-1,-1
259,6,-1,-1
259,7,-1,-1
260,0,0,160
260,1,0,160
260,2,-1,-1
260,3,-1,-1
260,4,-1,-1
260,5,-1,-1
260,6,-1,-1
260,7,-1,-1
261,0,0,160
261,1,0,160
261,2,-1,-1
261,3,-1,-1
261,4,-1,-1
261,5,-1,-1
261,6,-1,-1
261,7,-1,-1
262,0,0,160
262,1,0,160
262,2,-1,-1
262,3,-1,-1
262,4,-1,-1
262,5,-1,-1
262,6,-1,-1
262,7,-1,-1
263,0,0,160
263,1,0,160
263,2,-1,-1
263,3,-1,-1
263,4,-1,-1
263,5,-1,-1
263,6,-1,-1
263,7,-1,-1
264,0,0,160
264,1,0,160
264,2,-1,-1
264,3,-1,-1
264,4,-1,-1
264,5,-1,-1
264,6,-1,-1
264,7,-1,-1
265,0,0,160
265,1,0,160
265,2,-1,-1
265,3,-1,-1
265,4,-1,-1
265,5,-1,-1
265,6,-1,-1
265,7,-1,-1
266,0,0,160
266,1,0,160
266,2,-1,-1
266,3,-1,-1
266,4,-1,-1
266,5,-1,-1
266,6,-1,-1
266,7,-1,-1
267,0,0,160
267,1,0,160
267,2,-1,-1
267,3,-1,-1
267,4,-1,-1
267,5,-1,-1
267,6,-1,-1
267,7,-1,-1
268,0,0,160
268,1,0,160
268,2,-1,-1
268,3,-1,-1
268,4,-1,-1
268,5,-1,-1
268,6,-1,-1
268,7,-1,-1
269,0,0,160
269,1,0,160
269,2,-1,-1
269,3,-1,-1
269,4,-1,-1
269,5,-1,-1
269,6,-1,-1
269,7,-1,-1
270,0,0,160
270,1,0,160
270,2,-1,-1
270,3,-1,-1
270,4,-1,-1
270,5,-1,-1
270,6,-1,-1
270,7,-1,-1
271,0,0,160
271,1,0,160
271,2,-1,-1
271,3,-1,-1
271,4,-1,-1
271,5,-1,-1
271,6,-1,-1
271,7,-1,-1
272,0,0,160
272,1,0,160
272,2,-1,-1
272,3,-1,-1
272,4,-1,-1
272,5,-1,-1
272,6,-1,-1
272,7,-1,-1
273,0,0,160
273,1,0,160
273,2,-1,-1
273,3,-1,-1
273,4,-1,-1
273,5,-1,-1
273,6,-1,-1
273,7,-1,-1
274,0,0,160
274,1,0,160
274,2,-1,-1
274,3,-1,-1
274,4,-1,-1
274,5,-1,-1
274,6,-1,-1
274,7,-1,-1
275,0,0,160
275,1,0,160
275,2,-1,-1
275,3,-1,-1
275,4,-1,-1
275,5,-1,-1
275,6,-1,-1
275,7,-1,-1
276,0,0,160
276,1,0,160
276,2,-1,-1
276,3,-1,-1
276,4,-1,-1
276,5,-1,-1
276,6,-1,-1
276,7,-1,-1
277,0,0,160
277,1,0,160
277,2,-1,-1
277,3,-1,-1
277,4,-1,-1
277,5,-1,-1
277,6,-1,-1
277,7,-1,-1
278,0,0,160
278,1,0,160
278,2,-1,-1
278,3,-1,-1
278,4,-1,-1
278,5,-1,-1
278,6,-1,-1
278,7,-1,-1
279,0,0,160
279,1,0,160
279,2,-1,-1
279,3,-1,-1
279,4,-1,-1
279,5,-1,-1
279,6,-1,-1
279,7,-1,-1
280,0,0,160
280,1,0,160
280,2,-1,-1
280,3,-1,-1
280,4,-1,-1
280,5,-1,-1
280,6,-1,-1
280,7,-1,-1
281,0,0,160
281,1,0,160
281,2,-1,-1
281,3,-1,-1
281,4,-1,-1
281,5,-1,-1
281,6,-1,-1
281,7,-1,-1
282,0,0,160
282,1,0,160
282,2,-1,-1
282,3,-1,-1
282,4,-1,-1
282,5,-1,-1
282,6,-1,-1
282,7,-1,-1
283,0,0,160
283,1,0,160
283,2,-1,-1
283,3,-1,-1
283,4,-1,-1
283,5,-1,-1
283,6,-1,-1
283,7,-1,-1
284,0,0,160
284,1,0,160
284,2,-1,-1
284,3,-1,-1
284,4,-1,-1
284,5,-1,-1
284,6,-1,-1
284,7,-1,-1
285,0,0,160
285,1,0,160
285,2,-1,-1
285,3,-1,-1
285,4,-1,-1
285,5,-1,-1
285,6,-1,-1
285,7,-1,-1
286,0,0,160
286,1,0,160
286,2,-1,-1
286,3,-1,-1
286,4,-1,-1
286,5,-1,-1
286,6,-1,-1
286,7,-1,-1
287,0,0,160
287,1,0,160
287,2,-1,-1
287,3,-1,-1
287,4,-1,-1
287,5,-1,-1
287,6,-1,-1
287,7,-1,-1
288,0,0,160
288,1,0,160
288,2,-1,-1
288,3,-1,-1
288,4,-1,-1
288,5,-1,-1
288,6,-1,-1
288,7,-1,-1
289,0,0,160
289,1,0,160
289,2,-1,-1
289,3,-1,-1
289,4,-1,-1
289,5,-1,-1
289,6,-1,-1
289,7,-1,-1
290,0,0,160
290,1,0,160
290,2,-1,-1
290,3,-1,-1
290,4,-1,-1
290,5,-1,-1
290,6,-1,-1
290,7,-1,-1
291,0,0,160
291,1,0,160
291,2,-1,-1
291,3,-1,-1
291,4,-1,-1
291,5,-1,-1
291,6,-1,-1
291,7,-1,-1
292,0,0,160
292,1,0,160
292,2,-1,-1
292,3,-1,-1
292,4,-1,-1
292,5,-1,-1
292,6,-1,-1
292,7,-1,-1
293,0,0,160
293,1,0,160
293,2,-1,-1
293,3,-1,-1
293,4,-1,-1
293,5,-1,-1
293,6,-1,-1
293,7,-1,-1
294,0,0,160
294,1,0,160
294,2,-1,-1
294,3,-1,-1
294,4,-1,-1
294,5,-1,-1
294,6,-1,-1
294,7,-1,-1
295,0,0,160
295,1,0,160
295,2,-1,-1
295,3,-1,-1
295,4,-1,-1
295,5,-1,-1
295,6,-1,-1
295,7,-1,-1
296,0,0,160
296,1,0,160
296,2,-1,-1
296,3,-1,-1
296,4,-1,-1
296,5,-1,-1
296,6,-1,-1
296,7,-1,-1
297,0,0,160
297,1,0,160
297,2,-1,-1
297,3,-1,-1
297,4,-1,-1
297,5,-1,-1
297,6,-1,-1
297,7,-1,-1
298,0,0,160
298,1,0,160
298,2,-1,-1
298,3,-1,-1
298,4,-1,-1
298,5,-1,-1
298,6,-1,-1
298,7,-1,-1
299,0,0,160
299,1,0,160
299,2,-1,-1
299,3,-1,-1
299,4,-1,-1
299,5,-1,-1
299,6,-1,-1
299,7,-1,-1
300,0,0,160
300,1,0,160
300,2,-1,-1
300,3,-1,-1
300,4,-1,-1
300,5,-1,-1
300,6,-1,-1
300,7,-1,-1
301,0,0,160
301,1,0,160
301,2,-1,-1
301,3,-1,-1
301,4,-1,-1
301,5,-1,-1
301,6,-1,-1
301,7,-1,-1
302,0,0,160
302,1,0,160
302,2,-1,-1
302,3,-1,-1
302,4,-1,-1
302,5,-1,-1
302,6,-1,-1
302,7,-1,-1
303,0,0,160
303,1,0,160
303,2,-1,-1
303,3,-1,-1
303,4,-1,-1
303,5,-1,-1
303,6,-1,-1
303,7,-1,-1
304,0,0,160
304,1,0,160
304,2,-1,-1
304,3,-1,-1
304,4,-1,-1
304,5,-1,-1
304,6,-1,-1
304,7,-1,-1
305,0,0,160
305,1,0,160
305,2,-1,-1
305,3,-1,-1
305,4,-1,-1
305,5,-1,-1
305,6,-1,-1
305,7,-1,-1
306,0,0,160
306,1,0,160
306,2,-1,-1
306,3,-1,-1
306,4,-1,-1
306,5,-1,-1
306,6,-1,-1
306,7,-1,-1
307,0,0,160
307,1,0,160
307,2,-1,-1
307,3,-1,-1
307,4,-1,-1
307,5,-1,-1
307,6,-1,-1
307,7,-1,-1
308,0,0,160
308,1,0,160
308,2,-1,-1
308,3,-1,-1
308,4,-1,-1
308,5,-1,-1
308,6,-1,-1
308,7,-1,-1
309,0,0,160
309,1,0,160
309,2,-1,-1
309,3,-1,-1
309,4,-1,-1
309,5,-1,-1
309,6,-1,-1
309,7,-1,-1
310,0,0,160
310,1,0,160
310,2,-1,-1
310,3,-1,-1
310,4,-1,-1
310,5,-1,-1
310,6,-1,-1
310,7,-1,-1
311,0,0,160
311,1,0,160
311,2,-1,-1
311,3,-1,-1
311,4,-1,-1
311,5,-1,-1
311,6,-1,-1
311,7,-1,-1
312,0,0,160
312,1,0,160
312,2,-1,-1
312,3,-1,-1
312,4,-1,-1
312,5,-1,-1
312,6,-1,-1
312,7,-1,-1
313,0,0,160
313,1,0,160
313,2,-1,-1
313,3,-1,-1
313,4,-1,-1
313,5,-1,-1
313,6,-1,-1
313,7,-1,-1
314,0,0,160
314,1,0,160
314,2,-1,-1
314,3,-1,-1
314,4,-1,-1
314,5,-1,-1
314,6,-1,-1
314,7,-1,-1
315,0,0,160
315,1,0,160
315,2,-1,-1
315,3,-1,-1
315,4,-1,-1
315,5,-1,-1
315,6,-1,-1
315,7,-1,-1
316,0,0,160
316,1,0,160
316,2,-1,-1
316,3,-1,-1
316,4,-1,-1
316,5,-1,-1
316,6,-1,-1
316,7,-1,-1
317,0,0,160
317,1,0,160
317,2,-1,-1
317,3,-1,-1
317,4,-1,-1
317,5,-1,-1
317,6,-1,-1
317,7,-1,-1
318,0,0,160
318,1,0,160
318,2,-1,-1
318,3,-1,-1
318,4,-1,-1
318,5,-1,-1
318,6,-1,-1
318,7,-1,-1
319,0,0,160
319,1,0,160
319,2,-1,-1
319,3,-1,-1
319,4,-1,-1
319,5,-1,-1
319,6,-1,-1
319,7,-1,-1
320,0,0,160
320,1,0,160
320,2,-1,-1
320,3,-1,-1
320,4,-1,-1
320,5,-1,-1
320,6,-1,-1
320,7,-1,-1
321,0,0,160
321,1,0,160
321,2,-1,-1
321,3,-1,-1
321,4,-1,-1
321,5,-1,-1
321,6,-1,-1
321,7,-1,-1
322,0,0,160
322,1,0,160
322,2,-1,-1
322,3,-1,-1
322,4,-1,-1
322,5,-1,-1
322,6,-1,-1
322,7,-1,-1
323,0,0,160
323,1,0,160
323,2,-1,-1
323,3,-1,-1
323,4,-1,-1
323,5,-1,-1
323,6,-1,-1
323,7,-1,-1
324,0,0,160
324,1,0,160
324,2,-1,-1
324,3,-1,-1
324,4,-1,-1
324,5,-1,-1
324,6,-1,-1
324,7,-1,-1
325,0,0,160
325,1,0,160
325,2,-1,-1
325,3,-1,-1
325,4,-1,-1
325,5,-1,-1
325,6,-1,-1
325,7,-1,-1
326,0,0,160
326,1,0,160
326,2,-1,-1
326,3,-1,-1
326,4,-1,-1
326,5,-1,-1
326,6,-1,-1
326,7,-1,-1
327,0,0,160
327,1,0,160
327,2,-1,-1
327,3,-1,-1
327,4,-1,-1
327,5,-1,-1
327,6,-1,-1
327,7,-1,-1
328,0,0,160
328,1,0,160
328,2,-1,-1
328,3,-1,-1
328,4,-1,-1
328,5,-1,-1
328,6,-1,-1
328,7,-1,-1
329,0,0,160
329,1,0,160
329,2,-1,-1
329,3,-1,-1
329,4,-1,-1
329,5,-1,-1
329,6,-1,-1
329,7,-1,-1
330,0,0,160
330,1,0,160
330,2,-1,-1
330,3,-1,-1
330,4,-1,-1
330,5,-1,-1
330,6,-1,-1
330,7,-1,-1
331,0,0,160
331,1,0,160
331,2,-1,-1
331,3,-1,-1
331,4,-1,-1
331,5,-1,-1
331,6,-1,-1
331,7,-1,-1
332,0,0,160
332,1,0,160
332,2,-1,-1
332,3,-1,-1
332,4,-1,-1
332,5,-1,-1
332,6,-1,-1
332,7,-1,-1
333,0,0,160
333,1,0,160
333,2,-1,-1
333,3,-1,-1
333,4,-1,-1
333,5,-1,-1
333,6,-1,-1
333,7,-1,-1
334,0,0,160
334,1,0,160
334,2,-1,-1
334,3,-1,-1
334,4,-1,-1
334,5,-1,-1
334,6,-1,-1
334,7,-1,-1
335,0,0,160
335,1,0,160
335,2,-1,-1
335,3,-1,-1
335,4,-1,-1
335,5,-1,-1
335,6,-1,-1
335,7,-1,-1
336,0,0,160
336,1,0,160
336,2,-1,-1
336,3,-1,-1
336,4,-1,-1
336,5,-1,-1
336,6,-1,-1
336,7,-1,-1
337,0,0,160
337,1,0,160
337,2,-1,-1
337,3,-1,-1
337,4,-1,-1
337,5,-1,-1
337,6,-1,-1
337,7,-1,-1
338,0,0,160
338,1,0,160
338,2,-1,-1
338,3,-1,-1
338,4,-1,-1
338,5,-1,-1
338,6,-1,-1
338,7,-1,-1
339,0,0,160
339,1,0,160
339,2,-1,-1
339,3,-1,-1
339,4,-1,-1
339,5,-1,-1
339,6,-1,-1
339,7,-1,-1
340,0,0,160
340,1,0,160
340,2,-1,-1
340,3,-1,-1
340,4,-1,-1
340,5,-1,-1
340,6,-1,-1
340,7,-1,-1
341,0,0,160
341,1,0,160
341,2,-1,-1
341,3,-1,-1
341,4,-1,-1
341,5,-1,-1
341,6,-1,-1
341,7,-1,-1
342,0,0,160
342,1,0,160
342,2,-1,-1
342,3,-1,-1
342,4,-1,-1
342,5,-1,-1
342,6,-1,-1
342,7,-1,-1
343,0,0,160
343,1,0,160
343,2,-1,-1
343,3,-1,-1
343,4,-1,-1
343,5,-1,-1
343,6,-1,-1
343,7,-1,-1
344,0,0,160
344,1,0,160
344,2,-1,-1
344,3,-1,-1
344,4,-1,-1
344,5,-1,-1
344,6,-1,-1
344,7,-1,-1
345,0,0,160
345,1,0,160
345,2,-1,-1
345,3,-1,-1
345,4,-1,-1
345,5,-1,-1
345,6,-1,-1
345,7,-1,-1
346,0,0,160
346,1,0,160
346,2,-1,-1
346,3,-1,-1
346,4,-1,-1
346,5,-1,-1
346,6,-1,-1
346,7,-1,-1
347,0,0,160
347,1,0,160
347,2,-1,-1
347,3,-1,-1
347,4,-1,-1
347,5,-1,-1
347,6,-1,-1
347,7,-1,-1
348,0,0,160
348,1,0,160
348,2,-1,-1
348,3,-1,-1
348,4,-1,-1
348,5,-1,-1
348,6,-1,-1
348,7,-1,-1
349,0,0,160
349,1,0,160
349,2,-1,-1
349,3,-1,-1
349,4,-1,-1
349,5,-1,-1
349,6,-1,-1
349,7,-1,-1
350,0,0,160
350,1,0,160
350,2,-1,-1
350,3,-1,-1
350,4,-1,-1
350,5,-1,-1
350,6,-1,-1
350,7,-1,-1
351,0,0,160
351,1,0,160
351,2,-1,-1
351,3,-1,-1
351,4,-1,-1
351,5,-1,-1
351,6,-1,-1
351,7,-1,-1
352,0,0,160
352,1,0,160
352,2,-1,-1
352,3,-1,-1
352,4,-1,-1
352,5,-1,-1
352,6,-1,-1
352,7,-1,-1
353,0,0,160
353,1,0,160
353,2,-1,-1
353,3,-1,-1
353,4,-1,-1
353,5,-1,-1
353,6,-1,-1
353,7,-1,-1
354,0,0,160
354,1,0,160
354,2,-1,-1
354,3,-1,-1
354,4,-1,-1
354,5,-1,-1
354,6,-1,-1
354,7,-1,-1
355,0,0,160
355,1,0,160
355,2,-1,-1
355,3,-1,-1
355,4,-1,-1
355,5,-1,-1
355,6,-1,-1
355,7,-1,-1
356,0,0,160
356,1,0,160
356,2,-1,-1
356,3,-1,-1
356,4,-1,-1
356,5,-1,-1
356,6,-1,-1
356,7,-1,-1
357,0,0,160
357,1,0,160
357,2,-1,-1
357,3,-1,-1
357,4,-1,-1
357,5,-1,-1
357,6,-1,-1
357,7,-1,-1
358,0,0,160
358,1,0,160
358,2,-1,-1
358,3,-1,-1
358,4,-1,-1
358,5,-1,-1
358,6,-1,-1
358,7,-1,-1
359,0,0,160
359,1,0,160
359,2,-1,-1
359,3,-1,-1
359,4,-1,-1
359,5,-1,-1
359,6,-1,-1
359,7,-1,-1
360,0,0,160
360,1,0,160
360,2,-1,-1
360,3,-1,-1
360,4,-1,-1
360,5,-1,-1
360,6,-1,-1
360,7,-1,-1
361,0,0,160
361,1,0,160
361,2,-1,-1
361,3,-1,-1
361,4,-1,-1
361,5,-1,-1
361,6,-1,-1
361,7,-1,-1
362,0,0,160
362,1,0,160
362,2,-1,-1
362,3,-1,-1
362,4,-1,-1
362,5,-1,-1
362,6,-1,-1
362,7,-1,-1
363,0,0,160
363,1,0,160
363,2,-1,-1
363,3,-1,-1
363,4,-1,-1
363,5,-1,-1
363,6,-1,-1
363,7,-1,-1
364,0,0,160
364,1,0,160
364,2,-1,-1
364,3,-1,-1
364,4,-1,-1
364,5,-1,-1
364,6,-1,-1
364,7,-1,-1
365,0,0,160
365,1,0,160
365,2,-1,-1
365,3,-1,-1
365,4,-1,-1
365,5,-1,-1
365,6,-1,-1
365,7,-1,-1
366,0,0,160
366,1,0,160
366,2,-1,-1
366,3,-1,-1
366,4,-1,-1
366,5,-1,-1
366,6,-1,-1
366,7,-1,-1
367,0,0,160
367,1,0,160
367,2,-1,-1
367,3,-1,-1
367,4,-1,-1
367,5,-1,-1
367,6,-1,-1
367,7,-1,-1
368,0,0,160
368,1,0,160
368,2,-1,-1
368,3,-1,-1
368,4,-1,-1
368,5,-1,-1
368,6,-1,-1
368,7,-1,-1
369,0,0,160
369,1,0,160
369,2,-1,-1
369,3,-1,-1
369,4,-1,-1
369,5,-1,-1
369,6,-1,-1
369,7,-1,-1
370,0,0,160
370,1,0,160
370,2,-1,-1
370,3,-1,-1
370,4,-1,-1
370,5,-1,-1
370,6,-1,-1
370,7,-1,-1
371,0,0,160
371,1,0,160
371,2,-1,-1
371,3,-1,-1
371,4,-1,-1
371,5,-1,-1
371,6,-1,-1
371,7,-1,-1
372,0,0,160
372,1,0,160
372,2,-1,-1
372,3,-1,-1
372,4,-1,-1
372,5,-1,-1
372,6,-1,-1
372,7,-1,-1
373,0,0,160
373,1,0,160
373,2,-1,-1
373,3,-1,-1
373,4,-1,-1
373,5,-1,-1
373,6,-1,-1
373,7,-1,-1
374,0,0,160
374,1,0,160
374,2,-1,-1
374,3,-1,-1
374,4,-1,-1
374,5,-1,-1
374,6,-1,-1
374,7,-1,-1
375,0,0,160
375,1,0,160
375,2,-1,-1
375,3,-1,-1
375,4,-1,-1
375,5,-1,-1
375,6,-1,-1
375,7,-1,-1
376,0,0,160
376,1,0,160
376,2,-1,-1
376,3,-1,-1
376,4,-1,-1
376,5,-1,-1
376,6,-1,-1
376,7,-1,-1
377,0,0,160
377,1,0,160
377,2,-1,-1
377,3,-1,-1
377,4,-1,-1
377,5,-1,-1
377,6,-1,-1
377,7,-1,-1
378,0,0,160
378,1,0,160
378,2,-1,-1
378,3,-1,-1
378,4,-1,-1
378,5,-1,-1
378,6,-1,-1
378,7,-1,-1
379,0,0,160
379,1,0,160
379,2,-1,-1
379,3,-1,-1
379,4,-1,-1
379,5,-1,-1
379,6,-1,-1
379,7,-1,-1
380,0,0,160
380,1,0,160
380,2,-1,-1
380,3,-1,-1
380,4,-1,-1
380,5,-1,-1
380,6,-1,-1
380,7,-1,-1
381,0,0,160
381,1,0,160
381,2,-1,-1
381,3,-1,-1
381,4,-1,-1
381,5,-1,-1
381,6,-1,-1
381,7,-1,-1
382,0,0,160
382,1,0,160
382,2,-1,-1
382,3,-1,-1
382,4,-1,-1
382,5,-1,-1
382,6,-1,-1
382,7,-1,-1
383,0,0,160
383,1,0,160
383,2,-1,-1
383,3,-1,-1
383,4,-1,-1
383,5,-1,-1
383,6,-1,-1
383,7,-1,-1
384,0,0,160
384,1,0,160
384,2,-1,-1
384,3,-1,-1
384,4,-1,-1
384,5,-1,-1
384,6,-1,-1
384,7,-1,-1
385,0,0,160
385,1,0,160
385,2,-1,-1
385,3,-1,-1
385,4,-1,-1
385,5,-1,-1
385,6,-1,-1
385,7,-1,-1
386,0,0,160
386,1,0,160
386,2,-1,-1
386,3,-1,-1
386,4,-1,-1
386,5,-1,-1
386,6,-1,-1
386,7,-1,-1
387,0,0,160
387,1,0,160
387,2,-1,-1
387,3,-1,-1
387,4,-1,-1
387,5,-1,-1
387,6,-1,-1
387,7,-1,-1
388,0,0,160
388,1,0,160
388,2,-1,-1
388,3,-1,-1
388,4,-1,-1
388,5,-1,-1
388,6,-1,-1
388,7,-1,-1
389,0,0,160
389,1,0,160
389,2,-1,-1
389,3,-1,-1
389,4,-1,-1
389,5,-1,-1
389,6,-1,-1
389,7,-1,-1
390,0,0,160
390,1,0,160
390,2,-1,-1
390,3,-1,-1
390,4,-1,-1
390,5,-1,-1
390,6,-1,-1
390,7,-1,-1
391,0,0,160
391,1,0,160
391,2,-1,-1
391,3,-1,-1
391,4,-1,-1
391,5,-1,-1
391,6,-1,-1
391,7,-1,-1
392,0,0,160
392,1,0,160
392,2,-1,-1
392,3,-1,-1
392,4,-1,-1
392,5,-1,-1
392,6,-1,-1
392,7,-1,-1
393,0,0,160
393,1,0,160
393,2,-1,-1
393,3,-1,-1
393,4,-1,-1
393,5,-1,-1
393,6,-1,-1
393,7,-1,-1
394,0,0,160
394,1,0,160
394,2,-1,-1
394,3,-1,-1
394,4,-1,-1
394,5,-1,-1
394,6,-1,-1
394,7,-1,-1
395,0,0,160
395,1,0,160
395,2,-1,-1
395,3,-1,-1
395,4,-1,-1
395,5,-1,-1
395,6,-1,-1
395,7,-1,-1
396,0,0,160
396,1,0,160
396,2,-1,-1
396,3,-1,-1
396,4,-1,-1
396,5,-1,-1
396,6,-1,-1
396,7,-1,-1
397,0,0,160
397,1,0,160
397,2,-1,-1
397,3,-1,-1
397,4,-1,-1
397,5,-1,-1
397,6,-1,-1
397,7,-1,-1
398,0,0,160
398,1,0,160
398,2,-1,-1
398,3,-1,-1
398,4,-1,-1
398,5,-1,-1
398,6,-1,-1
398,7,-1,-1
399,0,0,160
399,1,0,160
399,2,-1,-1
399,3,-1,-1
399,4,-1,-1
399,5,-1,-1
399,6,-1,-1
399,7,-1,-1
400,0,0,160
400,1,0,160
400,2,-1,-1
400,3,-1,-1
400,4,-1,-1
400,5,-1,-1
400,6,-1,-1
400,7,-1,-1
401,0,0,160
401,1,0,160
401,2,-1,-1
401,3,-1,-1
401,4,-1,-1
401,5,-1,-1
401,6,-1,-1
401,7,-1,-1
402,0,0,160
402,1,0,160
402,2,-1,-1
402,3,-1,-1
402,4,-1,-1
402,5,-1,-1
402,6,-1,-1
402,7,-1,-1
403,0,0,160
403,1,0,160
403,2,-1,-1
403,3,-1,-1
403,4,-1,-1
403,5,-1,-1
403,6,-1,-1
403,7,-1,-1
404,0,0,160
404,1,0,160
404,2,-1,-1
404,3,-1,-1
404,4,-1,-1
404,5,-1,-1
404,6,-1,-1
404,7,-1,-1
405,0,0,160
405,1,0,160
405,2,-1,-1
405,3,-1,-1
405,4,-1,-1
405,5,-1,-1
405,6,-1,-1
405,7,-1,-1
406,0,0,160
406,1,0,160
406,2,-1,-1
406,3,-1,-1
406,4,-1,-1
406,5,-1,-1
406,6,-1,-1
406,7,-1,-1
407,0,0,160
407,1,0,160
407,2,-1,-1
407,3,-1,-1
407,4,-1,-1
407,5,-1,-1
407,6,-1,-1
407,7,-1,-1
408,0,0,160
408,1,0,160
408,2,-1,-1
408,3,-1,-1
408,4,-1,-1
408,5,-1,-1
408,6,-1,-1
408,7,-1,-1
409,0,0,160
409,1,0,160
409,2,-1,-1
409,3,-1,-1
409,4,-1,-1
409,5,-1,-1
409,6,-1,-1
409,7,-1,-1
410,0,0,160
410,1,0,160
410,2,-1,-1
410,3,-1,-1
410,4,-1,-1
410,5,-1,-1
410,6,-1,-1
410,7,-1,-1
411,0,0,160
411,1,0,160
411,2,-1,-1
411,3,-1,-1
411,4,-1,-1
411,5,-1,-1
411,6,-1,-1
411,7,-1,-1
412,0,0,160
412,1,0,160
412,2,-1,-1
412,3,-1,-1
412,4,-1,-1
412,5,-1,-1
412,6,-1,-1
412,7,-1,-1
413,0,0,160
413,1,0,160
413,2,-1,-1
413,3,-1,-1
413,4,-1,-1
413,5,-1,-1
413,6,-1,-1
413,7,-1,-1
414,0,0,160
414,1,0,160
414,2,-1,-1
414,3,-1,-1
414,4,-1,-1
414,5,-1,-1
414,6,-1,-1
414,7,-1,-1
415,0,0,160
415,1,0,160
415,2,-1,-1
415,3,-1,-1
415,4,-1,-1
415,5,-1,-1
415,6,-1,-1
415,7,-1,-1
416,0,0,160
416,1,0,160
416,2,-1,-1
416,3,-1,-1
416,4,-1,-1
416,5,-1,-1
416,6,-1,-1
416,7,-1,-1
417,0,0,160
417,1,0,160
417,2,-1,-1
417,3,-1,-1
417,4,-1,-1
417,5,-1,-1
417,6,-1,-1
417,7,-1,-1
418,0,0,160
418,1,0,160
418,2,-1,-1
418,3,-1,-1
418,4,-1,-1
418,5,-1,-1
418,6,-1,-1
418,7,-1,-1
419,0,0,160
419,1,0,160
419,2,-1,-1
419,3,-1,-1
419,4,-1,-1
419,5,-1,-1
419,6,-1,-1
419,7,-1,-1
420,0,0,160
420,1,0,160
420,2,-1,-1
420,3,-1,-1
420,4,-1,-1
420,5,-1,-1
420,6,-1,-1
420,7,-1,-1
421,0,0,160
421,1,0,160
421,2,-1,-1
421,3,-1,-1
421,4,-1,-1
421,5,-1,-1
421,6,-1,-1
421,7,-1,-1
422,0,0,160
422,1,0,160
422,2,-1,-1
422,3,-1,-1
422,4,-1,-1
422,5,-1,-1
422,6,-1,-1
422,7,-1,-1
423,0,0,160
423,1,0,160
423,2,-1,-1
423,3,-1,-1
423,4,-1,-1
423,5,-1,-1
423,6,-1,-1
423,7,-1,-1
424,0,0,160
424,1,0,160
424,2,-1,-1
424,3,-1,-1
424,4,-1,-1
424,5,-1,-1
424,6,-1,-1
424,7,-1,-1
425,0,0,160
425,1,0,160
425,2,-1,-1
425,3,-1,-1
425,4,-1,-1
425,5,-1,-1
425,6,-1,-1
425,7,-1,-1
426,0,0,160
426,1,0,160
426,2,-1,-1
426,3,-1,-1
426,4,-1,-1
426,5,-1,-1
426,6,-1,-1
426,7,-1,-1
427,0,0,160
427,1,0,160
427,2,-1,-1
427,3,-1,-1
427,4,-1,-1
427,5,-1,-1
427,6,-1,-1
427,7,-1,-1
428,0,0,160
428,1,0,160
428,2,-1,-1
428,3,-1,-1
428,4,-1,-1
428,5,-1,-1
428,6,-1,-1
428,7,-1,-1
429,0,0,160
429,1,0,160
429,2,-1,-1
429,3,-1,-1
429,4,-1,-1
429,5,-1,-1
429,6,-1,-1
429,7,-1,-1
430,0,0,160
430,1,0,160
430,2,-1,-1
430,3,-1,-1
430,4,-1,-1
430,5,-1,-1
430,6,-1,-1
430,7,-1,-1
431,0,0,160
431,1,0,160
431,2,-1,-1
431,3,-1,-1
431,4,-1,-1
431,5,-1,-1
431,6,-1,-1
431,7,-1,-1
432,0,0,160
432,1,0,160
432,2,-1,-1
432,3,-1,-1
432,4,-1,-1
432,5,-1,-1
432,6,-1,-1
432,7,-1,-1
433,0,0,160
433,1,0,160
433,2,-1,-1
433,3,-1,-1
433,4,-1,-1
433,5,-1,-1
433,6,-1,-1
433,7,-1,-1
434,0,0,160
434,1,0,160
434,2,-1,-1
434,3,-1,-1
434,4,-1,-1
434,5,-1,-1
434,6,-1,-1
434,7,-1,-1
435,0,0,160
435,1,0,160
435,2,-1,-1
435,3,-1,-1
435,4,-1,-1
435,5,-1,-1
435,6,-1,-1
435,7,-1,-1
436,0,0,160
436,1,0,160
436,2,-1,-1
436,3,-1,-1
436,4,-1,-1
436,5,-1,-1
436,6,-1,-1
436,7,-1,-1
437,0,0,160
437,1,0,160
437,2,-1,-1
437,3,-1,-1
437,4,-1,-1
437,5,-1,-1
437,6,-1,-1
437,7,-1,-1
438,0,0,160
438,1,0,160
438,2,-1,-1
438,3,-1,-1
438,4,-1,-1
438,5,-1,-1
438,6,-1,-1
438,7,-1,-1
439,0,0,160
439,1,0,160
439,2,-1,-1
439,3,-1,-1
439,4,-1,-1
439,5,-1,-1
439,6,-1,-1
439,7,-1,-1
440,0,0,160
440,1,0,160
440,2,-1,-1
440,3,-1,-1
440,4,-1,-1
440,5,-1,-1
440,6,-1,-1
440,7,-1,-1
441,0,0,160
441,1,0,160
441,2,-1,-1
441,3,-1,-1
441,4,-1,-1
441,5,-1,-1
441,6,-1,-1
441,7,-1,-1
442,0,0,160
442,1,0,160
442,2,-1,-1
442,3,-1,-1
442,4,-1,-1
442,5,-1,-1
442,6,-1,-1
442,7,-1,-1
443,0,0,160
443,1,0,160
443,2,-1,-1
443,3,-1,-1
443,4,-1,-1
443,5,-1,-1
443,6,-1,-1
443,7,-1,-1
444,0,0,160
444,1,0,160
444,2,-1,-1
444,3,-1,-1
444,4,-1,-1
444,5,-1,-1
444,6,-1,-1
444,7,-1,-1
445,0,0,160
445,1,0,160
445,2,-1,-1
445,3,-1,-1
445,4,-1,-1
445,5,-1,-1
445,6,-1,-1
445,7,-1,-1
446,0,0,160
446,1,0,160
446,2,-1,-1
446,3,-1,-1
446,4,-1,-1
446,5,-1,-1
446,6,-1,-1
446,7,-1,-1
447,0,0,160
447,1,0,160
447,2,-1,-1
447,3,-1,-1
447,4,-1,-1
447,5,-1,-1
447,6,-1,-1
447,7,-1,-1
448,0,0,160
448,1,0,160
448,2,-1,-1
448,3,-1,-1
448,4,-1,-1
448,5,-1,-1
448,6,-1,-1
448,7,-1,-1
449,0,0,160
449,1,0,160
449,2,-1,-1
449,3,-1,-1
449,4,-1,-1
449,5,-1,-1
449,6,-1,-1
449,7,-1,-1
450,0,0,160
450,1,0,160
450,2,-1,-1
450,3,-1,-1
450,4,-1,-1
450,5,-1,-1
450,6,-1,-1
450,7,-1,-1
451,0,0,160
451,1,0,160
451,2,-1,-1
451,3,-1,-1
451,4,-1,-1
451,5,-1,-1
451,6,-1,-1
451,7,-1,-1
452,0,0,160
452,1,0,160
452,2,-1,-1
452,3,-1,-1
452,4,-1,-1
452,5,-1,-1
452,6,-1,-1
452,7,-1,-1
453,0,0,160
453,1,0,160
453,2,-1,-1
453,3,-1,-1
453,4,-1,-1
453,5,-1,-1
453,6,-1,-1
453,7,-1,-1
454,0,0,160
454,1,0,160
454,2,-1,-1
454,3,-1,-1
454,4,-1,-1
454,5,-1,-1
454,6,-1,-1
454,7,-1,-1
455,0,0,160
455,1,0,160
455,2,-1,-1
455,3,-1,-1
455,4,-1,-1
455,5,-1,-1
455,6,-1,-1
455,7,-1,-1
456,0,0,160
456,1,0,160
456,2,-1,-1
456,3,-1,-1
456,4,-1,-1
456,5,-1,-1
456,6,-1,-1
456,7,-1,-1
457,0,0,160
457,1,0,160
457,2,-1,-1
457,3,-1,-1
457,4,-1,-1
457,5,-1,-1
457,6,-1,-1
457,7,-1,-1
458,0,0,160
458,1,0,160
458,2,-1,-1
458,3,-1,-1
458,4,-1,-1
458,5,-1,-1
458,6,-1,-1
458,7,-1,-1
459,0,0,160
459,1,0,160
459,2,-1,-1
459,3,-1,-1
459,4,-1,-1
459,5,-1,-1
459,6,-1,-1
459,7,-1,-1
460,0,0,160
460,1,0,160
460,2,-1,-1
460,3,-1,-1
460,4,-1,-1
460,5,-1,-1
460,6,-1,-1
460,7,-1,-1
461,0,0,160
461,1,0,160
461,2,-1,-1
461,3,-1,-1
461,4,-1,-1
461,5,-1,-1
461,6,-1,-1
461,7,-1,-1
462,0,0,160
462,1,0,160
462,2,-1,-1
462,3,-1,-1
462,4,-1,-1
462,5,-1,-1
462,6,-1,-1
462,7,-1,-1
463,0,0,160
463,1,0,160
463,2,-1,-1
463,3,-1,-1
463,4,-1,-1
463,5,-1,-1
463,6,-1,-1
463,7,-1,-1
464,0,0,160
464,1,0,160
464,2,-1,-1
464,3,-1,-1
464,4,-1,-1
464,5,-1,-1
464,6,-1,-1
464,7,-1,-1
465,0,0,160
465,1,0,160
465,2,-1,-1
465,3,-1,-1
465,4,-1,-1
465,5,-1,-1
465,6,-1,-1
465,7,-1,-1
466,0,0,160
466,1,0,160
466,2,-1,-1
466,3,-1,-1
466,4,-1,-1
466,5,-1,-1
466,6,-1,-1
466,7,-1,-1
467,0,0,160
467,1,0,160
467,2,-1,-1
467,3,-1,-1
467,4,-1,-1
467,5,-1,-1
467,6,-1,-1
467,7,-1,-1
468,0,0,160
468,1,0,160
468,2,-1,-1
468,3,-1,-1
468,4,-1,-1
468,5,-1,-1
468,6,-1,-1
468,7,-1,-1
469,0,0,160
469,1,0,160
469,2,-1,-1
469,3,-1,-1
469,4,-1,-1
469,5,-1,-1
469,6,-1,-1
469,7,-1,-1
470,0,0,160
470,1,0,160
470,2,-1,-1
470,3,-1,-1
470,4,-1,-1
470,5,-1,-1
470,6,-1,-1
470,7,-1,-1
471,0,0,160
471,1,0,160
471,2,-1,-1
471,3,-1,-1
471,4,-1,-1
471,5,-1,-1
471,6,-1,-1
471,7,-1,-1
472,0,0,160
472,1,0,160
472,2,-1,-1
472,3,-1,-1
472,4,-1,-1
472,5,-1,-1
472,6,-1,-1
472,7,-1,-1
473,0,0,160
473,1,0,160
473,2,-1,-1
473,3,-1,-1
473,4,-1,-1
473,5,-1,-1
473,6,-1,-1
473,7,-1,-1
474,0,0,160
474,1,0,160
474,2,-1,-1
474,3,-1,-1
474,4,-1,-1
474,5,-1,-1
474,6,-1,-1
474,7,-1,-1
475,0,0,160
475,1,0,160
475,2,-1,-1
475,3,-1,-1
475,4,-1,-1
475,5,-1,-1
475,6,-1,-1
475,7,-1,-1
476,0,0,160
476,1,0,160
476,2,-1,-1
476,3,-1,-1
476,4,-1,-1
476,5,-1,-1
476,6,-1,-1
476,7,-1,-1
477,0,0,160
477,1,0,160
477,2,-1,-1
477,3,-1,-1
477,4,-1,-1
477,5,-1,-1
477,6,-1,-1
477,7,-1,-1
478,0,0,160
478,1,0,160
478,2,-1,-1
478,3,-1,-1
478,4,-1,-1
478,5,-1,-1
478,6,-1,-1
478,7,-1,-1
479,0,0,160
479,1,0,160
479,2,-1,-1
479,3,-1,-1
479,4,-1,-1
479,5,-1,-1
479,6,-1,-1
479,7,-1,-1
480,0,0,160
480,1,0,160
480,2,-1,-1
480,3,-1,-1
480,4,-1,-1
480,5,-1,-1
480,6,-1,-1
480,7,-1,-1
481,0,0,160
481,1,0,160
481,2,-1,-1
481,3,-1,-1
481,4,-1,-1
481,5,-1,-1
481,6,-1,-1
481,7,-1,-1
482,0,0,160
482,1,0,160
482,2,-1,-1
482,3,-1,-1
482,4,-1,-1
482,5,-1,-1
482,6,-1,-1
482,7,-1,-1
483,0,0,160
483,1,0,160
483,2,-1,-1
483,3,-1,-1
483,4,-1,-1
483,5,-1,-1
483,6,-1,-1
483,7,-1,-1
484,0,0,160
484,1,0,160
484,2,-1,-1
484,3,-1,-1
484,4,-1,-1
484,5,-1,-1
484,6,-1,-1
484,7,-1,-1
485,0,0,160
485,1,0,160
485,2,-1,-1
485,3,-1,-1
485,4,-1,-1
485,5,-1,-1
485,6,-1,-1
485,7,-1,-1
486,0,0,160
486,1,0,160
486,2,-1,-1
486,3,-1,-1
486,4,-1,-1
486,5,-1,-1
486,6,-1,-1
486,7,-1,-1
487,0,0,160
487,1,0,160
487,2,-1,-1
487,3,-1,-1
487,4,-1,-1
487,5,-1,-1
487,6,-1,-1
487,7,-1,-1
488,0,0,160
488,1,0,160
488,2,-1,-1
488,3,-1,-1
488,4,-1,-1
488,5,-1,-1
488,6,-1,-1
488,7,-1,-1
489,0,0,160
489,1,0,160
489,2,-1,-1
489,3,-1,-1
489,4,-1,-1
489,5,-1,-1
489,6,-1,-1
489,7,-1,-1
490,0,0,160
490,1,0,160
490,2,-1,-1
490,3,-1,-1
490,4,-1,-1
490,5,-1,-1
490,6,-1,-1
490,7,-1,-1
491,0,0,160
491,1,0,160
491,2,-1,-1
491,3,-1,-1
491,4,-1,-1
491,5,-1,-1
491,6,-1,-1
491,7,-1,-1
492,0,0,160
492,1,0,160
492,2,-1,-1
492,3,-1,-1
492,4,-1,-1
492,5,-1,-1
492,6,-1,-1
492,7,-1,-1
493,0,0,160
493,1,0,160
493,2,-1,-1
493,3,-1,-1
493,4,-1,-1
493,5,-1,-1
493,6,-1,-1
493,7,-1,-1
494,0,0,160
494,1,0,160
494,2,-1,-1
494,3,-1,-1
494,4,-1,-1
494,5,-1,-1
494,6,-1,-1
494,7,-1,-1
495,0,0,160
495,1,0,160
495,2,-1,-1
495,3,-1,-1
495,4,-1,-1
495,5,-1,-1
495,6,-1,-1
495,7,-1,-1
496,0,0,160
496,1,0,160
496,2,-1,-1
496,3,-1,-1
496,4,-1,-1
496,5,-1,-1
496,6,-1,-1
496,7,-1,-1
497,0,0,160
497,1,0,160
497,2,-1,-1
497,3,-1,-1
497,4,-1,-1
497,5,-1,-1
497,6,-1,-1
497,7,-1,-1
498,0,0,160
498,1,0,160
498,2,-1,-1
498,3,-1,-1
498,4,-1,-1
498,5,-1,-1
498,6,-1,-1
498,7,-1,-1
499,0,0,160
499,1,0,160
499,2,-1,-1
499,3,-1,-1
499,4,-1,-1
499,5,-1,-1
499,6,-1,-1
499,7,-1,-1
500,0,0,160
500,1,0,160
500,2,-1,-1
500,3,-1,-1
500,4,-1,-1
500,5,-1,-1
500,6,-1,-1
500,7,-1,-1
501,0,0,160
501,1,0,160
501,2,-1,-1
501,3,-1,-1
501,4,-1,-1
501,5,-1,-1
501,6,-1,-1
501,7,-1,-1
502,0,0,160
502,1,0,160
502,2,-1,-1
502,3,-1,-1
502,4,-1,-1
502,5,-1,-1
502,6,-1,-1
502,7,-1,-1
503,0,0,160
503,1,0,160
503,2,-1,-1
503,3,-1,-1
503,4,-1,-1
503,5,-1,-1
503,6,-1,-1
503,7,-1,-1
504,0,0,160
504,1,0,160
504,2,-1,-1
504,3,-1,-1
504,4,-1,-1
504,5,-1,-1
504,6,-1,-1
504,7,-1,-1
505,0,0,160
505,1,0,160
505,2,-1,-1
505,3,-1,-1
505,4,-1,-1
505,5,-1,-1
505,6,-1,-1
505,7,-1,-1
506,0,0,160
506,1,0,160
506,2,-1,-1
506,3,-1,-1
506,4,-1,-1
506,5,-1,-1
506,6,-1,-1
506,7,-1,-1
507,0,0,160
507,1,0,160
507,2,-1,-1
507,3,-1,-1
507,4,-1,-1
507,5,-1,-1
507,6,-1,-1
507,7,-1,-1
508,0,0,160
508,1,0,160
508,2,-1,-1
508,3,-1,-1
508,4,-1,-1
508,5,-1,-1
508,6,-1,-1
508,7,-1,-1
509,0,0,160
509,1,0,160
509,2,-1,-1
509,3,-1,-1
509,4,-1,-1
509,5,-1,-1
509,6,-1,-1
509,7,-1,-1
510,0,0,160
510,1,0,160
510,2,-1,-1
510,3,-1,-1
510,4,-1,-1
510,5,-1,-1
510,6,-1,-1
510,7,-1,-1
511,0,0,160
511,1,0,160
511,2,-1,-1
511,3,-1,-1
511,4,-1,-1
511,5,-1,-1
511,6,-1,-1
511,7,-1,-1
512,0,0,160
512,1,0,160
512,2,-1,-1
512,3,-1,-1
512,4,-1,-1
512,5,-1,-1
512,6,-1,-1
512,7,-1,-1
513,0,0,160
513,1,0,160
513,2,-1,-1
513,3,-1,-1
513,4,-1,-1
513,5,-1,-1
513,6,-1,-1
513,7,-1,-1
514,0,0,160
514,1,0,160
514,2,-1,-1
514,3,-1,-1
514,4,-1,-1
514,5,-1,-1
514,6,-1,-1
514,7,-1,-1
515,0,0,160
515,1,0,160
515,2,-1,-1
515,3,-1,-1
515,4,-1,-1
515,5,-1,-1
515,6,-1,-1
515,7,-1,-1
516,0,0,160
516,1,0,160
516,2,-1,-1
516,3,-1,-1
516,4,-1,-1
516,5,-1,-1
516,6,-1,-1
516,7,-1,-1
517,0,0,160
517,1,0,160
517,2,-1,-1
517,3,-1,-1
517,4,-1,-1
517,5,-1,-1
517,6,-1,-1
517,7,-1,-1
518,0,0,160
518,1,0,160
518,2,-1,-1
518,3,-1,-1
518,4,-1,-1
518,5,-1,-1
518,6,-1,-1
518,7,-1,-1
519,0,0,160
519,1,0,160
519,2,-1,-1
519,3,-1,-1
519,4,-1,-1
519,5,-1,-1
519,6,-1,-1
519,7,-1,-1
520,0,0,160
520,1,0,160
520,2,-1,-1
520,3,-1,-1
520,4,-1,-1
520,5,-1,-1
520,6,-1,-1
520,7,-1,-1
521,0,0,160
521,1,0,160
521,2,-1,-1
521,3,-1,-1
521,4,-1,-1
521,5,-1,-1
521,6,-1,-1
521,7,-1,-1
522,0,0,160
522,1,0,160
522,2,-1,-1
522,3,-1,-1
522,4,-1,-1
522,5,-1,-1
522,6,-1,-1
522,7,-1,-1
523,0,0,160
523,1,0,160
523,2,-1,-1
523,3,-1,-1
523,4,-1,-1
523,5,-1,-1
523,6,-1,-1
523,7,-1,-1
524,0,0,160
524,1,0,160
524,2,-1,-1
524,3,-1,-1
524,4,-1,-1
524,5,-1,-1
524,6,-1,-1
524,7,-1,-1
525,0,0,160
525,1,0,160
525,2,-1,-1
525,3,-1,-1
525,4,-1,-1
525,5,-1,-1
525,6,-1,-1
525,7,-1,-1
526,0,0,160
526,1,0,160
526,2,-1,-1
526,3,-1,-1
526,4,-1,-1
526,5,-1,-1
526,6,-1,-1
526,7,-1,-1
527,0,0,160
527,1,0,160
527,2,-1,-1
527,3,-1,-1
527,4,-1,-1
527,5,-1,-1
527,6,-1,-1
527,7,-1,-1
528,0,0,160
528,1,0,160
528,2,-1,-1
528,3,-1,-1
528,4,-1,-1
528,5,-1,-1
528,6,-1,-1
528,7,-1,-1
529,0,0,160
529,1,0,160
529,2,-1,-1
529,3,-1,-1
529,4,-1,-1
529,5,-1,-1
529,6,-1,-1
529,7,-1,-1
530,0,0,160
530,1,0,160
530,2,-1,-1
530,3,-1,-1
530,4,-1,-1
530,5,-1,-1
530,6,-1,-1
530,7,-1,-1
531,0,0,160
531,1,0,160
531,2,-1,-1
531,3,-1,-1
531,4,-1,-1
531,5,-1,-1
531,6,-1,-1
531,7,-1,-1
532,0,0,160
532,1,0,160
532,2,-1,-1
532,3,-1,-1
532,4,-1,-1
532,5,-1,-1
532,6,-1,-1
532,7,-1,-1
533,0,0,160
533,1,0,160
533,2,-1,-1
533,3,-1,-1
533,4,-1,-1
533,5,-1,-1
533,6,-1,-1
533,7,-1,-1
534,0,0,160
534,1,0,160
534,2,-1,-1
534,3,-1,-1
534,4,-1,-1
534,5,-1,-1
534,6,-1,-1
534,7,-1,-1
535,0,0,160
535,1,0,160
535,2,-1,-1
535,3,-1,-1
535,4,-1,-1
535,5,-1,-1
535,6,-1,-1
535,7,-1,-1
536,0,0,160
536,1,0,160
536,2,-1,-1
536,3,-1,-1
536,4,-1,-1
536,5,-1,-1
536,6,-1,-1
536,7,-1,-1
537,0,0,160
537,1,0,160
537,2,-1,-1
537,3,-1,-1
537,4,-1,-1
537,5,-1,-1
537,6,-1,-1
537,7,-1,-1
538,0,0,160
538,1,0,160
538,2,-1,-1
538,3,-1,-1
538,4,-1,-1
538,5,-1,-1
538,6,-1,-1
538,7,-1,-1
539,0,0,160
539,1,0,160
539,2,-1,-1
539,3,-1,-1
539,4,-1,-1
539,5,-1,-1
539,6,-1,-1
539,7,-1,-1
540,0,0,160
540,1,0,160
540,2,-1,-1
540,3,-1,-1
540,4,-1,-1
540,5,-1,-1
540,6,-1,-1
540,7,-1,-1
541,0,0,160
541,1,0,160
541,2,-1,-1
541,3,-1,-1
541,4,-1,-1
541,5,-1,-1
541,6,-1,-1
541,7,-1,-1
542,0,0,160
542,1,0,160
542,2,-1,-1
542,3,-1,-1
542,4,-1,-1
542,5,-1,-1
542,6,-1,-1
542,7,-1,-1
543,0,0,160
543,1,0,160
543,2,-1,-1
543,3,-1,-1
543,4,-1,-1
543,5,-1,-1
543,6,-1,-1
543,7,-1,-1
544,0,0,160
544,1,0,160
544,2,-1,-1
544,3,-1,-1
544,4,-1,-1
544,5,-1,-1
544,6,-1,-1
544,7,-1,-1
545,0,0,160
545,1,0,160
545,2,-1,-1
545,3,-1,-1
545,4,-1,-1
545,5,-1,-1
545,6,-1,-1
545,7,-1,-1
546,0,0,160
546,1,0,160
546,2,-1,-1
546,3,-1,-1
546,4,-1,-1
546,5,-1,-1
546,6,-1,-1
546,7,-1,-1
547,0,0,160
547,1,0,160
547,2,-1,-1
547,3,-1,-1
547,4,-1,-1
547,5,-1,-1
547,6,-1,-1
547,7,-1,-1
548,0,0,160
548,1,0,160
548,2,-1,-1
548,3,-1,-1
548,4,-1,-1
548,5,-1,-1
548,6,-1,-1
548,7,-1,-1
549,0,0,160
549,1,0,160
549,2,-1,-1
549,3,-1,-1
549,4,-1,-1
549,5,-1,-1
549,6,-1,-1
549,7,-1,-1
550,0,0,160
550,1,0,160
550,2,-1,-1
550,3,-1,-1
550,4,-1,-1
550,5,-1,-1
550,6,-1,-1
550,7,-1,-1
551,0,0,160
551,1,0,160
551,2,-1,-1
551,3,-1,-1
551,4,-1,-1
551,5,-1,-1
551,6,-1,-1
551,7,-1,-1
552,0,0,160
552,1,0,160
552,2,-1,-1
552,3,-1,-1
552,4,-1,-1
552,5,-1,-1
552,6,-1,-1
552,7,-1,-1
553,0,0,160
553,1,0,160
553,2,-1,-1
553,3,-1,-1
553,4,-1,-1
553,5,-1,-1
553,6,-1,-1
553,7,-1,-1
554,0,0,160
554,1,0,160
554,2,-1,-1
554,3,-1,-1
554,4,-1,-1
554,5,-1,-1
554,6,-1,-1
554,7,-1,-1
555,0,0,160
555,1,0,160
555,2,-1,-1
555,3,-1,-1
555,4,-1,-1
555,5,-1,-1
555,6,-1,-1
555,7,-1,-1
556,0,0,160
556,1,0,160
556,2,-1,-1
556,3,-1,-1
556,4,-1,-1
556,5,-1,-1
556,6,-1,-1
556,7,-1,-1
557,0,0,160
557,1,0,160
557,2,-1,-1
557,3,-1,-1
557,4,-1,-1
557,5,-1,-1
557,6,-1,-1
557,7,-1,-1
558,0,0,160
558,1,0,160
558,2,-1,-1
558,3,-1,-1
558,4,-1,-1
558,5,-1,-1
558,6,-1,-1
558,7,-1,-1
559,0,0,160
559,1,0,160
559,2,-1,-1
559,3,-1,-1
559,4,-1,-1
559,5,-1,-1
559,6,-1,-1
559,7,-1,-1
560,0,0,160
560,1,0,160
560,2,-1,-1
560,3,-1,-1
560,4,-1,-1
560,5,-1,-1
560,6,-1,-1
560,7,-1,-1
561,0,0,160
561,1,0,160
561,2,-1,-1
561,3,-1,-1
561,4,-1,-1
561,5,-1,-1
561,6,-1,-1
561,7,-1,-1
562,0,0,160
562,1,0,160
562,2,-1,-1
562,3,-1,-1
562,4,-1,-1
562,5,-1,-1
562,6,-1,-1
562,7,-1,-1
563,0,0,160
563,1,0,160
563,2,-1,-1
563,3,-1,-1
563,4,-1,-1
563,5,-1,-1
563,6,-1,-1
563,7,-1,-1
564,0,0,160
564,1,0,160
564,2,-1,-1
564,3,-1,-1
564,4,-1,-1
564,5,-1,-1
564,6,-1,-1
564,7,-1,-1
565,0,0,160
565,1,0,160
565,2,-1,-1
565,3,-1,-1
565,4,-1,-1
565,5,-1,-1
565,6,-1,-1
565,7,-1,-1
566,0,0,160
566,1,0,160
566,2,-1,-1
566,3,-1,-1
566,4,-1,-1
566,5,-1,-1
566,6,-1,-1
566,7,-1,-1
567,0,0,160
567,1,0,160
567,2,-1,-1
567,3,-1,-1
567,4,-1,-1
567,5,-1,-1
567,6,-1,-1
567,7,-1,-1
568,0,0,160
568,1,0,160
568,2,-1,-1
568,3,-1,-1
568,4,-1,-1
568,5,-1,-1
568,6,-1,-1
568,7,-1,-1
569,0,0,160
569,1,0,160
569,2,-1,-1
569,3,-1,-1
569,4,-1,-1
569,5,-1,-1
569,6,-1,-1
569,7,-1,-1
570,0,0,160
570,1,0,160
570,2,-1,-1
570,3,-1,-1
570,4,-1,-1
570,5,-1,-1
570,6,-1,-1
570,7,-1,-1
571,0,0,160
571,1,0,160
571,2,-1,-1
571,3,-1,-1
571,4,-1,-1
571,5,-1,-1
571,6,-1,-1
571,7,-1,-1
572,0,0,160
572,1,0,160
572,2,-1,-1
572,3,-1,-1
572,4,-1,-1
572,5,-1,-1
572,6,-1,-1
572,7,-1,-1
573,0,0,160
573,1,0,160
573,2,-1,-1
573,3,-1,-1
573,4,-1,-1
573,5,-1,-1
573,6,-1,-1
573,7,-1,-1
574,0,0,160
574,1,0,160
574,2,-1,-1
574,3,-1,-1
574,4,-1,-1
574,5,-1,-1
574,6,-1,-1
574,7,-1,-1
575,0,0,160
575,1,0,160
575,2,-1,-1
575,3,-1,-1
575,4,-1,-1
575,5,-1,-1
575,6,-1,-1
575,7,-1,-1
576,0,0,160
576,1,0,160
576,2,-1,-1
576,3,-1,-1
576,4,-1,-1
576,5,-1,-1
576,6,-1,-1
576,7,-1,-1
577,0,0,160
577,1,0,160
577,2,-1,-1
577,3,-1,-1
577,4,-1,-1
577,5,-1,-1
577,6,-1,-1
577,7,-1,-1
578,0,0,160
578,1,0,160
578,2,-1,-1
578,3,-1,-1
578,4,-1,-1
578,5,-1,-1
578,6,-1,-1
578,7,-1,-1
579,0,0,160
579,1,0,160
579,2,-1,-1
579,3,-1,-1
579,4,-1,-1
579,5,-1,-1
579,6,-1,-1
579,7,-1,-1
580,0,0,160
580,1,0,160
580,2,-1,-1
580,3,-1,-1
580,4,-1,-1
580,5,-1,-1
580,6,-1,-1
580,7,-1,-1
581,0,0,160
581,1,0,160
581,2,-1,-1
581,3,-1,-1
581,4,-1,-1
581,5,-1,-1
581,6,-1,-1
581,7,-1,-1
582,0,0,160
582,1,0,160
582,2,-1,-1
582,3,-1,-1
582,4,-1,-1
582,5,-1,-1
582,6,-1,-1
582,7,-1,-1
583,0,0,160
583,1,0,160
583,2,-1,-1
583,3,-1,-1
583,4,-1,-1
583,5,-1,-1
583,6,-1,-1
583,7,-1,-1
584,0,0,160
584,1,0,160
584,2,-1,-1
584,3,-1,-1
584,4,-1,-1
584,5,-1,-1
584,6,-1,-1
584,7,-1,-1
585,0,0,160
585,1,0,160
585,2,-1,-1
585,3,-1,-1
585,4,-1,-1
585,5,-1,-1
585,6,-1,-1
585,7,-1,-1
586,0,0,160
586,1,0,160
586,2,-1,-1
586,3,-1,-1
586,4,-1,-1
586,5,-1,-1
586,6,-1,-1
586,7,-1,-1
587,0,0,160
587,1,0,160
587,2,-1,-1
587,3,-1,-1
587,4,-1,-1
587,5,-1,-1
587,6,-1,-1
587,7,-1,-1
588,0,0,160
588,1,0,160
588,2,-1,-1
588,3,-1,-1
588,4,-1,-1
588,5,-1,-1
588,6,-1,-1
588,7,-1,-1
589,0,0,160
589,1,0,160
589,2,-1,-1
589,3,-1,-1
589,4,-1,-1
589,5,-1,-1
589,6,-1,-1
589,7,-1,-1
590,0,0,160
590,1,0,160
590,2,-1,-1
590,3,-1,-1
590,4,-1,-1
590,5,-1,-1
590,6,-1,-1
590,7,-1,-1
591,0,0,160
591,1,0,160
591,2,-1,-1
591,3,-1,-1
591,4,-1,-1
591,5,-1,-1
591,6,-1,-1
591,7,-1,-1
592,0,0,160
592,1,0,160
592,2,-1,-1
592,3,-1,-1
592,4,-1,-1
592,5,-1,-1
592,6,-1,-1
592,7,-1,-1
593,0,0,160
593,1,0,160
593,2,-1,-1
593,3,-1,-1
593,4,-1,-1
593,5,-1,-1
593,6,-1,-1
593,7,-1,-1
594,0,0,160
594,1,0,160
594,2,-1,-1
594,3,-1,-1
594,4,-1,-1
594,5,-1,-1
594,6,-1,-1
594,7,-1,-1
595,0,0,160
595,1,0,160
595,2,-1,-1
595,3,-1,-1
595,4,-1,-1
595,5,-1,-1
595,6,-1,-1
595,7,-1,-1
596,0,0,160
596,1,0,160
596,2,-1,-1
596,3,-1,-1
596,4,-1,-1
596,5,-1,-1
596,6,-1,-1
596,7,-1,-1
597,0,0,160
597,1,0,160
597,2,-1,-1
597,3,-1,-1
597,4,-1,-1
597,5,-1,-1
597,6,-1,-1
597,7,-1,-1
598,0,0,160
598,1,0,160
598,2,-1,-1
598,3,-1,-1
598,4,-1,-1
598,5,-1,-1
598,6,-1,-1
598,7,-1,-1
599,0,0,160
599,1,0,160
599,2,-1,-1
599,3,-1,-1
599,4,-1,-1
599,5,-1,-1
599,6,-1,-1
599,7,-1,-1
600,0,0,160
600,1,0,160
600,2,-1,-1
600,3,-1,-1
600,4,-1,-1
600,5,-1,-1
600,6,-1,-1
600,7,-1,-1
601,0,0,160
601,1,0,160
601,2,-1,-1
601,3,-1,-1
601,4,-1,-1
601,5,-1,-1
601,6,-1,-1
601,7,-1,-1
602,0,0,160
602,1,0,160
602,2,-1,-1
602,3,-1,-1
602,4,-1,-1
602,5,-1,-1
602,6,-1,-1
602,7,-1,-1
603,0,0,160
603,1,0,160
603,2,-1,-1
603,3,-1,-1
603,4,-1,-1
603,5,-1,-1
603,6,-1,-1
603,7,-1,-1
604,0,0,160
604,1,0,160
604,2,-1,-1
604,3,-1,-1
604,4,-1,-1
604,5,-1,-1
604,6,-1,-1
604,7,-1,-1
605,0,0,160
605,1,0,160
605,2,-1,-1
605,3,-1,-1
605,4,-1,-1
605,5,-1,-1
605,6,-1,-1
605,7,-1,-1
606,0,0,160
606,1,0,160
606,2,-1,-1
606,3,-1,-1
606,4,-1,-1
606,5,-1,-1
606,6,-1,-1
606,7,-1,-1
607,0,0,160
607,1,0,160
607,2,-1,-1
607,3,-1,-1
607,4,-1,-1
607,5,-1,-1
607,6,-1,-1
607,7,-1,-1
608,0,0,160
608,1,0,160
608,2,-1,-1
608,3,-1,-1
608,4,-1,-1
608,5,-1,-1
608,6,-1,-1
608,7,-1,-1
609,0,0,160
609,1,0,160
609,2,-1,-1
609,3,-1,-1
609,4,-1,-1
609,5,-1,-1
609,6,-1,-1
609,7,-1,-1
610,0,0,160
610,1,0,160
610,2,-1,-1
610,3,-1,-1
610,4,-1,-1
610,5,-1,-1
610,6,-1,-1
610,7,-1,-1
611,0,0,160
611,1,0,160
611,2,-1,-1
611,3,-1,-1
611,4,-1,-1
611,5,-1,-1
611,6,-1,-1
611,7,-1,-1
612,0,0,160
612,1,0,160
612,2,-1,-1
612,3,-1,-1
612,4,-1,-1
612,5,-1,-1
612,6,-1,-1
612,7,-1,-1
613,0,0,160
613,1,0,160
613,2,-1,-1
613,3,-1,-1
613,4,-1,-1
613,5,-1,-1
613,6,-1,-1
613,7,-1,-1
614,0,0,160
614,1,0,160
614,2,-1,-1
614,3,-1,-1
614,4,-1,-1
614,5,-1,-1
614,6,-1,-1
614,7,-1,-1
615,0,0,160
615,1,0,160
615,2,-1,-1
615,3,-1,-1
615,4,-1,-1
615,5,-1,-1
615,6,-1,-1
615,7,-1,-1
616,0,0,160
616,1,0,160
616,2,-1,-1
616,3,-1,-1
616,4,-1,-1
616,5,-1,-1
616,6,-1,-1
616,7,-1,-1
617,0,0,160
617,1,0,160
617,2,-1,-1
617,3,-1,-1
617,4,-1,-1
617,5,-1,-1
617,6,-1,-1
617,7,-1,-1
618,0,0,160
618,1,0,160
618,2,-1,-1
618,3,-1,-1
618,4,-1,-1
618,5,-1,-1
618,6,-1,-1
618,7,-1,-1
619,0,0,160
619,1,0,160
619,2,-1,-1
619,3,-1,-1
619,4,-1,-1
619,5,-1,-1
619,6,-1,-1
619,7,-1,-1
620,0,0,160
620,1,0,160
620,2,-1,-1
620,3,-1,-1
620,4,-1,-1
620,5,-1,-1
620,6,-1,-1
620,7,-1,-1
621,0,0,160
621,1,0,160
621,2,-1,-1
621,3,-1,-1
621,4,-1,-1
621,5,-1,-1
621,6,-1,-1
621,7,-1,-1
622,0,0,160
622,1,0,160
622,2,-1,-1
622,3,-1,-1
622,4,-1,-1
622,5,-1,-1
622,6,-1,-1
622,7,-1,-1
623,0,0,160
623,1,0,160
623,2,-1,-1
623,3,-1,-1
623,4,-1,-1
623,5,-1,-1
623,6,-1,-1
623,7,-1,-1
624,0,0,160
624,1,0,160
624,2,-1,-1
624,3,-1,-1
624,4,-1,-1
624,5,-1,-1
624,6,-1,-1
624,7,-1,-1
625,0,0,160
625,1,0,160
625,2,-1,-1
625,3,-1,-1
625,4,-1,-1
625,5,-1,-1
625,6,-1,-1
625,7,-1,-1
626,0,0,160
626,1,0,160
626,2,-1,-1
626,3,-1,-1
626,4,-1,-1
626,5,-1,-1
626,6,-1,-1
626,7,-1,-1
627,0,0,160
627,1,0,160
627,2,-1,-1
627,3,-1,-1
627,4,-1,-1
627,5,-1,-1
627,6,-1,-1
627,7,-1,-1
628,0,0,160
628,1,0,160
628,2,-1,-1
628,3,-1,-1
628,4,-1,-1
628,5,-1,-1
628,6,-1,-1
628,7,-1,-1
629,0,0,160
629,1,0,160
629,2,-1,-1
629,3,-1,-1
629,4,-1,-1
629,5,-1,-1
629,6,-1,-1
629,7,-1,-1
630,0,0,160
630,1,0,160
630,2,-1,-1
630,3,-1,-1
630,4,-1,-1
630,5,-1,-1
630,6,-1,-1
630,7,-1,-1
631,0,0,160
631,1,0,160
631,2,-1,-1
631,3,-1,-1
631,4,-1,-1
631,5,-1,-1
631,6,-1,-1
631,7,-1,-1
632,0,0,160
632,1,0,160
632,2,-1,-1
632,3,-1,-1
632,4,-1,-1
632,5,-1,-1
632,6,-1,-1
632,7,-1,-1
633,0,0,160
633,1,0,160
633,2,-1,-1
633,3,-1,-1
633,4,-1,-1
633,5,-1,-1
633,6,-1,-1
633,7,-1,-1
634,0,0,160
634,1,0,160
634,2,-1,-1
634,3,-1,-1
634,4,-1,-1
634,5,-1,-1
634,6,-1,-1
634,7,-1,-1
635,0,0,160
635,1,0,160
635,2,-1,-1
635,3,-1,-1
635,4,-1,-1
635,5,-1,-1
635,6,-1,-1
635,7,-1,-1
636,0,0,160
636,1,0,160
636,2,-1,-1
636,3,-1,-1
636,4,-1,-1
636,5,-1,-1
636,6,-1,-1
636,7,-1,-1
637,0,0,160
637,1,0,160
637,2,-1,-1
637,3,-1,-1
637,4,-1,-1
637,5,-1,-1
637,6,-1,-1
637,7,-1,-1
638,0,0,160
638,1,0,160
638,2,-1,-1
638,3,-1,-1
638,4,-1,-1
638,5,-1,-1
638,6,-1,-1
638,7,-1,-1
639,0,0,160
639,1,0,160
639,2,-1,-1
639,3,-1,-1
639,4,-1,-1
639,5,-1,-1
639,6,-1,-1
639,7,-1,-1
640,0,0,160
640,1,0,160
640,2,-1,-1
640,3,-1,-1
640,4,-1,-1
640,5,-1,-1
640,6,-1,-1
640,7,-1,-1
641,0,0,160
641,1,0,160
641,2,-1,-1
641,3,-1,-1
641,4,-1,-1
641,5,-1,-1
641,6,-1,-1
641,7,-1,-1
642,0,0,160
642,1,0,160
642,2,-1,-1
642,3,-1,-1
642,4,-1,-1
642,5,-1,-1
642,6,-1,-1
642,7,-1,-1
643,0,0,160
643,1,0,160
643,2,-1,-1
643,3,-1,-1
643,4,-1,-1
643,5,-1,-1
643,6,-1,-1
643,7,-1,-1
644,0,0,160
644,1,0,160
644,2,-1,-1
644,3,-1,-1
644,4,-1,-1
644,5,-1,-1
644,6,-1,-1
644,7,-1,-1
645,0,0,160
645,1,0,160
645,2,-1,-1
645,3,-1,-1
645,4,-1,-1
645,5,-1,-1
645,6,-1,-1
645,7,-1,-1
646,0,0,160
646,1,0,160
646,2,-1,-1
646,3,-1,-1
646,4,-1,-1
646,5,-1,-1
646,6,-1,-1
646,7,-1,-1
647,0,0,160
647,1,0,160
647,2,-1,-1
647,3,-1,-1
647,4,-1,-1
647,5,-1,-1
647,6,-1,-1
647,7,-1,-1
648,0,0,160
648,1,0,160
648,2,-1,-1
648,3,-1,-1
648,4,-1,-1
648,5,-1,-1
648,6,-1,-1
648,7,-1,-1
649,0,0,160
649,1,0,160
649,2,-1,-1
649,3,-1,-1
649,4,-1,-1
649,5,-1,-1
649,6,-1,-1
649,7,-1,-1
650,0,0,160
650,1,0,160
650,2,-1,-1
650,3,-1,-1
650,4,-1,-1
650,5,-1,-1
650,6,-1,-1
650,7,-1,-1
651,0,0,160
651,1,0,160
651,2,-1,-1
651,3,-1,-1
651,4,-1,-1
651,5,-1,-1
651,6,-1,-1
651,7,-1,-1
652,0,0,160
652,1,0,160
652,2,-1,-1
652,3,-1,-1
652,4,-1,-1
652,5,-1,-1
652,6,-1,-1
652,7,-1,-1
653,0,0,160
653,1,0,160
653,2,-1,-1
653,3,-1,-1
653,4,-1,-1
653,5,-1,-1
653,6,-1,-1
653,7,-1,-1
654,0,0,160
654,1,0,160
654,2,-1,-1
654,3,-1,-1
654,4,-1,-1
654,5,-1,-1
654,6,-1,-1
654,7,-1,-1
655,0,0,160
655,1,0,160
655,2,-1,-1
655,3,-1,-1
655,4,-1,-1
655,5,-1,-1
655,6,-1,-1
655,7,-1,-1
656,0,0,160
656,1,0,160
656,2,-1,-1
656,3,-1,-1
656,4,-1,-1
656,5,-1,-1
656,6,-1,-1
656,7,-1,-1
657,0,0,160
657,1,0,160
657,2,-1,-1
657,3,-1,-1
657,4,-1,-1
657,5,-1,-1
657,6,-1,-1
657,7,-1,-1
658,0,0,160
658,1,0,160
658,2,-1,-1
658,3,-1,-1
658,4,-1,-1
658,5,-1,-1
658,6,-1,-1
658,7,-1,-1
659,0,0,160
659,1,0,160
659,2,-1,-1
659,3,-1,-1
659,4,-1,-1
659,5,-1,-1
659,6,-1,-1
659,7,-1,-1
660,0,0,160
660,1,0,160
660,2,-1,-1
660,3,-1,-1
660,4,-1,-1
660,5,-1,-1
660,6,-1,-1
660,7,-1,-1
661,0,0,160
661,1,0,160
661,2,-1,-1
661,3,-1,-1
661,4,-1,-1
661,5,-1,-1
661,6,-1,-1
661,7,-1,-1
662,0,0,160
662,1,0,160
662,2,-1,-1
662,3,-1,-1
662,4,-1,-1
662,5,-1,-1
662,6,-1,-1
662,7,-1,-1
663,0,0,160
663,1,0,160
663,2,-1,-1
663,3,-1,-1
663,4,-1,-1
663,5,-1,-1
663,6,-1,-1
663,7,-1,-1
664,0,0,160
664,1,0,160
664,2,-1,-1
664,3,-1,-1
664,4,-1,-1
664,5,-1,-1
664,6,-1,-1
664,7,-1,-1
665,0,0,160
665,1,0,160
665,2,-1,-1
665,3,-1,-1
665,4,-1,-1
665,5,-1,-1
665,6,-1,-1
665,7,-1,-1
666,0,0,160
666,1,0,160
666,2,-1,-1
666,3,-1,-1
666,4,-1,-1
666,5,-1,-1
666,6,-1,-1
666,7,-1,-1
667,0,0,160
667,1,0,160
667,2,-1,-1
667,3,-1,-1
667,4,-1,-1
667,5,-1,-1
667,6,-1,-1
667,7,-1,-1
668,0,0,160
668,1,0,160
668,2,-1,-1
668,3,-1,-1
668,4,-1,-1
668,5,-1,-1
668,6,-1,-1
668,7,-1,-1
669,0,0,160
669,1,0,160
669,2,-1,-1
669,3,-1,-1
669,4,-1,-1
669,5,-1,-1
669,6,-1,-1
669,7,-1,-1
670,0,0,160
670,1,0,160
670,2,-1,-1
670,3,-1,-1
670,4,-1,-1
670,5,-1,-1
670,6,-1,-1
670,7,-1,-1
671,0,0,160
671,1,0,160
671,2,-1,-1
671,3,-1,-1
671,4,-1,-1
671,5,-1,-1
671,6,-1,-1
671,7,-1,-1
672,0,0,160
672,1,0,160
672,2,-1,-1
672,3,-1,-1
672,4,-1,-1
672,5,-1,-1
672,6,-1,-1
672,7,-1,-1
673,0,0,160
673,1,0,160
673,2,-1,-1
673,3,-1,-1
673,4,-1,-1
673,5,-1,-1
673,6,-1,-1
673,7,-1,-1
674,0,0,160
674,1,0,160
674,2,-1,-1
674,3,-1,-1
674,4,-1,-1
674,5,-1,-1
674,6,-1,-1
674,7,-1,-1
675,0,0,160
675,1,0,160
675,2,-1,-1
675,3,-1,-1
675,4,-1,-1
675,5,-1,-1
675,6,-1,-1
675,7,-1,-1
676,0,0,160
676,1,0,160
676,2,-1,-1
676,3,-1,-1
676,4,-1,-1
676,5,-1,-1
676,6,-1,-1
676,7,-1,-1
677,0,0,160
677,1,0,160
677,2,-1,-1
677,3,-1,-1
677,4,-1,-1
677,5,-1,-1
677,6,-1,-1
677,7,-1,-1
678,0,0,160
678,1,0,160
678,2,-1,-1
678,3,-1,-1
678,4,-1,-1
678,5,-1,-1
678,6,-1,-1
678,7,-1,-1
679,0,0,160
679,1,0,160
679,2,-1,-1
679,3,-1,-1
679,4,-1,-1
679,5,-1,-1
679,6,-1,-1
679,7,-1,-1
680,0,0,160
680,1,0,160
680,2,-1,-1
680,3,-1,-1
680,4,-1,-1
680,5,-1,-1
680,6,-1,-1
680,7,-1,-1
681,0,0,160
681,1,0,160
681,2,-1,-1
681,3,-1,-1
681,4,-1,-1
681,5,-1,-1
681,6,-1,-1
681,7,-1,-1
682,0,0,160
682,1,0,160
682,2,-1,-1
682,3,-1,-1
682,4,-1,-1
682,5,-1,-1
682,6,-1,-1
682,7,-1,-1
683,0,0,160
683,1,0,160
683,2,-1,-1
683,3,-1,-1
683,4,-1,-1
683,5,-1,-1
683,6,-1,-1
683,7,-1,-1
684,0,0,160
684,1,0,160
684,2,-1,-1
684,3,-1,-1
684,4,-1,-1
684,5,-1,-1
684,6,-1,-1
684,7,-1,-1
685,0,0,160
685,1,0,160
685,2,-1,-1
685,3,-1,-1
685,4,-1,-1
685,5,-1,-1
685,6,-1,-1
685,7,-1,-1
686,0,0,160
686,1,0,160
686,2,-1,-1
686,3,-1,-1
686,4,-1,-1
686,5,-1,-1
686,6,-1,-1
686,7,-1,-1
687,0,0,160
687,1,0,160
687,2,-1,-1
687,3,-1,-1
687,4,-1,-1
687,5,-1,-1
687,6,-1,-1
687,7,-1,-1
688,0,0,160
688,1,0,160
688,2,-1,-1
688,3,-1,-1
688,4,-1,-1
688,5,-1,-1
688,6,-1,-1
688,7,-1,-1
689,0,0,160
689,1,0,160
689,2,-1,-1
689,3,-1,-1
689,4,-1,-1
689,5,-1,-1
689,6,-1,-1
689,7,-1,-1
690,0,0,160
690,1,0,160
690,2,-1,-1
690,3,-1,-1
690,4,-1,-1
690,5,-1,-1
690,6,-1,-1
690,7,-1,-1
691,0,0,160
691,1,0,160
691,2,-1,-1
691,3,-1,-1
691,4,-1,-1
691,5,-1,-1
691,6,-1,-1
691,7,-1,-1
692,0,0,160
692,1,0,160
692,2,-1,-1
692,3,-1,-1
692,4,-1,-1
692,5,-1,-1
692,6,-1,-1
692,7,-1,-1
693,0,0,160
693,1,0,160
693,2,-1,-1
693,3,-1,-1
693,4,-1,-1
693,5,-1,-1
693,6,-1,-1
693,7,-1,-1
694,0,0,160
694,1,0,160
694,2,-1,-1
694,3,-1,-1
694,4,-1,-1
694,5,-1,-1
694,6,-1,-1
694,7,-1,-1
695,0,0,160
695,1,0,160
695,2,-1,-1
695,3,-1,-1
695,4,-1,-1
695,5,-1,-1
695,6,-1,-1
695,7,-1,-1
696,0,0,160
696,1,0,160
696,2,-1,-1
696,3,-1,-1
696,4,-1,-1
696,5,-1,-1
696,6,-1,-1
696,7,-1,-1
697,0,0,160
697,1,0,160
697,2,-1,-1
697,3,-1,-1
697,4,-1,-1
697,5,-1,-1
697,6,-1,-1
697,7,-1,-1
698,0,0,160
698,1,0,160
698,2,-1,-1
698,3,-1,-1
698,4,-1,-1
698,5,-1,-1
698,6,-1,-1
698,7,-1,-1
699,0,0,160
699,1,0,160
699,2,-1,-1
699,3,-1,-1
699,4,-1,-1
699,5,-1,-1
699,6,-1,-1
699,7,-1,-1
700,0,0,160
700,1,0,160
700,2,-1,-1
700,3,-1,-1
700,4,-1,-1
700,5,-1,-1
700,6,-1,-1
700,7,-1,-1
701,0,0,160
701,1,0,160
701,2,-1,-1
701,3,-1,-1
701,4,-1,-1
701,5,-1,-1
701,6,-1,-1
701,7,-1,-1
702,0,0,160
702,1,0,160
702,2,-1,-1
702,3,-1,-1
702,4,-1,-1
702,5,-1,-1
702,6,-1,-1
702,7,-1,-1
703,0,0,160
703,1,0,160
703,2,-1,-1
703,3,-1,-1
703,4,-1,-1
703,5,-1,-1
703,6,-1,-1
703,7,-1,-1
704,0,0,160
704,1,0,160
704,2,-1,-1
704,3,-1,-1
704,4,-1,-1
704,5,-1,-1
704,6,-1,-1
704,7,-1,-1
705,0,0,160
705,1,0,160
705,2,-1,-1
705,3,-1,-1
705,4,-1,-1
705,5,-1,-1
705,6,-1,-1
705,7,-1,-1
706,0,0,160
706,1,0,160
706,2,-1,-1
706,3,-1,-1
706,4,-1,-1
706,5,-1,-1
706,6,-1,-1
706,7,-1,-1
707,0,0,160
707,1,0,160
707,2,-1,-1
707,3,-1,-1
707,4,-1,-1
707,5,-1,-1
707,6,-1,-1
707,7,-1,-1
708,0,0,160
708,1,0,160
708,2,-1,-1
708,3,-1,-1
708,4,-1,-1
708,5,-1,-1
708,6,-1,-1
708,7,-1,-1
709,0,0,160
709,1,0,160
709,2,-1,-1
709,3,-1,-1
709,4,-1,-1
709,5,-1,-1
709,6,-1,-1
709,7,-1,-1
710,0,0,160
710,1,0,160
710,2,-1,-1
710,3,-1,-1
710,4,-1,-1
710,5,-1,-1
710,6,-1,-1
710,7,-1,-1
711,0,0,160
711,1,0,160
711,2,-1,-1
711,3,-1,-1
711,4,-1,-1
711,5,-1,-1
711,6,-1,-1
711,7,-1,-1
712,0,0,160
712,1,0,160
712,2,-1,-1
712,3,-1,-1
712,4,-1,-1
712,5,-1,-1
712,6,-1,-1
712,7,-1,-1
713,0,0,160
713,1,0,160
713,2,-1,-1
713,3,-1,-1
713,4,-1,-1
713,5,-1,-1
713,6,-1,-1
713,7,-1,-1
714,0,0,160
714,1,0,160
714,2,-1,-1
714,3,-1,-1
714,4,-1,-1
714,5,-1,-1
714,6,-1,-1
714,7,-1,-1
715,0,0,160
715,1,0,160
715,2,-1,-1
715,3,-1,-1
715,4,-1,-1
715,5,-1,-1
715,6,-1,-1
715,7,-1,-1
716,0,0,160
716,1,0,160
716,2,-1,-1
716,3,-1,-1
716,4,-1,-1
716,5,-1,-1
716,6,-1,-1
716,7,-1,-1
717,0,0,160
717,1,0,160
717,2,-1,-1
717,3,-1,-1
717,4,-1,-1
717,5,-1,-1
717,6,-1,-1
717,7,-1,-1
718,0,0,160
718,1,0,160
718,2,-1,-1
718,3,-1,-1
718,4,-1,-1
718,5,-1,-1
718,6,-1,-1
718,7,-1,-1
719,0,0,160
719,1,0,160
719,2,-1,-1
719,3,-1,-1
719,4,-1,-1
719,5,-1,-1
719,6,-1,-1
719,7,-1,-1
720,0,0,160
720,1,0,160
720,2,-1,-1
720,3,-1,-1
720,4,-1,-1
720,5,-1,-1
720,6,-1,-1
720,7,-1,-1
721,0,0,160
721,1,0,160
721,2,-1,-1
721,3,-1,-1
721,4,-1,-1
721,5,-1,-1
721,6,-1,-1
721,7,-1,-1
722,0,0,160
722,1,0,160
722,2,-1,-1
722,3,-1,-1
722,4,-1,-1
722,5,-1,-1
722,6,-1,-1
722,7,-1,-1
723,0,0,160
723,1,0,160
723,2,-1,-1
723,3,-1,-1
723,4,-1,-1
723,5,-1,-1
723,6,-1,-1
723,7,-1,-1
724,0,0,160
724,1,0,160
724,2,-1,-1
724,3,-1,-1
724,4,-1,-1
724,5,-1,-1
724,6,-1,-1
724,7,-1,-1
725,0,0,160
725,1,0,160
725,2,-1,-1
725,3,-1,-1
725,4,-1,-1
725,5,-1,-1
725,6,-1,-1
725,7,-1,-1
726,0,0,160
726,1,0,160
726,2,-1,-1
726,3,-1,-1
726,4,-1,-1
726,5,-1,-1
726,6,-1,-1
726,7,-1,-1
727,0,0,160
727,1,0,160
727,2,-1,-1
727,3,-1,-1
727,4,-1,-1
727,5,-1,-1
727,6,-1,-1
727,7,-1,-1
728,0,0,160
728,1,0,160
728,2,-1,-1
728,3,-1,-1
728,4,-1,-1
728,5,-1,-1
728,6,-1,-1
728,7,-1,-1
729,0,0,160
729,1,0,160
729,2,-1,-1
729,3,-1,-1
729,4,-1,-1
729,5,-1,-1
729,6,-1,-1
729,7,-1,-1
730,0,0,160
730,1,0,160
730,2,-1,-1
730,3,-1,-1
730,4,-1,-1
730,5,-1,-1
730,6,-1,-1
730,7,-1,-1
731,0,0,160
731,1,0,160
731,2,-1,-1
731,3,-1,-1
731,4,-1,-1
731,5,-1,-1
731,6,-1,-1
731,7,-1,-1
732,0,0,160
732,1,0,160
732,2,-1,-1
732,3,-1,-1
732,4,-1,-1
732,5,-1,-1
732,6,-1,-1
732,7,-1,-1
733,0,0,160
733,1,0,160
733,2,-1,-1
733,3,-1,-1
733,4,-1,-1
733,5,-1,-1
733,6,-1,-1
733,7,-1,-1
734,0,0,160
734,1,0,160
734,2,-1,-1
734,3,-1,-1
734,4,-1,-1
734,5,-1,-1
734,6,-1,-1
734,7,-1,-1
735,0,0,160
735,1,0,160
735,2,-1,-1
735,3,-1,-1
735,4,-1,-1
735,5,-1,-1
735,6,-1,-1
735,7,-1,-1
736,0,0,160
736,1,0,160
736,2,-1,-1
736,3,-1,-1
736,4,-1,-1
736,5,-1,-1
736,6,-1,-1
736,7,-1,-1
737,0,0,160
737,1,0,160
737,2,-1,-1
737,3,-1,-1
737,4,-1,-1
737,5,-1,-1
737,6,-1,-1
737,7,-1,-1
738,0,0,160
738,1,0,160
738,2,-1,-1
738,3,-1,-1
738,4,-1,-1
738,5,-1,-1
738,6,-1,-1
738,7,-1,-1
739,0,0,160
739,1,0,160
739,2,-1,-1
739,3,-1,-1
739,4,-1,-1
739,5,-1,-1
739,6,-1,-1
739,7,-1,-1
740,0,0,160
740,1,0,160
740,2,-1,-1
740,3,-1,-1
740,4,-1,-1
740,5,-1,-1
740,6,-1,-1
740,7,-1,-1
741,0,0,160
741,1,0,160
741,2,-1,-1
741,3,-1,-1
741,4,-1,-1
741,5,-1,-1
741,6,-1,-1
741,7,-1,-1
742,0,0,160
742,1,0,160
742,2,-1,-1
742,3,-1,-1
742,4,-1,-1
742,5,-1,-1
742,6,-1,-1
742,7,-1,-1
743,0,0,160
743,1,0,160
743,2,-1,-1
743,3,-1,-1
743,4,-1,-1
743,5,-1,-1
743,6,-1,-1
743,7,-1,-1
744,0,0,160
744,1,0,160
744,2,-1,-1
744,3,-1,-1
744,4,-1,-1
744,5,-1,-1
744,6,-1,-1
744,7,-1,-1
745,0,0,160
745,1,0,160
745,2,-1,-1
745,3,-1,-1
745,4,-1,-1
745,5,-1,-1
745,6,-1,-1
745,7,-1,-1
746,0,0,160
746,1,0,160
746,2,-1,-1
746,3,-1,-1
746,4,-1,-1
746,5,-1,-1
746,6,-1,-1
746,7,-1,-1
747,0,0,160
747,1,0,160
747,2,-1,-1
747,3,-1,-1
747,4,-1,-1
747,5,-1,-1
747,6,-1,-1
747,7,-1,-1
748,0,0,160
748,1,0,160
748,2,-1,-1
748,3,-1,-1
748,4,-1,-1
748,5,-1,-1
748,6,-1,-1
748,7,-1,-1
749,0,0,160
749,1,0,160
749,2,-1,-1
749,3,-1,-1
749,4,-1,-1
749,5,-1,-1
749,6,-1,-1
749,7,-1,-1
750,0,0,160
750,1,0,160
750,2,-1,-1
750,3,-1,-1
750,4,-1,-1
750,5,-1,-1
750,6,-1,-1
750,7,-1,-1
751,0,0,160
751,1,0,160
751,2,-1,-1
751,3,-1,-1
751,4,-1,-1
751,5,-1,-1
751,6,-1,-1
751,7,-1,-1
752,0,0,160
752,1,0,160
752,2,-1,-1
752,3,-1,-1
752,4,-1,-1
752,5,-1,-1
752,6,-1,-1
752,7,-1,-1
753,0,0,160
753,1,0,160
753,2,-1,-1
753,3,-1,-1
753,4,-1,-1
753,5,-1,-1
753,6,-1,-1
753,7,-1,-1
754,0,0,160
754,1,0,160
754,2,-1,-1
754,3,-1,-1
754,4,-1,-1
754,5,-1,-1
754,6,-1,-1
754,7,-1,-1
755,0,0,160
755,1,0,160
755,2,-1,-1
755,3,-1,-1
755,4,-1,-1
755,5,-1,-1
755,6,-1,-1
755,7,-1,-1
756,0,0,160
756,1,0,160
756,2,-1,-1
756,3,-1,-1
756,4,-1,-1
756,5,-1,-1
756,6,-1,-1
756,7,-1,-1
757,0,0,160
757,1,0,160
757,2,-1,-1
757,3,-1,-1
757,4,-1,-1
757,5,-1,-1
757,6,-1,-1
757,7,-1,-1
758,0,0,160
758,1,0,160
758,2,-1,-1
758,3,-1,-1
758,4,-1,-1
758,5,-1,-1
758,6,-1,-1
758,7,-1,-1
759,0,0,160
759,1,0,160
759,2,-1,-1
759,3,-1,-1
759,4,-1,-1
759,5,-1,-1
759,6,-1,-1
759,7,-1,-1
760,0,0,160
760,1,0,160
760,2,-1,-1
760,3,-1,-1
760,4,-1,-1
760,5,-1,-1
760,6,-1,-1
760,7,-1,-1
761,0,0,160
761,1,0,160
761,2,-1,-1
761,3,-1,-1
761,4,-1,-1
761,5,-1,-1
761,6,-1,-1
761,7,-1,-1
762,0,0,160
762,1,0,160
762,2,-1,-1
762,3,-1,-1
762,4,-1,-1
762,5,-1,-1
762,6,-1,-1
762,7,-1,-1
763,0,0,160
763,1,0,160
763,2,-1,-1
763,3,-1,-1
763,4,-1,-1
763,5,-1,-1
763,6,-1,-1
763,7,-1,-1
764,0,0,160
764,1,0,160
764,2,-1,-1
764,3,-1,-1
764,4,-1,-1
764,5,-1,-1
764,6,-1,-1
764,7,-1,-1
765,0,0,160
765,1,0,160
765,2,-1,-1
765,3,-1,-1
765,4,-1,-1
765,5,-1,-1
765,6,-1,-1
765,7,-1,-1
766,0,0,160
766,1,0,160
766,2,-1,-1
766,3,-1,-1
766,4,-1,-1
766,5,-1,-1
766,6,-1,-1
766,7,-1,-1
767,0,0,160
767,1,0,160
767,2,-1,-1
767,3,-1,-1
767,4,-1,-1
767,5,-1,-1
767,6,-1,-1
767,7,-1,-1
768,0,0,160
768,1,0,160
768,2,-1,-1
768,3,-1,-1
768,4,-1,-1
768,5,-1,-1
768,6,-1,-1
768,7,-1,-1
769,0,0,160
769,1,0,160
769,2,-1,-1
769,3,-1,-1
769,4,-1,-1
769,5,-1,-1
769,6,-1,-1
769,7,-1,-1
770,0,0,160
770,1,0,160
770,2,-1,-1
770,3,-1,-1
770,4,-1,-1
770,5,-1,-1
770,6,-1,-1
770,7,-1,-1
771,0,0,160
771,1,0,160
771,2,-1,-1
771,3,-1,-1
771,4,-1,-1
771,5,-1,-1
771,6,-1,-1
771,7,-1,-1
772,0,0,160
772,1,0,160
772,2,-1,-1
772,3,-1,-1
772,4,-1,-1
772,5,-1,-1
772,6,-1,-1
772,7,-1,-1
773,0,0,160
773,1,0,160
773,2,-1,-1
773,3,-1,-1
773,4,-1,-1
773,5,-1,-1
773,6,-1,-1
773,7,-1,-1
774,0,0,160
774,1,0,160
774,2,-1,-1
774,3,-1,-1
774,4,-1,-1
774,5,-1,-1
774,6,-1,-1
774,7,-1,-1
775,0,0,160
775,1,0,160
775,2,-1,-1
775,3,-1,-1
775,4,-1,-1
775,5,-1,-1
775,6,-1,-1
775,7,-1,-1
776,0,0,160
776,1,0,160
776,2,-1,-1
776,3,-1,-1
776,4,-1,-1
776,5,-1,-1
776,6,-1,-1
776,7,-1,-1
777,0,0,160
777,1,0,160
777,2,-1,-1
777,3,-1,-1
777,4,-1,-1
777,5,-1,-1
777,6,-1,-1
777,7,-1,-1
778,0,0,160
778,1,0,160
778,2,-1,-1
778,3,-1,-1
778,4,-1,-1
778,5,-1,-1
778,6,-1,-1
778,7,-1,-1
779,0,0,160
779,1,0,160
779,2,-1,-1
779,3,-1,-1
779,4,-1,-1
779,5,-1,-1
779,6,-1,-1
779,7,-1,-1
780,0,0,160
780,1,0,160
780,2,-1,-1
780,3,-1,-1
780,4,-1,-1
780,5,-1,-1
780,6,-1,-1
780,7,-1,-1
781,0,0,160
781,1,0,160
781,2,-1,-1
781,3,-1,-1
781,4,-1,-1
781,5,-1,-1
781,6,-1,-1
781,7,-1,-1
782,0,0,160
782,1,0,160
782,2,-1,-1
782,3,-1,-1
782,4,-1,-1
782,5,-1,-1
782,6,-1,-1
782,7,-1,-1
783,0,0,160
783,1,0,160
783,2,-1,-1
783,3,-1,-1
783,4,-1,-1
783,5,-1,-1
783,6,-1,-1
783,7,-1,-1
784,0,0,160
784,1,0,160
784,2,-1,-1
784,3,-1,-1
784,4,-1,-1
784,5,-1,-1
784,6,-1,-1
784,7,-1,-1
785,0,0,160
785,1,0,160
785,2,-1,-1
785,3,-1,-1
785,4,-1,-1
785,5,-1,-1
785,6,-1,-1
785,7,-1,-1
786,0,0,160
786,1,0,160
786,2,-1,-1
786,3,-1,-1
786,4,-1,-1
786,5,-1,-1
786,6,-1,-1
786,7,-1,-1
787,0,0,160
787,1,0,160
787,2,-1,-1
787,3,-1,-1
787,4,-1,-1
787,5,-1,-1
787,6,-1,-1
787,7,-1,-1
788,0,0,160
788,1,0,160
788,2,-1,-1
788,3,-1,-1
788,4,-1,-1
788,5,-1,-1
788,6,-1,-1
788,7,-1,-1
789,0,0,160
789,1,0,160
789,2,-1,-1
789,3,-1,-1
789,4,-1,-1
789,5,-1,-1
789,6,-1,-1
789,7,-1,-1
790,0,0,160
790,1,0,160
790,2,-1,-1
790,3,-1,-1
790,4,-1,-1
790,5,-1,-1
790,6,-1,-1
790,7,-1,-1
791,0,0,160
791,1,0,160
791,2,-1,-1
791,3,-1,-1
791,4,-1,-1
791,5,-1,-1
791,6,-1,-1
791,7,-1,-1
792,0,0,160
792,1,0,160
792,2,-1,-1
792,3,-1,-1
792,4,-1,-1
792,5,-1,-1
792,6,-1,-1
792,7,-1,-1
793,0,0,160
793,1,0,160
793,2,-1,-1
793,3,-1,-1
793,4,-1,-1
793,5,-1,-1
793,6,-1,-1
793,7,-1,-1
794,0,0,160
794,1,0,160
794,2,-1,-1
794,3,-1,-1
794,4,-1,-1
794,5,-1,-1
794,6,-1,-1
794,7,-1,-1
795,0,0,160
795,1,0,160
795,2,-1,-1
795,3,-1,-1
795,4,-1,-1
795,5,-1,-1
795,6,-1,-1
795,7,-1,-1
796,0,0,160
796,1,0,160
796,2,-1,-1
796,3,-1,-1
796,4,-1,-1
796,5,-1,-1
796,6,-1,-1
796,7,-1,-1
797,0,0,160
797,1,0,160
797,2,-1,-1
797,3,-1,-1
797,4,-1,-1
797,5,-1,-1
797,6,-1,-1
797,7,-1,-1
798,0,0,160
798,1,0,160
798,2,-1,-1
798,3,-1,-1
798,4,-1,-1
798,5,-1,-1
798,6,-1,-1
798,7,-1,-1
799,0,0,160
799,1,0,160
799,2,-1,-1
799,3,-1,-1
799,4,-1,-1
799,5,-1,-1
799,6,-1,-1
799,7,-1,-1
800,0,0,160
800,1,0,160
800,2,-1,-1
800,3,-1,-1
800,4,-1,-1
800,5,-1,-1
800,6,-1,-1
800,7,-1,-1
801,0,0,160
801,1,0,160
801,2,-1,-1
801,3,-1,-1
801,4,-1,-1
801,5,-1,-1
801,6,-1,-1
801,7,-1,-1
802,0,0,160
802,1,0,160
802,2,-1,-1
802,3,-1,-1
802,4,-1,-1
802,5,-1,-1
802,6,-1,-1
802,7,-1,-1
803,0,0,160
803,1,0,160
803,2,-1,-1
803,3,-1,-1
803,4,-1,-1
803,5,-1,-1
803,6,-1,-1
803,7,-1,-1
804,0,0,160
804,1,0,160
804,2,-1,-1
804,3,-1,-1
804,4,-1,-1
804,5,-1,-1
804,6,-1,-1
804,7,-1,-1
805,0,0,160
805,1,0,160
805,2,-1,-1
805,3,-1,-1
805,4,-1,-1
805,5,-1,-1
805,6,-1,-1
805,7,-1,-1
806,0,0,160
806,1,0,160
806,2,-1,-1
806,3,-1,-1
806,4,-1,-1
806,5,-1,-1
806,6,-1,-1
806,7,-1,-1
807,0,0,160
807,1,0,160
807,2,-1,-1
807,3,-1,-1
807,4,-1,-1
807,5,-1,-1
807,6,-1,-1
807,7,-1,-1
808,0,0,160
808,1,0,160
808,2,-1,-1
808,3,-1,-1
808,4,-1,-1
808,5,-1,-1
808,6,-1,-1
808,7,-1,-1
809,0,0,160
809,1,0,160
809,2,-1,-1
809,3,-1,-1
809,4,-1,-1
809,5,-1,-1
809,6,-1,-1
809,7,-1,-1
810,0,0,160
810,1,0,160
810,2,-1,-1
810,3,-1,-1
810,4,-1,-1
810,5,-1,-1
810,6,-1,-1
810,7,-1,-1
811,0,0,160
811,1,0,160
811,2,-1,-1
811,3,-1,-1
811,4,-1,-1
811,5,-1,-1
811,6,-1,-1
811,7,-1,-1
812,0,0,160
812,1,0,160
812,2,-1,-1
812,3,-1,-1
812,4,-1,-1
812,5,-1,-1
812,6,-1,-1
812,7,-1,-1
813,0,0,160
813,1,0,160
813,2,-1,-1
813,3,-1,-1
813,4,-1,-1
813,5,-1,-1
813,6,-1,-1
813,7,-1,-1
814,0,0,160
814,1,0,160
814,2,-1,-1
814,3,-1,-1
814,4,-1,-1
814,5,-1,-1
814,6,-1,-1
814,7,-1,-1
815,0,0,160
815,1,0,160
815,2,-1,-1
815,3,-1,-1
815,4,-1,-1
815,5,-1,-1
815,6,-1,-1
815,7,-1,-1
816,0,0,160
816,1,0,160
816,2,-1,-1
816,3,-1,-1
816,4,-1,-1
816,5,-1,-1
816,6,-1,-1
816,7,-1,-1
817,0,0,160
817,1,0,160
817,2,-1,-1
817,3,-1,-1
817,4,-1,-1
817,5,-1,-1
817,6,-1,-1
817,7,-1,-1
818,0,0,160
818,1,0,160
818,2,-1,-1
818,3,-1,-1
818,4,-1,-1
818,5,-1,-1
818,6,-1,-1
818,7,-1,-1
819,0,0,160
819,1,0,160
819,2,-1,-1
819,3,-1,-1
819,4,-1,-1
819,5,-1,-1
819,6,-1,-1
819,7,-1,-1
820,0,0,160
820,1,0,160
820,2,-1,-1
820,3,-1,-1
820,4,-1,-1
820,5,-1,-1
820,6,-1,-1
820,7,-1,-1
821,0,0,160
821,1,0,160
821,2,-1,-1
821,3,-1,-1
821,4,-1,-1
821,5,-1,-1
821,6,-1,-1
821,7,-1,-1
822,0,0,160
822,1,0,160
822,2,-1,-1
822,3,-1,-1
822,4,-1,-1
822,5,-1,-1
822,6,-1,-1
822,7,-1,-1
823,0,0,160
823,1,0,160
823,2,-1,-1
823,3,-1,-1
823,4,-1,-1
823,5,-1,-1
823,6,-1,-1
823,7,-1,-1
824,0,0,160
824,1,0,160
824,2,-1,-1
824,3,-1,-1
824,4,-1,-1
824,5,-1,-1
824,6,-1,-1
824,7,-1,-1
825,0,0,160
825,1,0,160
825,2,-1,-1
825,3,-1,-1
825,4,-1,-1
825,5,-1,-1
825,6,-1,-1
825,7,-1,-1
826,0,0,160
826,1,0,160
826,2,-1,-1
826,3,-1,-1
826,4,-1,-1
826,5,-1,-1
826,6,-1,-1
826,7,-1,-1
827,0,0,160
827,1,0,160
827,2,-1,-1
827,3,-1,-1
827,4,-1,-1
827,5,-1,-1
827,6,-1,-1
827,7,-1,-1
828,0,0,160
828,1,0,160
828,2,-1,-1
828,3,-1,-1
828,4,-1,-1
828,5,-1,-1
828,6,-1,-1
828,7,-1,-1
829,0,0,160
829,1,0,160
829,2,-1,-1
829,3,-1,-1
829,4,-1,-1
829,5,-1,-1
829,6,-1,-1
829,7,-1,-1
830,0,0,160
830,1,0,160
830,2,-1,-1
830,3,-1,-1
830,4,-1,-1
830,5,-1,-1
830,6,-1,-1
830,7,-1,-1
831,0,0,160
831,1,0,160
831,2,-1,-1
831,3,-1,-1
831,4,-1,-1
831,5,-1,-1
831,6,-1,-1
831,7,-1,-1
832,0,0,160
832,1,0,160
832,2,-1,-1
832,3,-1,-1
832,4,-1,-1
832,5,-1,-1
832,6,-1,-1
832,7,-1,-1
833,0,0,160
833,1,0,160
833,2,-1,-1
833,3,-1,-1
833,4,-1,-1
833,5,-1,-1
833,6,-1,-1
833,7,-1,-1
834,0,0,160
834,1,0,160
834,2,-1,-1
834,3,-1,-1
834,4,-1,-1
834,5,-1,-1
834,6,-1,-1
834,7,-1,-1
835,0,0,160
835,1,0,160
835,2,-1,-1
835,3,-1,-1
835,4,-1,-1
835,5,-1,-1
835,6,-1,-1
835,7,-1,-1
836,0,0,160
836,1,0,160
836,2,-1,-1
836,3,-1,-1
836,4,-1,-1
836,5,-1,-1
836,6,-1,-1
836,7,-1,-1
837,0,0,160
837,1,0,160
837,2,-1,-1
837,3,-1,-1
837,4,-1,-1
837,5,-1,-1
837,6,-1,-1
837,7,-1,-1
838,0,0,160
838,1,0,160
838,2,-1,-1
838,3,-1,-1
838,4,-1,-1
838,5,-1,-1
838,6,-1,-1
838,7,-1,-1
839,0,0,160
839,1,0,160
839,2,-1,-1
839,3,-1,-1
839,4,-1,-1
839,5,-1,-1
839,6,-1,-1
839,7,-1,-1
840,0,0,160
840,1,0,160
840,2,-1,-1
840,3,-1,-1
840,4,-1,-1
840,5,-1,-1
840,6,-1,-1
840,7,-1,-1
841,0,0,160
841,1,0,160
841,2,-1,-1
841,3,-1,-1
841,4,-1,-1
841,5,-1,-1
841,6,-1,-1
841,7,-1,-1
842,0,0,160
842,1,0,160
842,2,-1,-1
842,3,-1,-1
842,4,-1,-1
842,5,-1,-1
842,6,-1,-1
842,7,-1,-1
843,0,0,160
843,1,0,160
843,2,-1,-1
843,3,-1,-1
843,4,-1,-1
843,5,-1,-1
843,6,-1,-1
843,7,-1,-1
844,0,0,160
844,1,0,160
844,2,-1,-1
844,3,-1,-1
844,4,-1,-1
844,5,-1,-1
844,6,-1,-1
844,7,-1,-1
845,0,0,160
845,1,0,160
845,2,-1,-1
845,3,-1,-1
845,4,-1,-1
845,5,-1,-1
845,6,-1,-1
845,7,-1,-1
846,0,0,160
846,1,0,160
846,2,-1,-1
846,3,-1,-1
846,4,-1,-1
846,5,-1,-1
846,6,-1,-1
846,7,-1,-1
847,0,0,160
847,1,0,160
847,2,-1,-1
847,3,-1,-1
847,4,-1,-1
847,5,-1,-1
847,6,-1,-1
847,7,-1,-1
848,0,0,160
848,1,0,160
848,2,-1,-1
848,3,-1,-1
848,4,-1,-1
848,5,-1,-1
848,6,-1,-1
848,7,-1,-1
849,0,0,160
849,1,0,160
849,2,-1,-1
849,3,-1,-1
849,4,-1,-1
849,5,-1,-1
849,6,-1,-1
849,7,-1,-1
850,0,0,160
850,1,0,160
850,2,-1,-1
850,3,-1,-1
850,4,-1,-1
850,5,-1,-1
850,6,-1,-1
850,7,-1,-1
851,0,0,160
851,1,0,160
851,2,-1,-1
851,3,-1,-1
851,4,-1,-1
851,5,-1,-1
851,6,-1,-1
851,7,-1,-1
852,0,0,160
852,1,0,160
852,2,-1,-1
852,3,-1,-1
852,4,-1,-1
852,5,-1,-1
852,6,-1,-1
852,7,-1,-1
853,0,0,160
853,1,0,160
853,2,-1,-1
853,3,-1,-1
853,4,-1,-1
853,5,-1,-1
853,6,-1,-1
853,7,-1,-1
854,0,0,160
854,1,0,160
854,2,-1,-1
854,3,-1,-1
854,4,-1,-1
854,5,-1,-1
854,6,-1,-1
854,7,-1,-1
855,0,0,160
855,1,0,160
855,2,-1,-1
855,3,-1,-1
855,4,-1,-1
855,5,-1,-1
855,6,-1,-1
855,7,-1,-1
856,0,0,160
856,1,0,160
856,2,-1,-1
856,3,-1,-1
856,4,-1,-1
856,5,-1,-1
856,6,-1,-1
856,7,-1,-1
857,0,0,160
857,1,0,160
857,2,-1,-1
857,3,-1,-1
857,4,-1,-1
857,5,-1,-1
857,6,-1,-1
857,7,-1,-1
858,0,0,160
858,1,0,160
858,2,-1,-1
858,3,-1,-1
858,4,-1,-1
858,5,-1,-1
858,6,-1,-1
858,7,-1,-1
859,0,0,160
859,1,0,160
859,2,-1,-1
859,3,-1,-1
859,4,-1,-1
859,5,-1,-1
859,6,-1,-1
859,7,-1,-1
860,0,0,160
860,1,0,160
860,2,-1,-1
860,3,-1,-1
860,4,-1,-1
860,5,-1,-1
860,6,-1,-1
860,7,-1,-1
861,0,0,160
861,1,0,160
861,2,-1,-1
861,3,-1,-1
861,4,-1,-1
861,5,-1,-1
861,6,-1,-1
861,7,-1,-1
862,0,0,160
862,1,0,160
862,2,-1,-1
862,3,-1,-1
862,4,-1,-1
862,5,-1,-1
862,6,-1,-1
862,7,-1,-1
863,0,0,160
863,1,0,160
863,2,-1,-1
863,3,-1,-1
863,4,-1,-1
863,5,-1,-1
863,6,-1,-1
863,7,-1,-1
864,0,0,160
864,1,0,160
864,2,-1,-1
864,3,-1,-1
864,4,-1,-1
864,5,-1,-1
864,6,-1,-1
864,7,-1,-1
865,0,0,160
865,1,0,160
865,2,-1,-1
865,3,-1,-1
865,4,-1,-1
865,5,-1,-1
865,6,-1,-1
865,7,-1,-1
866,0,0,160
866,1,0,160
866,2,-1,-1
866,3,-1,-1
866,4,-1,-1
866,5,-1,-1
866,6,-1,-1
866,7,-1,-1
867,0,0,160
867,1,0,160
867,2,-1,-1
867,3,-1,-1
867,4,-1,-1
867,5,-1,-1
867,6,-1,-1
867,7,-1,-1
868,0,0,160
868,1,0,160
868,2,-1,-1
868,3,-1,-1
868,4,-1,-1
868,5,-1,-1
868,6,-1,-1
868,7,-1,-1
869,0,0,160
869,1,0,160
869,2,-1,-1
869,3,-1,-1
869,4,-1,-1
869,5,-1,-1
869,6,-1,-1
869,7,-1,-1
870,0,0,160
870,1,0,160
870,2,-1,-1
870,3,-1,-1
870,4,-1,-1
870,5,-1,-1
870,6,-1,-1
870,7,-1,-1
871,0,0,160
871,1,0,160
871,2,-1,-1
871,3,-1,-1
871,4,-1,-1
871,5,-1,-1
871,6,-1,-1
871,7,-1,-1
872,0,0,160
872,1,0,160
872,2,-1,-1
872,3,-1,-1
872,4,-1,-1
872,5,-1,-1
872,6,-1,-1
872,7,-1,-1
873,0,0,160
873,1,0,160
873,2,-1,-1
873,3,-1,-1
873,4,-1,-1
873,5,-1,-1
873,6,-1,-1
873,7,-1,-1
874,0,0,160
874,1,0,160
874,2,-1,-1
874,3,-1,-1
874,4,-1,-1
874,5,-1,-1
874,6,-1,-1
874,7,-1,-1
875,0,0,160
875,1,0,160
875,2,-1,-1
875,3,-1,-1
875,4,-1,-1
875,5,-1,-1
875,6,-1,-1
875,7,-1,-1
876,0,0,160
876,1,0,160
876,2,-1,-1
876,3,-1,-1
876,4,-1,-1
876,5,-1,-1
876,6,-1,-1
876,7,-1,-1
877,0,0,160
877,1,0,160
877,2,-1,-1
877,3,-1,-1
877,4,-1,-1
877,5,-1,-1
877,6,-1,-1
877,7,-1,-1
878,0,0,160
878,1,0,160
878,2,-1,-1
878,3,-1,-1
878,4,-1,-1
878,5,-1,-1
878,6,-1,-1
878,7,-1,-1
879,0,0,160
879,1,0,160
879,2,-1,-1
879,3,-1,-1
879,4,-1,-1
879,5,-1,-1
879,6,-1,-1
879,7,-1,-1
880,0,0,160
880,1,0,160
880,2,-1,-1
880,3,-1,-1
880,4,-1,-1
880,5,-1,-1
880,6,-1,-1
880,7,-1,-1
881,0,0,160
881,1,0,160
881,2,-1,-1
881,3,-1,-1
881,4,-1,-1
881,5,-1,-1
881,6,-1,-1
881,7,-1,-1
882,0,0,160
882,1,0,160
882,2,-1,-1
882,3,-1,-1
882,4,-1,-1
882,5,-1,-1
882,6,-1,-1
882,7,-1,-1
883,0,0,160
883,1,0,160
883,2,-1,-1
883,3,-1,-1
883,4,-1,-1
883,5,-1,-1
883,6,-1,-1
883,7,-1,-1
884,0,0,160
884,1,0,160
884,2,-1,-1
884,3,-1,-1
884,4,-1,-1
884,5,-1,-1
884,6,-1,-1
884,7,-1,-1
885,0,0,160
885,1,0,160
885,2,-1,-1
885,3,-1,-1
885,4,-1,-1
885,5,-1,-1
885,6,-1,-1
885,7,-1,-1
886,0,0,160
886,1,0,160
886,2,-1,-1
886,3,-1,-1
886,4,-1,-1
886,5,-1,-1
886,6,-1,-1
886,7,-1,-1
887,0,0,160
887,1,0,160
887,2,-1,-1
887,3,-1,-1
887,4,-1,-1
887,5,-1,-1
887,6,-1,-1
887,7,-1,-1
888,0,0,160
888,1,0,160
888,2,-1,-1
888,3,-1,-1
888,4,-1,-1
888,5,-1,-1
888,6,-1,-1
888,7,-1,-1
889,0,0,160
889,1,0,160
889,2,-1,-1
889,3,-1,-1
889,4,-1,-1
889,5,-1,-1
889,6,-1,-1
889,7,-1,-1
890,0,0,160
890,1,0,160
890,2,-1,-1
890,3,-1,-1
890,4,-1,-1
890,5,-1,-1
890,6,-1,-1
890,7,-1,-1
891,0,0,160
891,1,0,160
891,2,-1,-1
891,3,-1,-1
891,4,-1,-1
891,5,-1,-1
891,6,-1,-1
891,7,-1,-1
892,0,0,160
892,1,0,160
892,2,-1,-1
892,3,-1,-1
892,4,-1,-1
892,5,-1,-1
892,6,-1,-1
892,7,-1,-1
893,0,0,160
893,1,0,160
893,2,-1,-1
893,3,-1,-1
893,4,-1,-1
893,5,-1,-1
893,6,-1,-1
893,7,-1,-1
894,0,0,160
894,1,0,160
894,2,-1,-1
894,3,-1,-1
894,4,-1,-1
894,5,-1,-1
894,6,-1,-1
894,7,-1,-1
895,0,0,160
895,1,0,160
895,2,-1,-1
895,3,-1,-1
895,4,-1,-1
895,5,-1,-1
895,6,-1,-1
895,7,-1,-1
896,0,0,160
896,1,0,160
896,2,-1,-1
896,3,-1,-1
896,4,-1,-1
896,5,-1,-1
896,6,-1,-1
896,7,-1,-1
897,0,0,160
897,1,0,160
897,2,-1,-1
897,3,-1,-1
897,4,-1,-1
897,5,-1,-1
897,6,-1,-1
897,7,-1,-1
898,0,0,160
898,1,0,160
898,2,-1,-1
898,3,-1,-1
898,4,-1,-1
898,5,-1,-1
898,6,-1,-1
898,7,-1,-1
899,0,0,160
899,1,0,160
899,2,-1,-1
899,3,-1,-1
899,4,-1,-1
899,5,-1,-1
899,6,-1,-1
899,7,-1,-1
900,0,0,160
900,1,0,160
900,2,-1,-1
900,3,-1,-1
900,4,-1,-1
900,5,-1,-1
900,6,-1,-1
900,7,-1,-1
901,0,0,160
901,1,0,160
901,2,-1,-1
901,3,-1,-1
901,4,-1,-1
901,5,-1,-1
901,6,-1,-1
901,7,-1,-1
902,0,0,160
902,1,0,160
902,2,-1,-1
902,3,-1,-1
902,4,-1,-1
902,5,-1,-1
902,6,-1,-1
902,7,-1,-1
903,0,0,160
903,1,0,160
903,2,-1,-1
903,3,-1,-1
903,4,-1,-1
903,5,-1,-1
903,6,-1,-1
903,7,-1,-1
904,0,0,160
904,1,0,160
904,2,-1,-1
904,3,-1,-1
904,4,-1,-1
904,5,-1,-1
904,6,-1,-1
904,7,-1,-1
905,0,0,160
905,1,0,160
905,2,-1,-1
905,3,-1,-1
905,4,-1,-1
905,5,-1,-1
905,6,-1,-1
905,7,-1,-1
906,0,0,160
906,1,0,160
906,2,-1,-1
906,3,-1,-1
906,4,-1,-1
906,5,-1,-1
906,6,-1,-1
906,7,-1,-1
907,0,0,160
907,1,0,160
907,2,-1,-1
907,3,-1,-1
907,4,-1,-1
907,5,-1,-1
907,6,-1,-1
907,7,-1,-1
908,0,0,160
908,1,0,160
908,2,-1,-1
908,3,-1,-1
908,4,-1,-1
908,5,-1,-1
908,6,-1,-1
908,7,-1,-1
909,0,0,160
909,1,0,160
909,2,-1,-1
909,3,-1,-1
909,4,-1,-1
909,5,-1,-1
909,6,-1,-1
909,7,-1,-1
910,0,0,160
910,1,0,160
910,2,-1,-1
910,3,-1,-1
910,4,-1,-1
910,5,-1,-1
910,6,-1,-1
910,7,-1,-1
911,0,0,160
911,1,0,160
911,2,-1,-1
911,3,-1,-1
911,4,-1,-1
911,5,-1,-1
911,6,-1,-1
911,7,-1,-1
912,0,0,160
912,1,0,160
912,2,-1,-1
912,3,-1,-1
912,4,-1,-1
912,5,-1,-1
912,6,-1,-1
912,7,-1,-1
913,0,0,160
913,1,0,160
913,2,-1,-1
913,3,-1,-1
913,4,-1,-1
913,5,-1,-1
913,6,-1,-1
913,7,-1,-1
914,0,0,160
914,1,0,160
914,2,-1,-1
914,3,-1,-1
914,4,-1,-1
914,5,-1,-1
914,6,-1,-1
914,7,-1,-1
915,0,0,160
915,1,0,160
915,2,-1,-1
915,3,-1,-1
915,4,-1,-1
915,5,-1,-1
915,6,-1,-1
915,7,-1,-1
916,0,0,160
916,1,0,160
916,2,-1,-1
916,3,-1,-1
916,4,-1,-1
916,5,-1,-1
916,6,-1,-1
916,7,-1,-1
917,0,0,160
917,1,0,160
917,2,-1,-1
917,3,-1,-1
917,4,-1,-1
917,5,-1,-1
917,6,-1,-1
917,7,-1,-1
918,0,0,160
918,1,0,160
918,2,-1,-1
918,3,-1,-1
918,4,-1,-1
918,5,-1,-1
918,6,-1,-1
918,7,-1,-1
919,0,0,160
919,1,0,160
919,2,-1,-1
919,3,-1,-1
919,4,-1,-1
919,5,-1,-1
919,6,-1,-1
919,7,-1,-1
920,0,0,160
920,1,0,160
920,2,-1,-1
920,3,-1,-1
920,4,-1,-1
920,5,-1,-1
920,6,-1,-1
920,7,-1,-1
921,0,0,160
921,1,0,160
921,2,-1,-1
921,3,-1,-1
921,4,-1,-1
921,5,-1,-1
921,6,-1,-1
921,7,-1,-1
922,0,0,160
922,1,0,160
922,2,-1,-1
922,3,-1,-1
922,4,-1,-1
922,5,-1,-1
922,6,-1,-1
922,7,-1,-1
923,0,0,160
923,1,0,160
923,2,-1,-1
923,3,-1,-1
923,4,-1,-1
923,5,-1,-1
923,6,-1,-1
923,7,-1,-1
924,0,0,160
924,1,0,160
924,2,-1,-1
924,3,-1,-1
924,4,-1,-1
924,5,-1,-1
924,6,-1,-1
924,7,-1,-1
925,0,0,160
925,1,0,160
925,2,-1,-1
925,3,-1,-1
925,4,-1,-1
925,5,-1,-1
925,6,-1,-1
925,7,-1,-1
926,0,0,160
926,1,0,160
926,2,-1,-1
926,3,-1,-1
926,4,-1,-1
926,5,-1,-1
926,6,-1,-1
926,7,-1,-1
927,0,0,160
927,1,0,160
927,2,-1,-1
927,3,-1,-1
927,4,-1,-1
927,5,-1,-1
927,6,-1,-1
927,7,-1,-1
928,0,0,160
928,1,0,160
928,2,-1,-1
928,3,-1,-1
928,4,-1,-1
928,5,-1,-1
928,6,-1,-1
928,7,-1,-1
929,0,0,160
929,1,0,160
929,2,-1,-1
929,3,-1,-1
929,4,-1,-1
929,5,-1,-1
929,6,-1,-1
929,7,-1,-1
930,0,0,160
930,1,0,160
930,2,-1,-1
930,3,-1,-1
930,4,-1,-1
930,5,-1,-1
930,6,-1,-1
930,7,-1,-1
931,0,0,160
931,1,0,160
931,2,-1,-1
931,3,-1,-1
931,4,-1,-1
931,5,-1,-1
931,6,-1,-1
931,7,-1,-1
932,0,0,160
932,1,0,160
932,2,-1,-1
932,3,-1,-1
932,4,-1,-1
932,5,-1,-1
932,6,-1,-1
932,7,-1,-1
933,0,0,160
933,1,0,160
933,2,-1,-1
933,3,-1,-1
933,4,-1,-1
933,5,-1,-1
933,6,-1,-1
933,7,-1,-1
934,0,0,160
934,1,0,160
934,2,-1,-1
934,3,-1,-1
934,4,-1,-1
934,5,-1,-1
934,6,-1,-1
934,7,-1,-1
935,0,0,160
935,1,0,160
935,2,-1,-1
935,3,-1,-1
935,4,-1,-1
935,5,-1,-1
935,6,-1,-1
935,7,-1,-1
936,0,0,160
936,1,0,160
936,2,-1,-1
936,3,-1,-1
936,4,-1,-1
936,5,-1,-1
936,6,-1,-1
936,7,-1,-1
937,0,0,160
937,1,0,160
937,2,-1,-1
937,3,-1,-1
937,4,-1,-1
937,5,-1,-1
937,6,-1,-1
937,7,-1,-1
938,0,0,160
938,1,0,160
938,2,-1,-1
938,3,-1,-1
938,4,-1,-1
938,5,-1,-1
938,6,-1,-1
938,7,-1,-1
939,0,0,160
939,1,0,160
939,2,-1,-1
939,3,-1,-1
939,4,-1,-1
939,5,-1,-1
939,6,-1,-1
939,7,-1,-1
940,0,0,160
940,1,0,160
940,2,-1,-1
940,3,-1,-1
940,4,-1,-1
940,5,-1,-1
940,6,-1,-1
940,7,-1,-1
941,0,0,160
941,1,0,160
941,2,-1,-1
941,3,-1,-1
941,4,-1,-1
941,5,-1,-1
941,6,-1,-1
941,7,-1,-1
942,0,0,160
942,1,0,160
942,2,-1,-1
942,3,-1,-1
942,4,-1,-1
942,5,-1,-1
942,6,-1,-1
942,7,-1,-1
943,0,0,160
943,1,0,160
943,2,-1,-1
943,3,-1,-1
943,4,-1,-1
943,5,-1,-1
943,6,-1,-1
943,7,-1,-1
944,0,0,160
944,1,0,160
944,2,-1,-1
944,3,-1,-1
944,4,-1,-1
944,5,-1,-1
944,6,-1,-1
944,7,-1,-1
945,0,0,160
945,1,0,160
945,2,-1,-1
945,3,-1,-1
945,4,-1,-1
945,5,-1,-1
945,6,-1,-1
945,7,-1,-1
946,0,0,160
946,1,0,160
946,2,-1,-1
946,3,-1,-1
946,4,-1,-1
946,5,-1,-1
946,6,-1,-1
946,7,-1,-1
947,0,0,160
947,1,0,160
947,2,-1,-1
947,3,-1,-1
947,4,-1,-1
947,5,-1,-1
947,6,-1,-1
947,7,-1,-1
948,0,0,160
948,1,0,160
948,2,-1,-1
948,3,-1,-1
948,4,-1,-1
948,5,-1,-1
948,6,-1,-1
948,7,-1,-1
949,0,0,160
949,1,0,160
949,2,-1,-1
949,3,-1,-1
949,4,-1,-1
949,5,-1,-1
949,6,-1,-1
949,7,-1,-1
950,0,0,160
950,1,0,160
950,2,-1,-1
950,3,-1,-1
950,4,-1,-1
950,5,-1,-1
950,6,-1,-1
950,7,-1,-1
951,0,0,160
951,1,0,160
951,2,-1,-1
951,3,-1,-1
951,4,-1,-1
951,5,-1,-1
951,6,-1,-1
951,7,-1,-1
952,0,0,160
952,1,0,160
952,2,-1,-1
952,3,-1,-1
952,4,-1,-1
952,5,-1,-1
952,6,-1,-1
952,7,-1,-1
953,0,0,160
953,1,0,160
953,2,-1,-1
953,3,-1,-1
953,4,-1,-1
953,5,-1,-1
953,6,-1,-1
953,7,-1,-1
954,0,0,160
954,1,0,160
954,2,-1,-1
954,3,-1,-1
954,4,-1,-1
954,5,-1,-1
954,6,-1,-1
954,7,-1,-1
955,0,0,160
955,1,0,160
955,2,-1,-1
955,3,-1,-1
955,4,-1,-1
955,5,-1,-1
955,6,-1,-1
955,7,-1,-1
956,0,0,160
956,1,0,160
956,2,-1,-1
956,3,-1,-1
956,4,-1,-1
956,5,-1,-1
956,6,-1,-1
956,7,-1,-1
957,0,0,160
957,1,0,160
957,2,-1,-1
957,3,-1,-1
957,4,-1,-1
957,5,-1,-1
957,6,-1,-1
957,7,-1,-1
958,0,0,160
958,1,0,160
958,2,-1,-1
958,3,-1,-1
958,4,-1,-1
958,5,-1,-1
958,6,-1,-1
958,7,-1,-1
959,0,0,160
959,1,0,160
959,2,-1,-1
959,3,-1,-1
959,4,-1,-1
959,5,-1,-1
959,6,-1,-1
959,7,-1,-1
960,0,0,160
960,1,0,160
960,2,-1,-1
960,3,-1,-1
960,4,-1,-1
960,5,-1,-1
960,6,-1,-1
960,7,-1,-1
961,0,0,160
961,1,0,160
961,2,-1,-1
961,3,-1,-1
961,4,-1,-1
961,5,-1,-1
961,6,-1,-1
961,7,-1,-1
962,0,0,160
962,1,0,160
962,2,-1,-1
962,3,-1,-1
962,4,-1,-1
962,5,-1,-1
962,6,-1,-1
962,7,-1,-1
963,0,0,160
963,1,0,160
963,2,-1,-1
963,3,-1,-1
963,4,-1,-1
963,5,-1,-1
963,6,-1,-1
963,7,-1,-1
964,0,0,160
964,1,0,160
964,2,-1,-1
964,3,-1,-1
964,4,-1,-1
964,5,-1,-1
964,6,-1,-1
964,7,-1,-1
965,0,0,160
965,1,0,160
965,2,-1,-1
965,3,-1,-1
965,4,-1,-1
965,5,-1,-1
965,6,-1,-1
965,7,-1,-1
966,0,0,160
966,1,0,160
966,2,-1,-1
966,3,-1,-1
966,4,-1,-1
966,5,-1,-1
966,6,-1,-1
966,7,-1,-1
967,0,0,160
967,1,0,160
967,2,-1,-1
967,3,-1,-1
967,4,-1,-1
967,5,-1,-1
967,6,-1,-1
967,7,-1,-1
968,0,0,160
968,1,0,160
968,2,-1,-1
968,3,-1,-1
968,4,-1,-1
968,5,-1,-1
968,6,-1,-1
968,7,-1,-1
969,0,0,160
969,1,0,160
969,2,-1,-1
969,3,-1,-1
969,4,-1,-1
969,5,-1,-1
969,6,-1,-1
969,7,-1,-1
970,0,0,160
970,1,0,160
970,2,-1,-1
970,3,-1,-1
970,4,-1,-1
970,5,-1,-1
970,6,-1,-1
970,7,-1,-1
971,0,0,160
971,1,0,160
971,2,-1,-1
971,3,-1,-1
971,4,-1,-1
971,5,-1,-1
971,6,-1,-1
971,7,-1,-1
972,0,0,160
972,1,0,160
972,2,-1,-1
972,3,-1,-1
972,4,-1,-1
972,5,-1,-1
972,6,-1,-1
972,7,-1,-1
973,0,0,160
973,1,0,160
973,2,-1,-1
973,3,-1,-1
973,4,-1,-1
973,5,-1,-1
973,6,-1,-1
973,7,-1,-1
974,0,0,160
974,1,0,160
974,2,-1,-1
974,3,-1,-1
974,4,-1,-1
974,5,-1,-1
974,6,-1,-1
974,7,-1,-1
975,0,0,160
975,1,0,160
975,2,-1,-1
975,3,-1,-1
975,4,-1,-1
975,5,-1,-1
975,6,-1,-1
975,7,-1,-1
976,0,0,160
976,1,0,160
976,2,-1,-1
976,3,-1,-1
976,4,-1,-1
976,5,-1,-1
976,6,-1,-1
976,7,-1,-1
977,0,0,160
977,1,0,160
977,2,-1,-1
977,3,-1,-1
977,4,-1,-1
977,5,-1,-1
977,6,-1,-1
977,7,-1,-1
978,0,0,160
978,1,0,160
978,2,-1,-1
978,3,-1,-1
978,4,-1,-1
978,5,-1,-1
978,6,-1,-1
978,7,-1,-1
979,0,0,160
979,1,0,160
979,2,-1,-1
979,3,-1,-1
979,4,-1,-1
979,5,-1,-1
979,6,-1,-1
979,7,-1,-1
980,0,0,160
980,1,0,160
980,2,-1,-1
980,3,-1,-1
980,4,-1,-1
980,5,-1,-1
980,6,-1,-1
980,7,-1,-1
981,0,0,160
981,1,0,160
981,2,-1,-1
981,3,-1,-1
981,4,-1,-1
981,5,-1,-1
981,6,-1,-1
981,7,-1,-1
982,0,0,160
982,1,0,160
982,2,-1,-1
982,3,-1,-1
982,4,-1,-1
982,5,-1,-1
982,6,-1,-1
982,7,-1,-1
983,0,0,160
983,1,0,160
983,2,-1,-1
983,3,-1,-1
983,4,-1,-1
983,5,-1,-1
983,6,-1,-1
983,7,-1,-1
984,0,0,160
984,1,0,160
984,2,-1,-1
984,3,-1,-1
984,4,-1,-1
984,5,-1,-1
984,6,-1,-1
984,7,-1,-1
985,0,0,160
985,1,0,160
985,2,-1,-1
985,3,-1,-1
985,4,-1,-1
985,5,-1,-1
985,6,-1,-1
985,7,-1,-1
986,0,0,160
986,1,0,160
986,2,-1,-1
986,3,-1,-1
986,4,-1,-1
986,5,-1,-1
986,6,-1,-1
986,7,-1,-1
987,0,0,160
987,1,0,160
987,2,-1,-1
987,3,-1,-1
987,4,-1,-1
987,5,-1,-1
987,6,-1,-1
987,7,-1,-1
988,0,0,160
988,1,0,160
988,2,-1,-1
988,3,-1,-1
988,4,-1,-1
988,5,-1,-1
988,6,-1,-1
988,7,-1,-1
989,0,0,160
989,1,0,160
989,2,-1,-1
989,3,-1,-1
989,4,-1,-1
989,5,-1,-1
989,6,-1,-1
989,7,-1,-1
990,0,0,160
990,1,0,160
990,2,-1,-1
990,3,-1,-1
990,4,-1,-1
990,5,-1,-1
990,6,-1,-1
990,7,-1,-1
991,0,0,160
991,1,0,160
991,2,-1,-1
991,3,-1,-1
991,4,-1,-1
991,5,-1,-1
991,6,-1,-1
991,7,-1,-1
992,0,0,160
992,1,0,160
992,2,-1,-1
992,3,-1,-1
992,4,-1,-1
992,5,-1,-1
992,6,-1,-1
992,7,-1,-1
993,0,0,160
993,1,0,160
993,2,-1,-1
993,3,-1,-1
993,4,-1,-1
993,5,-1,-1
993,6,-1,-1
993,7,-1,-1
994,0,0,160
994,1,0,160
994,2,-1,-1
994,3,-1,-1
994,4,-1,-1
994,5,-1,-1
994,6,-1,-1
994,7,-1,-1
995,0,0,160
995,1,0,160
995,2,-1,-1
995,3,-1,-1
995,4,-1,-1
995,5,-1,-1
995,6,-1,-1
995,7,-1,-1
996,0,0,160
996,1,0,160
996,2,-1,-1
996,3,-1,-1
996,4,-1,-1
996,5,-1,-1
996,6,-1,-1
996,7,-1,-1
997,0,0,160
997,1,0,160
997,2,-1,-1
997,3,-1,-1
997,4,-1,-1
997,5,-1,-1
997,6,-1,-1
997,7,-1,-1
998,0,0,160
998,1,0,160
998,2,-1,-1
998,3,-1,-1
998,4,-1,-1
998,5,-1,-1
998,6,-1,-1
998,7,-1,-1
999,0,0,160
999,1,0,160
999,2,-1,-1
999,3,-1,-1
999,4,-1,-1
999,5,-1,-1
999,6,-1,-1
999,7,-1,-1
1000,0,0,160
1000,1,0,160
1000,2,-1,-1
1000,3,-1,-1
1000,4,-1,-1
1000,5,-1,-1
1000,6,-1,-1
1000,7,-1,-1
1001,0,0,160
1001,1,0,160
1001,2,-1,-1
1001,3,-1,-1
1001,4,-1,-1
1001,5,-1,-1
1001,6,-1,-1
1001,7,-1,-1
1002,0,0,160
1002,1,0,160
1002,2,-1,-1
1002,3,-1,-1
1002,4,-1,-1
1002,5,-1,-1
1002,6,-1,-1
1002,7,-1,-1
1003,0,0,160
1003,1,0,160
1003,2,-1,-1
1003,3,-1,-1
1003,4,-1,-1
1003,5,-1,-1
1003,6,-1,-1
1003,7,-1,-1
1004,0,0,160
1004,1,0,160
1004,2,-1,-1
1004,3,-1,-1
1004,4,-1,-1
1004,5,-1,-1
1004,6,-1,-1
1004,7,-1,-1
1005,0,0,160
1005,1,0,160
1005,2,-1,-1
1005,3,-1,-1
1005,4,-1,-1
1005,5,-1,-1
1005,6,-1,-1
1005,7,-1,-1
1006,0,0,160
1006,1,0,160
1006,2,-1,-1
1006,3,-1,-1
1006,4,-1,-1
1006,5,-1,-1
1006,6,-1,-1
1006,7,-1,-1
1007,0,0,160
1007,1,0,160
1007,2,-1,-1
1007,3,-1,-1
1007,4,-1,-1
1007,5,-1,-1
1007,6,-1,-1
1007,7,-1,-1
1008,0,0,160
1008,1,0,160
1008,2,-1,-1
1008,3,-1,-1
1008,4,-1,-1
1008,5,-1,-1
1008,6,-1,-1
1008,7,-1,-1
1009,0,0,160
1009,1,0,160
1009,2,-1,-1
1009,3,-1,-1
1009,4,-1,-1
1009,5,-1,-1
1009,6,-1,-1
1009,7,-1,-1
1010,0,0,160
1010,1,0,160
1010,2,-1,-1
1010,3,-1,-1
1010,4,-1,-1
1010,5,-1,-1
1010,6,-1,-1
1010,7,-1,-1
1011,0,0,160
1011,1,0,160
1011,2,-1,-1
1011,3,-1,-1
1011,4,-1,-1
1011,5,-1,-1
1011,6,-1,-1
1011,7,-1,-1
1012,0,0,160
1012,1,0,160
1012,2,-1,-1
1012,3,-1,-1
1012,4,-1,-1
1012,5,-1,-1
1012,6,-1,-1
1012,7,-1,-1
1013,0,0,160
1013,1,0,160
1013,2,-1,-1
1013,3,-1,-1
1013,4,-1,-1
1013,5,-1,-1
1013,6,-1,-1
1013,7,-1,-1
1014,0,0,160
1014,1,0,160
1014,2,-1,-1
1014,3,-1,-1
1014,4,-1,-1
1014,5,-1,-1
1014,6,-1,-1
1014,7,-1,-1
1015,0,0,160
1015,1,0,160
1015,2,-1,-1
1015,3,-1,-1
1015,4,-1,-1
1015,5,-1,-1
1015,6,-1,-1
1015,7,-1,-1
1016,0,0,160
1016,1,0,160
1016,2,-1,-1
1016,3,-1,-1
1016,4,-1,-1
1016,5,-1,-1
1016,6,-1,-1
1016,7,-1,-1
1017,0,0,160
1017,1,0,160
1017,2,-1,-1
1017,3,-1,-1
1017,4,-1,-1
1017,5,-1,-1
1017,6,-1,-1
1017,7,-1,-1
1018,0,0,160
1018,1,0,160
1018,2,-1,-1
1018,3,-1,-1
1018,4,-1,-1
1018,5,-1,-1
1018,6,-1,-1
1018,7,-1,-1
1019,0,0,160
1019,1,0,160
1019,2,-1,-1
1019,3,-1,-1
1019,4,-1,-1
1019,5,-1,-1
1019,6,-1,-1
1019,7,-1,-1
1020,0,0,160
1020,1,0,160
1020,2,-1,-1
1020,3,-1,-1
1020,4,-1,-1
1020,5,-1,-1
1020,6,-1,-1
1020,7,-1,-1
1021,0,0,160
1021,1,0,160
1021,2,-1,-1
1021,3,-1,-1
1021,4,-1,-1
1021,5,-1,-1
1021,6,-1,-1
1021,7,-1,-1
1022,0,0,160
1022,1,0,160
1022,2,-1,-1
1022,3,-1,-1
1022,4,-1,-1
1022,5,-1,-1
1022,6,-1,-1
1022,7,-1,-1
1023,0,0,160
1023,1,0,160
1023,2,-1,-1
1023,3,-1,-1
1023,4,-1,-1
1023,5,-1,-1
1023,6,-1,-1
1023,7,-1,-1
1024,0,0,160
1024,1,0,160
1024,2,-1,-1
1024,3,-1,-1
1024,4,-1,-1
1024,5,-1,-1
1024,6,-1,-1
1024,7,-1,-1
1025,0,0,160
1025,1,0,160
1025,2,-1,-1
1025,3,-1,-1
1025,4,-1,-1
1025,5,-1,-1
1025,6,-1,-1
1025,7,-1,-1
1026,0,0,160
1026,1,0,160
1026,2,-1,-1
1026,3,-1,-1
1026,4,-1,-1
1026,5,-1,-1
1026,6,-1,-1
1026,7,-1,-1
1027,0,0,160
1027,1,0,160
1027,2,-1,-1
1027,3,-1,-1
1027,4,-1,-1
1027,5,-1,-1
1027,6,-1,-1
1027,7,-1,-1
1028,0,0,160
1028,1,0,160
1028,2,-1,-1
1028,3,-1,-1
1028,4,-1,-1
1028,5,-1,-1
1028,6,-1,-1
1028,7,-1,-1
1029,0,0,160
1029,1,0,160
1029,2,-1,-1
1029,3,-1,-1
1029,4,-1,-1
1029,5,-1,-1
1029,6,-1,-1
1029,7,-1,-1
1030,0,0,160
1030,1,0,160
1030,2,-1,-1
1030,3,-1,-1
1030,4,-1,-1
1030,5,-1,-1
1030,6,-1,-1
1030,7,-1,-1
1031,0,0,160
1031,1,0,160
1031,2,-1,-1
1031,3,-1,-1
1031,4,-1,-1
1031,5,-1,-1
1031,6,-1,-1
1031,7,-1,-1
1032,0,0,160
1032,1,0,160
1032,2,-1,-1
1032,3,-1,-1
1032,4,-1,-1
1032,5,-1,-1
1032,6,-1,-1
1032,7,-1,-1
1033,0,0,160
1033,1,0,160
1033,2,-1,-1
1033,3,-1,-1
1033,4,-1,-1
1033,5,-1,-1
1033,6,-1,-1
1033,7,-1,-1
1034,0,0,160
1034,1,0,160
1034,2,-1,-1
1034,3,-1,-1
1034,4,-1,-1
1034,5,-1,-1
1034,6,-1,-1
1034,7,-1,-1
1035,0,0,160
1035,1,0,160
1035,2,-1,-1
1035,3,-1,-1
1035,4,-1,-1
1035,5,-1,-1
1035,6,-1,-1
1035,7,-1,-1
1036,0,0,160
1036,1,0,160
1036,2,-1,-1
1036,3,-1,-1
1036,4,-1,-1
1036,5,-1,-1
1036,6,-1,-1
1036,7,-1,-1
1037,0,0,160
1037,1,0,160
1037,2,-1,-1
1037,3,-1,-1
1037,4,-1,-1
1037,5,-1,-1
1037,6,-1,-1
1037,7,-1,-1
1038,0,0,160
1038,1,0,160
1038,2,-1,-1
1038,3,-1,-1
1038,4,-1,-1
1038,5,-1,-1
1038,6,-1,-1
1038,7,-1,-1
1039,0,0,160
1039,1,0,160
1039,2,-1,-1
1039,3,-1,-1
1039,4,-1,-1
1039,5,-1,-1
1039,6,-1,-1
1039,7,-1,-1
1040,0,0,160
1040,1,0,160
1040,2,-1,-1
1040,3,-1,-1
1040,4,-1,-1
1040,5,-1,-1
1040,6,-1,-1
1040,7,-1,-1
1041,0,0,160
1041,1,0,160
1041,2,-1,-1
1041,3,-1,-1
1041,4,-1,-1
1041,5,-1,-1
1041,6,-1,-1
1041,7,-1,-1
1042,0,0,160
1042,1,0,160
1042,2,-1,-1
1042,3,-1,-1
1042,4,-1,-1
1042,5,-1,-1
1042,6,-1,-1
1042,7,-1,-1
1043,0,0,160
1043,1,0,160
1043,2,-1,-1
1043,3,-1,-1
1043,4,-1,-1
1043,5,-1,-1
1043,6,-1,-1
1043,7,-1,-1
1044,0,0,160
1044,1,0,160
1044,2,-1,-1
1044,3,-1,-1
1044,4,-1,-1
1044,5,-1,-1
1044,6,-1,-1
1044,7,-1,-1
1045,0,0,160
1045,1,0,160
1045,2,-1,-1
1045,3,-1,-1
1045,4,-1,-1
1045,5,-1,-1
1045,6,-1,-1
1045,7,-1,-1
1046,0,0,160
1046,1,0,160
1046,2,-1,-1
1046,3,-1,-1
1046,4,-1,-1
1046,5,-1,-1
1046,6,-1,-1
1046,7,-1,-1
1047,0,0,160
1047,1,0,160
1047,2,-1,-1
1047,3,-1,-1
1047,4,-1,-1
1047,5,-1,-1
1047,6,-1,-1
1047,7,-1,-1
1048,0,0,160
1048,1,0,160
1048,2,-1,-1
1048,3,-1,-1
1048,4,-1,-1
1048,5,-1,-1
1048,6,-1,-1
1048,7,-1,-1
1049,0,0,160
1049,1,0,160
1049,2,-1,-1
1049,3,-1,-1
1049,4,-1,-1
1049,5,-1,-1
1049,6,-1,-1
1049,7,-1,-1
1050,0,0,160
1050,1,0,160
1050,2,-1,-1
1050,3,-1,-1
1050,4,-1,-1
1050,5,-1,-1
1050,6,-1,-1
1050,7,-1,-1
1051,0,0,160
1051,1,0,160
1051,2,-1,-1
1051,3,-1,-1
1051,4,-1,-1
1051,5,-1,-1
1051,6,-1,-1
1051,7,-1,-1
1052,0,0,160
1052,1,0,160
1052,2,-1,-1
1052,3,-1,-1
1052,4,-1,-1
1052,5,-1,-1
1052,6,-1,-1
1052,7,-1,-1
1053,0,0,160
1053,1,0,160
1053,2,-1,-1
1053,3,-1,-1
1053,4,-1,-1
1053,5,-1,-1
1053,6,-1,-1
1053,7,-1,-1
1054,0,0,160
1054,1,0,160
1054,2,-1,-1
1054,3,-1,-1
1054,4,-1,-1
1054,5,-1,-1
1054,6,-1,-1
1054,7,-1,-1
1055,0,0,160
1055,1,0,160
1055,2,-1,-1
1055,3,-1,-1
1055,4,-1,-1
1055,5,-1,-1
1055,6,-1,-1
1055,7,-1,-1
1056,0,0,160
1056,1,0,160
1056,2,-1,-1
1056,3,-1,-1
1056,4,-1,-1
1056,5,-1,-1
1056,6,-1,-1
1056,7,-1,-1
1057,0,0,160
1057,1,0,160
1057,2,-1,-1
1057,3,-1,-1
1057,4,-1,-1
1057,5,-1,-1
1057,6,-1,-1
1057,7,-1,-1
1058,0,0,160
1058,1,0,160
1058,2,-1,-1
1058,3,-1,-1
1058,4,-1,-1
1058,5,-1,-1
1058,6,-1,-1
1058,7,-1,-1
1059,0,0,160
1059,1,0,160
1059,2,-1,-1
1059,3,-1,-1
1059,4,-1,-1
1059,5,-1,-1
1059,6,-1,-1
1059,7,-1,-1
1060,0,0,160
1060,1,0,160
1060,2,-1,-1
1060,3,-1,-1
1060,4,-1,-1
1060,5,-1,-1
1060,6,-1,-1
1060,7,-1,-1
1061,0,0,160
1061,1,0,160
1061,2,-1,-1
1061,3,-1,-1
1061,4,-1,-1
1061,5,-1,-1
1061,6,-1,-1
1061,7,-1,-1
1062,0,0,160
1062,1,0,160
1062,2,-1,-1
1062,3,-1,-1
1062,4,-1,-1
1062,5,-1,-1
1062,6,-1,-1
1062,7,-1,-1
1063,0,0,160
1063,1,0,160
1063,2,-1,-1
1063,3,-1,-1
1063,4,-1,-1
1063,5,-1,-1
1063,6,-1,-1
1063,7,-1,-1
1064,0,0,160
1064,1,0,160
1064,2,-1,-1
1064,3,-1,-1
1064,4,-1,-1
1064,5,-1,-1
1064,6,-1,-1
1064,7,-1,-1
1065,0,0,160
1065,1,0,160
1065,2,-1,-1
1065,3,-1,-1
1065,4,-1,-1
1065,5,-1,-1
1065,6,-1,-1
1065,7,-1,-1
1066,0,0,160
1066,1,0,160
1066,2,-1,-1
1066,3,-1,-1
1066,4,-1,-1
1066,5,-1,-1
1066,6,-1,-1
1066,7,-1,-1
1067,0,0,160
1067,1,0,160
1067,2,-1,-1
1067,3,-1,-1
1067,4,-1,-1
1067,5,-1,-1
1067,6,-1,-1
1067,7,-1,-1
1068,0,0,160
1068,1,0,160
1068,2,-1,-1
1068,3,-1,-1
1068,4,-1,-1
1068,5,-1,-1
1068,6,-1,-1
1068,7,-1,-1
1069,0,0,160
1069,1,0,160
1069,2,-1,-1
1069,3,-1,-1
1069,4,-1,-1
1069,5,-1,-1
1069,6,-1,-1
1069,7,-1,-1
1070,0,0,160
1070,1,0,160
1070,2,-1,-1
1070,3,-1,-1
1070,4,-1,-1
1070,5,-1,-1
1070,6,-1,-1
1070,7,-1,-1
1071,0,0,160
1071,1,0,160
1071,2,-1,-1
1071,3,-1,-1
1071,4,-1,-1
1071,5,-1,-1
1071,6,-1,-1
1071,7,-1,-1
1072,0,0,160
1072,1,0,160
1072,2,-1,-1
1072,3,-1,-1
1072,4,-1,-1
1072,5,-1,-1
1072,6,-1,-1
1072,7,-1,-1
1073,0,0,160
1073,1,0,160
1073,2,-1,-1
1073,3,-1,-1
1073,4,-1,-1
1073,5,-1,-1
1073,6,-1,-1
1073,7,-1,-1
1074,0,0,160
1074,1,0,160
1074,2,-1,-1
1074,3,-1,-1
1074,4,-1,-1
1074,5,-1,-1
1074,6,-1,-1
1074,7,-1,-1
1075,0,0,160
1075,1,0,160
1075,2,-1,-1
1075,3,-1,-1
1075,4,-1,-1
1075,5,-1,-1
1075,6,-1,-1
1075,7,-1,-1
1076,0,0,160
1076,1,0,160
1076,2,-1,-1
1076,3,-1,-1
1076,4,-1,-1
1076,5,-1,-1
1076,6,-1,-1
1076,7,-1,-1
1077,0,0,160
1077,1,0,160
1077,2,-1,-1
1077,3,-1,-1
1077,4,-1,-1
1077,5,-1,-1
1077,6,-1,-1
1077,7,-1,-1
1078,0,0,160
1078,1,0,160
1078,2,-1,-1
1078,3,-1,-1
1078,4,-1,-1
1078,5,-1,-1
1078,6,-1,-1
1078,7,-1,-1
1079,0,0,160
1079,1,0,160
1079,2,-1,-1
1079,3,-1,-1
1079,4,-1,-1
1079,5,-1,-1
1079,6,-1,-1
1079,7,-1,-1
1080,0,0,160
1080,1,0,160
1080,2,-1,-1
1080,3,-1,-1
1080,4,-1,-1
1080,5,-1,-1
1080,6,-1,-1
1080,7,-1,-1
1081,0,0,160
1081,1,0,160
1081,2,-1,-1
1081,3,-1,-1
1081,4,-1,-1
1081,5,-1,-1
1081,6,-1,-1
1081,7,-1,-1
1082,0,0,160
1082,1,0,160
1082,2,-1,-1
1082,3,-1,-1
1082,4,-1,-1
1082,5,-1,-1
1082,6,-1,-1
1082,7,-1,-1
1083,0,0,160
1083,1,0,160
1083,2,-1,-1
1083,3,-1,-1
1083,4,-1,-1
1083,5,-1,-1
1083,6,-1,-1
1083,7,-1,-1
1084,0,0,160
1084,1,0,160
1084,2,-1,-1
1084,3,-1,-1
1084,4,-1,-1
1084,5,-1,-1
1084,6,-1,-1
1084,7,-1,-1
1085,0,0,160
1085,1,0,160
1085,2,-1,-1
1085,3,-1,-1
1085,4,-1,-1
1085,5,-1,-1
1085,6,-1,-1
1085,7,-1,-1
1086,0,0,160
1086,1,0,160
1086,2,-1,-1
1086,3,-1,-1
1086,4,-1,-1
1086,5,-1,-1
1086,6,-1,-1
1086,7,-1,-1
1087,0,0,160
1087,1,0,160
1087,2,-1,-1
1087,3,-1,-1
1087,4,-1,-1
1087,5,-1,-1
1087,6,-1,-1
1087,7,-1,-1
1088,0,0,160
1088,1,0,160
1088,2,-1,-1
1088,3,-1,-1
1088,4,-1,-1
1088,5,-1,-1
1088,6,-1,-1
1088,7,-1,-1
1089,0,0,160
1089,1,0,160
1089,2,-1,-1
1089,3,-1,-1
1089,4,-1,-1
1089,5,-1,-1
1089,6,-1,-1
1089,7,-1,-1
1090,0,0,160
1090,1,0,160
1090,2,-1,-1
1090,3,-1,-1
1090,4,-1,-1
1090,5,-1,-1
1090,6,-1,-1
1090,7,-1,-1
1091,0,0,160
1091,1,0,160
1091,2,-1,-1
1091,3,-1,-1
1091,4,-1,-1
1091,5,-1,-1
1091,6,-1,-1
1091,7,-1,-1
1092,0,0,160
1092,1,0,160
1092,2,-1,-1
1092,3,-1,-1
1092,4,-1,-1
1092,5,-1,-1
1092,6,-1,-1
1092,7,-1,-1
1093,0,0,160
1093,1,0,160
1093,2,-1,-1
1093,3,-1,-1
1093,4,-1,-1
1093,5,-1,-1
1093,6,-1,-1
1093,7,-1,-1
1094,0,0,160
1094,1,0,160
1094,2,-1,-1
1094,3,-1,-1
1094,4,-1,-1
1094,5,-1,-1
1094,6,-1,-1
1094,7,-1,-1
1095,0,0,160
1095,1,0,160
1095,2,-1,-1
1095,3,-1,-1
1095,4,-1,-1
1095,5,-1,-1
1095,6,-1,-1
1095,7,-1,-1
1096,0,0,160
1096,1,0,160
1096,2,-1,-1
1096,3,-1,-1
1096,4,-1,-1
1096,5,-1,-1
1096,6,-1,-1
1096,7,-1,-1
1097,0,0,160
1097,1,0,160
1097,2,-1,-1
1097,3,-1,-1
1097,4,-1,-1
1097,5,-1,-1
1097,6,-1,-1
1097,7,-1,-1
1098,0,0,160
1098,1,0,160
1098,2,-1,-1
1098,3,-1,-1
1098,4,-1,-1
1098,5,-1,-1
1098,6,-1,-1
1098,7,-1,-1
1099,0,0,160
1099,1,0,160
1099,2,-1,-1
1099,3,-1,-1
1099,4,-1,-1
1099,5,-1,-1
1099,6,-1,-1
1099,7,-1,-1
1100,0,0,160
1100,1,0,160
1100,2,-1,-1
1100,3,-1,-1
1100,4,-1,-1
1100,5,-1,-1
1100,6,-1,-1
1100,7,-1,-1
1101,0,0,160
1101,1,0,160
1101,2,-1,-1
1101,3,-1,-1
1101,4,-1,-1
1101,5,-1,-1
1101,6,-1,-1
1101,7,-1,-1
1102,0,0,160
1102,1,0,160
1102,2,-1,-1
1102,3,-1,-1
1102,4,-1,-1
1102,5,-1,-1
1102,6,-1,-1
1102,7,-1,-1
1103,0,0,160
1103,1,0,160
1103,2,-1,-1
1103,3,-1,-1
1103,4,-1,-1
1103,5,-1,-1
1103,6,-1,-1
1103,7,-1,-1
1104,0,0,160
1104,1,0,160
1104,2,-1,-1
1104,3,-1,-1
1104,4,-1,-1
1104,5,-1,-1
1104,6,-1,-1
1104,7,-1,-1
1105,0,0,160
1105,1,0,160
1105,2,-1,-1
1105,3,-1,-1
1105,4,-1,-1
1105,5,-1,-1
1105,6,-1,-1
1105,7,-1,-1
1106,0,0,160
1106,1,0,160
1106,2,-1,-1
1106,3,-1,-1
1106,4,-1,-1
1106,5,-1,-1
1106,6,-1,-1
1106,7,-1,-1
1107,0,0,160
1107,1,0,160
1107,2,-1,-1
1107,3,-1,-1
1107,4,-1,-1
1107,5,-1,-1
1107,6,-1,-1
1107,7,-1,-1
1108,0,0,160
1108,1,0,160
1108,2,-1,-1
1108,3,-1,-1
1108,4,-1,-1
1108,5,-1,-1
1108,6,-1,-1
1108,7,-1,-1
1109,0,0,160
1109,1,0,160
1109,2,-1,-1
1109,3,-1,-1
1109,4,-1,-1
1109,5,-1,-1
1109,6,-1,-1
1109,7,-1,-1
1110,0,0,160
1110,1,0,160
1110,2,-1,-1
1110,3,-1,-1
1110,4,-1,-1
1110,5,-1,-1
1110,6,-1,-1
1110,7,-1,-1
1111,0,0,160
1111,1,0,160
1111,2,-1,-1
1111,3,-1,-1
1111,4,-1,-1
1111,5,-1,-1
1111,6,-1,-1
1111,7,-1,-1
1112,0,0,160
1112,1,0,160
1112,2,-1,-1
1112,3,-1,-1
1112,4,-1,-1
1112,5,-1,-1
1112,6,-1,-1
1112,7,-1,-1
1113,0,0,160
1113,1,0,160
1113,2,-1,-1
1113,3,-1,-1
1113,4,-1,-1
1113,5,-1,-1
1113,6,-1,-1
1113,7,-1,-1
1114,0,0,160
1114,1,0,160
1114,2,-1,-1
1114,3,-1,-1
1114,4,-1,-1
1114,5,-1,-1
1114,6,-1,-1
1114,7,-1,-1
1115,0,0,160
1115,1,0,160
1115,2,-1,-1
1115,3,-1,-1
1115,4,-1,-1
1115,5,-1,-1
1115,6,-1,-1
1115,7,-1,-1
1116,0,0,160
1116,1,0,160
1116,2,-1,-1
1116,3,-1,-1
1116,4,-1,-1
1116,5,-1,-1
1116,6,-1,-1
1116,7,-1,-1
1117,0,0,160
1117,1,0,160
1117,2,-1,-1
1117,3,-1,-1
1117,4,-1,-1
1117,5,-1,-1
1117,6,-1,-1
1117,7,-1,-1
1118,0,0,160
1118,1,0,160
1118,2,-1,-1
1118,3,-1,-1
1118,4,-1,-1
1118,5,-1,-1
1118,6,-1,-1
1118,7,-1,-1
1119,0,0,160
1119,1,0,160
1119,2,-1,-1
1119,3,-1,-1
1119,4,-1,-1
1119,5,-1,-1
1119,6,-1,-1
1119,7,-1,-1
1120,0,0,160
1120,1,0,160
1120,2,-1,-1
1120,3,-1,-1
1120,4,-1,-1
1120,5,-1,-1
1120,6,-1,-1
1120,7,-1,-1
1121,0,0,160
1121,1,0,160
1121,2,-1,-1
1121,3,-1,-1
1121,4,-1,-1
1121,5,-1,-1
1121,6,-1,-1
1121,7,-1,-1
1122,0,0,160
1122,1,0,160
1122,2,-1,-1
1122,3,-1,-1
1122,4,-1,-1
1122,5,-1,-1
1122,6,-1,-1
1122,7,-1,-1
1123,0,0,160
1123,1,0,160
1123,2,-1,-1
1123,3,-1,-1
1123,4,-1,-1
1123,5,-1,-1
1123,6,-1,-1
1123,7,-1,-1
1124,0,0,160
1124,1,0,160
1124,2,-1,-1
1124,3,-1,-1
1124,4,-1,-1
1124,5,-1,-1
1124,6,-1,-1
1124,7,-1,-1
1125,0,0,160
1125,1,0,160
1125,2,-1,-1
1125,3,-1,-1
1125,4,-1,-1
1125,5,-1,-1
1125,6,-1,-1
1125,7,-1,-1
1126,0,0,160
1126,1,0,160
1126,2,-1,-1
1126,3,-1,-1
1126,4,-1,-1
1126,5,-1,-1
1126,6,-1,-1
1126,7,-1,-1
1127,0,0,160
1127,1,0,160
1127,2,-1,-1
1127,3,-1,-1
1127,4,-1,-1
1127,5,-1,-1
1127,6,-1,-1
1127,7,-1,-1
1128,0,0,160
1128,1,0,160
1128,2,-1,-1
1128,3,-1,-1
1128,4,-1,-1
1128,5,-1,-1
1128,6,-1,-1
1128,7,-1,-1
1129,0,0,160
1129,1,0,160
1129,2,-1,-1
1129,3,-1,-1
1129,4,-1,-1
1129,5,-1,-1
1129,6,-1,-1
1129,7,-1,-1
1130,0,0,160
1130,1,0,160
1130,2,-1,-1
1130,3,-1,-1
1130,4,-1,-1
1130,5,-1,-1
1130,6,-1,-1
1130,7,-1,-1
1131,0,0,160
1131,1,0,160
1131,2,-1,-1
1131,3,-1,-1
1131,4,-1,-1
1131,5,-1,-1
1131,6,-1,-1
1131,7,-1,-1
1132,0,0,160
1132,1,0,160
1132,2,-1,-1
1132,3,-1,-1
1132,4,-1,-1
1132,5,-1,-1
1132,6,-1,-1
1132,7,-1,-1
1133,0,0,160
1133,1,0,160
1133,2,-1,-1
1133,3,-1,-1
1133,4,-1,-1
1133,5,-1,-1
1133,6,-1,-1
1133,7,-1,-1
1134,0,0,160
1134,1,0,160
1134,2,-1,-1
1134,3,-1,-1
1134,4,-1,-1
1134,5,-1,-1
1134,6,-1,-1
1134,7,-1,-1
1135,0,0,160
1135,1,0,160
1135,2,-1,-1
1135,3,-1,-1
1135,4,-1,-1
1135,5,-1,-1
1135,6,-1,-1
1135,7,-1,-1
1136,0,0,160
1136,1,0,160
1136,2,-1,-1
1136,3,-1,-1
1136,4,-1,-1
1136,5,-1,-1
1136,6,-1,-1
1136,7,-1,-1
1137,0,0,160
1137,1,0,160
1137,2,-1,-1
1137,3,-1,-1
1137,4,-1,-1
1137,5,-1,-1
1137,6,-1,-1
1137,7,-1,-1
1138,0,0,160
1138,1,0,160
1138,2,-1,-1
1138,3,-1,-1
1138,4,-1,-1
1138,5,-1,-1
1138,6,-1,-1
1138,7,-1,-1
1139,0,0,160
1139,1,0,160
1139,2,-1,-1
1139,3,-1,-1
1139,4,-1,-1
1139,5,-1,-1
1139,6,-1,-1
1139,7,-1,-1
1140,0,0,160
1140,1,0,160
1140,2,-1,-1
1140,3,-1,-1
1140,4,-1,-1
1140,5,-1,-1
1140,6,-1,-1
1140,7,-1,-1
1141,0,0,160
1141,1,0,160
1141,2,-1,-1
1141,3,-1,-1
1141,4,-1,-1
1141,5,-1,-1
1141,6,-1,-1
1141,7,-1,-1
1142,0,0,160
1142,1,0,160
1142,2,-1,-1
1142,3,-1,-1
1142,4,-1,-1
1142,5,-1,-1
1142,6,-1,-1
1142,7,-1,-1
1143,0,0,160
1143,1,0,160
1143,2,-1,-1
1143,3,-1,-1
1143,4,-1,-1
1143,5,-1,-1
1143,6,-1,-1
1143,7,-1,-1
1144,0,0,160
1144,1,0,160
1144,2,-1,-1
1144,3,-1,-1
1144,4,-1,-1
1144,5,-1,-1
1144,6,-1,-1
1144,7,-1,-1
1145,0,0,160
1145,1,0,160
1145,2,-1,-1
1145,3,-1,-1
1145,4,-1,-1
1145,5,-1,-1
1145,6,-1,-1
1145,7,-1,-1
1146,0,0,160
1146,1,0,160
1146,2,-1,-1
1146,3,-1,-1
1146,4,-1,-1
1146,5,-1,-1
1146,6,-1,-1
1146,7,-1,-1
1147,0,0,160
1147,1,0,160
1147,2,-1,-1
1147,3,-1,-1
1147,4,-1,-1
1147,5,-1,-1
1147,6,-1,-1
1147,7,-1,-1
1148,0,0,160
1148,1,0,160
1148,2,-1,-1
1148,3,-1,-1
1148,4,-1,-1
1148,5,-1,-1
1148,6,-1,-1
1148,7,-1,-1
1149,0,0,160
1149,1,0,160
1149,2,-1,-1
1149,3,-1,-1
1149,4,-1,-1
1149,5,-1,-1
1149,6,-1,-1
1149,7,-1,-1
1150,0,0,160
1150,1,0,160
1150,2,-1,-1
1150,3,-1,-1
1150,4,-1,-1
1150,5,-1,-1
1150,6,-1,-1
1150,7,-1,-1
1151,0,0,160
1151,1,0,160
1151,2,-1,-1
1151,3,-1,-1
1151,4,-1,-1
1151,5,-1,-1
1151,6,-1,-1
1151,7,-1,-1
1152,0,0,160
1152,1,0,160
1152,2,-1,-1
1152,3,-1,-1
1152,4,-1,-1
1152,5,-1,-1
1152,6,-1,-1
1152,7,-1,-1
1153,0,0,160
1153,1,0,160
1153,2,-1,-1
1153,3,-1,-1
1153,4,-1,-1
1153,5,-1,-1
1153,6,-1,-1
1153,7,-1,-1
1154,0,0,160
1154,1,0,160
1154,2,-1,-1
1154,3,-1,-1
1154,4,-1,-1
1154,5,-1,-1
1154,6,-1,-1
1154,7,-1,-1
1155,0,0,160
1155,1,0,160
1155,2,-1,-1
1155,3,-1,-1
1155,4,-1,-1
1155,5,-1,-1
1155,6,-1,-1
1155,7,-1,-1
1156,0,0,160
1156,1,0,160
1156,2,-1,-1
1156,3,-1,-1
1156,4,-1,-1
1156,5,-1,-1
1156,6,-1,-1
1156,7,-1,-1
1157,0,0,160
1157,1,0,160
1157,2,-1,-1
1157,3,-1,-1
1157,4,-1,-1
1157,5,-1,-1
1157,6,-1,-1
1157,7,-1,-1
1158,0,0,160
1158,1,0,160
1158,2,-1,-1
1158,3,-1,-1
1158,4,-1,-1
1158,5,-1,-1
1158,6,-1,-1
1158,7,-1,-1
1159,0,0,160
1159,1,0,160
1159,2,-1,-1
1159,3,-1,-1
1159,4,-1,-1
1159,5,-1,-1
1159,6,-1,-1
1159,7,-1,-1
1160,0,0,160
1160,1,0,160
1160,2,-1,-1
1160,3,-1,-1
1160,4,-1,-1
1160,5,-1,-1
1160,6,-1,-1
1160,7,-1,-1
1161,0,0,160
1161,1,0,160
1161,2,-1,-1
1161,3,-1,-1
1161,4,-1,-1
1161,5,-1,-1
1161,6,-1,-1
1161,7,-1,-1
1162,0,0,160
1162,1,0,160
1162,2,-1,-1
1162,3,-1,-1
1162,4,-1,-1
1162,5,-1,-1
1162,6,-1,-1
1162,7,-1,-1
1163,0,0,160
1163,1,0,160
1163,2,-1,-1
1163,3,-1,-1
1163,4,-1,-1
1163,5,-1,-1
1163,6,-1,-1
1163,7,-1,-1
1164,0,0,160
1164,1,0,160
1164,2,-1,-1
1164,3,-1,-1
1164,4,-1,-1
1164,5,-1,-1
1164,6,-1,-1
1164,7,-1,-1
1165,0,0,160
1165,1,0,160
1165,2,-1,-1
1165,3,-1,-1
1165,4,-1,-1
1165,5,-1,-1
1165,6,-1,-1
1165,7,-1,-1
1166,0,0,160
1166,1,0,160
1166,2,-1,-1
1166,3,-1,-1
1166,4,-1,-1
1166,5,-1,-1
1166,6,-1,-1
1166,7,-1,-1
1167,0,0,160
1167,1,0,160
1167,2,-1,-1
1167,3,-1,-1
1167,4,-1,-1
1167,5,-1,-1
1167,6,-1,-1
1167,7,-1,-1
1168,0,0,160
1168,1,0,160
1168,2,-1,-1
1168,3,-1,-1
1168,4,-1,-1
1168,5,-1,-1
1168,6,-1,-1
1168,7,-1,-1
1169,0,0,160
1169,1,0,160
1169,2,-1,-1
1169,3,-1,-1
1169,4,-1,-1
1169,5,-1,-1
1169,6,-1,-1
1169,7,-1,-1
1170,0,0,160
1170,1,0,160
1170,2,-1,-1
1170,3,-1,-1
1170,4,-1,-1
1170,5,-1,-1
1170,6,-1,-1
1170,7,-1,-1
1171,0,0,160
1171,1,0,160
1171,2,-1,-1
1171,3,-1,-1
1171,4,-1,-1
1171,5,-1,-1
1171,6,-1,-1
1171,7,-1,-1
1172,0,0,160
1172,1,0,160
1172,2,-1,-1
1172,3,-1,-1
1172,4,-1,-1
1172,5,-1,-1
1172,6,-1,-1
1172,7,-1,-1
1173,0,0,160
1173,1,0,160
1173,2,-1,-1
1173,3,-1,-1
1173,4,-1,-1
1173,5,-1,-1
1173,6,-1,-1
1173,7,-1,-1
1174,0,0,160
1174,1,0,160
1174,2,-1,-1
1174,3,-1,-1
1174,4,-1,-1
1174,5,-1,-1
1174,6,-1,-1
1174,7,-1,-1
1175,0,0,160
1175,1,0,160
1175,2,-1,-1
1175,3,-1,-1
1175,4,-1,-1
1175,5,-1,-1
1175,6,-1,-1
1175,7,-1,-1
1176,0,0,160
1176,1,0,160
1176,2,-1,-1
1176,3,-1,-1
1176,4,-1,-1
1176,5,-1,-1
1176,6,-1,-1
1176,7,-1,-1
1177,0,0,160
1177,1,0,160
1177,2,-1,-1
1177,3,-1,-1
1177,4,-1,-1
1177,5,-1,-1
1177,6,-1,-1
1177,7,-1,-1
1178,0,0,160
1178,1,0,160
1178,2,-1,-1
1178,3,-1,-1
1178,4,-1,-1
1178,5,-1,-1
1178,6,-1,-1
1178,7,-1,-1
1179,0,0,160
1179,1,0,160
1179,2,-1,-1
1179,3,-1,-1
1179,4,-1,-1
1179,5,-1,-1
1179,6,-1,-1
1179,7,-1,-1
1180,0,0,160
1180,1,0,160
1180,2,-1,-1
1180,3,-1,-1
1180,4,-1,-1
1180,5,-1,-1
1180,6,-1,-1
1180,7,-1,-1
1181,0,0,160
1181,1,0,160
1181,2,-1,-1
1181,3,-1,-1
1181,4,-1,-1
1181,5,-1,-1
1181,6,-1,-1
1181,7,-1,-1
1182,0,0,160
1182,1,0,160
1182,2,-1,-1
1182,3,-1,-1
1182,4,-1,-1
1182,5,-1,-1
1182,6,-1,-1
1182,7,-1,-1
1183,0,0,160
1183,1,0,160
1183,2,-1,-1
1183,3,-1,-1
1183,4,-1,-1
1183,5,-1,-1
1183,6,-1,-1
1183,7,-1,-1
1184,0,0,160
1184,1,0,160
1184,2,-1,-1
1184,3,-1,-1
1184,4,-1,-1
1184,5,-1,-1
1184,6,-1,-1
1184,7,-1,-1
1185,0,0,160
1185,1,0,160
1185,2,-1,-1
1185,3,-1,-1
1185,4,-1,-1
1185,5,-1,-1
1185,6,-1,-1
1185,7,-1,-1
1186,0,0,160
1186,1,0,160
1186,2,-1,-1
1186,3,-1,-1
1186,4,-1,-1
1186,5,-1,-1
1186,6,-1,-1
1186,7,-1,-1
1187,0,0,160
1187,1,0,160
1187,2,-1,-1
1187,3,-1,-1
1187,4,-1,-1
1187,5,-1,-1
1187,6,-1,-1
1187,7,-1,-1
1188,0,0,160
1188,1,0,160
1188,2,-1,-1
1188,3,-1,-1
1188,4,-1,-1
1188,5,-1,-1
1188,6,-1,-1
1188,7,-1,-1
1189,0,0,160
1189,1,0,160
1189,2,-1,-1
1189,3,-1,-1
1189,4,-1,-1
1189,5,-1,-1
1189,6,-1,-1
1189,7,-1,-1
1190,0,0,160
1190,1,0,160
1190,2,-1,-1
1190,3,-1,-1
1190,4,-1,-1
1190,5,-1,-1
1190,6,-1,-1
1190,7,-1,-1
1191,0,0,160
1191,1,0,160
1191,2,-1,-1
1191,3,-1,-1
1191,4,-1,-1
1191,5,-1,-1
1191,6,-1,-1
1191,7,-1,-1
1192,0,0,160
1192,1,0,160
1192,2,-1,-1
1192,3,-1,-1
1192,4,-1,-1
1192,5,-1,-1
1192,6,-1,-1
1192,7,-1,-1
1193,0,0,160
1193,1,0,160
1193,2,-1,-1
1193,3,-1,-1
1193,4,-1,-1
1193,5,-1,-1
1193,6,-1,-1
1193,7,-1,-1
1194,0,0,160
1194,1,0,160
1194,2,-1,-1
1194,3,-1,-1
1194,4,-1,-1
1194,5,-1,-1
1194,6,-1,-1
1194,7,-1,-1
1195,0,0,160
1195,1,0,160
1195,2,-1,-1
1195,3,-1,-1
1195,4,-1,-1
1195,5,-1,-1
1195,6,-1,-1
1195,7,-1,-1
1196,0,0,160
1196,1,0,160
1196,2,-1,-1
1196,3,-1,-1
1196,4,-1,-1
1196,5,-1,-1
1196,6,-1,-1
1196,7,-1,-1
1197,0,0,160
1197,1,0,160
1197,2,-1,-1
1197,3,-1,-1
1197,4,-1,-1
1197,5,-1,-1
1197,6,-1,-1
1197,7,-1,-1
1198,0,0,160
1198,1,0,160
1198,2,-1,-1
1198,3,-1,-1
1198,4,-1,-1
1198,5,-1,-1
1198,6,-1,-1
1198,7,-1,-1
1199,0,0,160
1199,1,0,160
1199,2,-1,-1
1199,3,-1,-1
1199,4,-1,-1
1199,5,-1,-1
1199,6,-1,-1
1199,7,-1,-1
1200,0,0,160
1200,1,0,160
1200,2,-1,-1
1200,3,-1,-1
1200,4,-1,-1
1200,5,-1,-1
1200,6,-1,-1
1200,7,-1,-1
1201,0,0,160
1201,1,0,160
1201,2,-1,-1
1201,3,-1,-1
1201,4,-1,-1
1201,5,-1,-1
1201,6,-1,-1
1201,7,-1,-1
1202,0,0,160
1202,1,0,160
1202,2,-1,-1
1202,3,-1,-1
1202,4,-1,-1
1202,5,-1,-1
1202,6,-1,-1
1202,7,-1,-1
1203,0,0,160
1203,1,0,160
1203,2,-1,-1
1203,3,-1,-1
1203,4,-1,-1
1203,5,-1,-1
1203,6,-1,-1
1203,7,-1,-1
1204,0,0,160
1204,1,0,160
1204,2,-1,-1
1204,3,-1,-1
1204,4,-1,-1
1204,5,-1,-1
1204,6,-1,-1
1204,7,-1,-1
1205,0,0,160
1205,1,0,160
1205,2,-1,-1
1205,3,-1,-1
1205,4,-1,-1
1205,5,-1,-1
1205,6,-1,-1
1205,7,-1,-1
1206,0,0,160
1206,1,0,160
1206,2,-1,-1
1206,3,-1,-1
1206,4,-1,-1
1206,5,-1,-1
1206,6,-1,-1
1206,7,-1,-1
1207,0,0,160
1207,1,0,160
1207,2,-1,-1
1207,3,-1,-1
1207,4,-1,-1
1207,5,-1,-1
1207,6,-1,-1
1207,7,-1,-1
1208,0,0,160
1208,1,0,160
1208,2,-1,-1
1208,3,-1,-1
1208,4,-1,-1
1208,5,-1,-1
1208,6,-1,-1
1208,7,-1,-1
1209,0,0,160
1209,1,0,160
1209,2,-1,-1
1209,3,-1,-1
1209,4,-1,-1
1209,5,-1,-1
1209,6,-1,-1
1209,7,-1,-1
1210,0,0,160
1210,1,0,160
1210,2,-1,-1
1210,3,-1,-1
1210,4,-1,-1
1210,5,-1,-1
1210,6,-1,-1
1210,7,-1,-1
1211,0,0,160
1211,1,0,160
1211,2,-1,-1
1211,3,-1,-1
1211,4,-1,-1
1211,5,-1,-1
1211,6,-1,-1
1211,7,-1,-1
1212,0,0,160
1212,1,0,160
1212,2,-1,-1
1212,3,-1,-1
1212,4,-1,-1
1212,5,-1,-1
1212,6,-1,-1
1212,7,-1,-1
1213,0,0,160
1213,1,0,160
1213,2,-1,-1
1213,3,-1,-1
1213,4,-1,-1
1213,5,-1,-1
1213,6,-1,-1
1213,7,-1,-1
1214,0,0,160
1214,1,0,160
1214,2,-1,-1
1214,3,-1,-1
1214,4,-1,-1
1214,5,-1,-1
1214,6,-1,-1
1214,7,-1,-1
1215,0,0,160
1215,1,0,160
1215,2,-1,-1
1215,3,-1,-1
1215,4,-1,-1
1215,5,-1,-1
1215,6,-1,-1
1215,7,-1,-1
1216,0,0,160
1216,1,0,160
1216,2,-1,-1
1216,3,-1,-1
1216,4,-1,-1
1216,5,-1,-1
1216,6,-1,-1
1216,7,-1,-1
1217,0,0,160
1217,1,0,160
1217,2,-1,-1
1217,3,-1,-1
1217,4,-1,-1
1217,5,-1,-1
1217,6,-1,-1
1217,7,-1,-1
1218,0,0,160
1218,1,0,160
1218,2,-1,-1
1218,3,-1,-1
1218,4,-1,-1
1218,5,-1,-1
1218,6,-1,-1
1218,7,-1,-1
1219,0,0,160
1219,1,0,160
1219,2,-1,-1
1219,3,-1,-1
1219,4,-1,-1
1219,5,-1,-1
1219,6,-1,-1
1219,7,-1,-1
1220,0,0,160
1220,1,0,160
1220,2,-1,-1
1220,3,-1,-1
1220,4,-1,-1
1220,5,-1,-1
1220,6,-1,-1
1220,7,-1,-1
1221,0,0,160
1221,1,0,160
1221,2,-1,-1
1221,3,-1,-1
1221,4,-1,-1
1221,5,-1,-1
1221,6,-1,-1
1221,7,-1,-1
1222,0,0,160
1222,1,0,160
1222,2,-1,-1
1222,3,-1,-1
1222,4,-1,-1
1222,5,-1,-1
1222,6,-1,-1
1222,7,-1,-1
1223,0,0,160
1223,1,0,160
1223,2,-1,-1
1223,3,-1,-1
1223,4,-1,-1
1223,5,-1,-1
1223,6,-1,-1
1223,7,-1,-1
1224,0,0,160
1224,1,0,160
1224,2,-1,-1
1224,3,-1,-1
1224,4,-1,-1
1224,5,-1,-1
1224,6,-1,-1
1224,7,-1,-1
1225,0,0,160
1225,1,0,160
1225,2,-1,-1
1225,3,-1,-1
1225,4,-1,-1
1225,5,-1,-1
1225,6,-1,-1
1225,7,-1,-1
1226,0,0,160
1226,1,0,160
1226,2,-1,-1
1226,3,-1,-1
1226,4,-1,-1
1226,5,-1,-1
1226,6,-1,-1
1226,7,-1,-1
1227,0,0,160
1227,1,0,160
1227,2,-1,-1
1227,3,-1,-1
1227,4,-1,-1
1227,5,-1,-1
1227,6,-1,-1
1227,7,-1,-1
1228,0,0,160
1228,1,0,160
1228,2,-1,-1
1228,3,-1,-1
1228,4,-1,-1
1228,5,-1,-1
1228,6,-1,-1
1228,7,-1,-1
1229,0,0,160
1229,1,0,160
1229,2,-1,-1
1229,3,-1,-1
1229,4,-1,-1
1229,5,-1,-1
1229,6,-1,-1
1229,7,-1,-1
1230,0,0,160
1230,1,0,160
1230,2,-1,-1
1230,3,-1,-1
1230,4,-1,-1
1230,5,-1,-1
1230,6,-1,-1
1230,7,-1,-1
1231,0,0,160
1231,1,0,160
1231,2,-1,-1
1231,3,-1,-1
1231,4,-1,-1
1231,5,-1,-1
1231,6,-1,-1
1231,7,-1,-1
1232,0,0,160
1232,1,0,160
1232,2,-1,-1
1232,3,-1,-1
1232,4,-1,-1
1232,5,-1,-1
1232,6,-1,-1
1232,7,-1,-1
1233,0,0,160
1233,1,0,160
1233,2,-1,-1
1233,3,-1,-1
1233,4,-1,-1
1233,5,-1,-1
1233,6,-1,-1
1233,7,-1,-1
1234,0,0,160
1234,1,0,160
1234,2,-1,-1
1234,3,-1,-1
1234,4,-1,-1
1234,5,-1,-1
1234,6,-1,-1
1234,7,-1,-1
1235,0,0,160
1235,1,0,160
1235,2,-1,-1
1235,3,-1,-1
1235,4,-1,-1
1235,5,-1,-1
1235,6,-1,-1
1235,7,-1,-1
1236,0,0,160
1236,1,0,160
1236,2,-1,-1
1236,3,-1,-1
1236,4,-1,-1
1236,5,-1,-1
1236,6,-1,-1
1236,7,-1,-1
1237,0,0,160
1237,1,0,160
1237,2,-1,-1
1237,3,-1,-1
1237,4,-1,-1
1237,5,-1,-1
1237,6,-1,-1
1237,7,-1,-1
1238,0,0,160
1238,1,0,160
1238,2,-1,-1
1238,3,-1,-1
1238,4,-1,-1
1238,5,-1,-1
1238,6,-1,-1
1238,7,-1,-1
1239,0,0,160
1239,1,0,160
1239,2,-1,-1
1239,3,-1,-1
1239,4,-1,-1
1239,5,-1,-1
1239,6,-1,-1
1239,7,-1,-1
1240,0,0,160
1240,1,0,160
1240,2,-1,-1
1240,3,-1,-1
1240,4,-1,-1
1240,5,-1,-1
1240,6,-1,-1
1240,7,-1,-1
1241,0,0,160
1241,1,0,160
1241,2,-1,-1
1241,3,-1,-1
1241,4,-1,-1
1241,5,-1,-1
1241,6,-1,-1
1241,7,-1,-1
1242,0,0,160
1242,1,0,160
1242,2,-1,-1
1242,3,-1,-1
1242,4,-1,-1
1242,5,-1,-1
1242,6,-1,-1
1242,7,-1,-1
1243,0,0,160
1243,1,0,160
1243,2,-1,-1
1243,3,-1,-1
1243,4,-1,-1
1243,5,-1,-1
1243,6,-1,-1
1243,7,-1,-1
1244,0,0,160
1244,1,0,160
1244,2,-1,-1
1244,3,-1,-1
1244,4,-1,-1
1244,5,-1,-1
1244,6,-1,-1
1244,7,-1,-1
1245,0,0,160
1245,1,0,160
1245,2,-1,-1
1245,3,-1,-1
1245,4,-1,-1
1245,5,-1,-1
1245,6,-1,-1
1245,7,-1,-1
1246,0,0,160
1246,1,0,160
1246,2,-1,-1
1246,3,-1,-1
1246,4,-1,-1
1246,5,-1,-1
1246,6,-1,-1
1246,7,-1,-1
1247,0,0,160
1247,1,0,160
1247,2,-1,-1
1247,3,-1,-1
1247,4,-1,-1
1247,5,-1,-1
1247,6,-1,-1
1247,7,-1,-1
1248,0,0,160
1248,1,0,160
1248,2,-1,-1
1248,3,-1,-1
1248,4,-1,-1
1248,5,-1,-1
1248,6,-1,-1
1248,7,-1,-1
1249,0,0,160
1249,1,0,160
1249,2,-1,-1
1249,3,-1,-1
1249,4,-1,-1
1249,5,-1,-1
1249,6,-1,-1
1249,7,-1,-1
1250,0,0,160
1250,1,0,160
1250,2,-1,-1
1250,3,-1,-1
1250,4,-1,-1
1250,5,-1,-1
1250,6,-1,-1
1250,7,-1,-1
1251,0,0,160
1251,1,0,160
1251,2,-1,-1
1251,3,-1,-1
1251,4,-1,-1
1251,5,-1,-1
1251,6,-1,-1
1251,7,-1,-1
1252,0,0,160
1252,1,0,160
1252,2,-1,-1
1252,3,-1,-1
1252,4,-1,-1
1252,5,-1,-1
1252,6,-1,-1
1252,7,-1,-1
1253,0,0,160
1253,1,0,160
1253,2,-1,-1
1253,3,-1,-1
1253,4,-1,-1
1253,5,-1,-1
1253,6,-1,-1
1253,7,-1,-1
1254,0,0,160
1254,1,0,160
1254,2,-1,-1
1254,3,-1,-1
1254,4,-1,-1
1254,5,-1,-1
1254,6,-1,-1
1254,7,-1,-1
1255,0,0,160
1255,1,0,160
1255,2,-1,-1
1255,3,-1,-1
1255,4,-1,-1
1255,5,-1,-1
1255,6,-1,-1
1255,7,-1,-1
1256,0,0,160
1256,1,0,160
1256,2,-1,-1
1256,3,-1,-1
1256,4,-1,-1
1256,5,-1,-1
1256,6,-1,-1
1256,7,-1,-1
1257,0,0,160
1257,1,0,160
1257,2,-1,-1
1257,3,-1,-1
1257,4,-1,-1
1257,5,-1,-1
1257,6,-1,-1
1257,7,-1,-1
1258,0,0,160
1258,1,0,160
1258,2,-1,-1
1258,3,-1,-1
1258,4,-1,-1
1258,5,-1,-1
1258,6,-1,-1
1258,7,-1,-1
1259,0,0,160
1259,1,0,160
1259,2,-1,-1
1259,3,-1,-1
1259,4,-1,-1
1259,5,-1,-1
1259,6,-1,-1
1259,7,-1,-1
1260,0,0,160
1260,1,0,160
1260,2,-1,-1
1260,3,-1,-1
1260,4,-1,-1
1260,5,-1,-1
1260,6,-1,-1
1260,7,-1,-1
1261,0,0,160
1261,1,0,160
1261,2,-1,-1
1261,3,-1,-1
1261,4,-1,-1
1261,5,-1,-1
1261,6,-1,-1
1261,7,-1,-1
1262,0,0,160
1262,1,0,160
1262,2,-1,-1
1262,3,-1,-1
1262,4,-1,-1
1262,5,-1,-1
1262,6,-1,-1
1262,7,-1,-1
1263,0,0,160
1263,1,0,160
1263,2,-1,-1
1263,3,-1,-1
1263,4,-1,-1
1263,5,-1,-1
1263,6,-1,-1
1263,7,-1,-1
1264,0,0,160
1264,1,0,160
1264,2,-1,-1
1264,3,-1,-1
1264,4,-1,-1
1264,5,-1,-1
1264,6,-1,-1
1264,7,-1,-1
1265,0,0,160
1265,1,0,160
1265,2,-1,-1
1265,3,-1,-1
1265,4,-1,-1
1265,5,-1,-1
1265,6,-1,-1
1265,7,-1,-1
1266,0,0,160
1266,1,0,160
1266,2,-1,-1
1266,3,-1,-1
1266,4,-1,-1
1266,5,-1,-1
1266,6,-1,-1
1266,7,-1,-1
1267,0,0,160
1267,1,0,160
1267,2,-1,-1
1267,3,-1,-1
1267,4,-1,-1
1267,5,-1,-1
1267,6,-1,-1
1267,7,-1,-1
1268,0,0,160
1268,1,0,160
1268,2,-1,-1
1268,3,-1,-1
1268,4,-1,-1
1268,5,-1,-1
1268,6,-1,-1
1268,7,-1,-1
1269,0,0,160
1269,1,0,160
1269,2,-1,-1
1269,3,-1,-1
1269,4,-1,-1
1269,5,-1,-1
1269,6,-1,-1
1269,7,-1,-1
1270,0,0,160
1270,1,0,160
1270,2,-1,-1
1270,3,-1,-1
1270,4,-1,-1
1270,5,-1,-1
1270,6,-1,-1
1270,7,-1,-1
1271,0,0,160
1271,1,0,160
1271,2,-1,-1
1271,3,-1,-1
1271,4,-1,-1
1271,5,-1,-1
1271,6,-1,-1
1271,7,-1,-1
1272,0,0,160
1272,1,0,160
1272,2,-1,-1
1272,3,-1,-1
1272,4,-1,-1
1272,5,-1,-1
1272,6,-1,-1
1272,7,-1,-1
1273,0,0,160
1273,1,0,160
1273,2,-1,-1
1273,3,-1,-1
1273,4,-1,-1
1273,5,-1,-1
1273,6,-1,-1
1273,7,-1,-1
1274,0,0,160
1274,1,0,160
1274,2,-1,-1
1274,3,-1,-1
1274,4,-1,-1
1274,5,-1,-1
1274,6,-1,-1
1274,7,-1,-1
1275,0,0,160
1275,1,0,160
1275,2,-1,-1
1275,3,-1,-1
1275,4,-1,-1
1275,5,-1,-1
1275,6,-1,-1
1275,7,-1,-1
1276,0,0,160
1276,1,0,160
1276,2,-1,-1
1276,3,-1,-1
1276,4,-1,-1
1276,5,-1,-1
1276,6,-1,-1
1276,7,-1,-1
1277,0,0,160
1277,1,0,160
1277,2,-1,-1
1277,3,-1,-1
1277,4,-1,-1
1277,5,-1,-1
1277,6,-1,-1
1277,7,-1,-1
1278,0,0,160
1278,1,0,160
1278,2,-1,-1
1278,3,-1,-1
1278,4,-1,-1
1278,5,-1,-1
1278,6,-1,-1
1278,7,-1,-1
1279,0,0,160
1279,1,0,160
1279,2,-1,-1
1279,3,-1,-1
1279,4,-1,-1
1279,5,-1,-1
1279,6,-1,-1
1279,7,-1,-1
1280,0,0,160
1280,1,0,160
1280,2,-1,-1
1280,3,-1,-1
1280,4,-1,-1
1280,5,-1,-1
1280,6,-1,-1
1280,7,-1,-1
1281,0,0,160
1281,1,0,160
1281,2,-1,-1
1281,3,-1,-1
1281,4,-1,-1
1281,5,-1,-1
1281,6,-1,-1
1281,7,-1,-1
1282,0,0,160
1282,1,0,160
1282,2,-1,-1
1282,3,-1,-1
1282,4,-1,-1
1282,5,-1,-1
1282,6,-1,-1
1282,7,-1,-1
1283,0,0,160
1283,1,0,160
1283,2,-1,-1
1283,3,-1,-1
1283,4,-1,-1
1283,5,-1,-1
1283,6,-1,-1
1283,7,-1,-1
1284,0,0,160
1284,1,0,160
1284,2,-1,-1
1284,3,-1,-1
1284,4,-1,-1
1284,5,-1,-1
1284,6,-1,-1
1284,7,-1,-1
1285,0,0,160
1285,1,0,160
1285,2,-1,-1
1285,3,-1,-1
1285,4,-1,-1
1285,5,-1,-1
1285,6,-1,-1
1285,7,-1,-1
1286,0,0,160
1286,1,0,160
1286,2,-1,-1
1286,3,-1,-1
1286,4,-1,-1
1286,5,-1,-1
1286,6,-1,-1
1286,7,-1,-1
1287,0,0,160
1287,1,0,160
1287,2,-1,-1
1287,3,-1,-1
1287,4,-1,-1
1287,5,-1,-1
1287,6,-1,-1
1287,7,-1,-1
1288,0,0,160
1288,1,0,160
1288,2,-1,-1
1288,3,-1,-1
1288,4,-1,-1
1288,5,-1,-1
1288,6,-1,-1
1288,7,-1,-1
1289,0,0,160
1289,1,0,160
1289,2,-1,-1
1289,3,-1,-1
1289,4,-1,-1
1289,5,-1,-1
1289,6,-1,-1
1289,7,-1,-1
1290,0,0,160
1290,1,0,160
1290,2,-1,-1
1290,3,-1,-1
1290,4,-1,-1
1290,5,-1,-1
1290,6,-1,-1
1290,7,-1,-1
1291,0,0,160
1291,1,0,160
1291,2,-1,-1
1291,3,-1,-1
1291,4,-1,-1
1291,5,-1,-1
1291,6,-1,-1
1291,7,-1,-1
1292,0,0,160
1292,1,0,160
1292,2,-1,-1
1292,3,-1,-1
1292,4,-1,-1
1292,5,-1,-1
1292,6,-1,-1
1292,7,-1,-1
1293,0,0,160
1293,1,0,160
1293,2,-1,-1
1293,3,-1,-1
1293,4,-1,-1
1293,5,-1,-1
1293,6,-1,-1
1293,7,-1,-1
1294,0,0,160
1294,1,0,160
1294,2,-1,-1
1294,3,-1,-1
1294,4,-1,-1
1294,5,-1,-1
1294,6,-1,-1
1294,7,-1,-1
1295,0,0,160
1295,1,0,160
1295,2,-1,-1
1295,3,-1,-1
1295,4,-1,-1
1295,5,-1,-1
1295,6,-1,-1
1295,7,-1,-1
1296,0,0,160
1296,1,0,160
1296,2,-1,-1
1296,3,-1,-1
1296,4,-1,-1
1296,5,-1,-1
1296,6,-1,-1
1296,7,-1,-1
1297,0,0,160
1297,1,0,160
1297,2,-1,-1
1297,3,-1,-1
1297,4,-1,-1
1297,5,-1,-1
1297,6,-1,-1
1297,7,-1,-1
1298,0,0,160
1298,1,0,160
1298,2,-1,-1
1298,3,-1,-1
1298,4,-1,-1
1298,5,-1,-1
1298,6,-1,-1
1298,7,-1,-1
1299,0,0,160
1299,1,0,160
1299,2,-1,-1
1299,3,-1,-1
1299,4,-1,-1
1299,5,-1,-1
1299,6,-1,-1
1299,7,-1,-1
1300,0,0,160
1300,1,0,160
1300,2,-1,-1
1300,3,-1,-1
1300,4,-1,-1
1300,5,-1,-1
1300,6,-1,-1
1300,7,-1,-1
1301,0,0,160
1301,1,0,160
1301,2,-1,-1
1301,3,-1,-1
1301,4,-1,-1
1301,5,-1,-1
1301,6,-1,-1
1301,7,-1,-1
1302,0,0,160
1302,1,0,160
1302,2,-1,-1
1302,3,-1,-1
1302,4,-1,-1
1302,5,-1,-1
1302,6,-1,-1
1302,7,-1,-1
1303,0,0,160
1303,1,0,160
1303,2,-1,-1
1303,3,-1,-1
1303,4,-1,-1
1303,5,-1,-1
1303,6,-1,-1
1303,7,-1,-1
1304,0,0,160
1304,1,0,160
1304,2,-1,-1
1304,3,-1,-1
1304,4,-1,-1
1304,5,-1,-1
1304,6,-1,-1
1304,7,-1,-1
1305,0,0,160
1305,1,0,160
1305,2,-1,-1
1305,3,-1,-1
1305,4,-1,-1
1305,5,-1,-1
1305,6,-1,-1
1305,7,-1,-1
1306,0,0,160
1306,1,0,160
1306,2,-1,-1
1306,3,-1,-1
1306,4,-1,-1
1306,5,-1,-1
1306,6,-1,-1
1306,7,-1,-1
1307,0,0,160
1307,1,0,160
1307,2,-1,-1
1307,3,-1,-1
1307,4,-1,-1
1307,5,-1,-1
1307,6,-1,-1
1307,7,-1,-1
1308,0,0,160
1308,1,0,160
1308,2,-1,-1
1308,3,-1,-1
1308,4,-1,-1
1308,5,-1,-1
1308,6,-1,-1
1308,7,-1,-1
1309,0,0,160
1309,1,0,160
1309,2,-1,-1
1309,3,-1,-1
1309,4,-1,-1
1309,5,-1,-1
1309,6,-1,-1
1309,7,-1,-1
1310,0,0,160
1310,1,0,160
1310,2,-1,-1
1310,3,-1,-1
1310,4,-1,-1
1310,5,-1,-1
1310,6,-1,-1
1310,7,-1,-1
1311,0,0,160
1311,1,0,160
1311,2,-1,-1
1311,3,-1,-1
1311,4,-1,-1
1311,5,-1,-1
1311,6,-1,-1
1311,7,-1,-1
1312,0,0,160
1312,1,0,160
1312,2,-1,-1
1312,3,-1,-1
1312,4,-1,-1
1312,5,-1,-1
1312,6,-1,-1
1312,7,-1,-1
1313,0,0,160
1313,1,0,160
1313,2,-1,-1
1313,3,-1,-1
1313,4,-1,-1
1313,5,-1,-1
1313,6,-1,-1
1313,7,-1,-1
1314,0,0,160
1314,1,0,160
1314,2,-1,-1
1314,3,-1,-1
1314,4,-1,-1
1314,5,-1,-1
1314,6,-1,-1
1314,7,-1,-1
1315,0,0,160
1315,1,0,160
1315,2,-1,-1
1315,3,-1,-1
1315,4,-1,-1
1315,5,-1,-1
1315,6,-1,-1
1315,7,-1,-1
1316,0,0,160
1316,1,0,160
1316,2,-1,-1
1316,3,-1,-1
1316,4,-1,-1
1316,5,-1,-1
1316,6,-1,-1
1316,7,-1,-1
1317,0,0,160
1317,1,0,160
1317,2,-1,-1
1317,3,-1,-1
1317,4,-1,-1
1317,5,-1,-1
1317,6,-1,-1
1317,7,-1,-1
1318,0,0,160
1318,1,0,160
1318,2,-1,-1
1318,3,-1,-1
1318,4,-1,-1
1318,5,-1,-1
1318,6,-1,-1
1318,7,-1,-1
1319,0,0,160
1319,1,0,160
1319,2,-1,-1
1319,3,-1,-1
1319,4,-1,-1
1319,5,-1,-1
1319,6,-1,-1
1319,7,-1,-1
1320,0,0,160
1320,1,0,160
1320,2,-1,-1
1320,3,-1,-1
1320,4,-1,-1
1320,5,-1,-1
1320,6,-1,-1
1320,7,-1,-1
1321,0,0,160
1321,1,0,160
1321,2,-1,-1
1321,3,-1,-1
1321,4,-1,-1
1321,5,-1,-1
1321,6,-1,-1
1321,7,-1,-1
1322,0,0,160
1322,1,0,160
1322,2,-1,-1
1322,3,-1,-1
1322,4,-1,-1
1322,5,-1,-1
1322,6,-1,-1
1322,7,-1,-1
1323,0,0,160
1323,1,0,160
1323,2,-1,-1
1323,3,-1,-1
1323,4,-1,-1
1323,5,-1,-1
1323,6,-1,-1
1323,7,-1,-1
1324,0,0,160
1324,1,0,160
1324,2,-1,-1
1324,3,-1,-1
1324,4,-1,-1
1324,5,-1,-1
1324,6,-1,-1
1324,7,-1,-1
1325,0,0,160
1325,1,0,160
1325,2,-1,-1
1325,3,-1,-1
1325,4,-1,-1
1325,5,-1,-1
1325,6,-1,-1
1325,7,-1,-1
1326,0,0,160
1326,1,0,160
1326,2,-1,-1
1326,3,-1,-1
1326,4,-1,-1
1326,5,-1,-1
1326,6,-1,-1
1326,7,-1,-1
1327,0,0,160
1327,1,0,160
1327,2,-1,-1
1327,3,-1,-1
1327,4,-1,-1
1327,5,-1,-1
1327,6,-1,-1
1327,7,-1,-1
1328,0,0,160
1328,1,0,160
1328,2,-1,-1
1328,3,-1,-1
1328,4,-1,-1
1328,5,-1,-1
1328,6,-1,-1
1328,7,-1,-1
1329,0,0,160
1329,1,0,160
1329,2,-1,-1
1329,3,-1,-1
1329,4,-1,-1
1329,5,-1,-1
1329,6,-1,-1
1329,7,-1,-1
1330,0,0,160
1330,1,0,160
1330,2,-1,-1
1330,3,-1,-1
1330,4,-1,-1
1330,5,-1,-1
1330,6,-1,-1
1330,7,-1,-1
1331,0,0,160
1331,1,0,160
1331,2,-1,-1
1331,3,-1,-1
1331,4,-1,-1
1331,5,-1,-1
1331,6,-1,-1
1331,7,-1,-1
1332,0,0,160
1332,1,0,160
1332,2,-1,-1
1332,3,-1,-1
1332,4,-1,-1
1332,5,-1,-1
1332,6,-1,-1
1332,7,-1,-1
1333,0,0,160
1333,1,0,160
1333,2,-1,-1
1333,3,-1,-1
1333,4,-1,-1
1333,5,-1,-1
1333,6,-1,-1
1333,7,-1,-1
1334,0,0,160
1334,1,0,160
1334,2,-1,-1
1334,3,-1,-1
1334,4,-1,-1
1334,5,-1,-1
1334,6,-1,-1
1334,7,-1,-1
1335,0,0,160
1335,1,0,160
1335,2,-1,-1
1335,3,-1,-1
1335,4,-1,-1
1335,5,-1,-1
1335,6,-1,-1
1335,7,-1,-1
1336,0,0,160
1336,1,0,160
1336,2,-1,-1
1336,3,-1,-1
1336,4,-1,-1
1336,5,-1,-1
1336,6,-1,-1
1336,7,-1,-1
1337,0,0,160
1337,1,0,160
1337,2,-1,-1
1337,3,-1,-1
1337,4,-1,-1
1337,5,-1,-1
1337,6,-1,-1
1337,7,-1,-1
1338,0,0,160
1338,1,0,160
1338,2,-1,-1
1338,3,-1,-1
1338,4,-1,-1
1338,5,-1,-1
1338,6,-1,-1
1338,7,-1,-1
1339,0,0,160
1339,1,0,160
1339,2,-1,-1
1339,3,-1,-1
1339,4,-1,-1
1339,5,-1,-1
1339,6,-1,-1
1339,7,-1,-1
1340,0,0,160
1340,1,0,160
1340,2,-1,-1
1340,3,-1,-1
1340,4,-1,-1
1340,5,-1,-1
1340,6,-1,-1
1340,7,-1,-1
1341,0,0,160
1341,1,0,160
1341,2,-1,-1
1341,3,-1,-1
1341,4,-1,-1
1341,5,-1,-1
1341,6,-1,-1
1341,7,-1,-1
1342,0,0,160
1342,1,0,160
1342,2,-1,-1
1342,3,-1,-1
1342,4,-1,-1
1342,5,-1,-1
1342,6,-1,-1
1342,7,-1,-1
1343,0,0,160
1343,1,0,160
1343,2,-1,-1
1343,3,-1,-1
1343,4,-1,-1
1343,5,-1,-1
1343,6,-1,-1
1343,7,-1,-1
1344,0,0,160
1344,1,0,160
1344,2,-1,-1
1344,3,-1,-1
1344,4,-1,-1
1344,5,-1,-1
1344,6,-1,-1
1344,7,-1,-1
1345,0,0,160
1345,1,0,160
1345,2,-1,-1
1345,3,-1,-1
1345,4,-1,-1
1345,5,-1,-1
1345,6,-1,-1
1345,7,-1,-1
1346,0,0,160
1346,1,0,160
1346,2,-1,-1
1346,3,-1,-1
1346,4,-1,-1
1346,5,-1,-1
1346,6,-1,-1
1346,7,-1,-1
1347,0,0,160
1347,1,0,160
1347,2,-1,-1
1347,3,-1,-1
1347,4,-1,-1
1347,5,-1,-1
1347,6,-1,-1
1347,7,-1,-1
1348,0,0,160
1348,1,0,160
1348,2,-1,-1
1348,3,-1,-1
1348,4,-1,-1
1348,5,-1,-1
1348,6,-1,-1
1348,7,-1,-1
1349,0,0,160
1349,1,0,160
1349,2,-1,-1
1349,3,-1,-1
1349,4,-1,-1
1349,5,-1,-1
1349,6,-1,-1
1349,7,-1,-1
1350,0,0,160
1350,1,0,160
1350,2,-1,-1
1350,3,-1,-1
1350,4,-1,-1
1350,5,-1,-1
1350,6,-1,-1
1350,7,-1,-1
1351,0,0,160
1351,1,0,160
1351,2,-1,-1
1351,3,-1,-1
1351,4,-1,-1
1351,5,-1,-1
1351,6,-1,-1
1351,7,-1,-1
1352,0,0,160
1352,1,0,160
1352,2,-1,-1
1352,3,-1,-1
1352,4,-1,-1
1352,5,-1,-1
1352,6,-1,-1
1352,7,-1,-1
1353,0,0,160
1353,1,0,160
1353,2,-1,-1
1353,3,-1,-1
1353,4,-1,-1
1353,5,-1,-1
1353,6,-1,-1
1353,7,-1,-1
1354,0,0,160
1354,1,0,160
1354,2,-1,-1
1354,3,-1,-1
1354,4,-1,-1
1354,5,-1,-1
1354,6,-1,-1
1354,7,-1,-1
1355,0,0,160
1355,1,0,160
1355,2,-1,-1
1355,3,-1,-1
1355,4,-1,-1
1355,5,-1,-1
1355,6,-1,-1
1355,7,-1,-1
1356,0,0,160
1356,1,0,160
1356,2,-1,-1
1356,3,-1,-1
1356,4,-1,-1
1356,5,-1,-1
1356,6,-1,-1
1356,7,-1,-1
1357,0,0,160
1357,1,0,160
1357,2,-1,-1
1357,3,-1,-1
1357,4,-1,-1
1357,5,-1,-1
1357,6,-1,-1
1357,7,-1,-1
1358,0,0,160
1358,1,0,160
1358,2,-1,-1
1358,3,-1,-1
1358,4,-1,-1
1358,5,-1,-1
1358,6,-1,-1
1358,7,-1,-1
1359,0,0,160
1359,1,0,160
1359,2,-1,-1
1359,3,-1,-1
1359,4,-1,-1
1359,5,-1,-1
1359,6,-1,-1
1359,7,-1,-1
1360,0,0,160
1360,1,0,160
1360,2,-1,-1
1360,3,-1,-1
1360,4,-1,-1
1360,5,-1,-1
1360,6,-1,-1
1360,7,-1,-1
1361,0,0,160
1361,1,0,160
1361,2,-1,-1
1361,3,-1,-1
1361,4,-1,-1
1361,5,-1,-1
1361,6,-1,-1
1361,7,-1,-1
1362,0,0,160
1362,1,0,160
1362,2,-1,-1
1362,3,-1,-1
1362,4,-1,-1
1362,5,-1,-1
1362,6,-1,-1
1362,7,-1,-1
1363,0,0,160
1363,1,0,160
1363,2,-1,-1
1363,3,-1,-1
1363,4,-1,-1
1363,5,-1,-1
1363,6,-1,-1
1363,7,-1,-1
1364,0,0,160
1364,1,0,160
1364,2,-1,-1
1364,3,-1,-1
1364,4,-1,-1
1364,5,-1,-1
1364,6,-1,-1
1364,7,-1,-1
1365,0,0,160
1365,1,0,160
1365,2,-1,-1
1365,3,-1,-1
1365,4,-1,-1
1365,5,-1,-1
1365,6,-1,-1
1365,7,-1,-1
1366,0,0,160
1366,1,0,160
1366,2,-1,-1
1366,3,-1,-1
1366,4,-1,-1
1366,5,-1,-1
1366,6,-1,-1
1366,7,-1,-1
1367,0,0,160
1367,1,0,160
1367,2,-1,-1
1367,3,-1,-1
1367,4,-1,-1
1367,5,-1,-1
1367,6,-1,-1
1367,7,-1,-1
1368,0,0,160
1368,1,0,160
1368,2,-1,-1
1368,3,-1,-1
1368,4,-1,-1
1368,5,-1,-1
1368,6,-1,-1
1368,7,-1,-1
1369,0,0,160
1369,1,0,160
1369,2,-1,-1
1369,3,-1,-1
1369,4,-1,-1
1369,5,-1,-1
1369,6,-1,-1
1369,7,-1,-1
1370,0,0,160
1370,1,0,160
1370,2,-1,-1
1370,3,-1,-1
1370,4,-1,-1
1370,5,-1,-1
1370,6,-1,-1
1370,7,-1,-1
1371,0,0,160
1371,1,0,160
1371,2,-1,-1
1371,3,-1,-1
1371,4,-1,-1
1371,5,-1,-1
1371,6,-1,-1
1371,7,-1,-1
1372,0,0,160
1372,1,0,160
1372,2,-1,-1
1372,3,-1,-1
1372,4,-1,-1
1372,5,-1,-1
1372,6,-1,-1
1372,7,-1,-1
1373,0,0,160
1373,1,0,160
1373,2,-1,-1
1373,3,-1,-1
1373,4,-1,-1
1373,5,-1,-1
1373,6,-1,-1
1373,7,-1,-1
1374,0,0,160
1374,1,0,160
1374,2,-1,-1
1374,3,-1,-1
1374,4,-1,-1
1374,5,-1,-1
1374,6,-1,-1
1374,7,-1,-1
1375,0,0,160
1375,1,0,160
1375,2,-1,-1
1375,3,-1,-1
1375,4,-1,-1
1375,5,-1,-1
1375,6,-1,-1
1375,7,-1,-1
1376,0,0,160
1376,1,0,160
1376,2,-1,-1
1376,3,-1,-1
1376,4,-1,-1
1376,5,-1,-1
1376,6,-1,-1
1376,7,-1,-1
1377,0,0,160
1377,1,0,160
1377,2,-1,-1
1377,3,-1,-1
1377,4,-1,-1
1377,5,-1,-1
1377,6,-1,-1
1377,7,-1,-1
1378,0,0,160
1378,1,0,160
1378,2,-1,-1
1378,3,-1,-1
1378,4,-1,-1
1378,5,-1,-1
1378,6,-1,-1
1378,7,-1,-1
1379,0,0,160
1379,1,0,160
1379,2,-1,-1
1379,3,-1,-1
1379,4,-1,-1
1379,5,-1,-1
1379,6,-1,-1
1379,7,-1,-1
1380,0,0,160
1380,1,0,160
1380,2,-1,-1
1380,3,-1,-1
1380,4,-1,-1
1380,5,-1,-1
1380,6,-1,-1
1380,7,-1,-1
1381,0,0,160
1381,1,0,160
1381,2,-1,-1
1381,3,-1,-1
1381,4,-1,-1
1381,5,-1,-1
1381,6,-1,-1
1381,7,-1,-1
1382,0,0,160
1382,1,0,160
1382,2,-1,-1
1382,3,-1,-1
1382,4,-1,-1
1382,5,-1,-1
1382,6,-1,-1
1382,7,-1,-1
1383,0,0,160
1383,1,0,160
1383,2,-1,-1
1383,3,-1,-1
1383,4,-1,-1
1383,5,-1,-1
1383,6,-1,-1
1383,7,-1,-1
1384,0,0,160
1384,1,0,160
1384,2,-1,-1
1384,3,-1,-1
1384,4,-1,-1
1384,5,-1,-1
1384,6,-1,-1
1384,7,-1,-1
1385,0,0,160
1385,1,0,160
1385,2,-1,-1
1385,3,-1,-1
1385,4,-1,-1
1385,5,-1,-1
1385,6,-1,-1
1385,7,-1,-1
1386,0,0,160
1386,1,0,160
1386,2,-1,-1
1386,3,-1,-1
1386,4,-1,-1
1386,5,-1,-1
1386,6,-1,-1
1386,7,-1,-1
1387,0,0,160
1387,1,0,160
1387,2,-1,-1
1387,3,-1,-1
1387,4,-1,-1
1387,5,-1,-1
1387,6,-1,-1
1387,7,-1,-1
1388,0,0,160
1388,1,0,160
1388,2,-1,-1
1388,3,-1,-1
1388,4,-1,-1
1388,5,-1,-1
1388,6,-1,-1
1388,7,-1,-1
1389,0,0,160
1389,1,0,160
1389,2,-1,-1
1389,3,-1,-1
1389,4,-1,-1
1389,5,-1,-1
1389,6,-1,-1
1389,7,-1,-1
1390,0,0,160
1390,1,0,160
1390,2,-1,-1
1390,3,-1,-1
1390,4,-1,-1
1390,5,-1,-1
1390,6,-1,-1
1390,7,-1,-1
1391,0,0,160
1391,1,0,160
1391,2,-1,-1
1391,3,-1,-1
1391,4,-1,-1
1391,5,-1,-1
1391,6,-1,-1
1391,7,-1,-1
1392,0,0,160
1392,1,0,160
1392,2,-1,-1
1392,3,-1,-1
1392,4,-1,-1
1392,5,-1,-1
1392,6,-1,-1
1392,7,-1,-1
1393,0,0,160
1393,1,0,160
1393,2,-1,-1
1393,3,-1,-1
1393,4,-1,-1
1393,5,-1,-1
1393,6,-1,-1
1393,7,-1,-1
1394,0,0,160
1394,1,0,160
1394,2,-1,-1
1394,3,-1,-1
1394,4,-1,-1
1394,5,-1,-1
1394,6,-1,-1
1394,7,-1,-1
1395,0,0,160
1395,1,0,160
1395,2,-1,-1
1395,3,-1,-1
1395,4,-1,-1
1395,5,-1,-1
1395,6,-1,-1
1395,7,-1,-1
1396,0,0,160
1396,1,0,160
1396,2,-1,-1
1396,3,-1,-1
1396,4,-1,-1
1396,5,-1,-1
1396,6,-1,-1
1396,7,-1,-1
1397,0,0,160
1397,1,0,160
1397,2,-1,-1
1397,3,-1,-1
1397,4,-1,-1
1397,5,-1,-1
1397,6,-1,-1
1397,7,-1,-1
1398,0,0,160
1398,1,0,160
1398,2,-1,-1
1398,3,-1,-1
1398,4,-1,-1
1398,5,-1,-1
1398,6,-1,-1
1398,7,-1,-1
1399,0,0,160
1399,1,0,160
1399,2,-1,-1
1399,3,-1,-1
1399,4,-1,-1
1399,5,-1,-1
1399,6,-1,-1
1399,7,-1,-1
1400,0,0,160
1400,1,0,160
1400,2,-1,-1
1400,3,-1,-1
1400,4,-1,-1
1400,5,-1,-1
1400,6,-1,-1
1400,7,-1,-1
1401,0,0,160
1401,1,0,160
1401,2,-1,-1
1401,3,-1,-1
1401,4,-1,-1
1401,5,-1,-1
1401,6,-1,-1
1401,7,-1,-1
1402,0,0,160
1402,1,0,160
1402,2,-1,-1
1402,3,-1,-1
1402,4,-1,-1
1402,5,-1,-1
1402,6,-1,-1
1402,7,-1,-1
1403,0,0,160
1403,1,0,160
1403,2,-1,-1
1403,3,-1,-1
1403,4,-1,-1
1403,5,-1,-1
1403,6,-1,-1
1403,7,-1,-1
1404,0,0,160
1404,1,0,160
1404,2,-1,-1
1404,3,-1,-1
1404,4,-1,-1
1404,5,-1,-1
1404,6,-1,-1
1404,7,-1,-1
1405,0,0,160
1405,1,0,160
1405,2,-1,-1
1405,3,-1,-1
1405,4,-1,-1
1405,5,-1,-1
1405,6,-1,-1
1405,7,-1,-1
1406,0,0,160
1406,1,0,160
1406,2,-1,-1
1406,3,-1,-1
1406,4,-1,-1
1406,5,-1,-1
1406,6,-1,-1
1406,7,-1,-1
1407,0,0,160
1407,1,0,160
1407,2,-1,-1
1407,3,-1,-1
1407,4,-1,-1
1407,5,-1,-1
1407,6,-1,-1
1407,7,-1,-1
1408,0,0,160
1408,1,0,160
1408,2,-1,-1
1408,3,-1,-1
1408,4,-1,-1
1408,5,-1,-1
1408,6,-1,-1
1408,7,-1,-1
1409,0,0,160
1409,1,0,160
1409,2,-1,-1
1409,3,-1,-1
1409,4,-1,-1
1409,5,-1,-1
1409,6,-1,-1
1409,7,-1,-1
1410,0,0,160
1410,1,0,160
1410,2,-1,-1
1410,3,-1,-1
1410,4,-1,-1
1410,5,-1,-1
1410,6,-1,-1
1410,7,-1,-1
1411,0,0,160
1411,1,0,160
1411,2,-1,-1
1411,3,-1,-1
1411,4,-1,-1
1411,5,-1,-1
1411,6,-1,-1
1411,7,-1,-1
1412,0,0,160
1412,1,0,160
1412,2,-1,-1
1412,3,-1,-1
1412,4,-1,-1
1412,5,-1,-1
1412,6,-1,-1
1412,7,-1,-1
1413,0,0,160
1413,1,0,160
1413,2,-1,-1
1413,3,-1,-1
1413,4,-1,-1
1413,5,-1,-1
1413,6,-1,-1
1413,7,-1,-1
1414,0,0,160
1414,1,0,160
1414,2,-1,-1
1414,3,-1,-1
1414,4,-1,-1
1414,5,-1,-1
1414,6,-1,-1
1414,7,-1,-1
1415,0,0,160
1415,1,0,160
1415,2,-1,-1
1415,3,-1,-1
1415,4,-1,-1
1415,5,-1,-1
1415,6,-1,-1
1415,7,-1,-1
1416,0,0,160
1416,1,0,160
1416,2,-1,-1
1416,3,-1,-1
1416,4,-1,-1
1416,5,-1,-1
1416,6,-1,-1
1416,7,-1,-1
1417,0,0,160
1417,1,0,160
1417,2,-1,-1
1417,3,-1,-1
1417,4,-1,-1
1417,5,-1,-1
1417,6,-1,-1
1417,7,-1,-1
1418,0,0,160
1418,1,0,160
1418,2,-1,-1
1418,3,-1,-1
1418,4,-1,-1
1418,5,-1,-1
1418,6,-1,-1
1418,7,-1,-1
1419,0,0,160
1419,1,0,160
1419,2,-1,-1
1419,3,-1,-1
1419,4,-1,-1
1419,5,-1,-1
1419,6,-1,-1
1419,7,-1,-1
1420,0,0,160
1420,1,0,160
1420,2,-1,-1
1420,3,-1,-1
1420,4,-1,-1
1420,5,-1,-1
1420,6,-1,-1
1420,7,-1,-1
1421,0,0,160
1421,1,0,160
1421,2,-1,-1
1421,3,-1,-1
1421,4,-1,-1
1421,5,-1,-1
1421,6,-1,-1
1421,7,-1,-1
1422,0,0,160
1422,1,0,160
1422,2,-1,-1
1422,3,-1,-1
1422,4,-1,-1
1422,5,-1,-1
1422,6,-1,-1
1422,7,-1,-1
1423,0,0,160
1423,1,0,160
1423,2,-1,-1
1423,3,-1,-1
1423,4,-1,-1
1423,5,-1,-1
1423,6,-1,-1
1423,7,-1,-1
1424,0,0,160
1424,1,0,160
1424,2,-1,-1
1424,3,-1,-1
1424,4,-1,-1
1424,5,-1,-1
1424,6,-1,-1
1424,7,-1,-1
1425,0,0,160
1425,1,0,160
1425,2,-1,-1
1425,3,-1,-1
1425,4,-1,-1
1425,5,-1,-1
1425,6,-1,-1
1425,7,-1,-1
1426,0,0,160
1426,1,0,160
1426,2,-1,-1
1426,3,-1,-1
1426,4,-1,-1
1426,5,-1,-1
1426,6,-1,-1
1426,7,-1,-1
1427,0,0,160
1427,1,0,160
1427,2,-1,-1
1427,3,-1,-1
1427,4,-1,-1
1427,5,-1,-1
1427,6,-1,-1
1427,7,-1,-1
1428,0,0,160
1428,1,0,160
1428,2,-1,-1
1428,3,-1,-1
1428,4,-1,-1
1428,5,-1,-1
1428,6,-1,-1
1428,7,-1,-1
1429,0,0,160
1429,1,0,160
1429,2,-1,-1
1429,3,-1,-1
1429,4,-1,-1
1429,5,-1,-1
1429,6,-1,-1
1429,7,-1,-1
1430,0,0,160
1430,1,0,160
1430,2,-1,-1
1430,3,-1,-1
1430,4,-1,-1
1430,5,-1,-1
1430,6,-1,-1
1430,7,-1,-1
1431,0,0,160
1431,1,0,160
1431,2,-1,-1
1431,3,-1,-1
1431,4,-1,-1
1431,5,-1,-1
1431,6,-1,-1
1431,7,-1,-1
1432,0,0,160
1432,1,0,160
1432,2,-1,-1
1432,3,-1,-1
1432,4,-1,-1
1432,5,-1,-1
1432,6,-1,-1
1432,7,-1,-1
1433,0,0,160
1433,1,0,160
1433,2,-1,-1
1433,3,-1,-1
1433,4,-1,-1
1433,5,-1,-1
1433,6,-1,-1
1433,7,-1,-1
1434,0,0,160
1434,1,0,160
1434,2,-1,-1
1434,3,-1,-1
1434,4,-1,-1
1434,5,-1,-1
1434,6,-1,-1
1434,7,-1,-1
1435,0,0,160
1435,1,0,160
1435,2,-1,-1
1435,3,-1,-1
1435,4,-1,-1
1435,5,-1,-1
1435,6,-1,-1
1435,7,-1,-1
1436,0,0,160
1436,1,0,160
1436,2,-1,-1
1436,3,-1,-1
1436,4,-1,-1
1436,5,-1,-1
1436,6,-1,-1
1436,7,-1,-1
1437,0,0,160
1437,1,0,160
1437,2,-1,-1
1437,3,-1,-1
1437,4,-1,-1
1437,5,-1,-1
1437,6,-1,-1
1437,7,-1,-1
1438,0,0,160
1438,1,0,160
1438,2,-1,-1
1438,3,-1,-1
1438,4,-1,-1
1438,5,-1,-1
1438,6,-1,-1
1438,7,-1,-1
1439,0,0,160
1439,1,0,160
1439,2,-1,-1
1439,3,-1,-1
1439,4,-1,-1
1439,5,-1,-1
1439,6,-1,-1
1439,7,-1,-1
1440,0,0,160
1440,1,0,160
1440,2,-1,-1
1440,3,-1,-1
1440,4,-1,-1
1440,5,-1,-1
1440,6,-1,-1
1440,7,-1,-1
1441,0,0,160
1441,1,0,160
1441,2,-1,-1
1441,3,-1,-1
1441,4,-1,-1
1441,5,-1,-1
1441,6,-1,-1
1441,7,-1,-1
1442,0,0,160
1442,1,0,160
1442,2,-1,-1
1442,3,-1,-1
1442,4,-1,-1
1442,5,-1,-1
1442,6,-1,-1
1442,7,-1,-1
1443,0,0,160
1443,1,0,160
1443,2,-1,-1
1443,3,-1,-1
1443,4,-1,-1
1443,5,-1,-1
1443,6,-1,-1
1443,7,-1,-1
1444,0,0,160
1444,1,0,160
1444,2,-1,-1
1444,3,-1,-1
1444,4,-1,-1
1444,5,-1,-1
1444,6,-1,-1
1444,7,-1,-1
1445,0,0,160
1445,1,0,160
1445,2,-1,-1
1445,3,-1,-1
1445,4,-1,-1
1445,5,-1,-1
1445,6,-1,-1
1445,7,-1,-1
1446,0,0,160
1446,1,0,160
1446,2,-1,-1
1446,3,-1,-1
1446,4,-1,-1
1446,5,-1,-1
1446,6,-1,-1
1446,7,-1,-1
1447,0,0,160
1447,1,0,160
1447,2,-1,-1
1447,3,-1,-1
1447,4,-1,-1
1447,5,-1,-1
1447,6,-1,-1
1447,7,-1,-1
1448,0,0,160
1448,1,0,160
1448,2,-1,-1
1448,3,-1,-1
1448,4,-1,-1
1448,5,-1,-1
1448,6,-1,-1
1448,7,-1,-1
1449,0,0,160
1449,1,0,160
1449,2,-1,-1
1449,3,-1,-1
1449,4,-1,-1
1449,5,-1,-1
1449,6,-1,-1
1449,7,-1,-1
1450,0,0,160
1450,1,0,160
1450,2,-1,-1
1450,3,-1,-1
1450,4,-1,-1
1450,5,-1,-1
1450,6,-1,-1
1450,7,-1,-1
1451,0,0,160
1451,1,0,160
1451,2,-1,-1
1451,3,-1,-1
1451,4,-1,-1
1451,5,-1,-1
1451,6,-1,-1
1451,7,-1,-1
1452,0,0,160
1452,1,0,160
1452,2,-1,-1
1452,3,-1,-1
1452,4,-1,-1
1452,5,-1,-1
1452,6,-1,-1
1452,7,-1,-1
1453,0,0,160
1453,1,0,160
1453,2,-1,-1
1453,3,-1,-1
1453,4,-1,-1
1453,5,-1,-1
1453,6,-1,-1
1453,7,-1,-1
1454,0,0,160
1454,1,0,160
1454,2,-1,-1
1454,3,-1,-1
1454,4,-1,-1
1454,5,-1,-1
1454,6,-1,-1
1454,7,-1,-1
1455,0,0,160
1455,1,0,160
1455,2,-1,-1
1455,3,-1,-1
1455,4,-1,-1
1455,5,-1,-1
1455,6,-1,-1
1455,7,-1,-1
1456,0,0,160
1456,1,0,160
1456,2,-1,-1
1456,3,-1,-1
1456,4,-1,-1
1456,5,-1,-1
1456,6,-1,-1
1456,7,-1,-1
1457,0,0,160
1457,1,0,160
1457,2,-1,-1
1457,3,-1,-1
1457,4,-1,-1
1457,5,-1,-1
1457,6,-1,-1
1457,7,-1,-1
1458,0,0,160
1458,1,0,160
1458,2,-1,-1
1458,3,-1,-1
1458,4,-1,-1
1458,5,-1,-1
1458,6,-1,-1
1458,7,-1,-1
1459,0,0,160
1459,1,0,160
1459,2,-1,-1
1459,3,-1,-1
1459,4,-1,-1
1459,5,-1,-1
1459,6,-1,-1
1459,7,-1,-1
1460,0,0,160
1460,1,0,160
1460,2,-1,-1
1460,3,-1,-1
1460,4,-1,-1
1460,5,-1,-1
1460,6,-1,-1
1460,7,-1,-1
1461,0,0,160
1461,1,0,160
1461,2,-1,-1
1461,3,-1,-1
1461,4,-1,-1
1461,5,-1,-1
1461,6,-1,-1
1461,7,-1,-1
1462,0,0,160
1462,1,0,160
1462,2,-1,-1
1462,3,-1,-1
1462,4,-1,-1
1462,5,-1,-1
1462,6,-1,-1
1462,7,-1,-1
1463,0,0,160
1463,1,0,160
1463,2,-1,-1
1463,3,-1,-1
1463,4,-1,-1
1463,5,-1,-1
1463,6,-1,-1
1463,7,-1,-1
1464,0,0,160
1464,1,0,160
1464,2,-1,-1
1464,3,-1,-1
1464,4,-1,-1
1464,5,-1,-1
1464,6,-1,-1
1464,7,-1,-1
1465,0,0,160
1465,1,0,160
1465,2,-1,-1
1465,3,-1,-1
1465,4,-1,-1
1465,5,-1,-1
1465,6,-1,-1
1465,7,-1,-1
1466,0,0,160
1466,1,0,160
1466,2,-1,-1
1466,3,-1,-1
1466,4,-1,-1
1466,5,-1,-1
1466,6,-1,-1
1466,7,-1,-1
1467,0,0,160
1467,1,0,160
1467,2,-1,-1
1467,3,-1,-1
1467,4,-1,-1
1467,5,-1,-1
1467,6,-1,-1
1467,7,-1,-1
1468,0,0,160
1468,1,0,160
1468,2,-1,-1
1468,3,-1,-1
1468,4,-1,-1
1468,5,-1,-1
1468,6,-1,-1
1468,7,-1,-1
1469,0,0,160
1469,1,0,160
1469,2,-1,-1
1469,3,-1,-1
1469,4,-1,-1
1469,5,-1,-1
1469,6,-1,-1
1469,7,-1,-1
1470,0,0,160
1470,1,0,160
1470,2,-1,-1
1470,3,-1,-1
1470,4,-1,-1
1470,5,-1,-1
1470,6,-1,-1
1470,7,-1,-1
1471,0,0,160
1471,1,0,160
1471,2,-1,-1
1471,3,-1,-1
1471,4,-1,-1
1471,5,-1,-1
1471,6,-1,-1
1471,7,-1,-1
1472,0,0,160
1472,1,0,160
1472,2,-1,-1
1472,3,-1,-1
1472,4,-1,-1
1472,5,-1,-1
1472,6,-1,-1
1472,7,-1,-1
1473,0,0,160
1473,1,0,160
1473,2,-1,-1
1473,3,-1,-1
1473,4,-1,-1
1473,5,-1,-1
1473,6,-1,-1
1473,7,-1,-1
1474,0,0,160
1474,1,0,160
1474,2,-1,-1
1474,3,-1,-1
1474,4,-1,-1
1474,5,-1,-1
1474,6,-1,-1
1474,7,-1,-1
1475,0,0,160
1475,1,0,160
1475,2,-1,-1
1475,3,-1,-1
1475,4,-1,-1
1475,5,-1,-1
1475,6,-1,-1
1475,7,-1,-1
1476,0,0,160
1476,1,0,160
1476,2,-1,-1
1476,3,-1,-1
1476,4,-1,-1
1476,5,-1,-1
1476,6,-1,-1
1476,7,-1,-1
1477,0,0,160
1477,1,0,160
1477,2,-1,-1
1477,3,-1,-1
1477,4,-1,-1
1477,5,-1,-1
1477,6,-1,-1
1477,7,-1,-1
1478,0,0,160
1478,1,0,160
1478,2,-1,-1
1478,3,-1,-1
1478,4,-1,-1
1478,5,-1,-1
1478,6,-1,-1
1478,7,-1,-1
1479,0,0,160
1479,1,0,160
1479,2,-1,-1
1479,3,-1,-1
1479,4,-1,-1
1479,5,-1,-1
1479,6,-1,-1
1479,7,-1,-1
1480,0,0,160
1480,1,0,160
1480,2,-1,-1
1480,3,-1,-1
1480,4,-1,-1
1480,5,-1,-1
1480,6,-1,-1
1480,7,-1,-1
1481,0,0,160
1481,1,0,160
1481,2,-1,-1
1481,3,-1,-1
1481,4,-1,-1
1481,5,-1,-1
1481,6,-1,-1
1481,7,-1,-1
1482,0,0,160
1482,1,0,160
1482,2,-1,-1
1482,3,-1,-1
1482,4,-1,-1
1482,5,-1,-1
1482,6,-1,-1
1482,7,-1,-1
1483,0,0,160
1483,1,0,160
1483,2,-1,-1
1483,3,-1,-1
1483,4,-1,-1
1483,5,-1,-1
1483,6,-1,-1
1483,7,-1,-1
1484,0,0,160
1484,1,0,160
1484,2,-1,-1
1484,3,-1,-1
1484,4,-1,-1
1484,5,-1,-1
1484,6,-1,-1
1484,7,-1,-1
1485,0,0,160
1485,1,0,160
1485,2,-1,-1
1485,3,-1,-1
1485,4,-1,-1
1485,5,-1,-1
1485,6,-1,-1
1485,7,-1,-1
1486,0,0,160
1486,1,0,160
1486,2,-1,-1
1486,3,-1,-1
1486,4,-1,-1
1486,5,-1,-1
1486,6,-1,-1
1486,7,-1,-1
1487,0,0,160
1487,1,0,160
1487,2,-1,-1
1487,3,-1,-1
1487,4,-1,-1
1487,5,-1,-1
1487,6,-1,-1
1487,7,-1,-1
1488,0,0,160
1488,1,0,160
1488,2,-1,-1
1488,3,-1,-1
1488,4,-1,-1
1488,5,-1,-1
1488,6,-1,-1
1488,7,-1,-1
1489,0,0,160
1489,1,0,160
1489,2,-1,-1
1489,3,-1,-1
1489,4,-1,-1
1489,5,-1,-1
1489,6,-1,-1
1489,7,-1,-1
1490,0,0,160
1490,1,0,160
1490,2,-1,-1
1490,3,-1,-1
1490,4,-1,-1
1490,5,-1,-1
1490,6,-1,-1
1490,7,-1,-1
1491,0,0,160
1491,1,0,160
1491,2,-1,-1
1491,3,-1,-1
1491,4,-1,-1
1491,5,-1,-1
1491,6,-1,-1
1491,7,-1,-1
1492,0,0,160
1492,1,0,160
1492,2,-1,-1
1492,3,-1,-1
1492,4,-1,-1
1492,5,-1,-1
1492,6,-1,-1
1492,7,-1,-1
1493,0,0,160
1493,1,0,160
1493,2,-1,-1
1493,3,-1,-1
1493,4,-1,-1
1493,5,-1,-1
1493,6,-1,-1
1493,7,-1,-1
1494,0,0,160
1494,1,0,160
1494,2,-1,-1
1494,3,-1,-1
1494,4,-1,-1
1494,5,-1,-1
1494,6,-1,-1
1494,7,-1,-1
1495,0,0,160
1495,1,0,160
1495,2,-1,-1
1495,3,-1,-1
1495,4,-1,-1
1495,5,-1,-1
1495,6,-1,-1
1495,7,-1,-1
1496,0,0,160
1496,1,0,160
1496,2,-1,-1
1496,3,-1,-1
1496,4,-1,-1
1496,5,-1,-1
1496,6,-1,-1
1496,7,-1,-1
1497,0,0,160
1497,1,0,160
1497,2,-1,-1
1497,3,-1,-1
1497,4,-1,-1
1497,5,-1,-1
1497,6,-1,-1
1497,7,-1,-1
1498,0,0,160
1498,1,0,160
1498,2,-1,-1
1498,3,-1,-1
1498,4,-1,-1
1498,5,-1,-1
1498,6,-1,-1
1498,7,-1,-1
1499,0,0,160
1499,1,0,160
1499,2,-1,-1
1499,3,-1,-1
1499,4,-1,-1
1499,5,-1,-1
1499,6,-1,-1
1499,7,-1,-1
1500,0,0,160
1500,1,0,160
1500,2,-1,-1
1500,3,-1,-1
1500,4,-1,-1
1500,5,-1,-1
1500,6,-1,-1
1500,7,-1,-1
1501,0,0,160
1501,1,0,160
1501,2,-1,-1
1501,3,-1,-1
1501,4,-1,-1
1501,5,-1,-1
1501,6,-1,-1
1501,7,-1,-1
1502,0,0,160
1502,1,0,160
1502,2,-1,-1
1502,3,-1,-1
1502,4,-1,-1
1502,5,-1,-1
1502,6,-1,-1
1502,7,-1,-1
1503,0,0,160
1503,1,0,160
1503,2,-1,-1
1503,3,-1,-1
1503,4,-1,-1
1503,5,-1,-1
1503,6,-1,-1
1503,7,-1,-1
1504,0,0,160
1504,1,0,160
1504,2,-1,-1
1504,3,-1,-1
1504,4,-1,-1
1504,5,-1,-1
1504,6,-1,-1
1504,7,-1,-1
1505,0,0,160
1505,1,0,160
1505,2,-1,-1
1505,3,-1,-1
1505,4,-1,-1
1505,5,-1,-1
1505,6,-1,-1
1505,7,-1,-1
1506,0,0,160
1506,1,0,160
1506,2,-1,-1
1506,3,-1,-1
1506,4,-1,-1
1506,5,-1,-1
1506,6,-1,-1
1506,7,-1,-1
1507,0,0,160
1507,1,0,160
1507,2,-1,-1
1507,3,-1,-1
1507,4,-1,-1
1507,5,-1,-1
1507,6,-1,-1
1507,7,-1,-1
1508,0,0,160
1508,1,0,160
1508,2,-1,-1
1508,3,-1,-1
1508,4,-1,-1
1508,5,-1,-1
1508,6,-1,-1
1508,7,-1,-1
1509,0,0,160
1509,1,0,160
1509,2,-1,-1
1509,3,-1,-1
1509,4,-1,-1
1509,5,-1,-1
1509,6,-1,-1
1509,7,-1,-1
1510,0,0,160
1510,1,0,160
1510,2,-1,-1
1510,3,-1,-1
1510,4,-1,-1
1510,5,-1,-1
1510,6,-1,-1
1510,7,-1,-1
1511,0,0,160
1511,1,0,160
1511,2,-1,-1
1511,3,-1,-1
1511,4,-1,-1
1511,5,-1,-1
1511,6,-1,-1
1511,7,-1,-1
1512,0,0,160
1512,1,0,160
1512,2,-1,-1
1512,3,-1,-1
1512,4,-1,-1
1512,5,-1,-1
1512,6,-1,-1
1512,7,-1,-1
1513,0,0,160
1513,1,0,160
1513,2,-1,-1
1513,3,-1,-1
1513,4,-1,-1
1513,5,-1,-1
1513,6,-1,-1
1513,7,-1,-1
1514,0,0,160
1514,1,0,160
1514,2,-1,-1
1514,3,-1,-1
1514,4,-1,-1
1514,5,-1,-1
1514,6,-1,-1
1514,7,-1,-1
1515,0,0,160
1515,1,0,160
1515,2,-1,-1
1515,3,-1,-1
1515,4,-1,-1
1515,5,-1,-1
1515,6,-1,-1
1515,7,-1,-1
1516,0,0,160
1516,1,0,160
1516,2,-1,-1
1516,3,-1,-1
1516,4,-1,-1
1516,5,-1,-1
1516,6,-1,-1
1516,7,-1,-1
1517,0,0,160
1517,1,0,160
1517,2,-1,-1
1517,3,-1,-1
1517,4,-1,-1
1517,5,-1,-1
1517,6,-1,-1
1517,7,-1,-1
1518,0,0,160
1518,1,0,160
1518,2,-1,-1
1518,3,-1,-1
1518,4,-1,-1
1518,5,-1,-1
1518,6,-1,-1
1518,7,-1,-1
1519,0,0,160
1519,1,0,160
1519,2,-1,-1
1519,3,-1,-1
1519,4,-1,-1
1519,5,-1,-1
1519,6,-1,-1
1519,7,-1,-1
1520,0,0,160
1520,1,0,160
1520,2,-1,-1
1520,3,-1,-1
1520,4,-1,-1
1520,5,-1,-1
1520,6,-1,-1
1520,7,-1,-1
1521,0,0,160
1521,1,0,160
1521,2,-1,-1
1521,3,-1,-1
1521,4,-1,-1
1521,5,-1,-1
1521,6,-1,-1
1521,7,-1,-1
1522,0,0,160
1522,1,0,160
1522,2,-1,-1
1522,3,-1,-1
1522,4,-1,-1
1522,5,-1,-1
1522,6,-1,-1
1522,7,-1,-1
1523,0,0,160
1523,1,0,160
1523,2,-1,-1
1523,3,-1,-1
1523,4,-1,-1
1523,5,-1,-1
1523,6,-1,-1
1523,7,-1,-1
1524,0,0,160
1524,1,0,160
1524,2,-1,-1
1524,3,-1,-1
1524,4,-1,-1
1524,5,-1,-1
1524,6,-1,-1
1524,7,-1,-1
1525,0,0,160
1525,1,0,160
1525,2,-1,-1
1525,3,-1,-1
1525,4,-1,-1
1525,5,-1,-1
1525,6,-1,-1
1525,7,-1,-1
1526,0,0,160
1526,1,0,160
1526,2,-1,-1
1526,3,-1,-1
1526,4,-1,-1
1526,5,-1,-1
1526,6,-1,-1
1526,7,-1,-1
1527,0,0,160
1527,1,0,160
1527,2,-1,-1
1527,3,-1,-1
1527,4,-1,-1
1527,5,-1,-1
1527,6,-1,-1
1527,7,-1,-1
1528,0,0,160
1528,1,0,160
1528,2,-1,-1
1528,3,-1,-1
1528,4,-1,-1
1528,5,-1,-1
1528,6,-1,-1
1528,7,-1,-1
1529,0,0,160
1529,1,0,160
1529,2,-1,-1
1529,3,-1,-1
1529,4,-1,-1
1529,5,-1,-1
1529,6,-1,-1
1529,7,-1,-1
1530,0,0,160
1530,1,0,160
1530,2,-1,-1
1530,3,-1,-1
1530,4,-1,-1
1530,5,-1,-1
1530,6,-1,-1
1530,7,-1,-1
1531,0,0,160
1531,1,0,160
1531,2,-1,-1
1531,3,-1,-1
1531,4,-1,-1
1531,5,-1,-1
1531,6,-1,-1
1531,7,-1,-1
1532,0,0,160
1532,1,0,160
1532,2,-1,-1
1532,3,-1,-1
1532,4,-1,-1
1532,5,-1,-1
1532,6,-1,-1
1532,7,-1,-1
1533,0,0,160
1533,1,0,160
1533,2,-1,-1
1533,3,-1,-1
1533,4,-1,-1
1533,5,-1,-1
1533,6,-1,-1
1533,7,-1,-1
1534,0,0,160
1534,1,0,160
1534,2,-1,-1
1534,3,-1,-1
1534,4,-1,-1
1534,5,-1,-1
1534,6,-1,-1
1534,7,-1,-1
1535,0,0,160
1535,1,0,160
1535,2,-1,-1
1535,3,-1,-1
1535,4,-1,-1
1535,5,-1,-1
1535,6,-1,-1
1535,7,-1,-1
1536,0,0,160
1536,1,0,160
1536,2,-1,-1
1536,3,-1,-1
1536,4,-1,-1
1536,5,-1,-1
1536,6,-1,-1
1536,7,-1,-1
1537,0,0,160
1537,1,0,160
1537,2,-1,-1
1537,3,-1,-1
1537,4,-1,-1
1537,5,-1,-1
1537,6,-1,-1
1537,7,-1,-1
1538,0,0,160
1538,1,0,160
1538,2,-1,-1
1538,3,-1,-1
1538,4,-1,-1
1538,5,-1,-1
1538,6,-1,-1
1538,7,-1,-1
1539,0,0,160
1539,1,0,160
1539,2,-1,-1
1539,3,-1,-1
1539,4,-1,-1
1539,5,-1,-1
1539,6,-1,-1
1539,7,-1,-1
1540,0,0,160
1540,1,0,160
1540,2,-1,-1
1540,3,-1,-1
1540,4,-1,-1
1540,5,-1,-1
1540,6,-1,-1
1540,7,-1,-1
1541,0,0,160
1541,1,0,160
1541,2,-1,-1
1541,3,-1,-1
1541,4,-1,-1
1541,5,-1,-1
1541,6,-1,-1
1541,7,-1,-1
1542,0,0,160
1542,1,0,160
1542,2,-1,-1
1542,3,-1,-1
1542,4,-1,-1
1542,5,-1,-1
1542,6,-1,-1
1542,7,-1,-1
1543,0,0,160
1543,1,0,160
1543,2,-1,-1
1543,3,-1,-1
1543,4,-1,-1
1543,5,-1,-1
1543,6,-1,-1
1543,7,-1,-1
1544,0,0,160
1544,1,0,160
1544,2,-1,-1
1544,3,-1,-1
1544,4,-1,-1
1544,5,-1,-1
1544,6,-1,-1
1544,7,-1,-1
1545,0,0,160
1545,1,0,160
1545,2,-1,-1
1545,3,-1,-1
1545,4,-1,-1
1545,5,-1,-1
1545,6,-1,-1
1545,7,-1,-1
1546,0,0,160
1546,1,0,160
1546,2,-1,-1
1546,3,-1,-1
1546,4,-1,-1
1546,5,-1,-1
1546,6,-1,-1
1546,7,-1,-1
1547,0,0,160
1547,1,0,160
1547,2,-1,-1
1547,3,-1,-1
1547,4,-1,-1
1547,5,-1,-1
1547,6,-1,-1
1547,7,-1,-1
1548,0,0,160
1548,1,0,160
1548,2,-1,-1
1548,3,-1,-1
1548,4,-1,-1
1548,5,-1,-1
1548,6,-1,-1
1548,7,-1,-1
1549,0,0,160
1549,1,0,160
1549,2,-1,-1
1549,3,-1,-1
1549,4,-1,-1
1549,5,-1,-1
1549,6,-1,-1
1549,7,-1,-1
1550,0,0,160
1550,1,0,160
1550,2,-1,-1
1550,3,-1,-1
1550,4,-1,-1
1550,5,-1,-1
1550,6,-1,-1
1550,7,-1,-1
1551,0,0,160
1551,1,0,160
1551,2,-1,-1
1551,3,-1,-1
1551,4,-1,-1
1551,5,-1,-1
1551,6,-1,-1
1551,7,-1,-1
1552,0,0,160
1552,1,0,160
1552,2,-1,-1
1552,3,-1,-1
1552,4,-1,-1
1552,5,-1,-1
1552,6,-1,-1
1552,7,-1,-1
1553,0,0,160
1553,1,0,160
1553,2,-1,-1
1553,3,-1,-1
1553,4,-1,-1
1553,5,-1,-1
1553,6,-1,-1
1553,7,-1,-1
1554,0,0,160
1554,1,0,160
1554,2,-1,-1
1554,3,-1,-1
1554,4,-1,-1
1554,5,-1,-1
1554,6,-1,-1
1554,7,-1,-1
1555,0,0,160
1555,1,0,160
1555,2,-1,-1
1555,3,-1,-1
1555,4,-1,-1
1555,5,-1,-1
1555,6,-1,-1
1555,7,-1,-1
1556,0,0,160
1556,1,0,160
1556,2,-1,-1
1556,3,-1,-1
1556,4,-1,-1
1556,5,-1,-1
1556,6,-1,-1
1556,7,-1,-1
1557,0,0,160
1557,1,0,160
1557,2,-1,-1
1557,3,-1,-1
1557,4,-1,-1
1557,5,-1,-1
1557,6,-1,-1
1557,7,-1,-1
1558,0,0,160
1558,1,0,160
1558,2,-1,-1
1558,3,-1,-1
1558,4,-1,-1
1558,5,-1,-1
1558,6,-1,-1
1558,7,-1,-1
1559,0,0,160
1559,1,0,160
1559,2,-1,-1
1559,3,-1,-1
1559,4,-1,-1
1559,5,-1,-1
1559,6,-1,-1
1559,7,-1,-1
1560,0,0,160
1560,1,0,160
1560,2,-1,-1
1560,3,-1,-1
1560,4,-1,-1
1560,5,-1,-1
1560,6,-1,-1
1560,7,-1,-1
1561,0,0,160
1561,1,0,160
1561,2,-1,-1
1561,3,-1,-1
1561,4,-1,-1
1561,5,-1,-1
1561,6,-1,-1
1561,7,-1,-1
1562,0,0,160
1562,1,0,160
1562,2,-1,-1
1562,3,-1,-1
1562,4,-1,-1
1562,5,-1,-1
1562,6,-1,-1
1562,7,-1,-1
1563,0,0,160
1563,1,0,160
1563,2,-1,-1
1563,3,-1,-1
1563,4,-1,-1
1563,5,-1,-1
1563,6,-1,-1
1563,7,-1,-1
1564,0,0,160
1564,1,0,160
1564,2,-1,-1
1564,3,-1,-1
1564,4,-1,-1
1564,5,-1,-1
1564,6,-1,-1
1564,7,-1,-1
1565,0,0,160
1565,1,0,160
1565,2,-1,-1
1565,3,-1,-1
1565,4,-1,-1
1565,5,-1,-1
1565,6,-1,-1
1565,7,-1,-1
1566,0,0,160
1566,1,0,160
1566,2,-1,-1
1566,3,-1,-1
1566,4,-1,-1
1566,5,-1,-1
1566,6,-1,-1
1566,7,-1,-1
1567,0,0,160
1567,1,0,160
1567,2,-1,-1
1567,3,-1,-1
1567,4,-1,-1
1567,5,-1,-1
1567,6,-1,-1
1567,7,-1,-1
1568,0,0,160
1568,1,0,160
1568,2,-1,-1
1568,3,-1,-1
1568,4,-1,-1
1568,5,-1,-1
1568,6,-1,-1
1568,7,-1,-1
1569,0,0,160
1569,1,0,160
1569,2,-1,-1
1569,3,-1,-1
1569,4,-1,-1
1569,5,-1,-1
1569,6,-1,-1
1569,7,-1,-1
1570,0,0,160
1570,1,0,160
1570,2,-1,-1
1570,3,-1,-1
1570,4,-1,-1
1570,5,-1,-1
1570,6,-1,-1
1570,7,-1,-1
1571,0,0,160
1571,1,0,160
1571,2,-1,-1
1571,3,-1,-1
1571,4,-1,-1
1571,5,-1,-1
1571,6,-1,-1
1571,7,-1,-1
1572,0,0,160
1572,1,0,160
1572,2,-1,-1
1572,3,-1,-1
1572,4,-1,-1
1572,5,-1,-1
1572,6,-1,-1
1572,7,-1,-1
1573,0,0,160
1573,1,0,160
1573,2,-1,-1
1573,3,-1,-1
1573,4,-1,-1
1573,5,-1,-1
1573,6,-1,-1
1573,7,-1,-1
1574,0,0,160
1574,1,0,160
1574,2,-1,-1
1574,3,-1,-1
1574,4,-1,-1
1574,5,-1,-1
1574,6,-1,-1
1574,7,-1,-1
1575,0,0,160
1575,1,0,160
1575,2,-1,-1
1575,3,-1,-1
1575,4,-1,-1
1575,5,-1,-1
1575,6,-1,-1
1575,7,-1,-1
1576,0,0,160
1576,1,0,160
1576,2,-1,-1
1576,3,-1,-1
1576,4,-1,-1
1576,5,-1,-1
1576,6,-1,-1
1576,7,-1,-1
1577,0,0,160
1577,1,0,160
1577,2,-1,-1
1577,3,-1,-1
1577,4,-1,-1
1577,5,-1,-1
1577,6,-1,-1
1577,7,-1,-1
1578,0,0,160
1578,1,0,160
1578,2,-1,-1
1578,3,-1,-1
1578,4,-1,-1
1578,5,-1,-1
1578,6,-1,-1
1578,7,-1,-1
1579,0,0,160
1579,1,0,160
1579,2,-1,-1
1579,3,-1,-1
1579,4,-1,-1
1579,5,-1,-1
1579,6,-1,-1
1579,7,-1,-1
1580,0,0,160
1580,1,0,160
1580,2,-1,-1
1580,3,-1,-1
1580,4,-1,-1
1580,5,-1,-1
1580,6,-1,-1
1580,7,-1,-1
1581,0,0,160
1581,1,0,160
1581,2,-1,-1
1581,3,-1,-1
1581,4,-1,-1
1581,5,-1,-1
1581,6,-1,-1
1581,7,-1,-1
1582,0,0,160
1582,1,0,160
1582,2,-1,-1
1582,3,-1,-1
1582,4,-1,-1
1582,5,-1,-1
1582,6,-1,-1
1582,7,-1,-1
1583,0,0,160
1583,1,0,160
1583,2,-1,-1
1583,3,-1,-1
1583,4,-1,-1
1583,5,-1,-1
1583,6,-1,-1
1583,7,-1,-1
1584,0,0,160
1584,1,0,160
1584,2,-1,-1
1584,3,-1,-1
1584,4,-1,-1
1584,5,-1,-1
1584,6,-1,-1
1584,7,-1,-1
1585,0,0,160
1585,1,0,160
1585,2,-1,-1
1585,3,-1,-1
1585,4,-1,-1
1585,5,-1,-1
1585,6,-1,-1
1585,7,-1,-1
1586,0,0,160
1586,1,0,160
1586,2,-1,-1
1586,3,-1,-1
1586,4,-1,-1
1586,5,-1,-1
1586,6,-1,-1
1586,7,-1,-1
1587,0,0,160
1587,1,0,160
1587,2,-1,-1
1587,3,-1,-1
1587,4,-1,-1
1587,5,-1,-1
1587,6,-1,-1
1587,7,-1,-1
1588,0,0,160
1588,1,0,160
1588,2,-1,-1
1588,3,-1,-1
1588,4,-1,-1
1588,5,-1,-1
1588,6,-1,-1
1588,7,-1,-1
1589,0,0,160
1589,1,0,160
1589,2,-1,-1
1589,3,-1,-1
1589,4,-1,-1
1589,5,-1,-1
1589,6,-1,-1
1589,7,-1,-1
1590,0,0,160
1590,1,0,160
1590,2,-1,-1
1590,3,-1,-1
1590,4,-1,-1
1590,5,-1,-1
1590,6,-1,-1
1590,7,-1,-1
1591,0,0,160
1591,1,0,160
1591,2,-1,-1
1591,3,-1,-1
1591,4,-1,-1
1591,5,-1,-1
1591,6,-1,-1
1591,7,-1,-1
1592,0,0,160
1592,1,0,160
1592,2,-1,-1
1592,3,-1,-1
1592,4,-1,-1
1592,5,-1,-1
1592,6,-1,-1
1592,7,-1,-1
1593,0,0,160
1593,1,0,160
1593,2,-1,-1
1593,3,-1,-1
1593,4,-1,-1
1593,5,-1,-1
1593,6,-1,-1
1593,7,-1,-1
1594,0,0,160
1594,1,0,160
1594,2,-1,-1
1594,3,-1,-1
1594,4,-1,-1
1594,5,-1,-1
1594,6,-1,-1
1594,7,-1,-1
1595,0,0,160
1595,1,0,160
1595,2,-1,-1
1595,3,-1,-1
1595,4,-1,-1
1595,5,-1,-1
1595,6,-1,-1
1595,7,-1,-1
1596,0,0,160
1596,1,0,160
1596,2,-1,-1
1596,3,-1,-1
1596,4,-1,-1
1596,5,-1,-1
1596,6,-1,-1
1596,7,-1,-1
1597,0,0,160
1597,1,0,160
1597,2,-1,-1
1597,3,-1,-1
1597,4,-1,-1
1597,5,-1,-1
1597,6,-1,-1
1597,7,-1,-1
1598,0,0,160
1598,1,0,160
1598,2,-1,-1
1598,3,-1,-1
1598,4,-1,-1
1598,5,-1,-1
1598,6,-1,-1
1598,7,-1,-1
1599,0,0,160
1599,1,0,160
1599,2,-1,-1
1599,3,-1,-1
1599,4,-1,-1
1599,5,-1,-1
1599,6,-1,-1
1599,7,-1,-1
1600,0,0,160
1600,1,0,160
1600,2,-1,-1
1600,3,-1,-1
1600,4,-1,-1
1600,5,-1,-1
1600,6,-1,-1
1600,7,-1,-1
1601,0,0,160
1601,1,0,160
1601,2,-1,-1
1601,3,-1,-1
1601,4,-1,-1
1601,5,-1,-1
1601,6,-1,-1
1601,7,-1,-1
1602,0,0,160
1602,1,0,160
1602,2,-1,-1
1602,3,-1,-1
1602,4,-1,-1
1602,5,-1,-1
1602,6,-1,-1
1602,7,-1,-1
1603,0,0,160
1603,1,0,160
1603,2,-1,-1
1603,3,-1,-1
1603,4,-1,-1
1603,5,-1,-1
1603,6,-1,-1
1603,7,-1,-1
1604,0,0,160
1604,1,0,160
1604,2,-1,-1
1604,3,-1,-1
1604,4,-1,-1
1604,5,-1,-1
1604,6,-1,-1
1604,7,-1,-1
1605,0,0,160
1605,1,0,160
1605,2,-1,-1
1605,3,-1,-1
1605,4,-1,-1
1605,5,-1,-1
1605,6,-1,-1
1605,7,-1,-1
1606,0,0,160
1606,1,0,160
1606,2,-1,-1
1606,3,-1,-1
1606,4,-1,-1
1606,5,-1,-1
1606,6,-1,-1
1606,7,-1,-1
1607,0,0,160
1607,1,0,160
1607,2,-1,-1
1607,3,-1,-1
1607,4,-1,-1
1607,5,-1,-1
1607,6,-1,-1
1607,7,-1,-1
1608,0,0,160
1608,1,0,160
1608,2,-1,-1
1608,3,-1,-1
1608,4,-1,-1
1608,5,-1,-1
1608,6,-1,-1
1608,7,-1,-1
1609,0,0,160
1609,1,0,160
1609,2,-1,-1
1609,3,-1,-1
1609,4,-1,-1
1609,5,-1,-1
1609,6,-1,-1
1609,7,-1,-1
1610,0,0,160
1610,1,0,160
1610,2,-1,-1
1610,3,-1,-1
1610,4,-1,-1
1610,5,-1,-1
1610,6,-1,-1
1610,7,-1,-1
1611,0,0,160
1611,1,0,160
1611,2,-1,-1
1611,3,-1,-1
1611,4,-1,-1
1611,5,-1,-1
1611,6,-1,-1
1611,7,-1,-1
1612,0,0,160
1612,1,0,160
1612,2,-1,-1
1612,3,-1,-1
1612,4,-1,-1
1612,5,-1,-1
1612,6,-1,-1
1612,7,-1,-1
1613,0,0,160
1613,1,0,160
1613,2,-1,-1
1613,3,-1,-1
1613,4,-1,-1
1613,5,-1,-1
1613,6,-1,-1
1613,7,-1,-1
1614,0,0,160
1614,1,0,160
1614,2,-1,-1
1614,3,-1,-1
1614,4,-1,-1
1614,5,-1,-1
1614,6,-1,-1
1614,7,-1,-1
1615,0,0,160
1615,1,0,160
1615,2,-1,-1
1615,3,-1,-1
1615,4,-1,-1
1615,5,-1,-1
1615,6,-1,-1
1615,7,-1,-1
1616,0,0,160
1616,1,0,160
1616,2,-1,-1
1616,3,-1,-1
1616,4,-1,-1
1616,5,-1,-1
1616,6,-1,-1
1616,7,-1,-1
1617,0,0,160
1617,1,0,160
1617,2,-1,-1
1617,3,-1,-1
1617,4,-1,-1
1617,5,-1,-1
1617,6,-1,-1
1617,7,-1,-1
1618,0,0,160
1618,1,0,160
1618,2,-1,-1
1618,3,-1,-1
1618,4,-1,-1
1618,5,-1,-1
1618,6,-1,-1
1618,7,-1,-1
1619,0,0,160
1619,1,0,160
1619,2,-1,-1
1619,3,-1,-1
1619,4,-1,-1
1619,5,-1,-1
1619,6,-1,-1
1619,7,-1,-1
1620,0,0,160
1620,1,0,160
1620,2,-1,-1
1620,3,-1,-1
1620,4,-1,-1
1620,5,-1,-1
1620,6,-1,-1
1620,7,-1,-1
1621,0,0,160
1621,1,0,160
1621,2,-1,-1
1621,3,-1,-1
1621,4,-1,-1
1621,5,-1,-1
1621,6,-1,-1
1621,7,-1,-1
1622,0,0,160
1622,1,0,160
1622,2,-1,-1
1622,3,-1,-1
1622,4,-1,-1
1622,5,-1,-1
1622,6,-1,-1
1622,7,-1,-1
1623,0,0,160
1623,1,0,160
1623,2,-1,-1
1623,3,-1,-1
1623,4,-1,-1
1623,5,-1,-1
1623,6,-1,-1
1623,7,-1,-1
1624,0,0,160
1624,1,0,160
1624,2,-1,-1
1624,3,-1,-1
1624,4,-1,-1
1624,5,-1,-1
1624,6,-1,-1
1624,7,-1,-1
1625,0,0,160
1625,1,0,160
1625,2,-1,-1
1625,3,-1,-1
1625,4,-1,-1
1625,5,-1,-1
1625,6,-1,-1
1625,7,-1,-1
1626,0,0,160
1626,1,0,160
1626,2,-1,-1
1626,3,-1,-1
1626,4,-1,-1
1626,5,-1,-1
1626,6,-1,-1
1626,7,-1,-1
1627,0,0,160
1627,1,0,160
1627,2,-1,-1
1627,3,-1,-1
1627,4,-1,-1
1627,5,-1,-1
1627,6,-1,-1
1627,7,-1,-1
1628,0,0,160
1628,1,0,160
1628,2,-1,-1
1628,3,-1,-1
1628,4,-1,-1
1628,5,-1,-1
1628,6,-1,-1
1628,7,-1,-1
1629,0,0,160
1629,1,0,160
1629,2,-1,-1
1629,3,-1,-1
1629,4,-1,-1
1629,5,-1,-1
1629,6,-1,-1
1629,7,-1,-1
1630,0,0,160
1630,1,0,160
1630,2,-1,-1
1630,3,-1,-1
1630,4,-1,-1
1630,5,-1,-1
1630,6,-1,-1
1630,7,-1,-1
1631,0,0,160
1631,1,0,160
1631,2,-1,-1
1631,3,-1,-1
1631,4,-1,-1
1631,5,-1,-1
1631,6,-1,-1
1631,7,-1,-1
1632,0,0,160
1632,1,0,160
1632,2,-1,-1
1632,3,-1,-1
1632,4,-1,-1
1632,5,-1,-1
1632,6,-1,-1
1632,7,-1,-1
1633,0,0,160
1633,1,0,160
1633,2,-1,-1
1633,3,-1,-1
1633,4,-1,-1
1633,5,-1,-1
1633,6,-1,-1
1633,7,-1,-1
1634,0,0,160
1634,1,0,160
1634,2,-1,-1
1634,3,-1,-1
1634,4,-1,-1
1634,5,-1,-1
1634,6,-1,-1
1634,7,-1,-1
1635,0,0,160
1635,1,0,160
1635,2,-1,-1
1635,3,-1,-1
1635,4,-1,-1
1635,5,-1,-1
1635,6,-1,-1
1635,7,-1,-1
1636,0,0,160
1636,1,0,160
1636,2,-1,-1
1636,3,-1,-1
1636,4,-1,-1
1636,5,-1,-1
1636,6,-1,-1
1636,7,-1,-1
1637,0,0,160
1637,1,0,160
1637,2,-1,-1
1637,3,-1,-1
1637,4,-1,-1
1637,5,-1,-1
1637,6,-1,-1
1637,7,-1,-1
1638,0,0,160
1638,1,0,160
1638,2,-1,-1
1638,3,-1,-1
1638,4,-1,-1
1638,5,-1,-1
1638,6,-1,-1
1638,7,-1,-1
1639,0,0,160
1639,1,0,160
1639,2,-1,-1
1639,3,-1,-1
1639,4,-1,-1
1639,5,-1,-1
1639,6,-1,-1
1639,7,-1,-1
1640,0,0,160
1640,1,0,160
1640,2,-1,-1
1640,3,-1,-1
1640,4,-1,-1
1640,5,-1,-1
1640,6,-1,-1
1640,7,-1,-1
1641,0,0,160
1641,1,0,160
1641,2,-1,-1
1641,3,-1,-1
1641,4,-1,-1
1641,5,-1,-1
1641,6,-1,-1
1641,7,-1,-1
1642,0,0,160
1642,1,0,160
1642,2,-1,-1
1642,3,-1,-1
1642,4,-1,-1
1642,5,-1,-1
1642,6,-1,-1
1642,7,-1,-1
1643,0,0,160
1643,1,0,160
1643,2,-1,-1
1643,3,-1,-1
1643,4,-1,-1
1643,5,-1,-1
1643,6,-1,-1
1643,7,-1,-1
1644,0,0,160
1644,1,0,160
1644,2,-1,-1
1644,3,-1,-1
1644,4,-1,-1
1644,5,-1,-1
1644,6,-1,-1
1644,7,-1,-1
1645,0,0,160
1645,1,0,160
1645,2,-1,-1
1645,3,-1,-1
1645,4,-1,-1
1645,5,-1,-1
1645,6,-1,-1
1645,7,-1,-1
1646,0,0,160
1646,1,0,160
1646,2,-1,-1
1646,3,-1,-1
1646,4,-1,-1
1646,5,-1,-1
1646,6,-1,-1
1646,7,-1,-1
1647,0,0,160
1647,1,0,160
1647,2,-1,-1
1647,3,-1,-1
1647,4,-1,-1
1647,5,-1,-1
1647,6,-1,-1
1647,7,-1,-1
1648,0,0,160
1648,1,0,160
1648,2,-1,-1
1648,3,-1,-1
1648,4,-1,-1
1648,5,-1,-1
1648,6,-1,-1
1648,7,-1,-1
1649,0,0,160
1649,1,0,160
1649,2,-1,-1
1649,3,-1,-1
1649,4,-1,-1
1649,5,-1,-1
1649,6,-1,-1
1649,7,-1,-1
1650,0,0,160
1650,1,0,160
1650,2,-1,-1
1650,3,-1,-1
1650,4,-1,-1
1650,5,-1,-1
1650,6,-1,-1
1650,7,-1,-1
1651,0,0,160
1651,1,0,160
1651,2,-1,-1
1651,3,-1,-1
1651,4,-1,-1
1651,5,-1,-1
1651,6,-1,-1
1651,7,-1,-1
1652,0,0,160
1652,1,0,160
1652,2,-1,-1
1652,3,-1,-1
1652,4,-1,-1
1652,5,-1,-1
1652,6,-1,-1
1652,7,-1,-1
1653,0,0,160
1653,1,0,160
1653,2,-1,-1
1653,3,-1,-1
1653,4,-1,-1
1653,5,-1,-1
1653,6,-1,-1
1653,7,-1,-1
1654,0,0,160
1654,1,0,160
1654,2,-1,-1
1654,3,-1,-1
1654,4,-1,-1
1654,5,-1,-1
1654,6,-1,-1
1654,7,-1,-1
1655,0,0,160
1655,1,0,160
1655,2,-1,-1
1655,3,-1,-1
1655,4,-1,-1
1655,5,-1,-1
1655,6,-1,-1
1655,7,-1,-1
1656,0,0,160
1656,1,0,160
1656,2,-1,-1
1656,3,-1,-1
1656,4,-1,-1
1656,5,-1,-1
1656,6,-1,-1
1656,7,-1,-1
1657,0,0,160
1657,1,0,160
1657,2,-1,-1
1657,3,-1,-1
1657,4,-1,-1
1657,5,-1,-1
1657,6,-1,-1
1657,7,-1,-1
1658,0,0,160
1658,1,0,160
1658,2,-1,-1
1658,3,-1,-1
1658,4,-1,-1
1658,5,-1,-1
1658,6,-1,-1
1658,7,-1,-1
1659,0,0,160
1659,1,0,160
1659,2,-1,-1
1659,3,-1,-1
1659,4,-1,-1
1659,5,-1,-1
1659,6,-1,-1
1659,7,-1,-1
1660,0,0,160
1660,1,0,160
1660,2,-1,-1
1660,3,-1,-1
1660,4,-1,-1
1660,5,-1,-1
1660,6,-1,-1
1660,7,-1,-1
1661,0,0,160
1661,1,0,160
1661,2,-1,-1
1661,3,-1,-1
1661,4,-1,-1
1661,5,-1,-1
1661,6,-1,-1
1661,7,-1,-1
1662,0,0,160
1662,1,0,160
1662,2,-1,-1
1662,3,-1,-1
1662,4,-1,-1
1662,5,-1,-1
1662,6,-1,-1
1662,7,-1,-1
1663,0,0,160
1663,1,0,160
1663,2,-1,-1
1663,3,-1,-1
1663,4,-1,-1
1663,5,-1,-1
1663,6,-1,-1
1663,7,-1,-1
1664,0,0,160
1664,1,0,160
1664,2,-1,-1
1664,3,-1,-1
1664,4,-1,-1
1664,5,-1,-1
1664,6,-1,-1
1664,7,-1,-1
1665,0,0,160
1665,1,0,160
1665,2,-1,-1
1665,3,-1,-1
1665,4,-1,-1
1665,5,-1,-1
1665,6,-1,-1
1665,7,-1,-1
1666,0,0,160
1666,1,0,160
1666,2,-1,-1
1666,3,-1,-1
1666,4,-1,-1
1666,5,-1,-1
1666,6,-1,-1
1666,7,-1,-1
1667,0,0,160
1667,1,0,160
1667,2,-1,-1
1667,3,-1,-1
1667,4,-1,-1
1667,5,-1,-1
1667,6,-1,-1
1667,7,-1,-1
1668,0,0,160
1668,1,0,160
1668,2,-1,-1
1668,3,-1,-1
1668,4,-1,-1
1668,5,-1,-1
1668,6,-1,-1
1668,7,-1,-1
1669,0,0,160
1669,1,0,160
1669,2,-1,-1
1669,3,-1,-1
1669,4,-1,-1
1669,5,-1,-1
1669,6,-1,-1
1669,7,-1,-1
1670,0,0,160
1670,1,0,160
1670,2,-1,-1
1670,3,-1,-1
1670,4,-1,-1
1670,5,-1,-1
1670,6,-1,-1
1670,7,-1,-1
1671,0,0,160
1671,1,0,160
1671,2,-1,-1
1671,3,-1,-1
1671,4,-1,-1
1671,5,-1,-1
1671,6,-1,-1
1671,7,-1,-1
1672,0,0,160
1672,1,0,160
1672,2,-1,-1
1672,3,-1,-1
1672,4,-1,-1
1672,5,-1,-1
1672,6,-1,-1
1672,7,-1,-1
1673,0,0,160
1673,1,0,160
1673,2,-1,-1
1673,3,-1,-1
1673,4,-1,-1
1673,5,-1,-1
1673,6,-1,-1
1673,7,-1,-1
1674,0,0,160
1674,1,0,160
1674,2,-1,-1
1674,3,-1,-1
1674,4,-1,-1
1674,5,-1,-1
1674,6,-1,-1
1674,7,-1,-1
1675,0,0,160
1675,1,0,160
1675,2,-1,-1
1675,3,-1,-1
1675,4,-1,-1
1675,5,-1,-1
1675,6,-1,-1
1675,7,-1,-1
1676,0,0,160
1676,1,0,160
1676,2,-1,-1
1676,3,-1,-1
1676,4,-1,-1
1676,5,-1,-1
1676,6,-1,-1
1676,7,-1,-1
1677,0,0,160
1677,1,0,160
1677,2,-1,-1
1677,3,-1,-1
1677,4,-1,-1
1677,5,-1,-1
1677,6,-1,-1
1677,7,-1,-1
1678,0,0,160
1678,1,0,160
1678,2,-1,-1
1678,3,-1,-1
1678,4,-1,-1
1678,5,-1,-1
1678,6,-1,-1
1678,7,-1,-1
1679,0,0,160
1679,1,0,160
1679,2,-1,-1
1679,3,-1,-1
1679,4,-1,-1
1679,5,-1,-1
1679,6,-1,-1
1679,7,-1,-1
1680,0,0,160
1680,1,0,160
1680,2,-1,-1
1680,3,-1,-1
1680,4,-1,-1
1680,5,-1,-1
1680,6,-1,-1
1680,7,-1,-1
1681,0,0,160
1681,1,0,160
1681,2,-1,-1
1681,3,-1,-1
1681,4,-1,-1
1681,5,-1,-1
1681,6,-1,-1
1681,7,-1,-1
1682,0,0,160
1682,1,0,160
1682,2,-1,-1
1682,3,-1,-1
1682,4,-1,-1
1682,5,-1,-1
1682,6,-1,-1
1682,7,-1,-1
1683,0,0,160
1683,1,0,160
1683,2,-1,-1
1683,3,-1,-1
1683,4,-1,-1
1683,5,-1,-1
1683,6,-1,-1
1683,7,-1,-1
1684,0,0,160
1684,1,0,160
1684,2,-1,-1
1684,3,-1,-1
1684,4,-1,-1
1684,5,-1,-1
1684,6,-1,-1
1684,7,-1,-1
1685,0,0,160
1685,1,0,160
1685,2,-1,-1
1685,3,-1,-1
1685,4,-1,-1
1685,5,-1,-1
1685,6,-1,-1
1685,7,-1,-1
1686,0,0,160
1686,1,0,160
1686,2,-1,-1
1686,3,-1,-1
1686,4,-1,-1
1686,5,-1,-1
1686,6,-1,-1
1686,7,-1,-1
1687,0,0,160
1687,1,0,160
1687,2,-1,-1
1687,3,-1,-1
1687,4,-1,-1
1687,5,-1,-1
1687,6,-1,-1
1687,7,-1,-1
1688,0,0,160
1688,1,0,160
1688,2,-1,-1
1688,3,-1,-1
1688,4,-1,-1
1688,5,-1,-1
1688,6,-1,-1
1688,7,-1,-1
1689,0,0,160
1689,1,0,160
1689,2,-1,-1
1689,3,-1,-1
1689,4,-1,-1
1689,5,-1,-1
1689,6,-1,-1
1689,7,-1,-1
1690,0,0,160
1690,1,0,160
1690,2,-1,-1
1690,3,-1,-1
1690,4,-1,-1
1690,5,-1,-1
1690,6,-1,-1
1690,7,-1,-1
1691,0,0,160
1691,1,0,160
1691,2,-1,-1
1691,3,-1,-1
1691,4,-1,-1
1691,5,-1,-1
1691,6,-1,-1
1691,7,-1,-1
1692,0,0,160
1692,1,0,160
1692,2,-1,-1
1692,3,-1,-1
1692,4,-1,-1
1692,5,-1,-1
1692,6,-1,-1
1692,7,-1,-1
1693,0,0,160
1693,1,0,160
1693,2,-1,-1
1693,3,-1,-1
1693,4,-1,-1
1693,5,-1,-1
1693,6,-1,-1
1693,7,-1,-1
1694,0,0,160
1694,1,0,160
1694,2,-1,-1
1694,3,-1,-1
1694,4,-1,-1
1694,5,-1,-1
1694,6,-1,-1
1694,7,-1,-1
1695,0,0,160
1695,1,0,160
1695,2,-1,-1
1695,3,-1,-1
1695,4,-1,-1
1695,5,-1,-1
1695,6,-1,-1
1695,7,-1,-1
1696,0,0,160
1696,1,0,160
1696,2,-1,-1
1696,3,-1,-1
1696,4,-1,-1
1696,5,-1,-1
1696,6,-1,-1
1696,7,-1,-1
1697,0,0,160
1697,1,0,160
1697,2,-1,-1
1697,3,-1,-1
1697,4,-1,-1
1697,5,-1,-1
1697,6,-1,-1
1697,7,-1,-1
1698,0,0,160
1698,1,0,160
1698,2,-1,-1
1698,3,-1,-1
1698,4,-1,-1
1698,5,-1,-1
1698,6,-1,-1
1698,7,-1,-1
1699,0,0,160
1699,1,0,160
1699,2,-1,-1
1699,3,-1,-1
1699,4,-1,-1
1699,5,-1,-1
1699,6,-1,-1
1699,7,-1,-1
1700,0,0,160
1700,1,0,160
1700,2,-1,-1
1700,3,-1,-1
1700,4,-1,-1
1700,5,-1,-1
1700,6,-1,-1
1700,7,-1,-1
1701,0,0,160
1701,1,0,160
1701,2,-1,-1
1701,3,-1,-1
1701,4,-1,-1
1701,5,-1,-1
1701,6,-1,-1
1701,7,-1,-1
1702,0,0,160
1702,1,0,160
1702,2,-1,-1
1702,3,-1,-1
1702,4,-1,-1
1702,5,-1,-1
1702,6,-1,-1
1702,7,-1,-1
1703,0,0,160
1703,1,0,160
1703,2,-1,-1
1703,3,-1,-1
1703,4,-1,-1
1703,5,-1,-1
1703,6,-1,-1
1703,7,-1,-1
1704,0,0,160
1704,1,0,160
1704,2,-1,-1
1704,3,-1,-1
1704,4,-1,-1
1704,5,-1,-1
1704,6,-1,-1
1704,7,-1,-1
1705,0,0,160
1705,1,0,160
1705,2,-1,-1
1705,3,-1,-1
1705,4,-1,-1
1705,5,-1,-1
1705,6,-1,-1
1705,7,-1,-1
1706,0,0,160
1706,1,0,160
1706,2,-1,-1
1706,3,-1,-1
1706,4,-1,-1
1706,5,-1,-1
1706,6,-1,-1
1706,7,-1,-1
1707,0,0,160
1707,1,0,160
1707,2,-1,-1
1707,3,-1,-1
1707,4,-1,-1
1707,5,-1,-1
1707,6,-1,-1
1707,7,-1,-1
1708,0,0,160
1708,1,0,160
1708,2,-1,-1
1708,3,-1,-1
1708,4,-1,-1
1708,5,-1,-1
1708,6,-1,-1
1708,7,-1,-1
1709,0,0,160
1709,1,0,160
1709,2,-1,-1
1709,3,-1,-1
1709,4,-1,-1
1709,5,-1,-1
1709,6,-1,-1
1709,7,-1,-1
1710,0,0,160
1710,1,0,160
1710,2,-1,-1
1710,3,-1,-1
1710,4,-1,-1
1710,5,-1,-1
1710,6,-1,-1
1710,7,-1,-1
1711,0,0,160
1711,1,0,160
1711,2,-1,-1
1711,3,-1,-1
1711,4,-1,-1
1711,5,-1,-1
1711,6,-1,-1
1711,7,-1,-1
1712,0,0,160
1712,1,0,160
1712,2,-1,-1
1712,3,-1,-1
1712,4,-1,-1
1712,5,-1,-1
1712,6,-1,-1
1712,7,-1,-1
1713,0,0,160
1713,1,0,160
1713,2,-1,-1
1713,3,-1,-1
1713,4,-1,-1
1713,5,-1,-1
1713,6,-1,-1
1713,7,-1,-1
1714,0,0,160
1714,1,0,160
1714,2,-1,-1
1714,3,-1,-1
1714,4,-1,-1
1714,5,-1,-1
1714,6,-1,-1
1714,7,-1,-1
1715,0,0,160
1715,1,0,160
1715,2,-1,-1
1715,3,-1,-1
1715,4,-1,-1
1715,5,-1,-1
1715,6,-1,-1
1715,7,-1,-1
1716,0,0,160
1716,1,0,160
1716,2,-1,-1
1716,3,-1,-1
1716,4,-1,-1
1716,5,-1,-1
1716,6,-1,-1
1716,7,-1,-1
1717,0,0,160
1717,1,0,160
1717,2,-1,-1
1717,3,-1,-1
1717,4,-1,-1
1717,5,-1,-1
1717,6,-1,-1
1717,7,-1,-1
1718,0,0,160
1718,1,0,160
1718,2,-1,-1
1718,3,-1,-1
1718,4,-1,-1
1718,5,-1,-1
1718,6,-1,-1
1718,7,-1,-1
1719,0,0,160
1719,1,0,160
1719,2,-1,-1
1719,3,-1,-1
1719,4,-1,-1
1719,5,-1,-1
1719,6,-1,-1
1719,7,-1,-1
1720,0,0,160
1720,1,0,160
1720,2,-1,-1
1720,3,-1,-1
1720,4,-1,-1
1720,5,-1,-1
1720,6,-1,-1
1720,7,-1,-1
1721,0,0,160
1721,1,0,160
1721,2,-1,-1
1721,3,-1,-1
1721,4,-1,-1
1721,5,-1,-1
1721,6,-1,-1
1721,7,-1,-1
1722,0,0,160
1722,1,0,160
1722,2,-1,-1
1722,3,-1,-1
1722,4,-1,-1
1722,5,-1,-1
1722,6,-1,-1
1722,7,-1,-1
1723,0,0,160
1723,1,0,160
1723,2,-1,-1
1723,3,-1,-1
1723,4,-1,-1
1723,5,-1,-1
1723,6,-1,-1
1723,7,-1,-1
1724,0,0,160
1724,1,0,160
1724,2,-1,-1
1724,3,-1,-1
1724,4,-1,-1
1724,5,-1,-1
1724,6,-1,-1
1724,7,-1,-1
1725,0,0,160
1725,1,0,160
1725,2,-1,-1
1725,3,-1,-1
1725,4,-1,-1
1725,5,-1,-1
1725,6,-1,-1
1725,7,-1,-1
1726,0,0,160
1726,1,0,160
1726,2,-1,-1
1726,3,-1,-1
1726,4,-1,-1
1726,5,-1,-1
1726,6,-1,-1
1726,7,-1,-1
1727,0,0,160
1727,1,0,160
1727,2,-1,-1
1727,3,-1,-1
1727,4,-1,-1
1727,5,-1,-1
1727,6,-1,-1
1727,7,-1,-1
1728,0,0,160
1728,1,0,160
1728,2,-1,-1
1728,3,-1,-1
1728,4,-1,-1
1728,5,-1,-1
1728,6,-1,-1
1728,7,-1,-1
1729,0,0,160
1729,1,0,160
1729,2,-1,-1
1729,3,-1,-1
1729,4,-1,-1
1729,5,-1,-1
1729,6,-1,-1
1729,7,-1,-1
1730,0,0,160
1730,1,0,160
1730,2,-1,-1
1730,3,-1,-1
1730,4,-1,-1
1730,5,-1,-1
1730,6,-1,-1
1730,7,-1,-1
1731,0,0,160
1731,1,0,160
1731,2,-1,-1
1731,3,-1,-1
1731,4,-1,-1
1731,5,-1,-1
1731,6,-1,-1
1731,7,-1,-1
1732,0,0,160
1732,1,0,160
1732,2,-1,-1
1732,3,-1,-1
1732,4,-1,-1
1732,5,-1,-1
1732,6,-1,-1
1732,7,-1,-1
1733,0,0,160
1733,1,0,160
1733,2,-1,-1
1733,3,-1,-1
1733,4,-1,-1
1733,5,-1,-1
1733,6,-1,-1
1733,7,-1,-1
1734,0,0,160
1734,1,0,160
1734,2,-1,-1
1734,3,-1,-1
1734,4,-1,-1
1734,5,-1,-1
1734,6,-1,-1
1734,7,-1,-1
1735,0,0,160
1735,1,0,160
1735,2,-1,-1
1735,3,-1,-1
1735,4,-1,-1
1735,5,-1,-1
1735,6,-1,-1
1735,7,-1,-1
1736,0,0,160
1736,1,0,160
1736,2,-1,-1
1736,3,-1,-1
1736,4,-1,-1
1736,5,-1,-1
1736,6,-1,-1
1736,7,-1,-1
1737,0,0,160
1737,1,0,160
1737,2,-1,-1
1737,3,-1,-1
1737,4,-1,-1
1737,5,-1,-1
1737,6,-1,-1
1737,7,-1,-1
1738,0,0,160
1738,1,0,160
1738,2,-1,-1
1738,3,-1,-1
1738,4,-1,-1
1738,5,-1,-1
1738,6,-1,-1
1738,7,-1,-1
1739,0,0,160
1739,1,0,160
1739,2,-1,-1
1739,3,-1,-1
1739,4,-1,-1
1739,5,-1,-1
1739,6,-1,-1
1739,7,-1,-1
1740,0,0,160
1740,1,0,160
1740,2,-1,-1
1740,3,-1,-1
1740,4,-1,-1
1740,5,-1,-1
1740,6,-1,-1
1740,7,-1,-1
1741,0,0,160
1741,1,0,160
1741,2,-1,-1
1741,3,-1,-1
1741,4,-1,-1
1741,5,-1,-1
1741,6,-1,-1
1741,7,-1,-1
1742,0,0,160
1742,1,0,160
1742,2,-1,-1
1742,3,-1,-1
1742,4,-1,-1
1742,5,-1,-1
1742,6,-1,-1
1742,7,-1,-1
1743,0,0,160
1743,1,0,160
1743,2,-1,-1
1743,3,-1,-1
1743,4,-1,-1
1743,5,-1,-1
1743,6,-1,-1
1743,7,-1,-1
1744,0,0,160
1744,1,0,160
1744,2,-1,-1
1744,3,-1,-1
1744,4,-1,-1
1744,5,-1,-1
1744,6,-1,-1
1744,7,-1,-1
1745,0,0,160
1745,1,0,160
1745,2,-1,-1
1745,3,-1,-1
1745,4,-1,-1
1745,5,-1,-1
1745,6,-1,-1
1745,7,-1,-1
1746,0,0,160
1746,1,0,160
1746,2,-1,-1
1746,3,-1,-1
1746,4,-1,-1
1746,5,-1,-1
1746,6,-1,-1
1746,7,-1,-1
1747,0,0,160
1747,1,0,160
1747,2,-1,-1
1747,3,-1,-1
1747,4,-1,-1
1747,5,-1,-1
1747,6,-1,-1
1747,7,-1,-1
1748,0,0,160
1748,1,0,160
1748,2,-1,-1
1748,3,-1,-1
1748,4,-1,-1
1748,5,-1,-1
1748,6,-1,-1
1748,7,-1,-1
1749,0,0,160
1749,1,0,160
1749,2,-1,-1
1749,3,-1,-1
1749,4,-1,-1
1749,5,-1,-1
1749,6,-1,-1
1749,7,-1,-1
1750,0,0,160
1750,1,0,160
1750,2,-1,-1
1750,3,-1,-1
1750,4,-1,-1
1750,5,-1,-1
1750,6,-1,-1
1750,7,-1,-1
1751,0,0,160
1751,1,0,160
1751,2,-1,-1
1751,3,-1,-1
1751,4,-1,-1
1751,5,-1,-1
1751,6,-1,-1
1751,7,-1,-1
1752,0,0,160
1752,1,0,160
1752,2,-1,-1
1752,3,-1,-1
1752,4,-1,-1
1752,5,-1,-1
1752,6,-1,-1
1752,7,-1,-1
1753,0,0,160
1753,1,0,160
1753,2,-1,-1
1753,3,-1,-1
1753,4,-1,-1
1753,5,-1,-1
1753,6,-1,-1
1753,7,-1,-1
1754,0,0,160
1754,1,0,160
1754,2,-1,-1
1754,3,-1,-1
1754,4,-1,-1
1754,5,-1,-1
1754,6,-1,-1
1754,7,-1,-1
1755,0,0,160
1755,1,0,160
1755,2,-1,-1
1755,3,-1,-1
1755,4,-1,-1
1755,5,-1,-1
1755,6,-1,-1
1755,7,-1,-1
1756,0,0,160
1756,1,0,160
1756,2,-1,-1
1756,3,-1,-1
1756,4,-1,-1
1756,5,-1,-1
1756,6,-1,-1
1756,7,-1,-1
1757,0,0,160
1757,1,0,160
1757,2,-1,-1
1757,3,-1,-1
1757,4,-1,-1
1757,5,-1,-1
1757,6,-1,-1
1757,7,-1,-1
1758,0,0,160
1758,1,0,160
1758,2,-1,-1
1758,3,-1,-1
1758,4,-1,-1
1758,5,-1,-1
1758,6,-1,-1
1758,7,-1,-1
1759,0,0,160
1759,1,0,160
1759,2,-1,-1
1759,3,-1,-1
1759,4,-1,-1
1759,5,-1,-1
1759,6,-1,-1
1759,7,-1,-1
1760,0,0,160
1760,1,0,160
1760,2,-1,-1
1760,3,-1,-1
1760,4,-1,-1
1760,5,-1,-1
1760,6,-1,-1
1760,7,-1,-1
1761,0,0,160
1761,1,0,160
1761,2,-1,-1
1761,3,-1,-1
1761,4,-1,-1
1761,5,-1,-1
1761,6,-1,-1
1761,7,-1,-1
1762,0,0,160
1762,1,0,160
1762,2,-1,-1
1762,3,-1,-1
1762,4,-1,-1
1762,5,-1,-1
1762,6,-1,-1
1762,7,-1,-1
1763,0,0,160
1763,1,0,160
1763,2,-1,-1
1763,3,-1,-1
1763,4,-1,-1
1763,5,-1,-1
1763,6,-1,-1
1763,7,-1,-1
1764,0,0,160
1764,1,0,160
1764,2,-1,-1
1764,3,-1,-1
1764,4,-1,-1
1764,5,-1,-1
1764,6,-1,-1
1764,7,-1,-1
1765,0,0,160
1765,1,0,160
1765,2,-1,-1
1765,3,-1,-1
1765,4,-1,-1
1765,5,-1,-1
1765,6,-1,-1
1765,7,-1,-1
1766,0,0,160
1766,1,0,160
1766,2,-1,-1
1766,3,-1,-1
1766,4,-1,-1
1766,5,-1,-1
1766,6,-1,-1
1766,7,-1,-1
1767,0,0,160
1767,1,0,160
1767,2,-1,-1
1767,3,-1,-1
1767,4,-1,-1
1767,5,-1,-1
1767,6,-1,-1
1767,7,-1,-1
1768,0,0,160
1768,1,0,160
1768,2,-1,-1
1768,3,-1,-1
1768,4,-1,-1
1768,5,-1,-1
1768,6,-1,-1
1768,7,-1,-1
1769,0,0,160
1769,1,0,160
1769,2,-1,-1
1769,3,-1,-1
1769,4,-1,-1
1769,5,-1,-1
1769,6,-1,-1
1769,7,-1,-1
1770,0,0,160
1770,1,0,160
1770,2,-1,-1
1770,3,-1,-1
1770,4,-1,-1
1770,5,-1,-1
1770,6,-1,-1
1770,7,-1,-1
1771,0,0,160
1771,1,0,160
1771,2,-1,-1
1771,3,-1,-1
1771,4,-1,-1
1771,5,-1,-1
1771,6,-1,-1
1771,7,-1,-1
1772,0,0,160
1772,1,0,160
1772,2,-1,-1
1772,3,-1,-1
1772,4,-1,-1
1772,5,-1,-1
1772,6,-1,-1
1772,7,-1,-1
1773,0,0,160
1773,1,0,160
1773,2,-1,-1
1773,3,-1,-1
1773,4,-1,-1
1773,5,-1,-1
1773,6,-1,-1
1773,7,-1,-1
1774,0,0,160
1774,1,0,160
1774,2,-1,-1
1774,3,-1,-1
1774,4,-1,-1
1774,5,-1,-1
1774,6,-1,-1
1774,7,-1,-1
1775,0,0,160
1775,1,0,160
1775,2,-1,-1
1775,3,-1,-1
1775,4,-1,-1
1775,5,-1,-1
1775,6,-1,-1
1775,7,-1,-1
1776,0,0,160
1776,1,0,160
1776,2,-1,-1
1776,3,-1,-1
1776,4,-1,-1
1776,5,-1,-1
1776,6,-1,-1
1776,7,-1,-1
1777,0,0,160
1777,1,0,160
1777,2,-1,-1
1777,3,-1,-1
1777,4,-1,-1
1777,5,-1,-1
1777,6,-1,-1
1777,7,-1,-1
1778,0,0,160
1778,1,0,160
1778,2,-1,-1
1778,3,-1,-1
1778,4,-1,-1
1778,5,-1,-1
1778,6,-1,-1
1778,7,-1,-1
1779,0,0,160
1779,1,0,160
1779,2,-1,-1
1779,3,-1,-1
1779,4,-1,-1
1779,5,-1,-1
1779,6,-1,-1
1779,7,-1,-1
1780,0,0,160
1780,1,0,160
1780,2,-1,-1
1780,3,-1,-1
1780,4,-1,-1
1780,5,-1,-1
1780,6,-1,-1
1780,7,-1,-1
1781,0,0,160
1781,1,0,160
1781,2,-1,-1
1781,3,-1,-1
1781,4,-1,-1
1781,5,-1,-1
1781,6,-1,-1
1781,7,-1,-1
1782,0,0,160
1782,1,0,160
1782,2,-1,-1
1782,3,-1,-1
1782,4,-1,-1
1782,5,-1,-1
1782,6,-1,-1
1782,7,-1,-1
1783,0,0,160
1783,1,0,160
1783,2,-1,-1
1783,3,-1,-1
1783,4,-1,-1
1783,5,-1,-1
1783,6,-1,-1
1783,7,-1,-1
1784,0,0,160
1784,1,0,160
1784,2,-1,-1
1784,3,-1,-1
1784,4,-1,-1
1784,5,-1,-1
1784,6,-1,-1
1784,7,-1,-1
1785,0,0,160
1785,1,0,160
1785,2,-1,-1
1785,3,-1,-1
1785,4,-1,-1
1785,5,-1,-1
1785,6,-1,-1
1785,7,-1,-1
1786,0,0,160
1786,1,0,160
1786,2,-1,-1
1786,3,-1,-1
1786,4,-1,-1
1786,5,-1,-1
1786,6,-1,-1
1786,7,-1,-1
1787,0,0,160
1787,1,0,160
1787,2,-1,-1
1787,3,-1,-1
1787,4,-1,-1
1787,5,-1,-1
1787,6,-1,-1
1787,7,-1,-1
1788,0,0,160
1788,1,0,160
1788,2,-1,-1
1788,3,-1,-1
1788,4,-1,-1
1788,5,-1,-1
1788,6,-1,-1
1788,7,-1,-1
1789,0,0,160
1789,1,0,160
1789,2,-1,-1
1789,3,-1,-1
1789,4,-1,-1
1789,5,-1,-1
1789,6,-1,-1
1789,7,-1,-1
1790,0,0,160
1790,1,0,160
1790,2,-1,-1
1790,3,-1,-1
1790,4,-1,-1
1790,5,-1,-1
1790,6,-1,-1
1790,7,-1,-1
1791,0,0,160
1791,1,0,160
1791,2,-1,-1
1791,3,-1,-1
1791,4,-1,-1
1791,5,-1,-1
1791,6,-1,-1
1791,7,-1,-1
1792,0,0,160
1792,1,0,160
1792,2,-1,-1
1792,3,-1,-1
1792,4,-1,-1
1792,5,-1,-1
1792,6,-1,-1
1792,7,-1,-1
1793,0,0,160
1793,1,0,160
1793,2,-1,-1
1793,3,-1,-1
1793,4,-1,-1
1793,5,-1,-1
1793,6,-1,-1
1793,7,-1,-1
1794,0,0,160
1794,1,0,160
1794,2,-1,-1
1794,3,-1,-1
1794,4,-1,-1
1794,5,-1,-1
1794,6,-1,-1
1794,7,-1,-1
1795,0,0,160
1795,1,0,160
1795,2,-1,-1
1795,3,-1,-1
1795,4,-1,-1
1795,5,-1,-1
1795,6,-1,-1
1795,7,-1,-1
1796,0,0,160
1796,1,0,160
1796,2,-1,-1
1796,3,-1,-1
1796,4,-1,-1
1796,5,-1,-1
1796,6,-1,-1
1796,7,-1,-1
1797,0,0,160
1797,1,0,160
1797,2,-1,-1
1797,3,-1,-1
1797,4,-1,-1
1797,5,-1,-1
1797,6,-1,-1
1797,7,-1,-1
1798,0,0,160
1798,1,0,160
1798,2,-1,-1
1798,3,-1,-1
1798,4,-1,-1
1798,5,-1,-1
1798,6,-1,-1
1798,7,-1,-1
1799,0,0,160
1799,1,0,160
1799,2,-1,-1
1799,3,-1,-1
1799,4,-1,-1
1799,5,-1,-1
1799,6,-1,-1
1799,7,-1,-1
1800,0,3,160
1800,1,3,160
1800,2,3,160
1800,3,3,160
1800,4,4,160
1800,5,4,160
1800,6,4,160
1800,7,4,160
1801,0,3,160
1801,1,3,160
1801,2,3,160
1801,3,3,160
1801,4,4,160
1801,5,4,160
1801,6,4,160
1801,7,4,160
1802,0,3,160
1802,1,3,160
1802,2,3,160
1802,3,3,160
1802,4,4,160
1802,5,4,160
1802,6,4,160
1802,7,4,160
1803,0,3,160
1803,1,3,160
1803,2,3,160
1803,3,3,160
1803,4,4,160
1803,5,4,160
1803,6,4,160
1803,7,4,160
1804,0,3,160
1804,1,3,160
1804,2,3,160
1804,3,3,160
1804,4,4,160
1804,5,4,160
1804,6,4,160
1804,7,4,160
1805,0,3,160
1805,1,3,160
1805,2,3,160
1805,3,3,160
1805,4,4,160
1805,5,4,160
1805,6,4,160
1805,7,4,160
1806,0,3,160
1806,1,3,160
1806,2,3,160
1806,3,3,160
1806,4,4,160
1806,5,4,160
1806,6,4,160
1806,7,4,160
1807,0,3,160
1807,1,3,160
1807,2,3,160
1807,3,3,160
1807,4,4,160
1807,5,4,160
1807,6,4,160
1807,7,4,160
1808,0,3,160
1808,1,3,160
1808,2,3,160
1808,3,3,160
1808,4,4,160
1808,5,4,160
1808,6,4,160
1808,7,4,160
1809,0,3,160
1809,1,3,160
1809,2,3,160
1809,3,3,160
1809,4,4,160
1809,5,4,160
1809,6,4,160
1809,7,4,160
1810,0,3,160
1810,1,3,160
1810,2,3,160
1810,3,3,160
1810,4,4,160
1810,5,4,160
1810,6,4,160
1810,7,4,160
1811,0,3,160
1811,1,3,160
1811,2,3,160
1811,3,3,160
1811,4,4,160
1811,5,4,160
1811,6,4,160
1811,7,4,160
1812,0,3,160
1812,1,3,160
1812,2,3,160
1812,3,3,160
1812,4,4,160
1812,5,4,160
1812,6,4,160
1812,7,4,160
1813,0,3,160
1813,1,3,160
1813,2,3,160
1813,3,3,160
1813,4,4,160
1813,5,4,160
1813,6,4,160
1813,7,4,160
1814,0,3,160
1814,1,3,160
1814,2,3,160
1814,3,3,160
1814,4,4,160
1814,5,4,160
1814,6,4,160
1814,7,4,160
1815,0,3,160
1815,1,3,160
1815,2,3,160
1815,3,3,160
1815,4,4,160
1815,5,4,160
1815,6,4,160
1815,7,4,160
1816,0,3,160
1816,1,3,160
1816,2,3,160
1816,3,3,160
1816,4,4,160
1816,5,4,160
1816,6,4,160
1816,7,4,160
1817,0,3,160
1817,1,3,160
1817,2,3,160
1817,3,3,160
1817,4,4,160
1817,5,4,160
1817,6,4,160
1817,7,4,160
1818,0,3,160
1818,1,3,160
1818,2,3,160
1818,3,3,160
1818,4,4,160
1818,5,4,160
1818,6,4,160
1818,7,4,160
1819,0,3,160
1819,1,3,160
1819,2,3,160
1819,3,3,160
1819,4,4,160
1819,5,4,160
1819,6,4,160
1819,7,4,160
1820,0,3,160
1820,1,3,160
1820,2,3,160
1820,3,3,160
1820,4,4,160
1820,5,4,160
1820,6,4,160
1820,7,4,160
1821,0,3,160
1821,1,3,160
1821,2,3,160
1821,3,3,160
1821,4,4,160
1821,5,4,160
1821,6,4,160
1821,7,4,160
1822,0,3,160
1822,1,3,160
1822,2,3,160
1822,3,3,160
1822,4,4,160
1822,5,4,160
1822,6,4,160
1822,7,4,160
1823,0,3,160
1823,1,3,160
1823,2,3,160
1823,3,3,160
1823,4,4,160
1823,5,4,160
1823,6,4,160
1823,7,4,160
1824,0,3,160
1824,1,3,160
1824,2,3,160
1824,3,3,160
1824,4,4,160
1824,5,4,160
1824,6,4,160
1824,7,4,160
1825,0,3,160
1825,1,3,160
1825,2,3,160
1825,3,3,160
1825,4,4,160
1825,5,4,160
1825,6,4,160
1825,7,4,160
1826,0,3,160
1826,1,3,160
1826,2,3,160
1826,3,3,160
1826,4,4,160
1826,5,4,160
1826,6,4,160
1826,7,4,160
1827,0,3,160
1827,1,3,160
1827,2,3,160
1827,3,3,160
1827,4,4,160
1827,5,4,160
1827,6,4,160
1827,7,4,160
1828,0,3,160
1828,1,3,160
1828,2,3,160
1828,3,3,160
1828,4,4,160
1828,5,4,160
1828,6,4,160
1828,7,4,160
1829,0,3,160
1829,1,3,160
1829,2,3,160
1829,3,3,160
1829,4,4,160
1829,5,4,160
1829,6,4,160
1829,7,4,160
1830,0,3,160
1830,1,3,160
1830,2,3,160
1830,3,3,160
1830,4,4,160
1830,5,4,160
1830,6,4,160
1830,7,4,160
1831,0,3,160
1831,1,3,160
1831,2,3,160
1831,3,3,160
1831,4,4,160
1831,5,4,160
1831,6,4,160
1831,7,4,160
1832,0,3,160
1832,1,3,160
1832,2,3,160
1832,3,3,160
1832,4,4,160
1832,5,4,160
1832,6,4,160
1832,7,4,160
1833,0,3,160
1833,1,3,160
1833,2,3,160
1833,3,3,160
1833,4,4,160
1833,5,4,160
1833,6,4,160
1833,7,4,160
1834,0,3,160
1834,1,3,160
1834,2,3,160
1834,3,3,160
1834,4,4,160
1834,5,4,160
1834,6,4,160
1834,7,4,160
1835,0,3,160
1835,1,3,160
1835,2,3,160
1835,3,3,160
1835,4,4,160
1835,5,4,160
1835,6,4,160
1835,7,4,160
1836,0,3,160
1836,1,3,160
1836,2,3,160
1836,3,3,160
1836,4,4,160
1836,5,4,160
1836,6,4,160
1836,7,4,160
1837,0,3,160
1837,1,3,160
1837,2,3,160
1837,3,3,160
1837,4,4,160
1837,5,4,160
1837,6,4,160
1837,7,4,160
1838,0,3,160
1838,1,3,160
1838,2,3,160
1838,3,3,160
1838,4,4,160
1838,5,4,160
1838,6,4,160
1838,7,4,160
1839,0,3,160
1839,1,3,160
1839,2,3,160
1839,3,3,160
1839,4,4,160
1839,5,4,160
1839,6,4,160
1839,7,4,160
1840,0,3,160
1840,1,3,160
1840,2,3,160
1840,3,3,160
1840,4,4,160
1840,5,4,160
1840,6,4,160
1840,7,4,160
1841,0,3,160
1841,1,3,160
1841,2,3,160
1841,3,3,160
1841,4,4,160
1841,5,4,160
1841,6,4,160
1841,7,4,160
1842,0,3,160
1842,1,3,160
1842,2,3,160
1842,3,3,160
1842,4,4,160
1842,5,4,160
1842,6,4,160
1842,7,4,160
1843,0,3,160
1843,1,3,160
1843,2,3,160
1843,3,3,160
1843,4,4,160
1843,5,4,160
1843,6,4,160
1843,7,4,160
1844,0,3,160
1844,1,3,160
1844,2,3,160
1844,3,3,160
1844,4,4,160
1844,5,4,160
1844,6,4,160
1844,7,4,160
1845,0,3,160
1845,1,3,160
1845,2,3,160
1845,3,3,160
1845,4,4,160
1845,5,4,160
1845,6,4,160
1845,7,4,160
1846,0,3,160
1846,1,3,160
1846,2,3,160
1846,3,3,160
1846,4,4,160
1846,5,4,160
1846,6,4,160
1846,7,4,160
1847,0,3,160
1847,1,3,160
1847,2,3,160
1847,3,3,160
1847,4,4,160
1847,5,4,160
1847,6,4,160
1847,7,4,160
1848,0,3,160
1848,1,3,160
1848,2,3,160
1848,3,3,160
1848,4,4,160
1848,5,4,160
1848,6,4,160
1848,7,4,160
1849,0,3,160
1849,1,3,160
1849,2,3,160
1849,3,3,160
1849,4,4,160
1849,5,4,160
1849,6,4,160
1849,7,4,160
1850,0,3,160
1850,1,3,160
1850,2,3,160
1850,3,3,160
1850,4,4,160
1850,5,4,160
1850,6,4,160
1850,7,4,160
1851,0,3,160
1851,1,3,160
1851,2,3,160
1851,3,3,160
1851,4,4,160
1851,5,4,160
1851,6,4,160
1851,7,4,160
1852,0,3,160
1852,1,3,160
1852,2,3,160
1852,3,3,160
1852,4,4,160
1852,5,4,160
1852,6,4,160
1852,7,4,160
1853,0,3,160
1853,1,3,160
1853,2,3,160
1853,3,3,160
1853,4,4,160
1853,5,4,160
1853,6,4,160
1853,7,4,160
1854,0,3,160
1854,1,3,160
1854,2,3,160
1854,3,3,160
1854,4,4,160
1854,5,4,160
1854,6,4,160
1854,7,4,160
1855,0,3,160
1855,1,3,160
1855,2,3,160
1855,3,3,160
1855,4,4,160
1855,5,4,160
1855,6,4,160
1855,7,4,160
1856,0,3,160
1856,1,3,160
1856,2,3,160
1856,3,3,160
1856,4,4,160
1856,5,4,160
1856,6,4,160
1856,7,4,160
1857,0,3,160
1857,1,3,160
1857,2,3,160
1857,3,3,160
1857,4,4,160
1857,5,4,160
1857,6,4,160
1857,7,4,160
1858,0,3,160
1858,1,3,160
1858,2,3,160
1858,3,3,160
1858,4,4,160
1858,5,4,160
1858,6,4,160
1858,7,4,160
1859,0,3,160
1859,1,3,160
1859,2,3,160
1859,3,3,160
1859,4,4,160
1859,5,4,160
1859,6,4,160
1859,7,4,160
1860,0,3,160
1860,1,3,160
1860,2,3,160
1860,3,3,160
1860,4,4,160
1860,5,4,160
1860,6,4,160
1860,7,4,160
1861,0,3,160
1861,1,3,160
1861,2,3,160
1861,3,3,160
1861,4,4,160
1861,5,4,160
1861,6,4,160
1861,7,4,160
1862,0,3,160
1862,1,3,160
1862,2,3,160
1862,3,3,160
1862,4,4,160
1862,5,4,160
1862,6,4,160
1862,7,4,160
1863,0,3,160
1863,1,3,160
1863,2,3,160
1863,3,3,160
1863,4,4,160
1863,5,4,160
1863,6,4,160
1863,7,4,160
1864,0,3,160
1864,1,3,160
1864,2,3,160
1864,3,3,160
1864,4,4,160
1864,5,4,160
1864,6,4,160
1864,7,4,160
1865,0,3,160
1865,1,3,160
1865,2,3,160
1865,3,3,160
1865,4,4,160
1865,5,4,160
1865,6,4,160
1865,7,4,160
1866,0,3,160
1866,1,3,160
1866,2,3,160
1866,3,3,160
1866,4,4,160
1866,5,4,160
1866,6,4,160
1866,7,4,160
1867,0,3,160
1867,1,3,160
1867,2,3,160
1867,3,3,160
1867,4,4,160
1867,5,4,160
1867,6,4,160
1867,7,4,160
1868,0,3,160
1868,1,3,160
1868,2,3,160
1868,3,3,160
1868,4,4,160
1868,5,4,160
1868,6,4,160
1868,7,4,160
1869,0,3,160
1869,1,3,160
1869,2,3,160
1869,3,3,160
1869,4,4,160
1869,5,4,160
1869,6,4,160
1869,7,4,160
1870,0,3,160
1870,1,3,160
1870,2,3,160
1870,3,3,160
1870,4,4,160
1870,5,4,160
1870,6,4,160
1870,7,4,160
1871,0,3,160
1871,1,3,160
1871,2,3,160
1871,3,3,160
1871,4,4,160
1871,5,4,160
1871,6,4,160
1871,7,4,160
1872,0,3,160
1872,1,3,160
1872,2,3,160
1872,3,3,160
1872,4,4,160
1872,5,4,160
1872,6,4,160
1872,7,4,160
1873,0,3,160
1873,1,3,160
1873,2,3,160
1873,3,3,160
1873,4,4,160
1873,5,4,160
1873,6,4,160
1873,7,4,160
1874,0,3,160
1874,1,3,160
1874,2,3,160
1874,3,3,160
1874,4,4,160
1874,5,4,160
1874,6,4,160
1874,7,4,160
1875,0,3,160
1875,1,3,160
1875,2,3,160
1875,3,3,160
1875,4,4,160
1875,5,4,160
1875,6,4,160
1875,7,4,160
1876,0,3,160
1876,1,3,160
1876,2,3,160
1876,3,3,160
1876,4,4,160
1876,5,4,160
1876,6,4,160
1876,7,4,160
1877,0,3,160
1877,1,3,160
1877,2,3,160
1877,3,3,160
1877,4,4,160
1877,5,4,160
1877,6,4,160
1877,7,4,160
1878,0,3,160
1878,1,3,160
1878,2,3,160
1878,3,3,160
1878,4,4,160
1878,5,4,160
1878,6,4,160
1878,7,4,160
1879,0,3,160
1879,1,3,160
1879,2,3,160
1879,3,3,160
1879,4,4,160
1879,5,4,160
1879,6,4,160
1879,7,4,160
1880,0,3,160
1880,1,3,160
1880,2,3,160
1880,3,3,160
1880,4,4,160
1880,5,4,160
1880,6,4,160
1880,7,4,160
1881,0,3,160
1881,1,3,160
1881,2,3,160
1881,3,3,160
1881,4,4,160
1881,5,4,160
1881,6,4,160
1881,7,4,160
1882,0,3,160
1882,1,3,160
1882,2,3,160
1882,3,3,160
1882,4,4,160
1882,5,4,160
1882,6,4,160
1882,7,4,160
1883,0,3,160
1883,1,3,160
1883,2,3,160
1883,3,3,160
1883,4,4,160
1883,5,4,160
1883,6,4,160
1883,7,4,160
1884,0,3,160
1884,1,3,160
1884,2,3,160
1884,3,3,160
1884,4,4,160
1884,5,4,160
1884,6,4,160
1884,7,4,160
1885,0,3,160
1885,1,3,160
1885,2,3,160
1885,3,3,160
1885,4,4,160
1885,5,4,160
1885,6,4,160
1885,7,4,160
1886,0,3,160
1886,1,3,160
1886,2,3,160
1886,3,3,160
1886,4,4,160
1886,5,4,160
1886,6,4,160
1886,7,4,160
1887,0,3,160
1887,1,3,160
1887,2,3,160
1887,3,3,160
1887,4,4,160
1887,5,4,160
1887,6,4,160
1887,7,4,160
1888,0,3,160
1888,1,3,160
1888,2,3,160
1888,3,3,160
1888,4,4,160
1888,5,4,160
1888,6,4,160
1888,7,4,160
1889,0,3,160
1889,1,3,160
1889,2,3,160
1889,3,3,160
1889,4,4,160
1889,5,4,160
1889,6,4,160
1889,7,4,160
1890,0,3,160
1890,1,3,160
1890,2,3,160
1890,3,3,160
1890,4,4,160
1890,5,4,160
1890,6,4,160
1890,7,4,160
1891,0,3,160
1891,1,3,160
1891,2,3,160
1891,3,3,160
1891,4,4,160
1891,5,4,160
1891,6,4,160
1891,7,4,160
1892,0,3,160
1892,1,3,160
1892,2,3,160
1892,3,3,160
1892,4,4,160
1892,5,4,160
1892,6,4,160
1892,7,4,160
1893,0,3,160
1893,1,3,160
1893,2,3,160
1893,3,3,160
1893,4,4,160
1893,5,4,160
1893,6,4,160
1893,7,4,160
1894,0,3,160
1894,1,3,160
1894,2,3,160
1894,3,3,160
1894,4,4,160
1894,5,4,160
1894,6,4,160
1894,7,4,160
1895,0,3,160
1895,1,3,160
1895,2,3,160
1895,3,3,160
1895,4,4,160
1895,5,4,160
1895,6,4,160
1895,7,4,160
1896,0,3,160
1896,1,3,160
1896,2,3,160
1896,3,3,160
1896,4,4,160
1896,5,4,160
1896,6,4,160
1896,7,4,160
1897,0,3,160
1897,1,3,160
1897,2,3,160
1897,3,3,160
1897,4,4,160
1897,5,4,160
1897,6,4,160
1897,7,4,160
1898,0,3,160
1898,1,3,160
1898,2,3,160
1898,3,3,160
1898,4,4,160
1898,5,4,160
1898,6,4,160
1898,7,4,160
1899,0,3,160
1899,1,3,160
1899,2,3,160
1899,3,3,160
1899,4,4,160
1899,5,4,160
1899,6,4,160
1899,7,4,160
1900,0,3,160
1900,1,3,160
1900,2,3,160
1900,3,3,160
1900,4,4,160
1900,5,4,160
1900,6,4,160
1900,7,4,160
1901,0,3,160
1901,1,3,160
1901,2,3,160
1901,3,3,160
1901,4,4,160
1901,5,4,160
1901,6,4,160
1901,7,4,160
1902,0,3,160
1902,1,3,160
1902,2,3,160
1902,3,3,160
1902,4,4,160
1902,5,4,160
1902,6,4,160
1902,7,4,160
1903,0,3,160
1903,1,3,160
1903,2,3,160
1903,3,3,160
1903,4,4,160
1903,5,4,160
1903,6,4,160
1903,7,4,160
1904,0,3,160
1904,1,3,160
1904,2,3,160
1904,3,3,160
1904,4,4,160
1904,5,4,160
1904,6,4,160
1904,7,4,160
1905,0,3,160
1905,1,3,160
1905,2,3,160
1905,3,3,160
1905,4,4,160
1905,5,4,160
1905,6,4,160
1905,7,4,160
1906,0,3,160
1906,1,3,160
1906,2,3,160
1906,3,3,160
1906,4,4,160
1906,5,4,160
1906,6,4,160
1906,7,4,160
1907,0,3,160
1907,1,3,160
1907,2,3,160
1907,3,3,160
1907,4,4,160
1907,5,4,160
1907,6,4,160
1907,7,4,160
1908,0,3,160
1908,1,3,160
1908,2,3,160
1908,3,3,160
1908,4,4,160
1908,5,4,160
1908,6,4,160
1908,7,4,160
1909,0,3,160
1909,1,3,160
1909,2,3,160
1909,3,3,160
1909,4,4,160
1909,5,4,160
1909,6,4,160
1909,7,4,160
1910,0,3,160
1910,1,3,160
1910,2,3,160
1910,3,3,160
1910,4,4,160
1910,5,4,160
1910,6,4,160
1910,7,4,160
1911,0,3,160
1911,1,3,160
1911,2,3,160
1911,3,3,160
1911,4,4,160
1911,5,4,160
1911,6,4,160
1911,7,4,160
1912,0,3,160
1912,1,3,160
1912,2,3,160
1912,3,3,160
1912,4,4,160
1912,5,4,160
1912,6,4,160
1912,7,4,160
1913,0,3,160
1913,1,3,160
1913,2,3,160
1913,3,3,160
1913,4,4,160
1913,5,4,160
1913,6,4,160
1913,7,4,160
1914,0,3,160
1914,1,3,160
1914,2,3,160
1914,3,3,160
1914,4,4,160
1914,5,4,160
1914,6,4,160
1914,7,4,160
1915,0,3,160
1915,1,3,160
1915,2,3,160
1915,3,3,160
1915,4,4,160
1915,5,4,160
1915,6,4,160
1915,7,4,160
1916,0,3,160
1916,1,3,160
1916,2,3,160
1916,3,3,160
1916,4,4,160
1916,5,4,160
1916,6,4,160
1916,7,4,160
1917,0,3,160
1917,1,3,160
1917,2,3,160
1917,3,3,160
1917,4,4,160
1917,5,4,160
1917,6,4,160
1917,7,4,160
1918,0,3,160
1918,1,3,160
1918,2,3,160
1918,3,3,160
1918,4,4,160
1918,5,4,160
1918,6,4,160
1918,7,4,160
1919,0,3,160
1919,1,3,160
1919,2,3,160
1919,3,3,160
1919,4,4,160
1919,5,4,160
1919,6,4,160
1919,7,4,160
1920,0,3,160
1920,1,3,160
1920,2,3,160
1920,3,3,160
1920,4,4,160
1920,5,4,160
1920,6,4,160
1920,7,4,160
1921,0,3,160
1921,1,3,160
1921,2,3,160
1921,3,3,160
1921,4,4,160
1921,5,4,160
1921,6,4,160
1921,7,4,160
1922,0,3,160
1922,1,3,160
1922,2,3,160
1922,3,3,160
1922,4,4,160
1922,5,4,160
1922,6,4,160
1922,7,4,160
1923,0,3,160
1923,1,3,160
1923,2,3,160
1923,3,3,160
1923,4,4,160
1923,5,4,160
1923,6,4,160
1923,7,4,160
1924,0,3,160
1924,1,3,160
1924,2,3,160
1924,3,3,160
1924,4,4,160
1924,5,4,160
1924,6,4,160
1924,7,4,160
1925,0,3,160
1925,1,3,160
1925,2,3,160
1925,3,3,160
1925,4,4,160
1925,5,4,160
1925,6,4,160
1925,7,4,160
1926,0,3,160
1926,1,3,160
1926,2,3,160
1926,3,3,160
1926,4,4,160
1926,5,4,160
1926,6,4,160
1926,7,4,160
1927,0,3,160
1927,1,3,160
1927,2,3,160
1927,3,3,160
1927,4,4,160
1927,5,4,160
1927,6,4,160
1927,7,4,160
1928,0,3,160
1928,1,3,160
1928,2,3,160
1928,3,3,160
1928,4,4,160
1928,5,4,160
1928,6,4,160
1928,7,4,160
1929,0,3,160
1929,1,3,160
1929,2,3,160
1929,3,3,160
1929,4,4,160
1929,5,4,160
1929,6,4,160
1929,7,4,160
1930,0,3,160
1930,1,3,160
1930,2,3,160
1930,3,3,160
1930,4,4,160
1930,5,4,160
1930,6,4,160
1930,7,4,160
1931,0,3,160
1931,1,3,160
1931,2,3,160
1931,3,3,160
1931,4,4,160
1931,5,4,160
1931,6,4,160
1931,7,4,160
1932,0,3,160
1932,1,3,160
1932,2,3,160
1932,3,3,160
1932,4,4,160
1932,5,4,160
1932,6,4,160
1932,7,4,160
1933,0,3,160
1933,1,3,160
1933,2,3,160
1933,3,3,160
1933,4,4,160
1933,5,4,160
1933,6,4,160
1933,7,4,160
1934,0,3,160
1934,1,3,160
1934,2,3,160
1934,3,3,160
1934,4,4,160
1934,5,4,160
1934,6,4,160
1934,7,4,160
1935,0,3,160
1935,1,3,160
1935,2,3,160
1935,3,3,160
1935,4,4,160
1935,5,4,160
1935,6,4,160
1935,7,4,160
1936,0,3,160
1936,1,3,160
1936,2,3,160
1936,3,3,160
1936,4,4,160
1936,5,4,160
1936,6,4,160
1936,7,4,160
1937,0,3,160
1937,1,3,160
1937,2,3,160
1937,3,3,160
1937,4,4,160
1937,5,4,160
1937,6,4,160
1937,7,4,160
1938,0,3,160
1938,1,3,160
1938,2,3,160
1938,3,3,160
1938,4,4,160
1938,5,4,160
1938,6,4,160
1938,7,4,160
1939,0,3,160
1939,1,3,160
1939,2,3,160
1939,3,3,160
1939,4,4,160
1939,5,4,160
1939,6,4,160
1939,7,4,160
1940,0,3,160
1940,1,3,160
1940,2,3,160
1940,3,3,160
1940,4,4,160
1940,5,4,160
1940,6,4,160
1940,7,4,160
1941,0,3,160
1941,1,3,160
1941,2,3,160
1941,3,3,160
1941,4,4,160
1941,5,4,160
1941,6,4,160
1941,7,4,160
1942,0,3,160
1942,1,3,160
1942,2,3,160
1942,3,3,160
1942,4,4,160
1942,5,4,160
1942,6,4,160
1942,7,4,160
1943,0,3,160
1943,1,3,160
1943,2,3,160
1943,3,3,160
1943,4,4,160
1943,5,4,160
1943,6,4,160
1943,7,4,160
1944,0,3,160
1944,1,3,160
1944,2,3,160
1944,3,3,160
1944,4,4,160
1944,5,4,160
1944,6,4,160
1944,7,4,160
1945,0,3,160
1945,1,3,160
1945,2,3,160
1945,3,3,160
1945,4,4,160
1945,5,4,160
1945,6,4,160
1945,7,4,160
1946,0,3,160
1946,1,3,160
1946,2,3,160
1946,3,3,160
1946,4,4,160
1946,5,4,160
1946,6,4,160
1946,7,4,160
1947,0,3,160
1947,1,3,160
1947,2,3,160
1947,3,3,160
1947,4,4,160
1947,5,4,160
1947,6,4,160
1947,7,4,160
1948,0,3,160
1948,1,3,160
1948,2,3,160
1948,3,3,160
1948,4,4,160
1948,5,4,160
1948,6,4,160
1948,7,4,160
1949,0,3,160
1949,1,3,160
1949,2,3,160
1949,3,3,160
1949,4,4,160
1949,5,4,160
1949,6,4,160
1949,7,4,160
1950,0,3,160
1950,1,3,160
1950,2,3,160
1950,3,3,160
1950,4,4,160
1950,5,4,160
1950,6,4,160
1950,7,4,160
1951,0,3,160
1951,1,3,160
1951,2,3,160
1951,3,3,160
1951,4,4,160
1951,5,4,160
1951,6,4,160
1951,7,4,160
1952,0,3,160
1952,1,3,160
1952,2,3,160
1952,3,3,160
1952,4,4,160
1952,5,4,160
1952,6,4,160
1952,7,4,160
1953,0,3,160
1953,1,3,160
1953,2,3,160
1953,3,3,160
1953,4,4,160
1953,5,4,160
1953,6,4,160
1953,7,4,160
1954,0,3,160
1954,1,3,160
1954,2,3,160
1954,3,3,160
1954,4,4,160
1954,5,4,160
1954,6,4,160
1954,7,4,160
1955,0,3,160
1955,1,3,160
1955,2,3,160
1955,3,3,160
1955,4,4,160
1955,5,4,160
1955,6,4,160
1955,7,4,160
1956,0,3,160
1956,1,3,160
1956,2,3,160
1956,3,3,160
1956,4,4,160
1956,5,4,160
1956,6,4,160
1956,7,4,160
1957,0,3,160
1957,1,3,160
1957,2,3,160
1957,3,3,160
1957,4,4,160
1957,5,4,160
1957,6,4,160
1957,7,4,160
1958,0,3,160
1958,1,3,160
1958,2,3,160
1958,3,3,160
1958,4,4,160
1958,5,4,160
1958,6,4,160
1958,7,4,160
1959,0,3,160
1959,1,3,160
1959,2,3,160
1959,3,3,160
1959,4,4,160
1959,5,4,160
1959,6,4,160
1959,7,4,160
1960,0,3,160
1960,1,3,160
1960,2,3,160
1960,3,3,160
1960,4,4,160
1960,5,4,160
1960,6,4,160
1960,7,4,160
1961,0,3,160
1961,1,3,160
1961,2,3,160
1961,3,3,160
1961,4,4,160
1961,5,4,160
1961,6,4,160
1961,7,4,160
1962,0,3,160
1962,1,3,160
1962,2,3,160
1962,3,3,160
1962,4,4,160
1962,5,4,160
1962,6,4,160
1962,7,4,160
1963,0,3,160
1963,1,3,160
1963,2,3,160
1963,3,3,160
1963,4,4,160
1963,5,4,160
1963,6,4,160
1963,7,4,160
1964,0,3,160
1964,1,3,160
1964,2,3,160
1964,3,3,160
1964,4,4,160
1964,5,4,160
1964,6,4,160
1964,7,4,160
1965,0,3,160
1965,1,3,160
1965,2,3,160
1965,3,3,160
1965,4,4,160
1965,5,4,160
1965,6,4,160
1965,7,4,160
1966,0,3,160
1966,1,3,160
1966,2,3,160
1966,3,3,160
1966,4,4,160
1966,5,4,160
1966,6,4,160
1966,7,4,160
1967,0,3,160
1967,1,3,160
1967,2,3,160
1967,3,3,160
1967,4,4,160
1967,5,4,160
1967,6,4,160
1967,7,4,160
1968,0,3,160
1968,1,3,160
1968,2,3,160
1968,3,3,160
1968,4,4,160
1968,5,4,160
1968,6,4,160
1968,7,4,160
1969,0,3,160
1969,1,3,160
1969,2,3,160
1969,3,3,160
1969,4,4,160
1969,5,4,160
1969,6,4,160
1969,7,4,160
1970,0,3,160
1970,1,3,160
1970,2,3,160
1970,3,3,160
1970,4,4,160
1970,5,4,160
1970,6,4,160
1970,7,4,160
1971,0,3,160
1971,1,3,160
1971,2,3,160
1971,3,3,160
1971,4,4,160
1971,5,4,160
1971,6,4,160
1971,7,4,160
1972,0,3,160
1972,1,3,160
1972,2,3,160
1972,3,3,160
1972,4,4,160
1972,5,4,160
1972,6,4,160
1972,7,4,160
1973,0,3,160
1973,1,3,160
1973,2,3,160
1973,3,3,160
1973,4,4,160
1973,5,4,160
1973,6,4,160
1973,7,4,160
1974,0,3,160
1974,1,3,160
1974,2,3,160
1974,3,3,160
1974,4,4,160
1974,5,4,160
1974,6,4,160
1974,7,4,160
1975,0,3,160
1975,1,3,160
1975,2,3,160
1975,3,3,160
1975,4,4,160
1975,5,4,160
1975,6,4,160
1975,7,4,160
1976,0,3,160
1976,1,3,160
1976,2,3,160
1976,3,3,160
1976,4,4,160
1976,5,4,160
1976,6,4,160
1976,7,4,160
1977,0,3,160
1977,1,3,160
1977,2,3,160
1977,3,3,160
1977,4,4,160
1977,5,4,160
1977,6,4,160
1977,7,4,160
1978,0,3,160
1978,1,3,160
1978,2,3,160
1978,3,3,160
1978,4,4,160
1978,5,4,160
1978,6,4,160
1978,7,4,160
1979,0,3,160
1979,1,3,160
1979,2,3,160
1979,3,3,160
1979,4,4,160
1979,5,4,160
1979,6,4,160
1979,7,4,160
1980,0,3,160
1980,1,3,160
1980,2,3,160
1980,3,3,160
1980,4,4,160
1980,5,4,160
1980,6,4,160
1980,7,4,160
1981,0,3,160
1981,1,3,160
1981,2,3,160
1981,3,3,160
1981,4,4,160
1981,5,4,160
1981,6,4,160
1981,7,4,160
1982,0,3,160
1982,1,3,160
1982,2,3,160
1982,3,3,160
1982,4,4,160
1982,5,4,160
1982,6,4,160
1982,7,4,160
1983,0,3,160
1983,1,3,160
1983,2,3,160
1983,3,3,160
1983,4,4,160
1983,5,4,160
1983,6,4,160
1983,7,4,160
1984,0,3,160
1984,1,3,160
1984,2,3,160
1984,3,3,160
1984,4,4,160
1984,5,4,160
1984,6,4,160
1984,7,4,160
1985,0,3,160
1985,1,3,160
1985,2,3,160
1985,3,3,160
1985,4,4,160
1985,5,4,160
1985,6,4,160
1985,7,4,160
1986,0,3,160
1986,1,3,160
1986,2,3,160
1986,3,3,160
1986,4,4,160
1986,5,4,160
1986,6,4,160
1986,7,4,160
1987,0,3,160
1987,1,3,160
1987,2,3,160
1987,3,3,160
1987,4,4,160
1987,5,4,160
1987,6,4,160
1987,7,4,160
1988,0,3,160
1988,1,3,160
1988,2,3,160
1988,3,3,160
1988,4,4,160
1988,5,4,160
1988,6,4,160
1988,7,4,160
1989,0,3,160
1989,1,3,160
1989,2,3,160
1989,3,3,160
1989,4,4,160
1989,5,4,160
1989,6,4,160
1989,7,4,160
1990,0,3,160
1990,1,3,160
1990,2,3,160
1990,3,3,160
1990,4,4,160
1990,5,4,160
1990,6,4,160
1990,7,4,160
1991,0,3,160
1991,1,3,160
1991,2,3,160
1991,3,3,160
1991,4,4,160
1991,5,4,160
1991,6,4,160
1991,7,4,160
1992,0,3,160
1992,1,3,160
1992,2,3,160
1992,3,3,160
1992,4,4,160
1992,5,4,160
1992,6,4,160
1992,7,4,160
1993,0,3,160
1993,1,3,160
1993,2,3,160
1993,3,3,160
1993,4,4,160
1993,5,4,160
1993,6,4,160
1993,7,4,160
1994,0,3,160
1994,1,3,160
1994,2,3,160
1994,3,3,160
1994,4,4,160
1994,5,4,160
1994,6,4,160
1994,7,4,160
1995,0,3,160
1995,1,3,160
1995,2,3,160
1995,3,3,160
1995,4,4,160
1995,5,4,160
1995,6,4,160
1995,7,4,160
1996,0,3,160
1996,1,3,160
1996,2,3,160
1996,3,3,160
1996,4,4,160
1996,5,4,160
1996,6,4,160
1996,7,4,160
1997,0,3,160
1997,1,3,160
1997,2,3,160
1997,3,3,160
1997,4,4,160
1997,5,4,160
1997,6,4,160
1997,7,4,160
1998,0,3,160
1998,1,3,160
1998,2,3,160
1998,3,3,160
1998,4,4,160
1998,5,4,160
1998,6,4,160
1998,7,4,160
1999,0,3,160
1999,1,3,160
1999,2,3,160
1999,3,3,160
1999,4,4,160
1999,5,4,160
1999,6,4,160
1999,7,4,160
2000,0,3,160
2000,1,3,160
2000,2,3,160
2000,3,3,160
2000,4,4,160
2000,5,4,160
2000,6,4,160
2000,7,4,160
2001,0,3,160
2001,1,3,160
2001,2,3,160
2001,3,3,160
2001,4,4,160
2001,5,4,160
2001,6,4,160
2001,7,4,160
2002,0,3,160
2002,1,3,160
2002,2,3,160
2002,3,3,160
2002,4,4,160
2002,5,4,160
2002,6,4,160
2002,7,4,160
2003,0,3,160
2003,1,3,160
2003,2,3,160
2003,3,3,160
2003,4,4,160
2003,5,4,160
2003,6,4,160
2003,7,4,160
2004,0,3,160
2004,1,3,160
2004,2,3,160
2004,3,3,160
2004,4,4,160
2004,5,4,160
2004,6,4,160
2004,7,4,160
2005,0,3,160
2005,1,3,160
2005,2,3,160
2005,3,3,160
2005,4,4,160
2005,5,4,160
2005,6,4,160
2005,7,4,160
2006,0,3,160
2006,1,3,160
2006,2,3,160
2006,3,3,160
2006,4,4,160
2006,5,4,160
2006,6,4,160
2006,7,4,160
2007,0,3,160
2007,1,3,160
2007,2,3,160
2007,3,3,160
2007,4,4,160
2007,5,4,160
2007,6,4,160
2007,7,4,160
2008,0,3,160
2008,1,3,160
2008,2,3,160
2008,3,3,160
2008,4,4,160
2008,5,4,160
2008,6,4,160
2008,7,4,160
2009,0,3,160
2009,1,3,160
2009,2,3,160
2009,3,3,160
2009,4,4,160
2009,5,4,160
2009,6,4,160
2009,7,4,160
2010,0,3,160
2010,1,3,160
2010,2,3,160
2010,3,3,160
2010,4,4,160
2010,5,4,160
2010,6,4,160
2010,7,4,160
2011,0,3,160
2011,1,3,160
2011,2,3,160
2011,3,3,160
2011,4,4,160
2011,5,4,160
2011,6,4,160
2011,7,4,160
2012,0,3,160
2012,1,3,160
2012,2,3,160
2012,3,3,160
2012,4,4,160
2012,5,4,160
2012,6,4,160
2012,7,4,160
2013,0,3,160
2013,1,3,160
2013,2,3,160
2013,3,3,160
2013,4,4,160
2013,5,4,160
2013,6,4,160
2013,7,4,160
2014,0,3,160
2014,1,3,160
2014,2,3,160
2014,3,3,160
2014,4,4,160
2014,5,4,160
2014,6,4,160
2014,7,4,160
2015,0,3,160
2015,1,3,160
2015,2,3,160
2015,3,3,160
2015,4,4,160
2015,5,4,160
2015,6,4,160
2015,7,4,160
2016,0,3,160
2016,1,3,160
2016,2,3,160
2016,3,3,160
2016,4,4,160
2016,5,4,160
2016,6,4,160
2016,7,4,160
2017,0,3,160
2017,1,3,160
2017,2,3,160
2017,3,3,160
2017,4,4,160
2017,5,4,160
2017,6,4,160
2017,7,4,160
2018,0,3,160
2018,1,3,160
2018,2,3,160
2018,3,3,160
2018,4,4,160
2018,5,4,160
2018,6,4,160
2018,7,4,160
2019,0,3,160
2019,1,3,160
2019,2,3,160
2019,3,3,160
2019,4,4,160
2019,5,4,160
2019,6,4,160
2019,7,4,160
2020,0,3,160
2020,1,3,160
2020,2,3,160
2020,3,3,160
2020,4,4,160
2020,5,4,160
2020,6,4,160
2020,7,4,160
2021,0,3,160
2021,1,3,160
2021,2,3,160
2021,3,3,160
2021,4,4,160
2021,5,4,160
2021,6,4,160
2021,7,4,160
2022,0,3,160
2022,1,3,160
2022,2,3,160
2022,3,3,160
2022,4,4,160
2022,5,4,160
2022,6,4,160
2022,7,4,160
2023,0,3,160
2023,1,3,160
2023,2,3,160
2023,3,3,160
2023,4,4,160
2023,5,4,160
2023,6,4,160
2023,7,4,160
2024,0,3,160
2024,1,3,160
2024,2,3,160
2024,3,3,160
2024,4,4,160
2024,5,4,160
2024,6,4,160
2024,7,4,160
2025,0,3,160
2025,1,3,160
2025,2,3,160
2025,3,3,160
2025,4,4,160
2025,5,4,160
2025,6,4,160
2025,7,4,160
2026,0,3,160
2026,1,3,160
2026,2,3,160
2026,3,3,160
2026,4,4,160
2026,5,4,160
2026,6,4,160
2026,7,4,160
2027,0,3,160
2027,1,3,160
2027,2,3,160
2027,3,3,160
2027,4,4,160
2027,5,4,160
2027,6,4,160
2027,7,4,160
2028,0,3,160
2028,1,3,160
2028,2,3,160
2028,3,3,160
2028,4,4,160
2028,5,4,160
2028,6,4,160
2028,7,4,160
2029,0,3,160
2029,1,3,160
2029,2,3,160
2029,3,3,160
2029,4,4,160
2029,5,4,160
2029,6,4,160
2029,7,4,160
2030,0,3,160
2030,1,3,160
2030,2,3,160
2030,3,3,160
2030,4,4,160
2030,5,4,160
2030,6,4,160
2030,7,4,160
2031,0,3,160
2031,1,3,160
2031,2,3,160
2031,3,3,160
2031,4,4,160
2031,5,4,160
2031,6,4,160
2031,7,4,160
2032,0,3,160
2032,1,3,160
2032,2,3,160
2032,3,3,160
2032,4,4,160
2032,5,4,160
2032,6,4,160
2032,7,4,160
2033,0,3,160
2033,1,3,160
2033,2,3,160
2033,3,3,160
2033,4,4,160
2033,5,4,160
2033,6,4,160
2033,7,4,160
2034,0,3,160
2034,1,3,160
2034,2,3,160
2034,3,3,160
2034,4,4,160
2034,5,4,160
2034,6,4,160
2034,7,4,160
2035,0,3,160
2035,1,3,160
2035,2,3,160
2035,3,3,160
2035,4,4,160
2035,5,4,160
2035,6,4,160
2035,7,4,160
2036,0,3,160
2036,1,3,160
2036,2,3,160
2036,3,3,160
2036,4,4,160
2036,5,4,160
2036,6,4,160
2036,7,4,160
2037,0,3,160
2037,1,3,160
2037,2,3,160
2037,3,3,160
2037,4,4,160
2037,5,4,160
2037,6,4,160
2037,7,4,160
2038,0,3,160
2038,1,3,160
2038,2,3,160
2038,3,3,160
2038,4,4,160
2038,5,4,160
2038,6,4,160
2038,7,4,160
2039,0,3,160
2039,1,3,160
2039,2,3,160
2039,3,3,160
2039,4,4,160
2039,5,4,160
2039,6,4,160
2039,7,4,160
2040,0,3,160
2040,1,3,160
2040,2,3,160
2040,3,3,160
2040,4,4,160
2040,5,4,160
2040,6,4,160
2040,7,4,160
2041,0,3,160
2041,1,3,160
2041,2,3,160
2041,3,3,160
2041,4,4,160
2041,5,4,160
2041,6,4,160
2041,7,4,160
2042,0,3,160
2042,1,3,160
2042,2,3,160
2042,3,3,160
2042,4,4,160
2042,5,4,160
2042,6,4,160
2042,7,4,160
2043,0,3,160
2043,1,3,160
2043,2,3,160
2043,3,3,160
2043,4,4,160
2043,5,4,160
2043,6,4,160
2043,7,4,160
2044,0,3,160
2044,1,3,160
2044,2,3,160
2044,3,3,160
2044,4,4,160
2044,5,4,160
2044,6,4,160
2044,7,4,160
2045,0,3,160
2045,1,3,160
2045,2,3,160
2045,3,3,160
2045,4,4,160
2045,5,4,160
2045,6,4,160
2045,7,4,160
2046,0,3,160
2046,1,3,160
2046,2,3,160
2046,3,3,160
2046,4,4,160
2046,5,4,160
2046,6,4,160
2046,7,4,160
2047,0,3,160
2047,1,3,160
2047,2,3,160
2047,3,3,160
2047,4,4,160
2047,5,4,160
2047,6,4,160
2047,7,4,160
2048,0,3,160
2048,1,3,160
2048,2,3,160
2048,3,3,160
2048,4,4,160
2048,5,4,160
2048,6,4,160
2048,7,4,160
2049,0,3,160
2049,1,3,160
2049,2,3,160
2049,3,-1,-1
2049,4,4,160
2049,5,4,160
2049,6,4,160
2049,7,-1,-1
