t,i,dest_port,size
0,0,0,160
0,1,0,160
0,2,-1,-1
0,3,-1,-1
0,4,-1,-1
0,5,-1,-1
0,6,-1,-1
0,7,-1,-1
1,0,0,160
1,1,0,160
1,2,-1,-1
1,3,-1,-1
1,4,-1,-1
1,5,-1,-1
1,6,-1,-1
1,7,-1,-1
2,0,0,160
2,1,0,160
2,2,-1,-1
2,3,-1,-1
2,4,-1,-1
2,5,-1,-1
2,6,-1,-1
2,7,-1,-1
3,0,0,160
3,1,0,160
3,2,-1,-1
3,3,-1,-1
3,4,-1,-1
3,5,-1,-1
3,6,-1,-1
3,7,-1,-1
4,0,0,160
4,1,0,160
4,2,-1,-1
4,3,-1,-1
4,4,-1,-1
4,5,-1,-1
4,6,-1,-1
4,7,-1,-1
5,0,0,160
5,1,0,160
5,2,-1,-1
5,3,-1,-1
5,4,-1,-1
5,5,-1,-1
5,6,-1,-1
5,7,-1,-1
6,0,0,160
6,1,0,160
6,2,-1,-1
6,3,-1,-1
6,4,-1,-1
6,5,-1,-1
6,6,-1,-1
6,7,-1,-1
7,0,0,160
7,1,0,160
7,2,-1,-1
7,3,-1,-1
7,4,-1,-1
7,5,-1,-1
7,6,-1,-1
7,7,-1,-1
8,0,0,160
8,1,0,160
8,2,-1,-1
8,3,-1,-1
8,4,-1,-1
8,5,-1,-1
8,6,-1,-1
8,7,-1,-1
9,0,0,160
9,1,0,160
9,2,-1,-1
9,3,-1,-1
9,4,-1,-1
9,5,-1,-1
9,6,-1,-1
9,7,-1,-1
10,0,0,160
10,1,0,160
10,2,-1,-1
10,3,-1,-1
10,4,-1,-1
10,5,-1,-1
10,6,-1,-1
10,7,-1,-1
11,0,0,160
11,1,0,160
11,2,-1,-1
11,3,-1,-1
11,4,-1,-1
11,5,-1,-1
11,6,-1,-1
11,7,-1,-1
12,0,0,160
12,1,0,160
12,2,-1,-1
12,3,-1,-1
12,4,-1,-1
12,5,-1,-1
12,6,-1,-1
12,7,-1,-1
13,0,0,160
13,1,0,160
13,2,-1,-1
13,3,-1,-1
13,4,-1,-1
13,5,-1,-1
13,6,-1,-1
13,7,-1,-1
14,0,0,160
14,1,0,160
14,2,-1,-1
14,3,-1,-1
14,4,-1,-1
14,5,-1,-1
14,6,-1,-1
14,7,-1,-1
15,0,0,160
15,1,0,160
15,2,-1,-1
15,3,-1,-1
15,4,-1,-1
15,5,-1,-1
15,6,-1,-1
15,7,-1,-1
16,0,0,160
16,1,0,160
16,2,-1,-1
16,3,-1,-1
16,4,-1,-1
16,5,-1,-1
16,6,-1,-1
16,7,-1,-1
17,0,0,160
17,1,0,160
17,2,-1,-1
17,3,-1,-1
17,4,-1,-1
17,5,-1,-1
17,6,-1,-1
17,7,-1,-1
18,0,0,160
18,1,0,160
18,2,-1,-1
18,3,-1,-1
18,4,-1,-1
18,5,-1,-1
18,6,-1,-1
18,7,-1,-1
19,0,0,160
19,1,0,160
19,2,-1,-1
19,3,-1,-1
19,4,-1,-1
19,5,-1,-1
19,6,-1,-1
19,7,-1,-1
20,0,0,160
20,1,0,160
20,2,-1,-1
20,3,-1,-1
20,4,-1,-1
20,5,-1,-1
20,6,-1,-1
20,7,-1,-1
21,0,0,160
21,1,0,160
21,2,-1,-1
21,3,-1,-1
21,4,-1,-1
21,5,-1,-1
21,6,-1,-1
21,7,-1,-1
22,0,0,160
22,1,0,160
22,2,-1,-1
22,3,-1,-1
22,4,-1,-1
22,5,-1,-1
22,6,-1,-1
22,7,-1,-1
23,0,0,160
23,1,0,160
23,2,-1,-1
23,3,-1,-1
23,4,-1,-1
23,5,-1,-1
23,6,-1,-1
23,7,-1,-1
24,0,0,160
24,1,0,160
24,2,-1,-1
24,3,-1,-1
24,4,-1,-1
24,5,-1,-1
24,6,-1,-1
24,7,-1,-1
25,0,0,160
25,1,0,160
25,2,-1,-1
25,3,-1,-1
25,4,-1,-1
25,5,-1,-1
25,6,-1,-1
25,7,-1,-1
26,0,0,160
26,1,0,160
26,2,-1,-1
26,3,-1,-1
26,4,-1,-1
26,5,-1,-1
26,6,-1,-1
26,7,-1,-1
27,0,0,160
27,1,0,160
27,2,-1,-1
27,3,-1,-1
27,4,-1,-1
27,5,-1,-1
27,6,-1,-1
27,7,-1,-1
28,0,0,160
28,1,0,160
28,2,-1,-1
28,3,-1,-1
28,4,-1,-1
28,5,-1,-1
28,6,-1,-1
28,7,-1,-1
29,0,0,160
29,1,0,160
29,2,-1,-1
29,3,-1,-1
29,4,-1,-1
29,5,-1,-1
29,6,-1,-1
29,7,-1,-1
30,0,0,160
30,1,0,160
30,2,-1,-1
30,3,-1,-1
30,4,-1,-1
30,5,-1,-1
30,6,-1,-1
30,7,-1,-1
31,0,0,160
31,1,0,160
31,2,-1,-1
31,3,-1,-1
31,4,-1,-1
31,5,-1,-1
31,6,-1,-1
31,7,-1,-1
32,0,0,160
32,1,0,160
32,2,-1,-1
32,3,-1,-1
32,4,-1,-1
32,5,-1,-1
32,6,-1,-1
32,7,-1,-1
33,0,0,160
33,1,0,160
33,2,-1,-1
33,3,-1,-1
33,4,-1,-1
33,5,-1,-1
33,6,-1,-1
33,7,-1,-1
34,0,0,160
34,1,0,160
34,2,-1,-1
34,3,-1,-1
34,4,-1,-1
34,5,-1,-1
34,6,-1,-1
34,7,-1,-1
35,0,0,160
35,1,0,160
35,2,-1,-1
35,3,-1,-1
35,4,-1,-1
35,5,-1,-1
35,6,-1,-1
35,7,-1,-1
36,0,0,160
36,1,0,160
36,2,-1,-1
36,3,-1,-1
36,4,-1,-1
36,5,-1,-1
36,6,-1,-1
36,7,-1,-1
37,0,0,160
37,1,0,160
37,2,-1,-1
37,3,-1,-1
37,4,-1,-1
37,5,-1,-1
37,6,-1,-1
37,7,-1,-1
38,0,0,160
38,1,0,160
38,2,-1,-1
38,3,-1,-1
38,4,-1,-1
38,5,-1,-1
38,6,-1,-1
38,7,-1,-1
39,0,0,160
39,1,0,160
39,2,-1,-1
39,3,-1,-1
39,4,-1,-1
39,5,-1,-1
39,6,-1,-1
39,7,-1,-1
40,0,0,160
40,1,0,160
40,2,-1,-1
40,3,-1,-1
40,4,-1,-1
40,5,-1,-1
40,6,-1,-1
40,7,-1,-1
41,0,0,160
41,1,0,160
41,2,-1,-1
41,3,-1,-1
41,4,-1,-1
41,5,-1,-1
41,6,-1,-1
41,7,-1,-1
42,0,0,160
42,1,0,160
42,2,-1,-1
42,3,-1,-1
42,4,-1,-1
42,5,-1,-1
42,6,-1,-1
42,7,-1,-1
43,0,0,160
43,1,0,160
43,2,-1,-1
43,3,-1,-1
43,4,-1,-1
43,5,-1,-1
43,6,-1,-1
43,7,-1,-1
44,0,0,160
44,1,0,160
44,2,-1,-1
44,3,-1,-1
44,4,-1,-1
44,5,-1,-1
44,6,-1,-1
44,7,-1,-1
45,0,0,160
45,1,0,160
45,2,-1,-1
45,3,-1,-1
45,4,-1,-1
45,5,-1,-1
45,6,-1,-1
45,7,-1,-1
46,0,0,160
46,1,0,160
46,2,-1,-1
46,3,-1,-1
46,4,-1,-1
46,5,-1,-1
46,6,-1,-1
46,7,-1,-1
47,0,0,160
47,1,0,160
47,2,-1,-1
47,3,-1,-1
47,4,-1,-1
47,5,-1,-1
47,6,-1,-1
47,7,-1,-1
48,0,0,160
48,1,0,160
48,2,-1,-1
48,3,-1,-1
48,4,-1,-1
48,5,-1,-1
48,6,-1,-1
48,7,-1,-1
49,0,0,160
49,1,0,160
49,2,-1,-1
49,3,-1,-1
49,4,-1,-1
49,5,-1,-1
49,6,-1,-1
49,7,-1,-1
50,0,0,160
50,1,0,160
50,2,-1,-1
50,3,-1,-1
50,4,-1,-1
50,5,-1,-1
50,6,-1,-1
50,7,-1,-1
51,0,0,160
51,1,0,160
51,2,-1,-1
51,3,-1,-1
51,4,-1,-1
51,5,-1,-1
51,6,-1,-1
51,7,-1,-1
52,0,0,160
52,1,0,160
52,2,-1,-1
52,3,-1,-1
52,4,-1,-1
52,5,-1,-1
52,6,-1,-1
52,7,-1,-1
53,0,0,160
53,1,0,160
53,2,-1,-1
53,3,-1,-1
53,4,-1,-1
53,5,-1,-1
53,6,-1,-1
53,7,-1,-1
54,0,0,160
54,1,0,160
54,2,-1,-1
54,3,-1,-1
54,4,-1,-1
54,5,-1,-1
54,6,-1,-1
54,7,-1,-1
55,0,0,160
55,1,0,160
55,2,-1,-1
55,3,-1,-1
55,4,-1,-1
55,5,-1,-1
55,6,-1,-1
55,7,-1,-1
56,0,0,160
56,1,0,160
56,2,-1,-1
56,3,-1,-1
56,4,-1,-1
56,5,-1,-1
56,6,-1,-1
56,7,-1,-1
57,0,0,160
57,1,0,160
57,2,-1,-1
57,3,-1,-1
57,4,-1,-1
57,5,-1,-1
57,6,-1,-1
57,7,-1,-1
58,0,0,160
58,1,0,160
58,2,-1,-1
58,3,-1,-1
58,4,-1,-1
58,5,-1,-1
58,6,-1,-1
58,7,-1,-1
59,0,0,160
59,1,0,160
59,2,-1,-1
59,3,-1,-1
59,4,-1,-1
59,5,-1,-1
59,6,-1,-1
59,7,-1,-1
60,0,0,160
60,1,0,160
60,2,-1,-1
60,3,-1,-1
60,4,-1,-1
60,5,-1,-1
60,6,-1,-1
60,7,-1,-1
61,0,0,160
61,1,0,160
61,2,-1,-1
61,3,-1,-1
61,4,-1,-1
61,5,-1,-1
61,6,-1,-1
61,7,-1,-1
62,0,0,160
62,1,0,160
62,2,-1,-1
62,3,-1,-1
62,4,-1,-1
62,5,-1,-1
62,6,-1,-1
62,7,-1,-1
63,0,0,160
63,1,0,160
63,2,-1,-1
63,3,-1,-1
63,4,-1,-1
63,5,-1,-1
63,6,-1,-1
63,7,-1,-1
64,0,0,160
64,1,0,160
64,2,-1,-1
64,3,-1,-1
64,4,-1,-1
64,5,-1,-1
64,6,-1,-1
64,7,-1,-1
65,0,0,160
65,1,0,160
65,2,-1,-1
65,3,-1,-1
65,4,-1,-1
65,5,-1,-1
65,6,-1,-1
65,7,-1,-1
66,0,0,160
66,1,0,160
66,2,-1,-1
66,3,-1,-1
66,4,-1,-1
66,5,-1,-1
66,6,-1,-1
66,7,-1,-1
67,0,0,160
67,1,0,160
67,2,-1,-1
67,3,-1,-1
67,4,-1,-1
67,5,-1,-1
67,6,-1,-1
67,7,-1,-1
68,0,0,160
68,1,0,160
68,2,-1,-1
68,3,-1,-1
68,4,-1,-1
68,5,-1,-1
68,6,-1,-1
68,7,-1,-1
69,0,0,160
69,1,0,160
69,2,-1,-1
69,3,-1,-1
69,4,-1,-1
69,5,-1,-1
69,6,-1,-1
69,7,-1,-1
70,0,0,160
70,1,0,160
70,2,-1,-1
70,3,-1,-1
70,4,-1,-1
70,5,-1,-1
70,6,-1,-1
70,7,-1,-1
71,0,0,160
71,1,0,160
71,2,-1,-1
71,3,-1,-1
71,4,-1,-1
71,5,-1,-1
71,6,-1,-1
71,7,-1,-1
72,0,0,160
72,1,0,160
72,2,-1,-1
72,3,-1,-1
72,4,-1,-1
72,5,-1,-1
72,6,-1,-1
72,7,-1,-1
73,0,0,160
73,1,0,160
73,2,-1,-1
73,3,-1,-1
73,4,-1,-1
73,5,-1,-1
73,6,-1,-1
73,7,-1,-1
74,0,0,160
74,1,0,160
74,2,-1,-1
74,3,-1,-1
74,4,-1,-1
74,5,-1,-1
74,6,-1,-1
74,7,-1,-1
75,0,0,160
75,1,0,160
75,2,-1,-1
75,3,-1,-1
75,4,-1,-1
75,5,-1,-1
75,6,-1,-1
75,7,-1,-1
76,0,0,160
76,1,0,160
76,2,-1,-1
76,3,-1,-1
76,4,-1,-1
76,5,-1,-1
76,6,-1,-1
76,7,-1,-1
77,0,0,160
77,1,0,160
77,2,-1,-1
77,3,-1,-1
77,4,-1,-1
77,5,-1,-1
77,6,-1,-1
77,7,-1,-1
78,0,0,160
78,1,0,160
78,2,-1,-1
78,3,-1,-1
78,4,-1,-1
78,5,-1,-1
78,6,-1,-1
78,7,-1,-1
79,0,0,160
79,1,0,160
79,2,-1,-1
79,3,-1,-1
79,4,-1,-1
79,5,-1,-1
79,6,-1,-1
79,7,-1,-1
80,0,0,160
80,1,0,160
80,2,-1,-1
80,3,-1,-1
80,4,-1,-1
80,5,-1,-1
80,6,-1,-1
80,7,-1,-1
81,0,0,160
81,1,0,160
81,2,-1,-1
81,3,-1,-1
81,4,-1,-1
81,5,-1,-1
81,6,-1,-1
81,7,-1,-1
82,0,0,160
82,1,0,160
82,2,-1,-1
82,3,-1,-1
82,4,-1,-1
82,5,-1,-1
82,6,-1,-1
82,7,-1,-1
83,0,0,160
83,1,0,160
83,2,-1,-1
83,3,-1,-1
83,4,-1,-1
83,5,-1,-1
83,6,-1,-1
83,7,-1,-1
84,0,0,160
84,1,0,160
84,2,-1,-1
84,3,-1,-1
84,4,-1,-1
84,5,-1,-1
84,6,-1,-1
84,7,-1,-1
85,0,0,160
85,1,0,160
85,2,-1,-1
85,3,-1,-1
85,4,-1,-1
85,5,-1,-1
85,6,-1,-1
85,7,-1,-1
86,0,0,160
86,1,0,160
86,2,-1,-1
86,3,-1,-1
86,4,-1,-1
86,5,-1,-1
86,6,-1,-1
86,7,-1,-1
87,0,0,160
87,1,0,160
87,2,-1,-1
87,3,-1,-1
87,4,-1,-1
87,5,-1,-1
87,6,-1,-1
87,7,-1,-1
88,0,0,160
88,1,0,160
88,2,-1,-1
88,3,-1,-1
88,4,-1,-1
88,5,-1,-1
88,6,-1,-1
88,7,-1,-1
89,0,0,160
89,1,0,160
89,2,-1,-1
89,3,-1,-1
89,4,-1,-1
89,5,-1,-1
89,6,-1,-1
89,7,-1,-1
90,0,0,160
90,1,0,160
90,2,-1,-1
90,3,-1,-1
90,4,-1,-1
90,5,-1,-1
90,6,-1,-1
90,7,-1,-1
91,0,0,160
91,1,0,160
91,2,-1,-1
91,3,-1,-1
91,4,-1,-1
91,5,-1,-1
91,6,-1,-1
91,7,-1,-1
92,0,0,160
92,1,0,160
92,2,-1,-1
92,3,-1,-1
92,4,-1,-1
92,5,-1,-1
92,6,-1,-1
92,7,-1,-1
93,0,0,160
93,1,0,160
93,2,-1,-1
93,3,-1,-1
93,4,-1,-1
93,5,-1,-1
93,6,-1,-1
93,7,-1,-1
94,0,0,160
94,1,0,160
94,2,-1,-1
94,3,-1,-1
94,4,-1,-1
94,5,-1,-1
94,6,-1,-1
94,7,-1,-1
95,0,0,160
95,1,0,160
95,2,-1,-1
95,3,-1,-1
95,4,-1,-1
95,5,-1,-1
95,6,-1,-1
95,7,-1,-1
96,0,0,160
96,1,0,160
96,2,-1,-1
96,3,-1,-1
96,4,-1,-1
96,5,-1,-1
96,6,-1,-1
96,7,-1,-1
97,0,0,160
97,1,0,160
97,2,-1,-1
97,3,-1,-1
97,4,-1,-1
97,5,-1,-1
97,6,-1,-1
97,7,-1,-1
98,0,0,160
98,1,0,160
98,2,-1,-1
98,3,-1,-1
98,4,-1,-1
98,5,-1,-1
98,6,-1,-1
98,7,-1,-1
99,0,0,160
99,1,0,160
99,2,-1,-1
99,3,-1,-1
99,4,-1,-1
99,5,-1,-1
99,6,-1,-1
99,7,-1,-1
100,0,0,160
100,1,0,160
100,2,-1,-1
100,3,-1,-1
100,4,-1,-1
100,5,-1,-1
100,6,-1,-1
100,7,-1,-1
101,0,0,160
101,1,0,160
101,2,-1,-1
101,3,-1,-1
101,4,-1,-1
101,5,-1,-1
101,6,-1,-1
101,7,-1,-1
102,0,0,160
102,1,0,160
102,2,-1,-1
102,3,-1,-1
102,4,-1,-1
102,5,-1,-1
102,6,-1,-1
102,7,-1,-1
103,0,0,160
103,1,0,160
103,2,-1,-1
103,3,-1,-1
103,4,-1,-1
103,5,-1,-1
103,6,-1,-1
103,7,-1,-1
104,0,0,160
104,1,0,160
104,2,-1,-1
104,3,-1,-1
104,4,-1,-1
104,5,-1,-1
104,6,-1,-1
104,7,-1,-1
105,0,0,160
105,1,0,160
105,2,-1,-1
105,3,-1,-1
105,4,-1,-1
105,5,-1,-1
105,6,-1,-1
105,7,-1,-1
106,0,0,160
106,1,0,160
106,2,-1,-1
106,3,-1,-1
106,4,-1,-1
106,5,-1,-1
106,6,-1,-1
106,7,-1,-1
107,0,0,160
107,1,0,160
107,2,-1,-1
107,3,-1,-1
107,4,-1,-1
107,5,-1,-1
107,6,-1,-1
107,7,-1,-1
108,0,0,160
108,1,0,160
108,2,-1,-1
108,3,-1,-1
108,4,-1,-1
108,5,-1,-1
108,6,-1,-1
108,7,-1,-1
109,0,0,160
109,1,0,160
109,2,-1,-1
109,3,-1,-1
109,4,-1,-1
109,5,-1,-1
109,6,-1,-1
109,7,-1,-1
110,0,0,160
110,1,0,160
110,2,-1,-1
110,3,-1,-1
110,4,-1,-1
110,5,-1,-1
110,6,-1,-1
110,7,-1,-1
111,0,0,160
111,1,0,160
111,2,-1,-1
111,3,-1,-1
111,4,-1,-1
111,5,-1,-1
111,6,-1,-1
111,7,-1,-1
112,0,0,160
112,1,0,160
112,2,-1,-1
112,3,-1,-1
112,4,-1,-1
112,5,-1,-1
112,6,-1,-1
112,7,-1,-1
113,0,0,160
113,1,0,160
113,2,-1,-1
113,3,-1,-1
113,4,-1,-1
113,5,-1,-1
113,6,-1,-1
113,7,-1,-1
114,0,0,160
114,1,0,160
114,2,-1,-1
114,3,-1,-1
114,4,-1,-1
114,5,-1,-1
114,6,-1,-1
114,7,-1,-1
115,0,0,160
115,1,0,160
115,2,-1,-1
115,3,-1,-1
115,4,-1,-1
115,5,-1,-1
115,6,-1,-1
115,7,-1,-1
116,0,0,160
116,1,0,160
116,2,-1,-1
116,3,-1,-1
116,4,-1,-1
116,5,-1,-1
116,6,-1,-1
116,7,-1,-1
117,0,0,160
117,1,0,160
117,2,-1,-1
117,3,-1,-1
117,4,-1,-1
117,5,-1,-1
117,6,-1,-1
117,7,-1,-1
118,0,0,160
118,1,0,160
118,2,-1,-1
118,3,-1,-1
118,4,-1,-1
118,5,-1,-1
118,6,-1,-1
118,7,-1,-1
119,0,0,160
119,1,0,160
119,2,-1,-1
119,3,-1,-1
119,4,-1,-1
119,5,-1,-1
119,6,-1,-1
119,7,-1,-1
120,0,0,160
120,1,0,160
120,2,-1,-1
120,3,-1,-1
120,4,-1,-1
120,5,-1,-1
120,6,-1,-1
120,7,-1,-1
121,0,0,160
121,1,0,160
121,2,-1,-1
121,3,-1,-1
121,4,-1,-1
121,5,-1,-1
121,6,-1,-1
121,7,-1,-1
122,0,0,160
122,1,0,160
122,2,-1,-1
122,3,-1,-1
122,4,-1,-1
122,5,-1,-1
122,6,-1,-1
122,7,-1,-1
123,0,0,160
123,1,0,160
123,2,-1,-1
123,3,-1,-1
123,4,-1,-1
123,5,-1,-1
123,6,-1,-1
123,7,-1,-1
124,0,0,160
124,1,0,160
124,2,-1,-1
124,3,-1,-1
124,4,-1,-1
124,5,-1,-1
124,6,-1,-1
124,7,-1,-1
125,0,0,160
125,1,0,160
125,2,-1,-1
125,3,-1,-1
125,4,-1,-1
125,5,-1,-1
125,6,-1,-1
125,7,-1,-1
126,0,0,160
126,1,0,160
126,2,-1,-1
126,3,-1,-1
126,4,-1,-1
126,5,-1,-1
126,6,-1,-1
126,7,-1,-1
127,0,0,160
127,1,0,160
127,2,-1,-1
127,3,-1,-1
127,4,-1,-1
127,5,-1,-1
127,6,-1,-1
127,7,-1,-1
128,0,0,160
128,1,0,160
128,2,-1,-1
128,3,-1,-1
128,4,-1,-1
128,5,-1,-1
128,6,-1,-1
128,7,-1,-1
129,0,0,160
129,1,0,160
129,2,-1,-1
129,3,-1,-1
129,4,-1,-1
129,5,-1,-1
129,6,-1,-1
129,7,-1,-1
130,0,0,160
130,1,0,160
130,2,-1,-1
130,3,-1,-1
130,4,-1,-1
130,5,-1,-1
130,6,-1,-1
130,7,-1,-1
131,0,0,160
131,1,0,160
131,2,-1,-1
131,3,-1,-1
131,4,-1,-1
131,5,-1,-1
131,6,-1,-1
131,7,-1,-1
132,0,0,160
132,1,0,160
132,2,-1,-1
132,3,-1,-1
132,4,-1,-1
132,5,-1,-1
132,6,-1,-1
132,7,-1,-1
133,0,0,160
133,1,0,160
133,2,-1,-1
133,3,-1,-1
133,4,-1,-1
133,5,-1,-1
133,6,-1,-1
133,7,-1,-1
134,0,0,160
134,1,0,160
134,2,-1,-1
134,3,-1,-1
134,4,-1,-1
134,5,-1,-1
134,6,-1,-1
134,7,-1,-1
135,0,0,160
135,1,0,160
135,2,-1,-1
135,3,-1,-1
135,4,-1,-1
135,5,-1,-1
135,6,-1,-1
135,7,-1,-1
136,0,0,160
136,1,0,160
136,2,-1,-1
136,3,-1,-1
136,4,-1,-1
136,5,-1,-1
136,6,-1,-1
136,7,-1,-1
137,0,0,160
137,1,0,160
137,2,-1,-1
137,3,-1,-1
137,4,-1,-1
137,5,-1,-1
137,6,-1,-1
137,7,-1,-1
138,0,0,160
138,1,0,160
138,2,-1,-1
138,3,-1,-1
138,4,-1,-1
138,5,-1,-1
138,6,-1,-1
138,7,-1,-1
139,0,0,160
139,1,0,160
139,2,-1,-1
139,3,-1,-1
139,4,-1,-1
139,5,-1,-1
139,6,-1,-1
139,7,-1,-1
140,0,0,160
140,1,0,160
140,2,-1,-1
140,3,-1,-1
140,4,-1,-1
140,5,-1,-1
140,6,-1,-1
140,7,-1,-1
141,0,0,160
141,1,0,160
141,2,-1,-1
141,3,-1,-1
141,4,-1,-1
141,5,-1,-1
141,6,-1,-1
141,7,-1,-1
142,0,0,160
142,1,0,160
142,2,-1,-1
142,3,-1,-1
142,4,-1,-1
142,5,-1,-1
142,6,-1,-1
142,7,-1,-1
143,0,0,160
143,1,0,160
143,2,-1,-1
143,3,-1,-1
143,4,-1,-1
143,5,-1,-1
143,6,-1,-1
143,7,-1,-1
144,0,0,160
144,1,0,160
144,2,-1,-1
144,3,-1,-1
144,4,-1,-1
144,5,-1,-1
144,6,-1,-1
144,7,-1,-1
145,0,0,160
145,1,0,160
145,2,-1,-1
145,3,-1,-1
145,4,-1,-1
145,5,-1,-1
145,6,-1,-1
145,7,-1,-1
146,0,0,160
146,1,0,160
146,2,-1,-1
146,3,-1,-1
146,4,-1,-1
146,5,-1,-1
146,6,-1,-1
146,7,-1,-1
147,0,0,160
147,1,0,160
147,2,-1,-1
147,3,-1,-1
147,4,-1,-1
147,5,-1,-1
147,6,-1,-1
147,7,-1,-1
148,0,0,160
148,1,0,160
148,2,-1,-1
148,3,-1,-1
148,4,-1,-1
148,5,-1,-1
148,6,-1,-1
148,7,-1,-1
149,0,0,160
149,1,0,160
149,2,-1,-1
149,3,-1,-1
149,4,-1,-1
149,5,-1,-1
149,6,-1,-1
149,7,-1,-1
150,0,0,160
150,1,0,160
150,2,-1,-1
150,3,-1,-1
150,4,-1,-1
150,5,-1,-1
150,6,-1,-1
150,7,-1,-1
151,0,0,160
151,1,0,160
151,2,-1,-1
151,3,-1,-1
151,4,-1,-1
151,5,-1,-1
151,6,-1,-1
151,7,-1,-1
152,0,0,160
152,1,0,160
152,2,-1,-1
152,3,-1,-1
152,4,-1,-1
152,5,-1,-1
152,6,-1,-1
152,7,-1,-1
153,0,0,160
153,1,0,160
153,2,-1,-1
153,3,-1,-1
153,4,-1,-1
153,5,-1,-1
153,6,-1,-1
153,7,-1,-1
154,0,0,160
154,1,0,160
154,2,-1,-1
154,3,-1,-1
154,4,-1,-1
154,5,-1,-1
154,6,-1,-1
154,7,-1,-1
155,0,0,160
155,1,0,160
155,2,-1,-1
155,3,-1,-1
155,4,-1,-1
155,5,-1,-1
155,6,-1,-1
155,7,-1,-1
156,0,0,160
156,1,0,160
156,2,-1,-1
156,3,-1,-1
156,4,-1,-1
156,5,-1,-1
156,6,-1,-1
156,7,-1,-1
157,0,0,160
157,1,0,160
157,2,-1,-1
157,3,-1,-1
157,4,-1,-1
157,5,-1,-1
157,6,-1,-1
157,7,-1,-1
158,0,0,160
158,1,0,160
158,2,-1,-1
158,3,-1,-1
158,4,-1,-1
158,5,-1,-1
158,6,-1,-1
158,7,-1,-1
159,0,0,160
159,1,0,160
159,2,-1,-1
159,3,-1,-1
159,4,-1,-1
159,5,-1,-1
159,6,-1,-1
159,7,-1,-1
160,0,0,160
160,1,0,160
160,2,-1,-1
160,3,-1,-1
160,4,-1,-1
160,5,-1,-1
160,6,-1,-1
160,7,-1,-1
161,0,0,160
161,1,0,160
161,2,-1,-1
161,3,-1,-1
161,4,-1,-1
161,5,-1,-1
161,6,-1,-1
161,7,-1,-1
162,0,0,160
162,1,0,160
162,2,-1,-1
162,3,-1,-1
162,4,-1,-1
162,5,-1,-1
162,6,-1,-1
162,7,-1,-1
163,0,0,160
163,1,0,160
163,2,-1,-1
163,3,-1,-1
163,4,-1,-1
163,5,-1,-1
163,6,-1,-1
163,7,-1,-1
164,0,0,160
164,1,0,160
164,2,-1,-1
164,3,-1,-1
164,4,-1,-1
164,5,-1,-1
164,6,-1,-1
164,7,-1,-1
165,0,0,160
165,1,0,160
165,2,-1,-1
165,3,-1,-1
165,4,-1,-1
165,5,-1,-1
165,6,-1,-1
165,7,-1,-1
166,0,0,160
166,1,0,160
166,2,-1,-1
166,3,-1,-1
166,4,-1,-1
166,5,-1,-1
166,6,-1,-1
166,7,-1,-1
167,0,0,160
167,1,0,160
167,2,-1,-1
167,3,-1,-1
167,4,-1,-1
167,5,-1,-1
167,6,-1,-1
167,7,-1,-1
168,0,0,160
168,1,0,160
168,2,-1,-1
168,3,-1,-1
168,4,-1,-1
168,5,-1,-1
168,6,-1,-1
168,7,-1,-1
169,0,0,160
169,1,0,160
169,2,-1,-1
169,3,-1,-1
169,4,-1,-1
169,5,-1,-1
169,6,-1,-1
169,7,-1,-1
170,0,0,160
170,1,0,160
170,2,-1,-1
170,3,-1,-1
170,4,-1,-1
170,5,-1,-1
170,6,-1,-1
170,7,-1,-1
171,0,0,160
171,1,0,160
171,2,-1,-1
171,3,-1,-1
171,4,-1,-1
171,5,-1,-1
171,6,-1,-1
171,7,-1,-1
172,0,0,160
172,1,0,160
172,2,-1,-1
172,3,-1,-1
172,4,-1,-1
172,5,-1,-1
172,6,-1,-1
172,7,-1,-1
173,0,0,160
173,1,0,160
173,2,-1,-1
173,3,-1,-1
173,4,-1,-1
173,5,-1,-1
173,6,-1,-1
173,7,-1,-1
174,0,0,160
174,1,0,160
174,2,-1,-1
174,3,-1,-1
174,4,-1,-1
174,5,-1,-1
174,6,-1,-1
174,7,-1,-1
175,0,0,160
175,1,0,160
175,2,-1,-1
175,3,-1,-1
175,4,-1,-1
175,5,-1,-1
175,6,-1,-1
175,7,-1,-1
176,0,0,160
176,1,0,160
176,2,-1,-1
176,3,-1,-1
176,4,-1,-1
176,5,-1,-1
176,6,-1,-1
176,7,-1,-1
177,0,0,160
177,1,0,160
177,2,-1,-1
177,3,-1,-1
177,4,-1,-1
177,5,-1,-1
177,6,-1,-1
177,7,-1,-1
178,0,0,160
178,1,0,160
178,2,-1,-1
178,3,-1,-1
178,4,-1,-1
178,5,-1,-1
178,6,-1,-1
178,7,-1,-1
179,0,0,160
179,1,0,160
179,2,-1,-1
179,3,-1,-1
179,4,-1,-1
179,5,-1,-1
179,6,-1,-1
179,7,-1,-1
180,0,0,160
180,1,0,160
180,2,-1,-1
180,3,-1,-1
180,4,-1,-1
180,5,-1,-1
180,6,-1,-1
180,7,-1,-1
181,0,0,160
181,1,0,160
181,2,-1,-1
181,3,-1,-1
181,4,-1,-1
181,5,-1,-1
181,6,-1,-1
181,7,-1,-1
182,0,0,160
182,1,0,160
182,2,-1,-1
182,3,-1,-1
182,4,-1,-1
182,5,-1,-1
182,6,-1,-1
182,7,-1,-1
183,0,0,160
183,1,0,160
183,2,-1,-1
183,3,-1,-1
183,4,-1,-1
183,5,-1,-1
183,6,-1,-1
183,7,-1,-1
184,0,0,160
184,1,0,160
184,2,-1,-1
184,3,-1,-1
184,4,-1,-1
184,5,-1,-1
184,6,-1,-1
184,7,-1,-1
185,0,0,160
185,1,0,160
185,2,-1,-1
185,3,-1,-1
185,4,-1,-1
185,5,-1,-1
185,6,-1,-1
185,7,-1,-1
186,0,0,160
186,1,0,160
186,2,-1,-1
186,3,-1,-1
186,4,-1,-1
186,5,-1,-1
186,6,-1,-1
186,7,-1,-1
187,0,0,160
187,1,0,160
187,2,-1,-1
187,3,-1,-1
187,4,-1,-1
187,5,-1,-1
187,6,-1,-1
187,7,-1,-1
188,0,0,160
188,1,0,160
188,2,-1,-1
188,3,-1,-1
188,4,-1,-1
188,5,-1,-1
188,6,-1,-1
188,7,-1,-1
189,0,0,160
189,1,0,160
189,2,-1,-1
189,3,-1,-1
189,4,-1,-1
189,5,-1,-1
189,6,-1,-1
189,7,-1,-1
190,0,0,160
190,1,0,160
190,2,-1,-1
190,3,-1,-1
190,4,-1,-1
190,5,-1,-1
190,6,-1,-1
190,7,-1,-1
191,0,0,160
191,1,0,160
191,2,-1,-1
191,3,-1,-1
191,4,-1,-1
191,5,-1,-1
191,6,-1,-1
191,7,-1,-1
192,0,0,160
192,1,0,160
192,2,-1,-1
192,3,-1,-1
192,4,-1,-1
192,5,-1,-1
192,6,-1,-1
192,7,-1,-1
193,0,0,160
193,1,0,160
193,2,-1,-1
193,3,-1,-1
193,4,-1,-1
193,5,-1,-1
193,6,-1,-1
193,7,-1,-1
194,0,0,160
194,1,0,160
194,2,-1,-1
194,3,-1,-1
194,4,-1,-1
194,5,-1,-1
194,6,-1,-1
194,7,-1,-1
195,0,0,160
195,1,0,160
195,2,-1,-1
195,3,-1,-1
195,4,-1,-1
195,5,-1,-1
195,6,-1,-1
195,7,-1,-1
196,0,0,160
196,1,0,160
196,2,-1,-1
196,3,-1,-1
196,4,-1,-1
196,5,-1,-1
196,6,-1,-1
196,7,-1,-1
197,0,0,160
197,1,0,160
197,2,-1,-1
197,3,-1,-1
197,4,-1,-1
197,5,-1,-1
197,6,-1,-1
197,7,-1,-1
198,0,0,160
198,1,0,160
198,2,-1,-1
198,3,-1,-1
198,4,-1,-1
198,5,-1,-1
198,6,-1,-1
198,7,-1,-1
199,0,0,160
199,1,0,160
199,2,-1,-1
199,3,-1,-1
199,4,-1,-1
199,5,-1,-1
199,6,-1,-1
199,7,-1,-1
200,0,0,160
200,1,0,160
200,2,-1,-1
200,3,-1,-1
200,4,-1,-1
200,5,-1,-1
200,6,-1,-1
200,7,-1,-1
201,0,0,160
201,1,0,160
201,2,-1,-1
201,3,-1,-1
201,4,-1,-1
201,5,-1,-1
201,6,-1,-1
201,7,-1,-1
202,0,0,160
202,1,0,160
202,2,-1,-1
202,3,-1,-1
202,4,-1,-1
202,5,-1,-1
202,6,-1,-1
202,7,-1,-1
203,0,0,160
203,1,0,160
203,2,-1,-1
203,3,-1,-1
203,4,-1,-1
203,5,-1,-1
203,6,-1,-1
203,7,-1,-1
204,0,0,160
204,1,0,160
204,2,-1,-1
204,3,-1,-1
204,4,-1,-1
204,5,-1,-1
204,6,-1,-1
204,7,-1,-1
205,0,0,160
205,1,0,160
205,2,-1,-1
205,3,-1,-1
205,4,-1,-1
205,5,-1,-1
205,6,-1,-1
205,7,-1,-1
206,0,0,160
206,1,0,160
206,2,-1,-1
206,3,-1,-1
206,4,-1,-1
206,5,-1,-1
206,6,-1,-1
206,7,-1,-1
207,0,0,160
207,1,0,160
207,2,-1,-1
207,3,-1,-1
207,4,-1,-1
207,5,-1,-1
207,6,-1,-1
207,7,-1,-1
208,0,0,160
208,1,0,160
208,2,-1,-1
208,3,-1,-1
208,4,-1,-1
208,5,-1,-1
208,6,-1,-1
208,7,-1,-1
209,0,0,160
209,1,0,160
209,2,-1,-1
209,3,-1,-1
209,4,-1,-1
209,5,-1,-1
209,6,-1,-1
209,7,-1,-1
210,0,0,160
210,1,0,160
210,2,-1,-1
210,3,-1,-1
210,4,-1,-1
210,5,-1,-1
210,6,-1,-1
210,7,-1,-1
211,0,0,160
211,1,0,160
211,2,-1,-1
211,3,-1,-1
211,4,-1,-1
211,5,-1,-1
211,6,-1,-1
211,7,-1,-1
212,0,0,160
212,1,0,160
212,2,-1,-1
212,3,-1,-1
212,4,-1,-1
212,5,-1,-1
212,6,-1,-1
212,7,-1,-1
213,0,0,160
213,1,0,160
213,2,-1,-1
213,3,-1,-1
213,4,-1,-1
213,5,-1,-1
213,6,-1,-1
213,7,-1,-1
214,0,0,160
214,1,0,160
214,2,-1,-1
214,3,-1,-1
214,4,-1,-1
214,5,-1,-1
214,6,-1,-1
214,7,-1,-1
215,0,0,160
215,1,0,160
215,2,-1,-1
215,3,-1,-1
215,4,-1,-1
215,5,-1,-1
215,6,-1,-1
215,7,-1,-1
216,0,0,160
216,1,0,160
216,2,-1,-1
216,3,-1,-1
216,4,-1,-1
216,5,-1,-1
216,6,-1,-1
216,7,-1,-1
217,0,0,160
217,1,0,160
217,2,-1,-1
217,3,-1,-1
217,4,-1,-1
217,5,-1,-1
217,6,-1,-1
217,7,-1,-1
218,0,0,160
218,1,0,160
218,2,-1,-1
218,3,-1,-1
218,4,-1,-1
218,5,-1,-1
218,6,-1,-1
218,7,-1,-1
219,0,0,160
219,1,0,160
219,2,-1,-1
219,3,-1,-1
219,4,-1,-1
219,5,-1,-1
219,6,-1,-1
219,7,-1,-1
220,0,0,160
220,1,0,160
220,2,-1,-1
220,3,-1,-1
220,4,-1,-1
220,5,-1,-1
220,6,-1,-1
220,7,-1,-1
221,0,0,160
221,1,0,160
221,2,-1,-1
221,3,-1,-1
221,4,-1,-1
221,5,-1,-1
221,6,-1,-1
221,7,-1,-1
222,0,0,160
222,1,0,160
222,2,-1,-1
222,3,-1,-1
222,4,-1,-1
222,5,-1,-1
222,6,-1,-1
222,7,-1,-1
223,0,0,160
223,1,0,160
223,2,-1,-1
223,3,-1,-1
223,4,-1,-1
223,5,-1,-1
223,6,-1,-1
223,7,-1,-1
224,0,0,160
224,1,0,160
224,2,-1,-1
224,3,-1,-1
224,4,-1,-1
224,5,-1,-1
224,6,-1,-1
224,7,-1,-1
225,0,0,160
225,1,0,160
225,2,-1,-1
225,3,-1,-1
225,4,-1,-1
225,5,-1,-1
225,6,-1,-1
225,7,-1,-1
226,0,0,160
226,1,0,160
226,2,-1,-1
226,3,-1,-1
226,4,-1,-1
226,5,-1,-1
226,6,-1,-1
226,7,-1,-1
227,0,0,160
227,1,0,160
227,2,-1,-1
227,3,-1,-1
227,4,-1,-1
227,5,-1,-1
227,6,-1,-1
227,7,-1,-1
228,0,0,160
228,1,0,160
228,2,-1,-1
228,3,-1,-1
228,4,-1,-1
228,5,-1,-1
228,6,-1,-1
228,7,-1,-1
229,0,0,160
229,1,0,160
229,2,-1,-1
229,3,-1,-1
229,4,-1,-1
229,5,-1,-1
229,6,-1,-1
229,7,-1,-1
230,0,0,160
230,1,0,160
230,2,-1,-1
230,3,-1,-1
230,4,-1,-1
230,5,-1,-1
230,6,-1,-1
230,7,-1,-1
231,0,0,160
231,1,0,160
231,2,-1,-1
231,3,-1,-1
231,4,-1,-1
231,5,-1,-1
231,6,-1,-1
231,7,-1,-1
232,0,0,160
232,1,0,160
232,2,-1,-1
232,3,-1,-1
232,4,-1,-1
232,5,-1,-1
232,6,-1,-1
232,7,-1,-1
233,0,0,160
233,1,0,160
233,2,-1,-1
233,3,-1,-1
233,4,-1,-1
233,5,-1,-1
233,6,-1,-1
233,7,-1,-1
234,0,0,160
234,1,0,160
234,2,-1,-1
234,3,-1,-1
234,4,-1,-1
234,5,-1,-1
234,6,-1,-1
234,7,-1,-1
235,0,0,160
235,1,0,160
235,2,-1,-1
235,3,-1,-1
235,4,-1,-1
235,5,-1,-1
235,6,-1,-1
235,7,-1,-1
236,0,0,160
236,1,0,160
236,2,-1,-1
236,3,-1,-1
236,4,-1,-1
236,5,-1,-1
236,6,-1,-1
236,7,-1,-1
237,0,0,160
237,1,0,160
237,2,-1,-1
237,3,-1,-1
237,4,-1,-1
237,5,-1,-1
237,6,-1,-1
237,7,-1,-1
238,0,0,160
238,1,0,160
238,2,-1,-1
238,3,-1,-1
238,4,-1,-1
238,5,-1,-1
238,6,-1,-1
238,7,-1,-1
239,0,0,160
239,1,0,160
239,2,-1,-1
239,3,-1,-1
239,4,-1,-1
239,5,-1,-1
239,6,-1,-1
239,7,-1,-1
240,0,0,160
240,1,0,160
240,2,-1,-1
240,3,-1,-1
240,4,-1,-1
240,5,-1,-1
240,6,-1,-1
240,7,-1,-1
241,0,0,160
241,1,0,160
241,2,-1,-1
241,3,-1,-1
241,4,-1,-1
241,5,-1,-1
241,6,-1,-1
241,7,-1,-1
242,0,0,160
242,1,0,160
242,2,-1,-1
242,3,-1,-1
242,4,-1,-1
242,5,-1,-1
242,6,-1,-1
242,7,-1,-1
243,0,0,160
243,1,0,160
243,2,-1,-1
243,3,-1,-1
243,4,-1,-1
243,5,-1,-1
243,6,-1,-1
243,7,-1,-1
244,0,0,160
244,1,0,160
244,2,-1,-1
244,3,-1,-1
244,4,-1,-1
244,5,-1,-1
244,6,-1,-1
244,7,-1,-1
245,0,0,160
245,1,0,160
245,2,-1,-1
245,3,-1,-1
245,4,-1,-1
245,5,-1,-1
245,6,-1,-1
245,7,-1,-1
246,0,0,160
246,1,0,160
246,2,-1,-1
246,3,-1,-1
246,4,-1,-1
246,5,-1,-1
246,6,-1,-1
246,7,-1,-1
247,0,0,160
247,1,0,160
247,2,-1,-1
247,3,-1,-1
247,4,-1,-1
247,5,-1,-1
247,6,-1,-1
247,7,-1,-1
248,0,0,160
248,1,0,160
248,2,-1,-1
248,3,-1,-1
248,4,-1,-1
248,5,-1,-1
248,6,-1,-1
248,7,-1,-1
249,0,0,160
249,1,0,160
249,2,-1,-1
249,3,-1,-1
249,4,-1,-1
249,5,-1,-1
249,6,-1,-1
249,7,-1,-1
250,0,0,160
250,1,0,160
250,2,-1,-1
250,3,-1,-1
250,4,-1,-1
250,5,-1,-1
250,6,-1,-1
250,7,-1,-1
251,0,0,160
251,1,0,160
251,2,-1,-1
251,3,-1,-1
251,4,-1,-1
251,5,-1,-1
251,6,-1,-1
251,7,-1,-1
252,0,0,160
252,1,0,160
252,2,-1,-1
252,3,-1,-1
252,4,-1,-1
252,5,-1,-1
252,6,-1,-1
252,7,-1,-1
253,0,0,160
253,1,0,160
253,2,-1,-1
253,3,-1,-1
253,4,-1,-1
253,5,-1,-1
253,6,-1,-1
253,7,-1,-1
254,0,0,160
254,1,0,160
254,2,-1,-1
254,3,-1,-1
254,4,-1,-1
254,5,-1,-1
254,6,-1,-1
254,7,-1,-1
255,0,0,160
255,1,0,160
255,2,-1,-1
255,3,-1,-1
255,4,-1,-1
255,5,-1,-1
255,6,-1,-1
255,7,-1,-1
256,0,0,160
256,1,0,160
256,2,-1,-1
256,3,-1,-1
256,4,-1,-1
256,5,-1,-1
256,6,-1,-1
256,7,-1,-1
257,0,0,160
257,1,0,160
257,2,-1,-1
257,3,-1,-1
257,4,-1,-1
257,5,-1,-1
257,6,-1,-1
257,7,-1,-1
258,0,0,160
258,1,0,160
258,2,-1,-1
258,3,-1,-1
258,4,-1,-1
258,5,-1,-1
258,6,-1,-1
258,7,-1,-1
259,0,0,160
259,1,0,160
259,2,-1,-1
259,3,-1,-1
259,4,-1,-1
259,5,-1,-1
259,6,-1,-1
259,7,-1,-1
260,0,0,160
260,1,0,160
260,2,-1,-1
260,3,-1,-1
260,4,-1,-1
260,5,-1,-1
260,6,-1,-1
260,7,-1,-1
261,0,0,160
261,1,0,160
261,2,-1,-1
261,3,-1,-1
261,4,-1,-1
261,5,-1,-1
261,6,-1,-1
261,7,-1,-1
262,0,0,160
262,1,0,160
262,2,-1,-1
262,3,-1,-1
262,4,-1,-1
262,5,-1,-1
262,6,-1,-1
262,7,-1,-1
263,0,0,160
263,1,0,160
263,2,-1,-1
263,3,-1,-1
263,4,-1,-1
263,5,-1,-1
263,6,-1,-1
263,7,-1,-1
264,0,0,160
264,1,0,160
264,2,-1,-1
264,3,-1,-1
264,4,-1,-1
264,5,-1,-1
264,6,-1,-1
264,7,-1,-1
265,0,0,160
265,1,0,160
265,2,-1,-1
265,3,-1,-1
265,4,-1,-1
265,5,-1,-1
265,6,-1,-1
265,7,-1,-1
266,0,0,160
266,1,0,160
266,2,-1,-1
266,3,-1,-1
266,4,-1,-1
266,5,-1,-1
266,6,-1,-1
266,7,-1,-1
267,0,0,160
267,1,0,160
267,2,-1,-1
267,3,-1,-1
267,4,-1,-1
267,5,-1,-1
267,6,-1,-1
267,7,-1,-1
268,0,0,160
268,1,0,160
268,2,-1,-1
268,3,-1,-1
268,4,-1,-1
268,5,-1,-1
268,6,-1,-1
268,7,-1,-1
269,0,0,160
269,1,0,160
269,2,-1,-1
269,3,-1,-1
269,4,-1,-1
269,5,-1,-1
269,6,-1,-1
269,7,-1,-1
270,0,0,160
270,1,0,160
270,2,-1,-1
270,3,-1,-1
270,4,-1,-1
270,5,-1,-1
270,6,-1,-1
270,7,-1,-1
271,0,0,160
271,1,0,160
271,2,-1,-1
271,3,-1,-1
271,4,-1,-1
271,5,-1,-1
271,6,-1,-1
271,7,-1,-1
272,0,0,160
272,1,0,160
272,2,-1,-1
272,3,-1,-1
272,4,-1,-1
272,5,-1,-1
272,6,-1,-1
272,7,-1,-1
273,0,0,160
273,1,0,160
273,2,-1,-1
273,3,-1,-1
273,4,-1,-1
273,5,-1,-1
273,6,-1,-1
273,7,-1,-1
274,0,0,160
274,1,0,160
274,2,-1,-1
274,3,-1,-1
274,4,-1,-1
274,5,-1,-1
274,6,-1,-1
274,7,-1,-1
275,0,0,160
275,1,0,160
275,2,-1,-1
275,3,-1,-1
275,4,-1,-1
275,5,-1,-1
275,6,-1,-1
275,7,-1,-1
276,0,0,160
276,1,0,160
276,2,-1,-1
276,3,-1,-1
276,4,-1,-1
276,5,-1,-1
276,6,-1,-1
276,7,-1,-1
277,0,0,160
277,1,0,160
277,2,-1,-1
277,3,-1,-1
277,4,-1,-1
277,5,-1,-1
277,6,-1,-1
277,7,-1,-1
278,0,0,160
278,1,0,160
278,2,-1,-1
278,3,-1,-1
278,4,-1,-1
278,5,-1,-1
278,6,-1,-1
278,7,-1,-1
279,0,0,160
279,1,0,160
279,2,-1,-1
279,3,-1,-1
279,4,-1,-1
279,5,-1,-1
279,6,-1,-1
279,7,-1,-1
280,0,0,160
280,1,0,160
280,2,-1,-1
280,3,-1,-1
280,4,-1,-1
280,5,-1,-1
280,6,-1,-1
280,7,-1,-1
281,0,0,160
281,1,0,160
281,2,-1,-1
281,3,-1,-1
281,4,-1,-1
281,5,-1,-1
281,6,-1,-1
281,7,-1,-1
282,0,0,160
282,1,0,160
282,2,-1,-1
282,3,-1,-1
282,4,-1,-1
282,5,-1,-1
282,6,-1,-1
282,7,-1,-1
283,0,0,160
283,1,0,160
283,2,-1,-1
283,3,-1,-1
283,4,-1,-1
283,5,-1,-1
283,6,-1,-1
283,7,-1,-1
284,0,0,160
284,1,0,160
284,2,-1,-1
284,3,-1,-1
284,4,-1,-1
284,5,-1,-1
284,6,-1,-1
284,7,-1,-1
285,0,0,160
285,1,0,160
285,2,-1,-1
285,3,-1,-1
285,4,-1,-1
285,5,-1,-1
285,6,-1,-1
285,7,-1,-1
286,0,0,160
286,1,0,160
286,2,-1,-1
286,3,-1,-1
286,4,-1,-1
286,5,-1,-1
286,6,-1,-1
286,7,-1,-1
287,0,0,160
287,1,0,160
287,2,-1,-1
287,3,-1,-1
287,4,-1,-1
287,5,-1,-1
287,6,-1,-1
287,7,-1,-1
288,0,0,160
288,1,0,160
288,2,-1,-1
288,3,-1,-1
288,4,-1,-1
288,5,-1,-1
288,6,-1,-1
288,7,-1,-1
289,0,0,160
289,1,0,160
289,2,-1,-1
289,3,-1,-1
289,4,-1,-1
289,5,-1,-1
289,6,-1,-1
289,7,-1,-1
290,0,0,160
290,1,0,160
290,2,-1,-1
290,3,-1,-1
290,4,-1,-1
290,5,-1,-1
290,6,-1,-1
290,7,-1,-1
291,0,0,160
291,1,0,160
291,2,-1,-1
291,3,-1,-1
291,4,-1,-1
291,5,-1,-1
291,6,-1,-1
291,7,-1,-1
292,0,0,160
292,1,0,160
292,2,-1,-1
292,3,-1,-1
292,4,-1,-1
292,5,-1,-1
292,6,-1,-1
292,7,-1,-1
293,0,0,160
293,1,0,160
293,2,-1,-1
293,3,-1,-1
293,4,-1,-1
293,5,-1,-1
293,6,-1,-1
293,7,-1,-1
294,0,0,160
294,1,0,160
294,2,-1,-1
294,3,-1,-1
294,4,-1,-1
294,5,-1,-1
294,6,-1,-1
294,7,-1,-1
295,0,0,160
295,1,0,160
295,2,-1,-1
295,3,-1,-1
295,4,-1,-1
295,5,-1,-1
295,6,-1,-1
295,7,-1,-1
296,0,0,160
296,1,0,160
296,2,-1,-1
296,3,-1,-1
296,4,-1,-1
296,5,-1,-1
296,6,-1,-1
296,7,-1,-1
297,0,0,160
297,1,0,160
297,2,-1,-1
297,3,-1,-1
297,4,-1,-1
297,5,-1,-1
297,6,-1,-1
297,7,-1,-1
298,0,0,160
298,1,0,160
298,2,-1,-1
298,3,-1,-1
298,4,-1,-1
298,5,-1,-1
298,6,-1,-1
298,7,-1,-1
299,0,0,160
299,1,0,160
299,2,-1,-1
299,3,-1,-1
299,4,-1,-1
299,5,-1,-1
299,6,-1,-1
299,7,-1,-1
300,0,0,160
300,1,0,160
300,2,-1,-1
300,3,-1,-1
300,4,-1,-1
300,5,-1,-1
300,6,-1,-1
300,7,-1,-1
301,0,0,160
301,1,0,160
301,2,-1,-1
301,3,-1,-1
301,4,-1,-1
301,5,-1,-1
301,6,-1,-1
301,7,-1,-1
302,0,0,160
302,1,0,160
302,2,-1,-1
302,3,-1,-1
302,4,-1,-1
302,5,-1,-1
302,6,-1,-1
302,7,-1,-1
303,0,0,160
303,1,0,160
303,2,-1,-1
303,3,-1,-1
303,4,-1,-1
303,5,-1,-1
303,6,-1,-1
303,7,-1,-1
304,0,0,160
304,1,0,160
304,2,-1,-1
304,3,-1,-1
304,4,-1,-1
304,5,-1,-1
304,6,-1,-1
304,7,-1,-1
305,0,0,160
305,1,0,160
305,2,-1,-1
305,3,-1,-1
305,4,-1,-1
305,5,-1,-1
305,6,-1,-1
305,7,-1,-1
306,0,0,160
306,1,0,160
306,2,-1,-1
306,3,-1,-1
306,4,-1,-1
306,5,-1,-1
306,6,-1,-1
306,7,-1,-1
307,0,0,160
307,1,0,160
307,2,-1,-1
307,3,-1,-1
307,4,-1,-1
307,5,-1,-1
307,6,-1,-1
307,7,-1,-1
308,0,0,160
308,1,0,160
308,2,-1,-1
308,3,-1,-1
308,4,-1,-1
308,5,-1,-1
308,6,-1,-1
308,7,-1,-1
309,0,0,160
309,1,0,160
309,2,-1,-1
309,3,-1,-1
309,4,-1,-1
309,5,-1,-1
309,6,-1,-1
309,7,-1,-1
310,0,0,160
310,1,0,160
310,2,-1,-1
310,3,-1,-1
310,4,-1,-1
310,5,-1,-1
310,6,-1,-1
310,7,-1,-1
311,0,0,160
311,1,0,160
311,2,-1,-1
311,3,-1,-1
311,4,-1,-1
311,5,-1,-1
311,6,-1,-1
311,7,-1,-1
312,0,0,160
312,1,0,160
312,2,-1,-1
312,3,-1,-1
312,4,-1,-1
312,5,-1,-1
312,6,-1,-1
312,7,-1,-1
313,0,0,160
313,1,0,160
313,2,-1,-1
313,3,-1,-1
313,4,-1,-1
313,5,-1,-1
313,6,-1,-1
313,7,-1,-1
314,0,0,160
314,1,0,160
314,2,-1,-1
314,3,-1,-1
314,4,-1,-1
314,5,-1,-1
314,6,-1,-1
314,7,-1,-1
315,0,0,160
315,1,0,160
315,2,-1,-1
315,3,-1,-1
315,4,-1,-1
315,5,-1,-1
315,6,-1,-1
315,7,-1,-1
316,0,0,160
316,1,0,160
316,2,-1,-1
316,3,-1,-1
316,4,-1,-1
316,5,-1,-1
316,6,-1,-1
316,7,-1,-1
317,0,0,160
317,1,0,160
317,2,-1,-1
317,3,-1,-1
317,4,-1,-1
317,5,-1,-1
317,6,-1,-1
317,7,-1,-1
318,0,0,160
318,1,0,160
318,2,-1,-1
318,3,-1,-1
318,4,-1,-1
318,5,-1,-1
318,6,-1,-1
318,7,-1,-1
319,0,0,160
319,1,0,160
319,2,-1,-1
319,3,-1,-1
319,4,-1,-1
319,5,-1,-1
319,6,-1,-1
319,7,-1,-1
320,0,0,160
320,1,0,160
320,2,-1,-1
320,3,-1,-1
320,4,-1,-1
320,5,-1,-1
320,6,-1,-1
320,7,-1,-1
321,0,0,160
321,1,0,160
321,2,-1,-1
321,3,-1,-1
321,4,-1,-1
321,5,-1,-1
321,6,-1,-1
321,7,-1,-1
322,0,0,160
322,1,0,160
322,2,-1,-1
322,3,-1,-1
322,4,-1,-1
322,5,-1,-1
322,6,-1,-1
322,7,-1,-1
323,0,0,160
323,1,0,160
323,2,-1,-1
323,3,-1,-1
323,4,-1,-1
323,5,-1,-1
323,6,-1,-1
323,7,-1,-1
324,0,0,160
324,1,0,160
324,2,-1,-1
324,3,-1,-1
324,4,-1,-1
324,5,-1,-1
324,6,-1,-1
324,7,-1,-1
325,0,0,160
325,1,0,160
325,2,-1,-1
325,3,-1,-1
325,4,-1,-1
325,5,-1,-1
325,6,-1,-1
325,7,-1,-1
326,0,0,160
326,1,0,160
326,2,-1,-1
326,3,-1,-1
326,4,-1,-1
326,5,-1,-1
326,6,-1,-1
326,7,-1,-1
327,0,0,160
327,1,0,160
327,2,-1,-1
327,3,-1,-1
327,4,-1,-1
327,5,-1,-1
327,6,-1,-1
327,7,-1,-1
328,0,0,160
328,1,0,160
328,2,-1,-1
328,3,-1,-1
328,4,-1,-1
328,5,-1,-1
328,6,-1,-1
328,7,-1,-1
329,0,0,160
329,1,0,160
329,2,-1,-1
329,3,-1,-1
329,4,-1,-1
329,5,-1,-1
329,6,-1,-1
329,7,-1,-1
330,0,0,160
330,1,0,160
330,2,-1,-1
330,3,-1,-1
330,4,-1,-1
330,5,-1,-1
330,6,-1,-1
330,7,-1,-1
331,0,0,160
331,1,0,160
331,2,-1,-1
331,3,-1,-1
331,4,-1,-1
331,5,-1,-1
331,6,-1,-1
331,7,-1,-1
332,0,0,160
332,1,0,160
332,2,-1,-1
332,3,-1,-1
332,4,-1,-1
332,5,-1,-1
332,6,-1,-1
332,7,-1,-1
333,0,0,160
333,1,0,160
333,2,-1,-1
333,3,-1,-1
333,4,-1,-1
333,5,-1,-1
333,6,-1,-1
333,7,-1,-1
334,0,0,160
334,1,0,160
334,2,-1,-1
334,3,-1,-1
334,4,-1,-1
334,5,-1,-1
334,6,-1,-1
334,7,-1,-1
335,0,0,160
335,1,0,160
335,2,-1,-1
335,3,-1,-1
335,4,-1,-1
335,5,-1,-1
335,6,-1,-1
335,7,-1,-1
336,0,0,160
336,1,0,160
336,2,-1,-1
336,3,-1,-1
336,4,-1,-1
336,5,-1,-1
336,6,-1,-1
336,7,-1,-1
337,0,0,160
337,1,0,160
337,2,-1,-1
337,3,-1,-1
337,4,-1,-1
337,5,-1,-1
337,6,-1,-1
337,7,-1,-1
338,0,0,160
338,1,0,160
338,2,-1,-1
338,3,-1,-1
338,4,-1,-1
338,5,-1,-1
338,6,-1,-1
338,7,-1,-1
339,0,0,160
339,1,0,160
339,2,-1,-1
339,3,-1,-1
339,4,-1,-1
339,5,-1,-1
339,6,-1,-1
339,7,-1,-1
340,0,0,160
340,1,0,160
340,2,-1,-1
340,3,-1,-1
340,4,-1,-1
340,5,-1,-1
340,6,-1,-1
340,7,-1,-1
341,0,0,160
341,1,0,160
341,2,-1,-1
341,3,-1,-1
341,4,-1,-1
341,5,-1,-1
341,6,-1,-1
341,7,-1,-1
342,0,0,160
342,1,0,160
342,2,-1,-1
342,3,-1,-1
342,4,-1,-1
342,5,-1,-1
342,6,-1,-1
342,7,-1,-1
343,0,0,160
343,1,0,160
343,2,-1,-1
343,3,-1,-1
343,4,-1,-1
343,5,-1,-1
343,6,-1,-1
343,7,-1,-1
344,0,0,160
344,1,0,160
344,2,-1,-1
344,3,-1,-1
344,4,-1,-1
344,5,-1,-1
344,6,-1,-1
344,7,-1,-1
345,0,0,160
345,1,0,160
345,2,-1,-1
345,3,-1,-1
345,4,-1,-1
345,5,-1,-1
345,6,-1,-1
345,7,-1,-1
346,0,0,160
346,1,0,160
346,2,-1,-1
346,3,-1,-1
346,4,-1,-1
346,5,-1,-1
346,6,-1,-1
346,7,-1,-1
347,0,0,160
347,1,0,160
347,2,-1,-1
347,3,-1,-1
347,4,-1,-1
347,5,-1,-1
347,6,-1,-1
347,7,-1,-1
348,0,0,160
348,1,0,160
348,2,-1,-1
348,3,-1,-1
348,4,-1,-1
348,5,-1,-1
348,6,-1,-1
348,7,-1,-1
349,0,0,160
349,1,0,160
349,2,-1,-1
349,3,-1,-1
349,4,-1,-1
349,5,-1,-1
349,6,-1,-1
349,7,-1,-1
350,0,0,160
350,1,0,160
350,2,-1,-1
350,3,-1,-1
350,4,-1,-1
350,5,-1,-1
350,6,-1,-1
350,7,-1,-1
351,0,0,160
351,1,0,160
351,2,-1,-1
351,3,-1,-1
351,4,-1,-1
351,5,-1,-1
351,6,-1,-1
351,7,-1,-1
352,0,0,160
352,1,0,160
352,2,-1,-1
352,3,-1,-1
352,4,-1,-1
352,5,-1,-1
352,6,-1,-1
352,7,-1,-1
353,0,0,160
353,1,0,160
353,2,-1,-1
353,3,-1,-1
353,4,-1,-1
353,5,-1,-1
353,6,-1,-1
353,7,-1,-1
354,0,0,160
354,1,0,160
354,2,-1,-1
354,3,-1,-1
354,4,-1,-1
354,5,-1,-1
354,6,-1,-1
354,7,-1,-1
355,0,0,160
355,1,0,160
355,2,-1,-1
355,3,-1,-1
355,4,-1,-1
355,5,-1,-1
355,6,-1,-1
355,7,-1,-1
356,0,0,160
356,1,0,160
356,2,-1,-1
356,3,-1,-1
356,4,-1,-1
356,5,-1,-1
356,6,-1,-1
356,7,-1,-1
357,0,0,160
357,1,0,160
357,2,-1,-1
357,3,-1,-1
357,4,-1,-1
357,5,-1,-1
357,6,-1,-1
357,7,-1,-1
358,0,0,160
358,1,0,160
358,2,-1,-1
358,3,-1,-1
358,4,-1,-1
358,5,-1,-1
358,6,-1,-1
358,7,-1,-1
359,0,0,160
359,1,0,160
359,2,-1,-1
359,3,-1,-1
359,4,-1,-1
359,5,-1,-1
359,6,-1,-1
359,7,-1,-1
360,0,0,160
360,1,0,160
360,2,-1,-1
360,3,-1,-1
360,4,-1,-1
360,5,-1,-1
360,6,-1,-1
360,7,-1,-1
361,0,0,160
361,1,0,160
361,2,-1,-1
361,3,-1,-1
361,4,-1,-1
361,5,-1,-1
361,6,-1,-1
361,7,-1,-1
362,0,0,160
362,1,0,160
362,2,-1,-1
362,3,-1,-1
362,4,-1,-1
362,5,-1,-1
362,6,-1,-1
362,7,-1,-1
363,0,0,160
363,1,0,160
363,2,-1,-1
363,3,-1,-1
363,4,-1,-1
363,5,-1,-1
363,6,-1,-1
363,7,-1,-1
364,0,0,160
364,1,0,160
364,2,-1,-1
364,3,-1,-1
364,4,-1,-1
364,5,-1,-1
364,6,-1,-1
364,7,-1,-1
365,0,0,160
365,1,0,160
365,2,-1,-1
365,3,-1,-1
365,4,-1,-1
365,5,-1,-1
365,6,-1,-1
365,7,-1,-1
366,0,0,160
366,1,0,160
366,2,-1,-1
366,3,-1,-1
366,4,-1,-1
366,5,-1,-1
366,6,-1,-1
366,7,-1,-1
367,0,0,160
367,1,0,160
367,2,-1,-1
367,3,-1,-1
367,4,-1,-1
367,5,-1,-1
367,6,-1,-1
367,7,-1,-1
368,0,0,160
368,1,0,160
368,2,-1,-1
368,3,-1,-1
368,4,-1,-1
368,5,-1,-1
368,6,-1,-1
368,7,-1,-1
369,0,0,160
369,1,0,160
369,2,-1,-1
369,3,-1,-1
369,4,-1,-1
369,5,-1,-1
369,6,-1,-1
369,7,-1,-1
370,0,0,160
370,1,0,160
370,2,-1,-1
370,3,-1,-1
370,4,-1,-1
370,5,-1,-1
370,6,-1,-1
370,7,-1,-1
371,0,0,160
371,1,0,160
371,2,-1,-1
371,3,-1,-1
371,4,-1,-1
371,5,-1,-1
371,6,-1,-1
371,7,-1,-1
372,0,0,160
372,1,0,160
372,2,-1,-1
372,3,-1,-1
372,4,-1,-1
372,5,-1,-1
372,6,-1,-1
372,7,-1,-1
373,0,0,160
373,1,0,160
373,2,-1,-1
373,3,-1,-1
373,4,-1,-1
373,5,-1,-1
373,6,-1,-1
373,7,-1,-1
374,0,0,160
374,1,0,160
374,2,-1,-1
374,3,-1,-1
374,4,-1,-1
374,5,-1,-1
374,6,-1,-1
374,7,-1,-1
375,0,0,160
375,1,0,160
375,2,-1,-1
375,3,-1,-1
375,4,-1,-1
375,5,-1,-1
375,6,-1,-1
375,7,-1,-1
376,0,0,160
376,1,0,160
376,2,-1,-1
376,3,-1,-1
376,4,-1,-1
376,5,-1,-1
376,6,-1,-1
376,7,-1,-1
377,0,0,160
377,1,0,160
377,2,-1,-1
377,3,-1,-1
377,4,-1,-1
377,5,-1,-1
377,6,-1,-1
377,7,-1,-1
378,0,0,160
378,1,0,160
378,2,-1,-1
378,3,-1,-1
378,4,-1,-1
378,5,-1,-1
378,6,-1,-1
378,7,-1,-1
379,0,0,160
379,1,0,160
379,2,-1,-1
379,3,-1,-1
379,4,-1,-1
379,5,-1,-1
379,6,-1,-1
379,7,-1,-1
380,0,0,160
380,1,0,160
380,2,-1,-1
380,3,-1,-1
380,4,-1,-1
380,5,-1,-1
380,6,-1,-1
380,7,-1,-1
381,0,0,160
381,1,0,160
381,2,-1,-1
381,3,-1,-1
381,4,-1,-1
381,5,-1,-1
381,6,-1,-1
381,7,-1,-1
382,0,0,160
382,1,0,160
382,2,-1,-1
382,3,-1,-1
382,4,-1,-1
382,5,-1,-1
382,6,-1,-1
382,7,-1,-1
383,0,0,160
383,1,0,160
383,2,-1,-1
383,3,-1,-1
383,4,-1,-1
383,5,-1,-1
383,6,-1,-1
383,7,-1,-1
384,0,0,160
384,1,0,160
384,2,-1,-1
384,3,-1,-1
384,4,-1,-1
384,5,-1,-1
384,6,-1,-1
384,7,-1,-1
385,0,0,160
385,1,0,160
385,2,-1,-1
385,3,-1,-1
385,4,-1,-1
385,5,-1,-1
385,6,-1,-1
385,7,-1,-1
386,0,0,160
386,1,0,160
386,2,-1,-1
386,3,-1,-1
386,4,-1,-1
386,5,-1,-1
386,6,-1,-1
386,7,-1,-1
387,0,0,160
387,1,0,160
387,2,-1,-1
387,3,-1,-1
387,4,-1,-1
387,5,-1,-1
387,6,-1,-1
387,7,-1,-1
388,0,0,160
388,1,0,160
388,2,-1,-1
388,3,-1,-1
388,4,-1,-1
388,5,-1,-1
388,6,-1,-1
388,7,-1,-1
389,0,0,160
389,1,0,160
389,2,-1,-1
389,3,-1,-1
389,4,-1,-1
389,5,-1,-1
389,6,-1,-1
389,7,-1,-1
390,0,0,160
390,1,0,160
390,2,-1,-1
390,3,-1,-1
390,4,-1,-1
390,5,-1,-1
390,6,-1,-1
390,7,-1,-1
391,0,0,160
391,1,0,160
391,2,-1,-1
391,3,-1,-1
391,4,-1,-1
391,5,-1,-1
391,6,-1,-1
391,7,-1,-1
392,0,0,160
392,1,0,160
392,2,-1,-1
392,3,-1,-1
392,4,-1,-1
392,5,-1,-1
392,6,-1,-1
392,7,-1,-1
393,0,0,160
393,1,0,160
393,2,-1,-1
393,3,-1,-1
393,4,-1,-1
393,5,-1,-1
393,6,-1,-1
393,7,-1,-1
394,0,0,160
394,1,0,160
394,2,-1,-1
394,3,-1,-1
394,4,-1,-1
394,5,-1,-1
394,6,-1,-1
394,7,-1,-1
395,0,0,160
395,1,0,160
395,2,-1,-1
395,3,-1,-1
395,4,-1,-1
395,5,-1,-1
395,6,-1,-1
395,7,-1,-1
396,0,0,160
396,1,0,160
396,2,-1,-1
396,3,-1,-1
396,4,-1,-1
396,5,-1,-1
396,6,-1,-1
396,7,-1,-1
397,0,0,160
397,1,0,160
397,2,-1,-1
397,3,-1,-1
397,4,-1,-1
397,5,-1,-1
397,6,-1,-1
397,7,-1,-1
398,0,0,160
398,1,0,160
398,2,-1,-1
398,3,-1,-1
398,4,-1,-1
398,5,-1,-1
398,6,-1,-1
398,7,-1,-1
399,0,0,160
399,1,0,160
399,2,-1,-1
399,3,-1,-1
399,4,-1,-1
399,5,-1,-1
399,6,-1,-1
399,7,-1,-1
400,0,0,160
400,1,0,160
400,2,-1,-1
400,3,-1,-1
400,4,-1,-1
400,5,-1,-1
400,6,-1,-1
400,7,-1,-1
401,0,0,160
401,1,0,160
401,2,-1,-1
401,3,-1,-1
401,4,-1,-1
401,5,-1,-1
401,6,-1,-1
401,7,-1,-1
402,0,0,160
402,1,0,160
402,2,-1,-1
402,3,-1,-1
402,4,-1,-1
402,5,-1,-1
402,6,-1,-1
402,7,-1,-1
403,0,0,160
403,1,0,160
403,2,-1,-1
403,3,-1,-1
403,4,-1,-1
403,5,-1,-1
403,6,-1,-1
403,7,-1,-1
404,0,0,160
404,1,0,160
404,2,-1,-1
404,3,-1,-1
404,4,-1,-1
404,5,-1,-1
404,6,-1,-1
404,7,-1,-1
405,0,0,160
405,1,0,160
405,2,-1,-1
405,3,-1,-1
405,4,-1,-1
405,5,-1,-1
405,6,-1,-1
405,7,-1,-1
406,0,0,160
406,1,0,160
406,2,-1,-1
406,3,-1,-1
406,4,-1,-1
406,5,-1,-1
406,6,-1,-1
406,7,-1,-1
407,0,0,160
407,1,0,160
407,2,-1,-1
407,3,-1,-1
407,4,-1,-1
407,5,-1,-1
407,6,-1,-1
407,7,-1,-1
408,0,0,160
408,1,0,160
408,2,-1,-1
408,3,-1,-1
408,4,-1,-1
408,5,-1,-1
408,6,-1,-1
408,7,-1,-1
409,0,0,160
409,1,0,160
409,2,-1,-1
409,3,-1,-1
409,4,-1,-1
409,5,-1,-1
409,6,-1,-1
409,7,-1,-1
410,0,0,160
410,1,0,160
410,2,-1,-1
410,3,-1,-1
410,4,-1,-1
410,5,-1,-1
410,6,-1,-1
410,7,-1,-1
411,0,0,160
411,1,0,160
411,2,-1,-1
411,3,-1,-1
411,4,-1,-1
411,5,-1,-1
411,6,-1,-1
411,7,-1,-1
412,0,0,160
412,1,0,160
412,2,-1,-1
412,3,-1,-1
412,4,-1,-1
412,5,-1,-1
412,6,-1,-1
412,7,-1,-1
413,0,0,160
413,1,0,160
413,2,-1,-1
413,3,-1,-1
413,4,-1,-1
413,5,-1,-1
413,6,-1,-1
413,7,-1,-1
414,0,0,160
414,1,0,160
414,2,-1,-1
414,3,-1,-1
414,4,-1,-1
414,5,-1,-1
414,6,-1,-1
414,7,-1,-1
415,0,0,160
415,1,0,160
415,2,-1,-1
415,3,-1,-1
415,4,-1,-1
415,5,-1,-1
415,6,-1,-1
415,7,-1,-1
416,0,0,160
416,1,0,160
416,2,-1,-1
416,3,-1,-1
416,4,-1,-1
416,5,-1,-1
416,6,-1,-1
416,7,-1,-1
417,0,0,160
417,1,0,160
417,2,-1,-1
417,3,-1,-1
417,4,-1,-1
417,5,-1,-1
417,6,-1,-1
417,7,-1,-1
418,0,0,160
418,1,0,160
418,2,-1,-1
418,3,-1,-1
418,4,-1,-1
418,5,-1,-1
418,6,-1,-1
418,7,-1,-1
419,0,0,160
419,1,0,160
419,2,-1,-1
419,3,-1,-1
419,4,-1,-1
419,5,-1,-1
419,6,-1,-1
419,7,-1,-1
420,0,0,160
420,1,0,160
420,2,-1,-1
420,3,-1,-1
420,4,-1,-1
420,5,-1,-1
420,6,-1,-1
420,7,-1,-1
421,0,0,160
421,1,0,160
421,2,-1,-1
421,3,-1,-1
421,4,-1,-1
421,5,-1,-1
421,6,-1,-1
421,7,-1,-1
422,0,0,160
422,1,0,160
422,2,-1,-1
422,3,-1,-1
422,4,-1,-1
422,5,-1,-1
422,6,-1,-1
422,7,-1,-1
423,0,0,160
423,1,0,160
423,2,-1,-1
423,3,-1,-1
423,4,-1,-1
423,5,-1,-1
423,6,-1,-1
423,7,-1,-1
424,0,0,160
424,1,0,160
424,2,-1,-1
424,3,-1,-1
424,4,-1,-1
424,5,-1,-1
424,6,-1,-1
424,7,-1,-1
425,0,0,160
425,1,0,160
425,2,-1,-1
425,3,-1,-1
425,4,-1,-1
425,5,-1,-1
425,6,-1,-1
425,7,-1,-1
426,0,0,160
426,1,0,160
426,2,-1,-1
426,3,-1,-1
426,4,-1,-1
426,5,-1,-1
426,6,-1,-1
426,7,-1,-1
427,0,0,160
427,1,0,160
427,2,-1,-1
427,3,-1,-1
427,4,-1,-1
427,5,-1,-1
427,6,-1,-1
427,7,-1,-1
428,0,0,160
428,1,0,160
428,2,-1,-1
428,3,-1,-1
428,4,-1,-1
428,5,-1,-1
428,6,-1,-1
428,7,-1,-1
429,0,0,160
429,1,0,160
429,2,-1,-1
429,3,-1,-1
429,4,-1,-1
429,5,-1,-1
429,6,-1,-1
429,7,-1,-1
430,0,0,160
430,1,0,160
430,2,-1,-1
430,3,-1,-1
430,4,-1,-1
430,5,-1,-1
430,6,-1,-1
430,7,-1,-1
431,0,0,160
431,1,0,160
431,2,-1,-1
431,3,-1,-1
431,4,-1,-1
431,5,-1,-1
431,6,-1,-1
431,7,-1,-1
432,0,0,160
432,1,0,160
432,2,-1,-1
432,3,-1,-1
432,4,-1,-1
432,5,-1,-1
432,6,-1,-1
432,7,-1,-1
433,0,0,160
433,1,0,160
433,2,-1,-1
433,3,-1,-1
433,4,-1,-1
433,5,-1,-1
433,6,-1,-1
433,7,-1,-1
434,0,0,160
434,1,0,160
434,2,-1,-1
434,3,-1,-1
434,4,-1,-1
434,5,-1,-1
434,6,-1,-1
434,7,-1,-1
435,0,0,160
435,1,0,160
435,2,-1,-1
435,3,-1,-1
435,4,-1,-1
435,5,-1,-1
435,6,-1,-1
435,7,-1,-1
436,0,0,160
436,1,0,160
436,2,-1,-1
436,3,-1,-1
436,4,-1,-1
436,5,-1,-1
436,6,-1,-1
436,7,-1,-1
437,0,0,160
437,1,0,160
437,2,-1,-1
437,3,-1,-1
437,4,-1,-1
437,5,-1,-1
437,6,-1,-1
437,7,-1,-1
438,0,0,160
438,1,0,160
438,2,-1,-1
438,3,-1,-1
438,4,-1,-1
438,5,-1,-1
438,6,-1,-1
438,7,-1,-1
439,0,0,160
439,1,0,160
439,2,-1,-1
439,3,-1,-1
439,4,-1,-1
439,5,-1,-1
439,6,-1,-1
439,7,-1,-1
440,0,0,160
440,1,0,160
440,2,-1,-1
440,3,-1,-1
440,4,-1,-1
440,5,-1,-1
440,6,-1,-1
440,7,-1,-1
441,0,0,160
441,1,0,160
441,2,-1,-1
441,3,-1,-1
441,4,-1,-1
441,5,-1,-1
441,6,-1,-1
441,7,-1,-1
442,0,0,160
442,1,0,160
442,2,-1,-1
442,3,-1,-1
442,4,-1,-1
442,5,-1,-1
442,6,-1,-1
442,7,-1,-1
443,0,0,160
443,1,0,160
443,2,-1,-1
443,3,-1,-1
443,4,-1,-1
443,5,-1,-1
443,6,-1,-1
443,7,-1,-1
444,0,0,160
444,1,0,160
444,2,-1,-1
444,3,-1,-1
444,4,-1,-1
444,5,-1,-1
444,6,-1,-1
444,7,-1,-1
445,0,0,160
445,1,0,160
445,2,-1,-1
445,3,-1,-1
445,4,-1,-1
445,5,-1,-1
445,6,-1,-1
445,7,-1,-1
446,0,0,160
446,1,0,160
446,2,-1,-1
446,3,-1,-1
446,4,-1,-1
446,5,-1,-1
446,6,-1,-1
446,7,-1,-1
447,0,0,160
447,1,0,160
447,2,-1,-1
447,3,-1,-1
447,4,-1,-1
447,5,-1,-1
447,6,-1,-1
447,7,-1,-1
448,0,0,160
448,1,0,160
448,2,-1,-1
448,3,-1,-1
448,4,-1,-1
448,5,-1,-1
448,6,-1,-1
448,7,-1,-1
449,0,0,160
449,1,0,160
449,2,-1,-1
449,3,-1,-1
449,4,-1,-1
449,5,-1,-1
449,6,-1,-1
449,7,-1,-1
450,0,0,160
450,1,0,160
450,2,-1,-1
450,3,-1,-1
450,4,-1,-1
450,5,-1,-1
450,6,-1,-1
450,7,-1,-1
451,0,0,160
451,1,0,160
451,2,-1,-1
451,3,-1,-1
451,4,-1,-1
451,5,-1,-1
451,6,-1,-1
451,7,-1,-1
452,0,0,160
452,1,0,160
452,2,-1,-1
452,3,-1,-1
452,4,-1,-1
452,5,-1,-1
452,6,-1,-1
452,7,-1,-1
453,0,0,160
453,1,0,160
453,2,-1,-1
453,3,-1,-1
453,4,-1,-1
453,5,-1,-1
453,6,-1,-1
453,7,-1,-1
454,0,0,160
454,1,0,160
454,2,-1,-1
454,3,-1,-1
454,4,-1,-1
454,5,-1,-1
454,6,-1,-1
454,7,-1,-1
455,0,0,160
455,1,0,160
455,2,-1,-1
455,3,-1,-1
455,4,-1,-1
455,5,-1,-1
455,6,-1,-1
455,7,-1,-1
456,0,0,160
456,1,0,160
456,2,-1,-1
456,3,-1,-1
456,4,-1,-1
456,5,-1,-1
456,6,-1,-1
456,7,-1,-1
457,0,0,160
457,1,0,160
457,2,-1,-1
457,3,-1,-1
457,4,-1,-1
457,5,-1,-1
457,6,-1,-1
457,7,-1,-1
458,0,0,160
458,1,0,160
458,2,-1,-1
458,3,-1,-1
458,4,-1,-1
458,5,-1,-1
458,6,-1,-1
458,7,-1,-1
459,0,0,160
459,1,0,160
459,2,-1,-1
459,3,-1,-1
459,4,-1,-1
459,5,-1,-1
459,6,-1,-1
459,7,-1,-1
460,0,0,160
460,1,0,160
460,2,-1,-1
460,3,-1,-1
460,4,-1,-1
460,5,-1,-1
460,6,-1,-1
460,7,-1,-1
461,0,0,160
461,1,0,160
461,2,-1,-1
461,3,-1,-1
461,4,-1,-1
461,5,-1,-1
461,6,-1,-1
461,7,-1,-1
462,0,0,160
462,1,0,160
462,2,-1,-1
462,3,-1,-1
462,4,-1,-1
462,5,-1,-1
462,6,-1,-1
462,7,-1,-1
463,0,0,160
463,1,0,160
463,2,-1,-1
463,3,-1,-1
463,4,-1,-1
463,5,-1,-1
463,6,-1,-1
463,7,-1,-1
464,0,0,160
464,1,0,160
464,2,-1,-1
464,3,-1,-1
464,4,-1,-1
464,5,-1,-1
464,6,-1,-1
464,7,-1,-1
465,0,0,160
465,1,0,160
465,2,-1,-1
465,3,-1,-1
465,4,-1,-1
465,5,-1,-1
465,6,-1,-1
465,7,-1,-1
466,0,0,160
466,1,0,160
466,2,-1,-1
466,3,-1,-1
466,4,-1,-1
466,5,-1,-1
466,6,-1,-1
466,7,-1,-1
467,0,0,160
467,1,0,160
467,2,-1,-1
467,3,-1,-1
467,4,-1,-1
467,5,-1,-1
467,6,-1,-1
467,7,-1,-1
468,0,0,160
468,1,0,160
468,2,-1,-1
468,3,-1,-1
468,4,-1,-1
468,5,-1,-1
468,6,-1,-1
468,7,-1,-1
469,0,0,160
469,1,0,160
469,2,-1,-1
469,3,-1,-1
469,4,-1,-1
469,5,-1,-1
469,6,-1,-1
469,7,-1,-1
470,0,0,160
470,1,0,160
470,2,-1,-1
470,3,-1,-1
470,4,-1,-1
470,5,-1,-1
470,6,-1,-1
470,7,-1,-1
471,0,0,160
471,1,0,160
471,2,-1,-1
471,3,-1,-1
471,4,-1,-1
471,5,-1,-1
471,6,-1,-1
471,7,-1,-1
472,0,0,160
472,1,0,160
472,2,-1,-1
472,3,-1,-1
472,4,-1,-1
472,5,-1,-1
472,6,-1,-1
472,7,-1,-1
473,0,0,160
473,1,0,160
473,2,-1,-1
473,3,-1,-1
473,4,-1,-1
473,5,-1,-1
473,6,-1,-1
473,7,-1,-1
474,0,0,160
474,1,0,160
474,2,-1,-1
474,3,-1,-1
474,4,-1,-1
474,5,-1,-1
474,6,-1,-1
474,7,-1,-1
475,0,0,160
475,1,0,160
475,2,-1,-1
475,3,-1,-1
475,4,-1,-1
475,5,-1,-1
475,6,-1,-1
475,7,-1,-1
476,0,0,160
476,1,0,160
476,2,-1,-1
476,3,-1,-1
476,4,-1,-1
476,5,-1,-1
476,6,-1,-1
476,7,-1,-1
477,0,0,160
477,1,0,160
477,2,-1,-1
477,3,-1,-1
477,4,-1,-1
477,5,-1,-1
477,6,-1,-1
477,7,-1,-1
478,0,0,160
478,1,0,160
478,2,-1,-1
478,3,-1,-1
478,4,-1,-1
478,5,-1,-1
478,6,-1,-1
478,7,-1,-1
479,0,0,160
479,1,0,160
479,2,-1,-1
479,3,-1,-1
479,4,-1,-1
479,5,-1,-1
479,6,-1,-1
479,7,-1,-1
480,0,0,160
480,1,0,160
480,2,-1,-1
480,3,-1,-1
480,4,-1,-1
480,5,-1,-1
480,6,-1,-1
480,7,-1,-1
481,0,0,160
481,1,0,160
481,2,-1,-1
481,3,-1,-1
481,4,-1,-1
481,5,-1,-1
481,6,-1,-1
481,7,-1,-1
482,0,0,160
482,1,0,160
482,2,-1,-1
482,3,-1,-1
482,4,-1,-1
482,5,-1,-1
482,6,-1,-1
482,7,-1,-1
483,0,0,160
483,1,0,160
483,2,-1,-1
483,3,-1,-1
483,4,-1,-1
483,5,-1,-1
483,6,-1,-1
483,7,-1,-1
484,0,0,160
484,1,0,160
484,2,-1,-1
484,3,-1,-1
484,4,-1,-1
484,5,-1,-1
484,6,-1,-1
484,7,-1,-1
485,0,0,160
485,1,0,160
485,2,-1,-1
485,3,-1,-1
485,4,-1,-1
485,5,-1,-1
485,6,-1,-1
485,7,-1,-1
486,0,0,160
486,1,0,160
486,2,-1,-1
486,3,-1,-1
486,4,-1,-1
486,5,-1,-1
486,6,-1,-1
486,7,-1,-1
487,0,0,160
487,1,0,160
487,2,-1,-1
487,3,-1,-1
487,4,-1,-1
487,5,-1,-1
487,6,-1,-1
487,7,-1,-1
488,0,0,160
488,1,0,160
488,2,-1,-1
488,3,-1,-1
488,4,-1,-1
488,5,-1,-1
488,6,-1,-1
488,7,-1,-1
489,0,0,160
489,1,0,160
489,2,-1,-1
489,3,-1,-1
489,4,-1,-1
489,5,-1,-1
489,6,-1,-1
489,7,-1,-1
490,0,0,160
490,1,0,160
490,2,-1,-1
490,3,-1,-1
490,4,-1,-1
490,5,-1,-1
490,6,-1,-1
490,7,-1,-1
491,0,0,160
491,1,0,160
491,2,-1,-1
491,3,-1,-1
491,4,-1,-1
491,5,-1,-1
491,6,-1,-1
491,7,-1,-1
492,0,0,160
492,1,0,160
492,2,-1,-1
492,3,-1,-1
492,4,-1,-1
492,5,-1,-1
492,6,-1,-1
492,7,-1,-1
493,0,0,160
493,1,0,160
493,2,-1,-1
493,3,-1,-1
493,4,-1,-1
493,5,-1,-1
493,6,-1,-1
493,7,-1,-1
494,0,0,160
494,1,0,160
494,2,-1,-1
494,3,-1,-1
494,4,-1,-1
494,5,-1,-1
494,6,-1,-1
494,7,-1,-1
495,0,0,160
495,1,0,160
495,2,-1,-1
495,3,-1,-1
495,4,-1,-1
495,5,-1,-1
495,6,-1,-1
495,7,-1,-1
496,0,0,160
496,1,0,160
496,2,-1,-1
496,3,-1,-1
496,4,-1,-1
496,5,-1,-1
496,6,-1,-1
496,7,-1,-1
497,0,0,160
497,1,0,160
497,2,-1,-1
497,3,-1,-1
497,4,-1,-1
497,5,-1,-1
497,6,-1,-1
497,7,-1,-1
498,0,0,160
498,1,0,160
498,2,-1,-1
498,3,-1,-1
498,4,-1,-1
498,5,-1,-1
498,6,-1,-1
498,7,-1,-1
499,0,0,160
499,1,0,160
499,2,-1,-1
499,3,-1,-1
499,4,-1,-1
499,5,-1,-1
499,6,-1,-1
499,7,-1,-1
500,0,0,160
500,1,0,160
500,2,-1,-1
500,3,-1,-1
500,4,-1,-1
500,5,-1,-1
500,6,-1,-1
500,7,-1,-1
501,0,0,160
501,1,0,160
501,2,-1,-1
501,3,-1,-1
501,4,-1,-1
501,5,-1,-1
501,6,-1,-1
501,7,-1,-1
502,0,0,160
502,1,0,160
502,2,-1,-1
502,3,-1,-1
502,4,-1,-1
502,5,-1,-1
502,6,-1,-1
502,7,-1,-1
503,0,0,160
503,1,0,160
503,2,-1,-1
503,3,-1,-1
503,4,-1,-1
503,5,-1,-1
503,6,-1,-1
503,7,-1,-1
504,0,0,160
504,1,0,160
504,2,-1,-1
504,3,-1,-1
504,4,-1,-1
504,5,-1,-1
504,6,-1,-1
504,7,-1,-1
505,0,0,160
505,1,0,160
505,2,-1,-1
505,3,-1,-1
505,4,-1,-1
505,5,-1,-1
505,6,-1,-1
505,7,-1,-1
506,0,0,160
506,1,0,160
506,2,-1,-1
506,3,-1,-1
506,4,-1,-1
506,5,-1,-1
506,6,-1,-1
506,7,-1,-1
507,0,0,160
507,1,0,160
507,2,-1,-1
507,3,-1,-1
507,4,-1,-1
507,5,-1,-1
507,6,-1,-1
507,7,-1,-1
508,0,0,160
508,1,0,160
508,2,-1,-1
508,3,-1,-1
508,4,-1,-1
508,5,-1,-1
508,6,-1,-1
508,7,-1,-1
509,0,0,160
509,1,0,160
509,2,-1,-1
509,3,-1,-1
509,4,-1,-1
509,5,-1,-1
509,6,-1,-1
509,7,-1,-1
510,0,0,160
510,1,0,160
510,2,-1,-1
510,3,-1,-1
510,4,-1,-1
510,5,-1,-1
510,6,-1,-1
510,7,-1,-1
511,0,0,160
511,1,0,160
511,2,-1,-1
511,3,-1,-1
511,4,-1,-1
511,5,-1,-1
511,6,-1,-1
511,7,-1,-1
512,0,0,160
512,1,0,160
512,2,-1,-1
512,3,-1,-1
512,4,-1,-1
512,5,-1,-1
512,6,-1,-1
512,7,-1,-1
513,0,0,160
513,1,0,160
513,2,-1,-1
513,3,-1,-1
513,4,-1,-1
513,5,-1,-1
513,6,-1,-1
513,7,-1,-1
514,0,0,160
514,1,0,160
514,2,-1,-1
514,3,-1,-1
514,4,-1,-1
514,5,-1,-1
514,6,-1,-1
514,7,-1,-1
515,0,0,160
515,1,0,160
515,2,-1,-1
515,3,-1,-1
515,4,-1,-1
515,5,-1,-1
515,6,-1,-1
515,7,-1,-1
516,0,0,160
516,1,0,160
516,2,-1,-1
516,3,-1,-1
516,4,-1,-1
516,5,-1,-1
516,6,-1,-1
516,7,-1,-1
517,0,0,160
517,1,0,160
517,2,-1,-1
517,3,-1,-1
517,4,-1,-1
517,5,-1,-1
517,6,-1,-1
517,7,-1,-1
518,0,0,160
518,1,0,160
518,2,-1,-1
518,3,-1,-1
518,4,-1,-1
518,5,-1,-1
518,6,-1,-1
518,7,-1,-1
519,0,0,160
519,1,0,160
519,2,-1,-1
519,3,-1,-1
519,4,-1,-1
519,5,-1,-1
519,6,-1,-1
519,7,-1,-1
520,0,0,160
520,1,0,160
520,2,-1,-1
520,3,-1,-1
520,4,-1,-1
520,5,-1,-1
520,6,-1,-1
520,7,-1,-1
521,0,0,160
521,1,0,160
521,2,-1,-1
521,3,-1,-1
521,4,-1,-1
521,5,-1,-1
521,6,-1,-1
521,7,-1,-1
522,0,0,160
522,1,0,160
522,2,-1,-1
522,3,-1,-1
522,4,-1,-1
522,5,-1,-1
522,6,-1,-1
522,7,-1,-1
523,0,0,160
523,1,0,160
523,2,-1,-1
523,3,-1,-1
523,4,-1,-1
523,5,-1,-1
523,6,-1,-1
523,7,-1,-1
524,0,0,160
524,1,0,160
524,2,-1,-1
524,3,-1,-1
524,4,-1,-1
524,5,-1,-1
524,6,-1,-1
524,7,-1,-1
525,0,0,160
525,1,0,160
525,2,-1,-1
525,3,-1,-1
525,4,-1,-1
525,5,-1,-1
525,6,-1,-1
525,7,-1,-1
526,0,0,160
526,1,0,160
526,2,-1,-1
526,3,-1,-1
526,4,-1,-1
526,5,-1,-1
526,6,-1,-1
526,7,-1,-1
527,0,0,160
527,1,0,160
527,2,-1,-1
527,3,-1,-1
527,4,-1,-1
527,5,-1,-1
527,6,-1,-1
527,7,-1,-1
528,0,0,160
528,1,0,160
528,2,-1,-1
528,3,-1,-1
528,4,-1,-1
528,5,-1,-1
528,6,-1,-1
528,7,-1,-1
529,0,0,160
529,1,0,160
529,2,-1,-1
529,3,-1,-1
529,4,-1,-1
529,5,-1,-1
529,6,-1,-1
529,7,-1,-1
530,0,0,160
530,1,0,160
530,2,-1,-1
530,3,-1,-1
530,4,-1,-1
530,5,-1,-1
530,6,-1,-1
530,7,-1,-1
531,0,0,160
531,1,0,160
531,2,-1,-1
531,3,-1,-1
531,4,-1,-1
531,5,-1,-1
531,6,-1,-1
531,7,-1,-1
532,0,0,160
532,1,0,160
532,2,-1,-1
532,3,-1,-1
532,4,-1,-1
532,5,-1,-1
532,6,-1,-1
532,7,-1,-1
533,0,0,160
533,1,0,160
533,2,-1,-1
533,3,-1,-1
533,4,-1,-1
533,5,-1,-1
533,6,-1,-1
533,7,-1,-1
534,0,0,160
534,1,0,160
534,2,-1,-1
534,3,-1,-1
534,4,-1,-1
534,5,-1,-1
534,6,-1,-1
534,7,-1,-1
535,0,0,160
535,1,0,160
535,2,-1,-1
535,3,-1,-1
535,4,-1,-1
535,5,-1,-1
535,6,-1,-1
535,7,-1,-1
536,0,0,160
536,1,0,160
536,2,-1,-1
536,3,-1,-1
536,4,-1,-1
536,5,-1,-1
536,6,-1,-1
536,7,-1,-1
537,0,0,160
537,1,0,160
537,2,-1,-1
537,3,-1,-1
537,4,-1,-1
537,5,-1,-1
537,6,-1,-1
537,7,-1,-1
538,0,0,160
538,1,0,160
538,2,-1,-1
538,3,-1,-1
538,4,-1,-1
538,5,-1,-1
538,6,-1,-1
538,7,-1,-1
539,0,0,160
539,1,0,160
539,2,-1,-1
539,3,-1,-1
539,4,-1,-1
539,5,-1,-1
539,6,-1,-1
539,7,-1,-1
540,0,0,160
540,1,0,160
540,2,-1,-1
540,3,-1,-1
540,4,-1,-1
540,5,-1,-1
540,6,-1,-1
540,7,-1,-1
541,0,0,160
541,1,0,160
541,2,-1,-1
541,3,-1,-1
541,4,-1,-1
541,5,-1,-1
541,6,-1,-1
541,7,-1,-1
542,0,0,160
542,1,0,160
542,2,-1,-1
542,3,-1,-1
542,4,-1,-1
542,5,-1,-1
542,6,-1,-1
542,7,-1,-1
543,0,0,160
543,1,0,160
543,2,-1,-1
543,3,-1,-1
543,4,-1,-1
543,5,-1,-1
543,6,-1,-1
543,7,-1,-1
544,0,0,160
544,1,0,160
544,2,-1,-1
544,3,-1,-1
544,4,-1,-1
544,5,-1,-1
544,6,-1,-1
544,7,-1,-1
545,0,0,160
545,1,0,160
545,2,-1,-1
545,3,-1,-1
545,4,-1,-1
545,5,-1,-1
545,6,-1,-1
545,7,-1,-1
546,0,0,160
546,1,0,160
546,2,-1,-1
546,3,-1,-1
546,4,-1,-1
546,5,-1,-1
546,6,-1,-1
546,7,-1,-1
547,0,0,160
547,1,0,160
547,2,-1,-1
547,3,-1,-1
547,4,-1,-1
547,5,-1,-1
547,6,-1,-1
547,7,-1,-1
548,0,0,160
548,1,0,160
548,2,-1,-1
548,3,-1,-1
548,4,-1,-1
548,5,-1,-1
548,6,-1,-1
548,7,-1,-1
549,0,0,160
549,1,0,160
549,2,-1,-1
549,3,-1,-1
549,4,-1,-1
549,5,-1,-1
549,6,-1,-1
549,7,-1,-1
550,0,0,160
550,1,0,160
550,2,-1,-1
550,3,-1,-1
550,4,-1,-1
550,5,-1,-1
550,6,-1,-1
550,7,-1,-1
551,0,0,160
551,1,0,160
551,2,-1,-1
551,3,-1,-1
551,4,-1,-1
551,5,-1,-1
551,6,-1,-1
551,7,-1,-1
552,0,0,160
552,1,0,160
552,2,-1,-1
552,3,-1,-1
552,4,-1,-1
552,5,-1,-1
552,6,-1,-1
552,7,-1,-1
553,0,0,160
553,1,0,160
553,2,-1,-1
553,3,-1,-1
553,4,-1,-1
553,5,-1,-1
553,6,-1,-1
553,7,-1,-1
554,0,0,160
554,1,0,160
554,2,-1,-1
554,3,-1,-1
554,4,-1,-1
554,5,-1,-1
554,6,-1,-1
554,7,-1,-1
555,0,0,160
555,1,0,160
555,2,-1,-1
555,3,-1,-1
555,4,-1,-1
555,5,-1,-1
555,6,-1,-1
555,7,-1,-1
556,0,0,160
556,1,0,160
556,2,-1,-1
556,3,-1,-1
556,4,-1,-1
556,5,-1,-1
556,6,-1,-1
556,7,-1,-1
557,0,0,160
557,1,0,160
557,2,-1,-1
557,3,-1,-1
557,4,-1,-1
557,5,-1,-1
557,6,-1,-1
557,7,-1,-1
558,0,0,160
558,1,0,160
558,2,-1,-1
558,3,-1,-1
558,4,-1,-1
558,5,-1,-1
558,6,-1,-1
558,7,-1,-1
559,0,0,160
559,1,0,160
559,2,-1,-1
559,3,-1,-1
559,4,-1,-1
559,5,-1,-1
559,6,-1,-1
559,7,-1,-1
560,0,0,160
560,1,0,160
560,2,-1,-1
560,3,-1,-1
560,4,-1,-1
560,5,-1,-1
560,6,-1,-1
560,7,-1,-1
561,0,0,160
561,1,0,160
561,2,-1,-1
561,3,-1,-1
561,4,-1,-1
561,5,-1,-1
561,6,-1,-1
561,7,-1,-1
562,0,0,160
562,1,0,160
562,2,-1,-1
562,3,-1,-1
562,4,-1,-1
562,5,-1,-1
562,6,-1,-1
562,7,-1,-1
563,0,0,160
563,1,0,160
563,2,-1,-1
563,3,-1,-1
563,4,-1,-1
563,5,-1,-1
563,6,-1,-1
563,7,-1,-1
564,0,0,160
564,1,0,160
564,2,-1,-1
564,3,-1,-1
564,4,-1,-1
564,5,-1,-1
564,6,-1,-1
564,7,-1,-1
565,0,0,160
565,1,0,160
565,2,-1,-1
565,3,-1,-1
565,4,-1,-1
565,5,-1,-1
565,6,-1,-1
565,7,-1,-1
566,0,0,160
566,1,0,160
566,2,-1,-1
566,3,-1,-1
566,4,-1,-1
566,5,-1,-1
566,6,-1,-1
566,7,-1,-1
567,0,0,160
567,1,0,160
567,2,-1,-1
567,3,-1,-1
567,4,-1,-1
567,5,-1,-1
567,6,-1,-1
567,7,-1,-1
568,0,0,160
568,1,0,160
568,2,-1,-1
568,3,-1,-1
568,4,-1,-1
568,5,-1,-1
568,6,-1,-1
568,7,-1,-1
569,0,0,160
569,1,0,160
569,2,-1,-1
569,3,-1,-1
569,4,-1,-1
569,5,-1,-1
569,6,-1,-1
569,7,-1,-1
570,0,0,160
570,1,0,160
570,2,-1,-1
570,3,-1,-1
570,4,-1,-1
570,5,-1,-1
570,6,-1,-1
570,7,-1,-1
571,0,0,160
571,1,0,160
571,2,-1,-1
571,3,-1,-1
571,4,-1,-1
571,5,-1,-1
571,6,-1,-1
571,7,-1,-1
572,0,0,160
572,1,0,160
572,2,-1,-1
572,3,-1,-1
572,4,-1,-1
572,5,-1,-1
572,6,-1,-1
572,7,-1,-1
573,0,0,160
573,1,0,160
573,2,-1,-1
573,3,-1,-1
573,4,-1,-1
573,5,-1,-1
573,6,-1,-1
573,7,-1,-1
574,0,0,160
574,1,0,160
574,2,-1,-1
574,3,-1,-1
574,4,-1,-1
574,5,-1,-1
574,6,-1,-1
574,7,-1,-1
575,0,0,160
575,1,0,160
575,2,-1,-1
575,3,-1,-1
575,4,-1,-1
575,5,-1,-1
575,6,-1,-1
575,7,-1,-1
576,0,0,160
576,1,0,160
576,2,-1,-1
576,3,-1,-1
576,4,-1,-1
576,5,-1,-1
576,6,-1,-1
576,7,-1,-1
577,0,0,160
577,1,0,160
577,2,-1,-1
577,3,-1,-1
577,4,-1,-1
577,5,-1,-1
577,6,-1,-1
577,7,-1,-1
578,0,0,160
578,1,0,160
578,2,-1,-1
578,3,-1,-1
578,4,-1,-1
578,5,-1,-1
578,6,-1,-1
578,7,-1,-1
579,0,0,160
579,1,0,160
579,2,-1,-1
579,3,-1,-1
579,4,-1,-1
579,5,-1,-1
579,6,-1,-1
579,7,-1,-1
580,0,0,160
580,1,0,160
580,2,-1,-1
580,3,-1,-1
580,4,-1,-1
580,5,-1,-1
580,6,-1,-1
580,7,-1,-1
581,0,0,160
581,1,0,160
581,2,-1,-1
581,3,-1,-1
581,4,-1,-1
581,5,-1,-1
581,6,-1,-1
581,7,-1,-1
582,0,0,160
582,1,0,160
582,2,-1,-1
582,3,-1,-1
582,4,-1,-1
582,5,-1,-1
582,6,-1,-1
582,7,-1,-1
583,0,0,160
583,1,0,160
583,2,-1,-1
583,3,-1,-1
583,4,-1,-1
583,5,-1,-1
583,6,-1,-1
583,7,-1,-1
584,0,0,160
584,1,0,160
584,2,-1,-1
584,3,-1,-1
584,4,-1,-1
584,5,-1,-1
584,6,-1,-1
584,7,-1,-1
585,0,0,160
585,1,0,160
585,2,-1,-1
585,3,-1,-1
585,4,-1,-1
585,5,-1,-1
585,6,-1,-1
585,7,-1,-1
586,0,0,160
586,1,0,160
586,2,-1,-1
586,3,-1,-1
586,4,-1,-1
586,5,-1,-1
586,6,-1,-1
586,7,-1,-1
587,0,0,160
587,1,0,160
587,2,-1,-1
587,3,-1,-1
587,4,-1,-1
587,5,-1,-1
587,6,-1,-1
587,7,-1,-1
588,0,0,160
588,1,0,160
588,2,-1,-1
588,3,-1,-1
588,4,-1,-1
588,5,-1,-1
588,6,-1,-1
588,7,-1,-1
589,0,0,160
589,1,0,160
589,2,-1,-1
589,3,-1,-1
589,4,-1,-1
589,5,-1,-1
589,6,-1,-1
589,7,-1,-1
590,0,0,160
590,1,0,160
590,2,-1,-1
590,3,-1,-1
590,4,-1,-1
590,5,-1,-1
590,6,-1,-1
590,7,-1,-1
591,0,0,160
591,1,0,160
591,2,-1,-1
591,3,-1,-1
591,4,-1,-1
591,5,-1,-1
591,6,-1,-1
591,7,-1,-1
592,0,0,160
592,1,0,160
592,2,-1,-1
592,3,-1,-1
592,4,-1,-1
592,5,-1,-1
592,6,-1,-1
592,7,-1,-1
593,0,0,160
593,1,0,160
593,2,-1,-1
593,3,-1,-1
593,4,-1,-1
593,5,-1,-1
593,6,-1,-1
593,7,-1,-1
594,0,0,160
594,1,0,160
594,2,-1,-1
594,3,-1,-1
594,4,-1,-1
594,5,-1,-1
594,6,-1,-1
594,7,-1,-1
595,0,0,160
595,1,0,160
595,2,-1,-1
595,3,-1,-1
595,4,-1,-1
595,5,-1,-1
595,6,-1,-1
595,7,-1,-1
596,0,0,160
596,1,0,160
596,2,-1,-1
596,3,-1,-1
596,4,-1,-1
596,5,-1,-1
596,6,-1,-1
596,7,-1,-1
597,0,0,160
597,1,0,160
597,2,-1,-1
597,3,-1,-1
597,4,-1,-1
597,5,-1,-1
597,6,-1,-1
597,7,-1,-1
598,0,0,160
598,1,0,160
598,2,-1,-1
598,3,-1,-1
598,4,-1,-1
598,5,-1,-1
598,6,-1,-1
598,7,-1,-1
599,0,0,160
599,1,0,160
599,2,-1,-1
599,3,-1,-1
599,4,-1,-1
599,5,-1,-1
599,6,-1,-1
599,7,-1,-1
600,0,0,160
600,1,0,160
600,2,-1,-1
600,3,-1,-1
600,4,-1,-1
600,5,-1,-1
600,6,-1,-1
600,7,-1,-1
601,0,0,160
601,1,0,160
601,2,-1,-1
601,3,-1,-1
601,4,-1,-1
601,5,-1,-1
601,6,-1,-1
601,7,-1,-1
602,0,0,160
602,1,0,160
602,2,-1,-1
602,3,-1,-1
602,4,-1,-1
602,5,-1,-1
602,6,-1,-1
602,7,-1,-1
603,0,0,160
603,1,0,160
603,2,-1,-1
603,3,-1,-1
603,4,-1,-1
603,5,-1,-1
603,6,-1,-1
603,7,-1,-1
604,0,0,160
604,1,0,160
604,2,-1,-1
604,3,-1,-1
604,4,-1,-1
604,5,-1,-1
604,6,-1,-1
604,7,-1,-1
605,0,0,160
605,1,0,160
605,2,-1,-1
605,3,-1,-1
605,4,-1,-1
605,5,-1,-1
605,6,-1,-1
605,7,-1,-1
606,0,0,160
606,1,0,160
606,2,-1,-1
606,3,-1,-1
606,4,-1,-1
606,5,-1,-1
606,6,-1,-1
606,7,-1,-1
607,0,0,160
607,1,0,160
607,2,-1,-1
607,3,-1,-1
607,4,-1,-1
607,5,-1,-1
607,6,-1,-1
607,7,-1,-1
608,0,0,160
608,1,0,160
608,2,-1,-1
608,3,-1,-1
608,4,-1,-1
608,5,-1,-1
608,6,-1,-1
608,7,-1,-1
609,0,0,160
609,1,0,160
609,2,-1,-1
609,3,-1,-1
609,4,-1,-1
609,5,-1,-1
609,6,-1,-1
609,7,-1,-1
610,0,0,160
610,1,0,160
610,2,-1,-1
610,3,-1,-1
610,4,-1,-1
610,5,-1,-1
610,6,-1,-1
610,7,-1,-1
611,0,0,160
611,1,0,160
611,2,-1,-1
611,3,-1,-1
611,4,-1,-1
611,5,-1,-1
611,6,-1,-1
611,7,-1,-1
612,0,0,160
612,1,0,160
612,2,-1,-1
612,3,-1,-1
612,4,-1,-1
612,5,-1,-1
612,6,-1,-1
612,7,-1,-1
613,0,0,160
613,1,0,160
613,2,-1,-1
613,3,-1,-1
613,4,-1,-1
613,5,-1,-1
613,6,-1,-1
613,7,-1,-1
614,0,0,160
614,1,0,160
614,2,-1,-1
614,3,-1,-1
614,4,-1,-1
614,5,-1,-1
614,6,-1,-1
614,7,-1,-1
615,0,0,160
615,1,0,160
615,2,-1,-1
615,3,-1,-1
615,4,-1,-1
615,5,-1,-1
615,6,-1,-1
615,7,-1,-1
616,0,0,160
616,1,0,160
616,2,-1,-1
616,3,-1,-1
616,4,-1,-1
616,5,-1,-1
616,6,-1,-1
616,7,-1,-1
617,0,0,160
617,1,0,160
617,2,-1,-1
617,3,-1,-1
617,4,-1,-1
617,5,-1,-1
617,6,-1,-1
617,7,-1,-1
618,0,0,160
618,1,0,160
618,2,-1,-1
618,3,-1,-1
618,4,-1,-1
618,5,-1,-1
618,6,-1,-1
618,7,-1,-1
619,0,0,160
619,1,0,160
619,2,-1,-1
619,3,-1,-1
619,4,-1,-1
619,5,-1,-1
619,6,-1,-1
619,7,-1,-1
620,0,0,160
620,1,0,160
620,2,-1,-1
620,3,-1,-1
620,4,-1,-1
620,5,-1,-1
620,6,-1,-1
620,7,-1,-1
621,0,0,160
621,1,0,160
621,2,-1,-1
621,3,-1,-1
621,4,-1,-1
621,5,-1,-1
621,6,-1,-1
621,7,-1,-1
622,0,0,160
622,1,0,160
622,2,-1,-1
622,3,-1,-1
622,4,-1,-1
622,5,-1,-1
622,6,-1,-1
622,7,-1,-1
623,0,0,160
623,1,0,160
623,2,-1,-1
623,3,-1,-1
623,4,-1,-1
623,5,-1,-1
623,6,-1,-1
623,7,-1,-1
624,0,0,160
624,1,0,160
624,2,-1,-1
624,3,-1,-1
624,4,-1,-1
624,5,-1,-1
624,6,-1,-1
624,7,-1,-1
625,0,0,160
625,1,0,160
625,2,-1,-1
625,3,-1,-1
625,4,-1,-1
625,5,-1,-1
625,6,-1,-1
625,7,-1,-1
626,0,0,160
626,1,0,160
626,2,-1,-1
626,3,-1,-1
626,4,-1,-1
626,5,-1,-1
626,6,-1,-1
626,7,-1,-1
627,0,0,160
627,1,0,160
627,2,-1,-1
627,3,-1,-1
627,4,-1,-1
627,5,-1,-1
627,6,-1,-1
627,7,-1,-1
628,0,0,160
628,1,0,160
628,2,-1,-1
628,3,-1,-1
628,4,-1,-1
628,5,-1,-1
628,6,-1,-1
628,7,-1,-1
629,0,0,160
629,1,0,160
629,2,-1,-1
629,3,-1,-1
629,4,-1,-1
629,5,-1,-1
629,6,-1,-1
629,7,-1,-1
630,0,0,160
630,1,0,160
630,2,-1,-1
630,3,-1,-1
630,4,-1,-1
630,5,-1,-1
630,6,-1,-1
630,7,-1,-1
631,0,0,160
631,1,0,160
631,2,-1,-1
631,3,-1,-1
631,4,-1,-1
631,5,-1,-1
631,6,-1,-1
631,7,-1,-1
632,0,0,160
632,1,0,160
632,2,-1,-1
632,3,-1,-1
632,4,-1,-1
632,5,-1,-1
632,6,-1,-1
632,7,-1,-1
633,0,0,160
633,1,0,160
633,2,-1,-1
633,3,-1,-1
633,4,-1,-1
633,5,-1,-1
633,6,-1,-1
633,7,-1,-1
634,0,0,160
634,1,0,160
634,2,-1,-1
634,3,-1,-1
634,4,-1,-1
634,5,-1,-1
634,6,-1,-1
634,7,-1,-1
635,0,0,160
635,1,0,160
635,2,-1,-1
635,3,-1,-1
635,4,-1,-1
635,5,-1,-1
635,6,-1,-1
635,7,-1,-1
636,0,0,160
636,1,0,160
636,2,-1,-1
636,3,-1,-1
636,4,-1,-1
636,5,-1,-1
636,6,-1,-1
636,7,-1,-1
637,0,0,160
637,1,0,160
637,2,-1,-1
637,3,-1,-1
637,4,-1,-1
637,5,-1,-1
637,6,-1,-1
637,7,-1,-1
638,0,0,160
638,1,0,160
638,2,-1,-1
638,3,-1,-1
638,4,-1,-1
638,5,-1,-1
638,6,-1,-1
638,7,-1,-1
639,0,0,160
639,1,0,160
639,2,-1,-1
639,3,-1,-1
639,4,-1,-1
639,5,-1,-1
639,6,-1,-1
639,7,-1,-1
640,0,0,160
640,1,0,160
640,2,-1,-1
640,3,-1,-1
640,4,-1,-1
640,5,-1,-1
640,6,-1,-1
640,7,-1,-1
641,0,0,160
641,1,0,160
641,2,-1,-1
641,3,-1,-1
641,4,-1,-1
641,5,-1,-1
641,6,-1,-1
641,7,-1,-1
642,0,0,160
642,1,0,160
642,2,-1,-1
642,3,-1,-1
642,4,-1,-1
642,5,-1,-1
642,6,-1,-1
642,7,-1,-1
643,0,0,160
643,1,0,160
643,2,-1,-1
643,3,-1,-1
643,4,-1,-1
643,5,-1,-1
643,6,-1,-1
643,7,-1,-1
644,0,0,160
644,1,0,160
644,2,-1,-1
644,3,-1,-1
644,4,-1,-1
644,5,-1,-1
644,6,-1,-1
644,7,-1,-1
645,0,0,160
645,1,0,160
645,2,-1,-1
645,3,-1,-1
645,4,-1,-1
645,5,-1,-1
645,6,-1,-1
645,7,-1,-1
646,0,0,160
646,1,0,160
646,2,-1,-1
646,3,-1,-1
646,4,-1,-1
646,5,-1,-1
646,6,-1,-1
646,7,-1,-1
647,0,0,160
647,1,0,160
647,2,-1,-1
647,3,-1,-1
647,4,-1,-1
647,5,-1,-1
647,6,-1,-1
647,7,-1,-1
648,0,0,160
648,1,0,160
648,2,-1,-1
648,3,-1,-1
648,4,-1,-1
648,5,-1,-1
648,6,-1,-1
648,7,-1,-1
649,0,0,160
649,1,0,160
649,2,-1,-1
649,3,-1,-1
649,4,-1,-1
649,5,-1,-1
649,6,-1,-1
649,7,-1,-1
650,0,0,160
650,1,0,160
650,2,-1,-1
650,3,-1,-1
650,4,-1,-1
650,5,-1,-1
650,6,-1,-1
650,7,-1,-1
651,0,0,160
651,1,0,160
651,2,-1,-1
651,3,-1,-1
651,4,-1,-1
651,5,-1,-1
651,6,-1,-1
651,7,-1,-1
652,0,0,160
652,1,0,160
652,2,-1,-1
652,3,-1,-1
652,4,-1,-1
652,5,-1,-1
652,6,-1,-1
652,7,-1,-1
653,0,0,160
653,1,0,160
653,2,-1,-1
653,3,-1,-1
653,4,-1,-1
653,5,-1,-1
653,6,-1,-1
653,7,-1,-1
654,0,0,160
654,1,0,160
654,2,-1,-1
654,3,-1,-1
654,4,-1,-1
654,5,-1,-1
654,6,-1,-1
654,7,-1,-1
655,0,0,160
655,1,0,160
655,2,-1,-1
655,3,-1,-1
655,4,-1,-1
655,5,-1,-1
655,6,-1,-1
655,7,-1,-1
656,0,0,160
656,1,0,160
656,2,-1,-1
656,3,-1,-1
656,4,-1,-1
656,5,-1,-1
656,6,-1,-1
656,7,-1,-1
657,0,0,160
657,1,0,160
657,2,-1,-1
657,3,-1,-1
657,4,-1,-1
657,5,-1,-1
657,6,-1,-1
657,7,-1,-1
658,0,0,160
658,1,0,160
658,2,-1,-1
658,3,-1,-1
658,4,-1,-1
658,5,-1,-1
658,6,-1,-1
658,7,-1,-1
659,0,0,160
659,1,0,160
659,2,-1,-1
659,3,-1,-1
659,4,-1,-1
659,5,-1,-1
659,6,-1,-1
659,7,-1,-1
660,0,0,160
660,1,0,160
660,2,-1,-1
660,3,-1,-1
660,4,-1,-1
660,5,-1,-1
660,6,-1,-1
660,7,-1,-1
661,0,0,160
661,1,0,160
661,2,-1,-1
661,3,-1,-1
661,4,-1,-1
661,5,-1,-1
661,6,-1,-1
661,7,-1,-1
662,0,0,160
662,1,0,160
662,2,-1,-1
662,3,-1,-1
662,4,-1,-1
662,5,-1,-1
662,6,-1,-1
662,7,-1,-1
663,0,0,160
663,1,0,160
663,2,-1,-1
663,3,-1,-1
663,4,-1,-1
663,5,-1,-1
663,6,-1,-1
663,7,-1,-1
664,0,0,160
664,1,0,160
664,2,-1,-1
664,3,-1,-1
664,4,-1,-1
664,5,-1,-1
664,6,-1,-1
664,7,-1,-1
665,0,0,160
665,1,0,160
665,2,-1,-1
665,3,-1,-1
665,4,-1,-1
665,5,-1,-1
665,6,-1,-1
665,7,-1,-1
666,0,0,160
666,1,0,160
666,2,-1,-1
666,3,-1,-1
666,4,-1,-1
666,5,-1,-1
666,6,-1,-1
666,7,-1,-1
667,0,0,160
667,1,0,160
667,2,-1,-1
667,3,-1,-1
667,4,-1,-1
667,5,-1,-1
667,6,-1,-1
667,7,-1,-1
668,0,0,160
668,1,0,160
668,2,-1,-1
668,3,-1,-1
668,4,-1,-1
668,5,-1,-1
668,6,-1,-1
668,7,-1,-1
669,0,0,160
669,1,0,160
669,2,-1,-1
669,3,-1,-1
669,4,-1,-1
669,5,-1,-1
669,6,-1,-1
669,7,-1,-1
670,0,0,160
670,1,0,160
670,2,-1,-1
670,3,-1,-1
670,4,-1,-1
670,5,-1,-1
670,6,-1,-1
670,7,-1,-1
671,0,0,160
671,1,0,160
671,2,-1,-1
671,3,-1,-1
671,4,-1,-1
671,5,-1,-1
671,6,-1,-1
671,7,-1,-1
672,0,0,160
672,1,0,160
672,2,-1,-1
672,3,-1,-1
672,4,-1,-1
672,5,-1,-1
672,6,-1,-1
672,7,-1,-1
673,0,0,160
673,1,0,160
673,2,-1,-1
673,3,-1,-1
673,4,-1,-1
673,5,-1,-1
673,6,-1,-1
673,7,-1,-1
674,0,0,160
674,1,0,160
674,2,-1,-1
674,3,-1,-1
674,4,-1,-1
674,5,-1,-1
674,6,-1,-1
674,7,-1,-1
675,0,0,160
675,1,0,160
675,2,-1,-1
675,3,-1,-1
675,4,-1,-1
675,5,-1,-1
675,6,-1,-1
675,7,-1,-1
676,0,0,160
676,1,0,160
676,2,-1,-1
676,3,-1,-1
676,4,-1,-1
676,5,-1,-1
676,6,-1,-1
676,7,-1,-1
677,0,0,160
677,1,0,160
677,2,-1,-1
677,3,-1,-1
677,4,-1,-1
677,5,-1,-1
677,6,-1,-1
677,7,-1,-1
678,0,0,160
678,1,0,160
678,2,-1,-1
678,3,-1,-1
678,4,-1,-1
678,5,-1,-1
678,6,-1,-1
678,7,-1,-1
679,0,0,160
679,1,0,160
679,2,-1,-1
679,3,-1,-1
679,4,-1,-1
679,5,-1,-1
679,6,-1,-1
679,7,-1,-1
680,0,0,160
680,1,0,160
680,2,-1,-1
680,3,-1,-1
680,4,-1,-1
680,5,-1,-1
680,6,-1,-1
680,7,-1,-1
681,0,0,160
681,1,0,160
681,2,-1,-1
681,3,-1,-1
681,4,-1,-1
681,5,-1,-1
681,6,-1,-1
681,7,-1,-1
682,0,0,160
682,1,0,160
682,2,-1,-1
682,3,-1,-1
682,4,-1,-1
682,5,-1,-1
682,6,-1,-1
682,7,-1,-1
683,0,0,160
683,1,0,160
683,2,-1,-1
683,3,-1,-1
683,4,-1,-1
683,5,-1,-1
683,6,-1,-1
683,7,-1,-1
684,0,0,160
684,1,0,160
684,2,-1,-1
684,3,-1,-1
684,4,-1,-1
684,5,-1,-1
684,6,-1,-1
684,7,-1,-1
685,0,0,160
685,1,0,160
685,2,-1,-1
685,3,-1,-1
685,4,-1,-1
685,5,-1,-1
685,6,-1,-1
685,7,-1,-1
686,0,0,160
686,1,0,160
686,2,-1,-1
686,3,-1,-1
686,4,-1,-1
686,5,-1,-1
686,6,-1,-1
686,7,-1,-1
687,0,0,160
687,1,0,160
687,2,-1,-1
687,3,-1,-1
687,4,-1,-1
687,5,-1,-1
687,6,-1,-1
687,7,-1,-1
688,0,0,160
688,1,0,160
688,2,-1,-1
688,3,-1,-1
688,4,-1,-1
688,5,-1,-1
688,6,-1,-1
688,7,-1,-1
689,0,0,160
689,1,0,160
689,2,-1,-1
689,3,-1,-1
689,4,-1,-1
689,5,-1,-1
689,6,-1,-1
689,7,-1,-1
690,0,0,160
690,1,0,160
690,2,-1,-1
690,3,-1,-1
690,4,-1,-1
690,5,-1,-1
690,6,-1,-1
690,7,-1,-1
691,0,0,160
691,1,0,160
691,2,-1,-1
691,3,-1,-1
691,4,-1,-1
691,5,-1,-1
691,6,-1,-1
691,7,-1,-1
692,0,0,160
692,1,0,160
692,2,-1,-1
692,3,-1,-1
692,4,-1,-1
692,5,-1,-1
692,6,-1,-1
692,7,-1,-1
693,0,0,160
693,1,0,160
693,2,-1,-1
693,3,-1,-1
693,4,-1,-1
693,5,-1,-1
693,6,-1,-1
693,7,-1,-1
694,0,0,160
694,1,0,160
694,2,-1,-1
694,3,-1,-1
694,4,-1,-1
694,5,-1,-1
694,6,-1,-1
694,7,-1,-1
695,0,0,160
695,1,0,160
695,2,-1,-1
695,3,-1,-1
695,4,-1,-1
695,5,-1,-1
695,6,-1,-1
695,7,-1,-1
696,0,0,160
696,1,0,160
696,2,-1,-1
696,3,-1,-1
696,4,-1,-1
696,5,-1,-1
696,6,-1,-1
696,7,-1,-1
697,0,0,160
697,1,0,160
697,2,-1,-1
697,3,-1,-1
697,4,-1,-1
697,5,-1,-1
697,6,-1,-1
697,7,-1,-1
698,0,0,160
698,1,0,160
698,2,-1,-1
698,3,-1,-1
698,4,-1,-1
698,5,-1,-1
698,6,-1,-1
698,7,-1,-1
699,0,0,160
699,1,0,160
699,2,-1,-1
699,3,-1,-1
699,4,-1,-1
699,5,-1,-1
699,6,-1,-1
699,7,-1,-1
700,0,0,160
700,1,0,160
700,2,-1,-1
700,3,-1,-1
700,4,-1,-1
700,5,-1,-1
700,6,-1,-1
700,7,-1,-1
701,0,0,160
701,1,0,160
701,2,-1,-1
701,3,-1,-1
701,4,-1,-1
701,5,-1,-1
701,6,-1,-1
701,7,-1,-1
702,0,0,160
702,1,0,160
702,2,-1,-1
702,3,-1,-1
702,4,-1,-1
702,5,-1,-1
702,6,-1,-1
702,7,-1,-1
703,0,0,160
703,1,0,160
703,2,-1,-1
703,3,-1,-1
703,4,-1,-1
703,5,-1,-1
703,6,-1,-1
703,7,-1,-1
704,0,0,160
704,1,0,160
704,2,-1,-1
704,3,-1,-1
704,4,-1,-1
704,5,-1,-1
704,6,-1,-1
704,7,-1,-1
705,0,0,160
705,1,0,160
705,2,-1,-1
705,3,-1,-1
705,4,-1,-1
705,5,-1,-1
705,6,-1,-1
705,7,-1,-1
706,0,0,160
706,1,0,160
706,2,-1,-1
706,3,-1,-1
706,4,-1,-1
706,5,-1,-1
706,6,-1,-1
706,7,-1,-1
707,0,0,160
707,1,0,160
707,2,-1,-1
707,3,-1,-1
707,4,-1,-1
707,5,-1,-1
707,6,-1,-1
707,7,-1,-1
708,0,0,160
708,1,0,160
708,2,-1,-1
708,3,-1,-1
708,4,-1,-1
708,5,-1,-1
708,6,-1,-1
708,7,-1,-1
709,0,0,160
709,1,0,160
709,2,-1,-1
709,3,-1,-1
709,4,-1,-1
709,5,-1,-1
709,6,-1,-1
709,7,-1,-1
710,0,0,160
710,1,0,160
710,2,-1,-1
710,3,-1,-1
710,4,-1,-1
710,5,-1,-1
710,6,-1,-1
710,7,-1,-1
711,0,0,160
711,1,0,160
711,2,-1,-1
711,3,-1,-1
711,4,-1,-1
711,5,-1,-1
711,6,-1,-1
711,7,-1,-1
712,0,0,160
712,1,0,160
712,2,-1,-1
712,3,-1,-1
712,4,-1,-1
712,5,-1,-1
712,6,-1,-1
712,7,-1,-1
713,0,0,160
713,1,0,160
713,2,-1,-1
713,3,-1,-1
713,4,-1,-1
713,5,-1,-1
713,6,-1,-1
713,7,-1,-1
714,0,0,160
714,1,0,160
714,2,-1,-1
714,3,-1,-1
714,4,-1,-1
714,5,-1,-1
714,6,-1,-1
714,7,-1,-1
715,0,0,160
715,1,0,160
715,2,-1,-1
715,3,-1,-1
715,4,-1,-1
715,5,-1,-1
715,6,-1,-1
715,7,-1,-1
716,0,0,160
716,1,0,160
716,2,-1,-1
716,3,-1,-1
716,4,-1,-1
716,5,-1,-1
716,6,-1,-1
716,7,-1,-1
717,0,0,160
717,1,0,160
717,2,-1,-1
717,3,-1,-1
717,4,-1,-1
717,5,-1,-1
717,6,-1,-1
717,7,-1,-1
718,0,0,160
718,1,0,160
718,2,-1,-1
718,3,-1,-1
718,4,-1,-1
718,5,-1,-1
718,6,-1,-1
718,7,-1,-1
719,0,0,160
719,1,0,160
719,2,-1,-1
719,3,-1,-1
719,4,-1,-1
719,5,-1,-1
719,6,-1,-1
719,7,-1,-1
720,0,0,160
720,1,0,160
720,2,-1,-1
720,3,-1,-1
720,4,-1,-1
720,5,-1,-1
720,6,-1,-1
720,7,-1,-1
721,0,0,160
721,1,0,160
721,2,-1,-1
721,3,-1,-1
721,4,-1,-1
721,5,-1,-1
721,6,-1,-1
721,7,-1,-1
722,0,0,160
722,1,0,160
722,2,-1,-1
722,3,-1,-1
722,4,-1,-1
722,5,-1,-1
722,6,-1,-1
722,7,-1,-1
723,0,0,160
723,1,0,160
723,2,-1,-1
723,3,-1,-1
723,4,-1,-1
723,5,-1,-1
723,6,-1,-1
723,7,-1,-1
724,0,0,160
724,1,0,160
724,2,-1,-1
724,3,-1,-1
724,4,-1,-1
724,5,-1,-1
724,6,-1,-1
724,7,-1,-1
725,0,0,160
725,1,0,160
725,2,-1,-1
725,3,-1,-1
725,4,-1,-1
725,5,-1,-1
725,6,-1,-1
725,7,-1,-1
726,0,0,160
726,1,0,160
726,2,-1,-1
726,3,-1,-1
726,4,-1,-1
726,5,-1,-1
726,6,-1,-1
726,7,-1,-1
727,0,0,160
727,1,0,160
727,2,-1,-1
727,3,-1,-1
727,4,-1,-1
727,5,-1,-1
727,6,-1,-1
727,7,-1,-1
728,0,0,160
728,1,0,160
728,2,-1,-1
728,3,-1,-1
728,4,-1,-1
728,5,-1,-1
728,6,-1,-1
728,7,-1,-1
729,0,0,160
729,1,0,160
729,2,-1,-1
729,3,-1,-1
729,4,-1,-1
729,5,-1,-1
729,6,-1,-1
729,7,-1,-1
730,0,0,160
730,1,0,160
730,2,-1,-1
730,3,-1,-1
730,4,-1,-1
730,5,-1,-1
730,6,-1,-1
730,7,-1,-1
731,0,0,160
731,1,0,160
731,2,-1,-1
731,3,-1,-1
731,4,-1,-1
731,5,-1,-1
731,6,-1,-1
731,7,-1,-1
732,0,0,160
732,1,0,160
732,2,-1,-1
732,3,-1,-1
732,4,-1,-1
732,5,-1,-1
732,6,-1,-1
732,7,-1,-1
733,0,0,160
733,1,0,160
733,2,-1,-1
733,3,-1,-1
733,4,-1,-1
733,5,-1,-1
733,6,-1,-1
733,7,-1,-1
734,0,0,160
734,1,0,160
734,2,-1,-1
734,3,-1,-1
734,4,-1,-1
734,5,-1,-1
734,6,-1,-1
734,7,-1,-1
735,0,0,160
735,1,0,160
735,2,-1,-1
735,3,-1,-1
735,4,-1,-1
735,5,-1,-1
735,6,-1,-1
735,7,-1,-1
736,0,0,160
736,1,0,160
736,2,-1,-1
736,3,-1,-1
736,4,-1,-1
736,5,-1,-1
736,6,-1,-1
736,7,-1,-1
737,0,0,160
737,1,0,160
737,2,-1,-1
737,3,-1,-1
737,4,-1,-1
737,5,-1,-1
737,6,-1,-1
737,7,-1,-1
738,0,0,160
738,1,0,160
738,2,-1,-1
738,3,-1,-1
738,4,-1,-1
738,5,-1,-1
738,6,-1,-1
738,7,-1,-1
739,0,0,160
739,1,0,160
739,2,-1,-1
739,3,-1,-1
739,4,-1,-1
739,5,-1,-1
739,6,-1,-1
739,7,-1,-1
740,0,0,160
740,1,0,160
740,2,-1,-1
740,3,-1,-1
740,4,-1,-1
740,5,-1,-1
740,6,-1,-1
740,7,-1,-1
741,0,0,160
741,1,0,160
741,2,-1,-1
741,3,-1,-1
741,4,-1,-1
741,5,-1,-1
741,6,-1,-1
741,7,-1,-1
742,0,0,160
742,1,0,160
742,2,-1,-1
742,3,-1,-1
742,4,-1,-1
742,5,-1,-1
742,6,-1,-1
742,7,-1,-1
743,0,0,160
743,1,0,160
743,2,-1,-1
743,3,-1,-1
743,4,-1,-1
743,5,-1,-1
743,6,-1,-1
743,7,-1,-1
744,0,0,160
744,1,0,160
744,2,-1,-1
744,3,-1,-1
744,4,-1,-1
744,5,-1,-1
744,6,-1,-1
744,7,-1,-1
745,0,0,160
745,1,0,160
745,2,-1,-1
745,3,-1,-1
745,4,-1,-1
745,5,-1,-1
745,6,-1,-1
745,7,-1,-1
746,0,0,160
746,1,0,160
746,2,-1,-1
746,3,-1,-1
746,4,-1,-1
746,5,-1,-1
746,6,-1,-1
746,7,-1,-1
747,0,0,160
747,1,0,160
747,2,-1,-1
747,3,-1,-1
747,4,-1,-1
747,5,-1,-1
747,6,-1,-1
747,7,-1,-1
748,0,0,160
748,1,0,160
748,2,-1,-1
748,3,-1,-1
748,4,-1,-1
748,5,-1,-1
748,6,-1,-1
748,7,-1,-1
749,0,0,160
749,1,0,160
749,2,-1,-1
749,3,-1,-1
749,4,-1,-1
749,5,-1,-1
749,6,-1,-1
749,7,-1,-1
750,0,0,160
750,1,0,160
750,2,-1,-1
750,3,-1,-1
750,4,-1,-1
750,5,-1,-1
750,6,-1,-1
750,7,-1,-1
751,0,0,160
751,1,0,160
751,2,-1,-1
751,3,-1,-1
751,4,-1,-1
751,5,-1,-1
751,6,-1,-1
751,7,-1,-1
752,0,0,160
752,1,0,160
752,2,-1,-1
752,3,-1,-1
752,4,-1,-1
752,5,-1,-1
752,6,-1,-1
752,7,-1,-1
753,0,0,160
753,1,0,160
753,2,-1,-1
753,3,-1,-1
753,4,-1,-1
753,5,-1,-1
753,6,-1,-1
753,7,-1,-1
754,0,0,160
754,1,0,160
754,2,-1,-1
754,3,-1,-1
754,4,-1,-1
754,5,-1,-1
754,6,-1,-1
754,7,-1,-1
755,0,0,160
755,1,0,160
755,2,-1,-1
755,3,-1,-1
755,4,-1,-1
755,5,-1,-1
755,6,-1,-1
755,7,-1,-1
756,0,0,160
756,1,0,160
756,2,-1,-1
756,3,-1,-1
756,4,-1,-1
756,5,-1,-1
756,6,-1,-1
756,7,-1,-1
757,0,0,160
757,1,0,160
757,2,-1,-1
757,3,-1,-1
757,4,-1,-1
757,5,-1,-1
757,6,-1,-1
757,7,-1,-1
758,0,0,160
758,1,0,160
758,2,-1,-1
758,3,-1,-1
758,4,-1,-1
758,5,-1,-1
758,6,-1,-1
758,7,-1,-1
759,0,0,160
759,1,0,160
759,2,-1,-1
759,3,-1,-1
759,4,-1,-1
759,5,-1,-1
759,6,-1,-1
759,7,-1,-1
760,0,0,160
760,1,0,160
760,2,-1,-1
760,3,-1,-1
760,4,-1,-1
760,5,-1,-1
760,6,-1,-1
760,7,-1,-1
761,0,0,160
761,1,0,160
761,2,-1,-1
761,3,-1,-1
761,4,-1,-1
761,5,-1,-1
761,6,-1,-1
761,7,-1,-1
762,0,0,160
762,1,0,160
762,2,-1,-1
762,3,-1,-1
762,4,-1,-1
762,5,-1,-1
762,6,-1,-1
762,7,-1,-1
763,0,0,160
763,1,0,160
763,2,-1,-1
763,3,-1,-1
763,4,-1,-1
763,5,-1,-1
763,6,-1,-1
763,7,-1,-1
764,0,0,160
764,1,0,160
764,2,-1,-1
764,3,-1,-1
764,4,-1,-1
764,5,-1,-1
764,6,-1,-1
764,7,-1,-1
765,0,0,160
765,1,0,160
765,2,-1,-1
765,3,-1,-1
765,4,-1,-1
765,5,-1,-1
765,6,-1,-1
765,7,-1,-1
766,0,0,160
766,1,0,160
766,2,-1,-1
766,3,-1,-1
766,4,-1,-1
766,5,-1,-1
766,6,-1,-1
766,7,-1,-1
767,0,0,160
767,1,0,160
767,2,-1,-1
767,3,-1,-1
767,4,-1,-1
767,5,-1,-1
767,6,-1,-1
767,7,-1,-1
768,0,0,160
768,1,0,160
768,2,-1,-1
768,3,-1,-1
768,4,-1,-1
768,5,-1,-1
768,6,-1,-1
768,7,-1,-1
769,0,0,160
769,1,0,160
769,2,-1,-1
769,3,-1,-1
769,4,-1,-1
769,5,-1,-1
769,6,-1,-1
769,7,-1,-1
770,0,0,160
770,1,0,160
770,2,-1,-1
770,3,-1,-1
770,4,-1,-1
770,5,-1,-1
770,6,-1,-1
770,7,-1,-1
771,0,0,160
771,1,0,160
771,2,-1,-1
771,3,-1,-1
771,4,-1,-1
771,5,-1,-1
771,6,-1,-1
771,7,-1,-1
772,0,0,160
772,1,0,160
772,2,-1,-1
772,3,-1,-1
772,4,-1,-1
772,5,-1,-1
772,6,-1,-1
772,7,-1,-1
773,0,0,160
773,1,0,160
773,2,-1,-1
773,3,-1,-1
773,4,-1,-1
773,5,-1,-1
773,6,-1,-1
773,7,-1,-1
774,0,0,160
774,1,0,160
774,2,-1,-1
774,3,-1,-1
774,4,-1,-1
774,5,-1,-1
774,6,-1,-1
774,7,-1,-1
775,0,0,160
775,1,0,160
775,2,-1,-1
775,3,-1,-1
775,4,-1,-1
775,5,-1,-1
775,6,-1,-1
775,7,-1,-1
776,0,0,160
776,1,0,160
776,2,-1,-1
776,3,-1,-1
776,4,-1,-1
776,5,-1,-1
776,6,-1,-1
776,7,-1,-1
777,0,0,160
777,1,0,160
777,2,-1,-1
777,3,-1,-1
777,4,-1,-1
777,5,-1,-1
777,6,-1,-1
777,7,-1,-1
778,0,0,160
778,1,0,160
778,2,-1,-1
778,3,-1,-1
778,4,-1,-1
778,5,-1,-1
778,6,-1,-1
778,7,-1,-1
779,0,0,160
779,1,0,160
779,2,-1,-1
779,3,-1,-1
779,4,-1,-1
779,5,-1,-1
779,6,-1,-1
779,7,-1,-1
780,0,0,160
780,1,0,160
780,2,-1,-1
780,3,-1,-1
780,4,-1,-1
780,5,-1,-1
780,6,-1,-1
780,7,-1,-1
781,0,0,160
781,1,0,160
781,2,-1,-1
781,3,-1,-1
781,4,-1,-1
781,5,-1,-1
781,6,-1,-1
781,7,-1,-1
782,0,0,160
782,1,0,160
782,2,-1,-1
782,3,-1,-1
782,4,-1,-1
782,5,-1,-1
782,6,-1,-1
782,7,-1,-1
783,0,0,160
783,1,0,160
783,2,-1,-1
783,3,-1,-1
783,4,-1,-1
783,5,-1,-1
783,6,-1,-1
783,7,-1,-1
784,0,0,160
784,1,0,160
784,2,-1,-1
784,3,-1,-1
784,4,-1,-1
784,5,-1,-1
784,6,-1,-1
784,7,-1,-1
785,0,0,160
785,1,0,160
785,2,-1,-1
785,3,-1,-1
785,4,-1,-1
785,5,-1,-1
785,6,-1,-1
785,7,-1,-1
786,0,0,160
786,1,0,160
786,2,-1,-1
786,3,-1,-1
786,4,-1,-1
786,5,-1,-1
786,6,-1,-1
786,7,-1,-1
787,0,0,160
787,1,0,160
787,2,-1,-1
787,3,-1,-1
787,4,-1,-1
787,5,-1,-1
787,6,-1,-1
787,7,-1,-1
788,0,0,160
788,1,0,160
788,2,-1,-1
788,3,-1,-1
788,4,-1,-1
788,5,-1,-1
788,6,-1,-1
788,7,-1,-1
789,0,0,160
789,1,0,160
789,2,-1,-1
789,3,-1,-1
789,4,-1,-1
789,5,-1,-1
789,6,-1,-1
789,7,-1,-1
790,0,0,160
790,1,0,160
790,2,-1,-1
790,3,-1,-1
790,4,-1,-1
790,5,-1,-1
790,6,-1,-1
790,7,-1,-1
791,0,0,160
791,1,0,160
791,2,-1,-1
791,3,-1,-1
791,4,-1,-1
791,5,-1,-1
791,6,-1,-1
791,7,-1,-1
792,0,0,160
792,1,0,160
792,2,-1,-1
792,3,-1,-1
792,4,-1,-1
792,5,-1,-1
792,6,-1,-1
792,7,-1,-1
793,0,0,160
793,1,0,160
793,2,-1,-1
793,3,-1,-1
793,4,-1,-1
793,5,-1,-1
793,6,-1,-1
793,7,-1,-1
794,0,0,160
794,1,0,160
794,2,-1,-1
794,3,-1,-1
794,4,-1,-1
794,5,-1,-1
794,6,-1,-1
794,7,-1,-1
795,0,0,160
795,1,0,160
795,2,-1,-1
795,3,-1,-1
795,4,-1,-1
795,5,-1,-1
795,6,-1,-1
795,7,-1,-1
796,0,0,160
796,1,0,160
796,2,-1,-1
796,3,-1,-1
796,4,-1,-1
796,5,-1,-1
796,6,-1,-1
796,7,-1,-1
797,0,0,160
797,1,0,160
797,2,-1,-1
797,3,-1,-1
797,4,-1,-1
797,5,-1,-1
797,6,-1,-1
797,7,-1,-1
798,0,0,160
798,1,0,160
798,2,-1,-1
798,3,-1,-1
798,4,-1,-1
798,5,-1,-1
798,6,-1,-1
798,7,-1,-1
799,0,0,160
799,1,0,160
799,2,-1,-1
799,3,-1,-1
799,4,-1,-1
799,5,-1,-1
799,6,-1,-1
799,7,-1,-1
800,0,0,160
800,1,0,160
800,2,-1,-1
800,3,-1,-1
800,4,-1,-1
800,5,-1,-1
800,6,-1,-1
800,7,-1,-1
801,0,0,160
801,1,0,160
801,2,-1,-1
801,3,-1,-1
801,4,-1,-1
801,5,-1,-1
801,6,-1,-1
801,7,-1,-1
802,0,0,160
802,1,0,160
802,2,-1,-1
802,3,-1,-1
802,4,-1,-1
802,5,-1,-1
802,6,-1,-1
802,7,-1,-1
803,0,0,160
803,1,0,160
803,2,-1,-1
803,3,-1,-1
803,4,-1,-1
803,5,-1,-1
803,6,-1,-1
803,7,-1,-1
804,0,0,160
804,1,0,160
804,2,-1,-1
804,3,-1,-1
804,4,-1,-1
804,5,-1,-1
804,6,-1,-1
804,7,-1,-1
805,0,0,160
805,1,0,160
805,2,-1,-1
805,3,-1,-1
805,4,-1,-1
805,5,-1,-1
805,6,-1,-1
805,7,-1,-1
806,0,0,160
806,1,0,160
806,2,-1,-1
806,3,-1,-1
806,4,-1,-1
806,5,-1,-1
806,6,-1,-1
806,7,-1,-1
807,0,0,160
807,1,0,160
807,2,-1,-1
807,3,-1,-1
807,4,-1,-1
807,5,-1,-1
807,6,-1,-1
807,7,-1,-1
808,0,0,160
808,1,0,160
808,2,-1,-1
808,3,-1,-1
808,4,-1,-1
808,5,-1,-1
808,6,-1,-1
808,7,-1,-1
809,0,0,160
809,1,0,160
809,2,-1,-1
809,3,-1,-1
809,4,-1,-1
809,5,-1,-1
809,6,-1,-1
809,7,-1,-1
810,0,0,160
810,1,0,160
810,2,-1,-1
810,3,-1,-1
810,4,-1,-1
810,5,-1,-1
810,6,-1,-1
810,7,-1,-1
811,0,0,160
811,1,0,160
811,2,-1,-1
811,3,-1,-1
811,4,-1,-1
811,5,-1,-1
811,6,-1,-1
811,7,-1,-1
812,0,0,160
812,1,0,160
812,2,-1,-1
812,3,-1,-1
812,4,-1,-1
812,5,-1,-1
812,6,-1,-1
812,7,-1,-1
813,0,0,160
813,1,0,160
813,2,-1,-1
813,3,-1,-1
813,4,-1,-1
813,5,-1,-1
813,6,-1,-1
813,7,-1,-1
814,0,0,160
814,1,0,160
814,2,-1,-1
814,3,-1,-1
814,4,-1,-1
814,5,-1,-1
814,6,-1,-1
814,7,-1,-1
815,0,0,160
815,1,0,160
815,2,-1,-1
815,3,-1,-1
815,4,-1,-1
815,5,-1,-1
815,6,-1,-1
815,7,-1,-1
816,0,0,160
816,1,0,160
816,2,-1,-1
816,3,-1,-1
816,4,-1,-1
816,5,-1,-1
816,6,-1,-1
816,7,-1,-1
817,0,0,160
817,1,0,160
817,2,-1,-1
817,3,-1,-1
817,4,-1,-1
817,5,-1,-1
817,6,-1,-1
817,7,-1,-1
818,0,0,160
818,1,0,160
818,2,-1,-1
818,3,-1,-1
818,4,-1,-1
818,5,-1,-1
818,6,-1,-1
818,7,-1,-1
819,0,0,160
819,1,0,160
819,2,-1,-1
819,3,-1,-1
819,4,-1,-1
819,5,-1,-1
819,6,-1,-1
819,7,-1,-1
820,0,0,160
820,1,0,160
820,2,-1,-1
820,3,-1,-1
820,4,-1,-1
820,5,-1,-1
820,6,-1,-1
820,7,-1,-1
821,0,0,160
821,1,0,160
821,2,-1,-1
821,3,-1,-1
821,4,-1,-1
821,5,-1,-1
821,6,-1,-1
821,7,-1,-1
822,0,0,160
822,1,0,160
822,2,-1,-1
822,3,-1,-1
822,4,-1,-1
822,5,-1,-1
822,6,-1,-1
822,7,-1,-1
823,0,0,160
823,1,0,160
823,2,-1,-1
823,3,-1,-1
823,4,-1,-1
823,5,-1,-1
823,6,-1,-1
823,7,-1,-1
824,0,0,160
824,1,0,160
824,2,-1,-1
824,3,-1,-1
824,4,-1,-1
824,5,-1,-1
824,6,-1,-1
824,7,-1,-1
825,0,0,160
825,1,0,160
825,2,-1,-1
825,3,-1,-1
825,4,-1,-1
825,5,-1,-1
825,6,-1,-1
825,7,-1,-1
826,0,0,160
826,1,0,160
826,2,-1,-1
826,3,-1,-1
826,4,-1,-1
826,5,-1,-1
826,6,-1,-1
826,7,-1,-1
827,0,0,160
827,1,0,160
827,2,-1,-1
827,3,-1,-1
827,4,-1,-1
827,5,-1,-1
827,6,-1,-1
827,7,-1,-1
828,0,0,160
828,1,0,160
828,2,-1,-1
828,3,-1,-1
828,4,-1,-1
828,5,-1,-1
828,6,-1,-1
828,7,-1,-1
829,0,0,160
829,1,0,160
829,2,-1,-1
829,3,-1,-1
829,4,-1,-1
829,5,-1,-1
829,6,-1,-1
829,7,-1,-1
830,0,0,160
830,1,0,160
830,2,-1,-1
830,3,-1,-1
830,4,-1,-1
830,5,-1,-1
830,6,-1,-1
830,7,-1,-1
831,0,0,160
831,1,0,160
831,2,-1,-1
831,3,-1,-1
831,4,-1,-1
831,5,-1,-1
831,6,-1,-1
831,7,-1,-1
832,0,0,160
832,1,0,160
832,2,-1,-1
832,3,-1,-1
832,4,-1,-1
832,5,-1,-1
832,6,-1,-1
832,7,-1,-1
833,0,0,160
833,1,0,160
833,2,-1,-1
833,3,-1,-1
833,4,-1,-1
833,5,-1,-1
833,6,-1,-1
833,7,-1,-1
834,0,0,160
834,1,0,160
834,2,-1,-1
834,3,-1,-1
834,4,-1,-1
834,5,-1,-1
834,6,-1,-1
834,7,-1,-1
835,0,0,160
835,1,0,160
835,2,-1,-1
835,3,-1,-1
835,4,-1,-1
835,5,-1,-1
835,6,-1,-1
835,7,-1,-1
836,0,0,160
836,1,0,160
836,2,-1,-1
836,3,-1,-1
836,4,-1,-1
836,5,-1,-1
836,6,-1,-1
836,7,-1,-1
837,0,0,160
837,1,0,160
837,2,-1,-1
837,3,-1,-1
837,4,-1,-1
837,5,-1,-1
837,6,-1,-1
837,7,-1,-1
838,0,0,160
838,1,0,160
838,2,-1,-1
838,3,-1,-1
838,4,-1,-1
838,5,-1,-1
838,6,-1,-1
838,7,-1,-1
839,0,0,160
839,1,0,160
839,2,-1,-1
839,3,-1,-1
839,4,-1,-1
839,5,-1,-1
839,6,-1,-1
839,7,-1,-1
840,0,0,160
840,1,0,160
840,2,-1,-1
840,3,-1,-1
840,4,-1,-1
840,5,-1,-1
840,6,-1,-1
840,7,-1,-1
841,0,0,160
841,1,0,160
841,2,-1,-1
841,3,-1,-1
841,4,-1,-1
841,5,-1,-1
841,6,-1,-1
841,7,-1,-1
842,0,0,160
842,1,0,160
842,2,-1,-1
842,3,-1,-1
842,4,-1,-1
842,5,-1,-1
842,6,-1,-1
842,7,-1,-1
843,0,0,160
843,1,0,160
843,2,-1,-1
843,3,-1,-1
843,4,-1,-1
843,5,-1,-1
843,6,-1,-1
843,7,-1,-1
844,0,0,160
844,1,0,160
844,2,-1,-1
844,3,-1,-1
844,4,-1,-1
844,5,-1,-1
844,6,-1,-1
844,7,-1,-1
845,0,0,160
845,1,0,160
845,2,-1,-1
845,3,-1,-1
845,4,-1,-1
845,5,-1,-1
845,6,-1,-1
845,7,-1,-1
846,0,0,160
846,1,0,160
846,2,-1,-1
846,3,-1,-1
846,4,-1,-1
846,5,-1,-1
846,6,-1,-1
846,7,-1,-1
847,0,0,160
847,1,0,160
847,2,-1,-1
847,3,-1,-1
847,4,-1,-1
847,5,-1,-1
847,6,-1,-1
847,7,-1,-1
848,0,0,160
848,1,0,160
848,2,-1,-1
848,3,-1,-1
848,4,-1,-1
848,5,-1,-1
848,6,-1,-1
848,7,-1,-1
849,0,0,160
849,1,0,160
849,2,-1,-1
849,3,-1,-1
849,4,-1,-1
849,5,-1,-1
849,6,-1,-1
849,7,-1,-1
850,0,0,160
850,1,0,160
850,2,-1,-1
850,3,-1,-1
850,4,-1,-1
850,5,-1,-1
850,6,-1,-1
850,7,-1,-1
851,0,0,160
851,1,0,160
851,2,-1,-1
851,3,-1,-1
851,4,-1,-1
851,5,-1,-1
851,6,-1,-1
851,7,-1,-1
852,0,0,160
852,1,0,160
852,2,-1,-1
852,3,-1,-1
852,4,-1,-1
852,5,-1,-1
852,6,-1,-1
852,7,-1,-1
853,0,0,160
853,1,0,160
853,2,-1,-1
853,3,-1,-1
853,4,-1,-1
853,5,-1,-1
853,6,-1,-1
853,7,-1,-1
854,0,0,160
854,1,0,160
854,2,-1,-1
854,3,-1,-1
854,4,-1,-1
854,5,-1,-1
854,6,-1,-1
854,7,-1,-1
855,0,0,160
855,1,0,160
855,2,-1,-1
855,3,-1,-1
855,4,-1,-1
855,5,-1,-1
855,6,-1,-1
855,7,-1,-1
856,0,0,160
856,1,0,160
856,2,-1,-1
856,3,-1,-1
856,4,-1,-1
856,5,-1,-1
856,6,-1,-1
856,7,-1,-1
857,0,0,160
857,1,0,160
857,2,-1,-1
857,3,-1,-1
857,4,-1,-1
857,5,-1,-1
857,6,-1,-1
857,7,-1,-1
858,0,0,160
858,1,0,160
858,2,-1,-1
858,3,-1,-1
858,4,-1,-1
858,5,-1,-1
858,6,-1,-1
858,7,-1,-1
859,0,0,160
859,1,0,160
859,2,-1,-1
859,3,-1,-1
859,4,-1,-1
859,5,-1,-1
859,6,-1,-1
859,7,-1,-1
860,0,0,160
860,1,0,160
860,2,-1,-1
860,3,-1,-1
860,4,-1,-1
860,5,-1,-1
860,6,-1,-1
860,7,-1,-1
861,0,0,160
861,1,0,160
861,2,-1,-1
861,3,-1,-1
861,4,-1,-1
861,5,-1,-1
861,6,-1,-1
861,7,-1,-1
862,0,0,160
862,1,0,160
862,2,-1,-1
862,3,-1,-1
862,4,-1,-1
862,5,-1,-1
862,6,-1,-1
862,7,-1,-1
863,0,0,160
863,1,0,160
863,2,-1,-1
863,3,-1,-1
863,4,-1,-1
863,5,-1,-1
863,6,-1,-1
863,7,-1,-1
864,0,0,160
864,1,0,160
864,2,-1,-1
864,3,-1,-1
864,4,-1,-1
864,5,-1,-1
864,6,-1,-1
864,7,-1,-1
865,0,0,160
865,1,0,160
865,2,-1,-1
865,3,-1,-1
865,4,-1,-1
865,5,-1,-1
865,6,-1,-1
865,7,-1,-1
866,0,0,160
866,1,0,160
866,2,-1,-1
866,3,-1,-1
866,4,-1,-1
866,5,-1,-1
866,6,-1,-1
866,7,-1,-1
867,0,0,160
867,1,0,160
867,2,-1,-1
867,3,-1,-1
867,4,-1,-1
867,5,-1,-1
867,6,-1,-1
867,7,-1,-1
868,0,0,160
868,1,0,160
868,2,-1,-1
868,3,-1,-1
868,4,-1,-1
868,5,-1,-1
868,6,-1,-1
868,7,-1,-1
869,0,0,160
869,1,0,160
869,2,-1,-1
869,3,-1,-1
869,4,-1,-1
869,5,-1,-1
869,6,-1,-1
869,7,-1,-1
870,0,0,160
870,1,0,160
870,2,-1,-1
870,3,-1,-1
870,4,-1,-1
870,5,-1,-1
870,6,-1,-1
870,7,-1,-1
871,0,0,160
871,1,0,160
871,2,-1,-1
871,3,-1,-1
871,4,-1,-1
871,5,-1,-1
871,6,-1,-1
871,7,-1,-1
872,0,0,160
872,1,0,160
872,2,-1,-1
872,3,-1,-1
872,4,-1,-1
872,5,-1,-1
872,6,-1,-1
872,7,-1,-1
873,0,0,160
873,1,0,160
873,2,-1,-1
873,3,-1,-1
873,4,-1,-1
873,5,-1,-1
873,6,-1,-1
873,7,-1,-1
874,0,0,160
874,1,0,160
874,2,-1,-1
874,3,-1,-1
874,4,-1,-1
874,5,-1,-1
874,6,-1,-1
874,7,-1,-1
875,0,0,160
875,1,0,160
875,2,-1,-1
875,3,-1,-1
875,4,-1,-1
875,5,-1,-1
875,6,-1,-1
875,7,-1,-1
876,0,0,160
876,1,0,160
876,2,-1,-1
876,3,-1,-1
876,4,-1,-1
876,5,-1,-1
876,6,-1,-1
876,7,-1,-1
877,0,0,160
877,1,0,160
877,2,-1,-1
877,3,-1,-1
877,4,-1,-1
877,5,-1,-1
877,6,-1,-1
877,7,-1,-1
878,0,0,160
878,1,0,160
878,2,-1,-1
878,3,-1,-1
878,4,-1,-1
878,5,-1,-1
878,6,-1,-1
878,7,-1,-1
879,0,0,160
879,1,0,160
879,2,-1,-1
879,3,-1,-1
879,4,-1,-1
879,5,-1,-1
879,6,-1,-1
879,7,-1,-1
880,0,0,160
880,1,0,160
880,2,-1,-1
880,3,-1,-1
880,4,-1,-1
880,5,-1,-1
880,6,-1,-1
880,7,-1,-1
881,0,0,160
881,1,0,160
881,2,-1,-1
881,3,-1,-1
881,4,-1,-1
881,5,-1,-1
881,6,-1,-1
881,7,-1,-1
882,0,0,160
882,1,0,160
882,2,-1,-1
882,3,-1,-1
882,4,-1,-1
882,5,-1,-1
882,6,-1,-1
882,7,-1,-1
883,0,0,160
883,1,0,160
883,2,-1,-1
883,3,-1,-1
883,4,-1,-1
883,5,-1,-1
883,6,-1,-1
883,7,-1,-1
884,0,0,160
884,1,0,160
884,2,-1,-1
884,3,-1,-1
884,4,-1,-1
884,5,-1,-1
884,6,-1,-1
884,7,-1,-1
885,0,0,160
885,1,0,160
885,2,-1,-1
885,3,-1,-1
885,4,-1,-1
885,5,-1,-1
885,6,-1,-1
885,7,-1,-1
886,0,0,160
886,1,0,160
886,2,-1,-1
886,3,-1,-1
886,4,-1,-1
886,5,-1,-1
886,6,-1,-1
886,7,-1,-1
887,0,0,160
887,1,0,160
887,2,-1,-1
887,3,-1,-1
887,4,-1,-1
887,5,-1,-1
887,6,-1,-1
887,7,-1,-1
888,0,0,160
888,1,0,160
888,2,-1,-1
888,3,-1,-1
888,4,-1,-1
888,5,-1,-1
888,6,-1,-1
888,7,-1,-1
889,0,0,160
889,1,0,160
889,2,-1,-1
889,3,-1,-1
889,4,-1,-1
889,5,-1,-1
889,6,-1,-1
889,7,-1,-1
890,0,0,160
890,1,0,160
890,2,-1,-1
890,3,-1,-1
890,4,-1,-1
890,5,-1,-1
890,6,-1,-1
890,7,-1,-1
891,0,0,160
891,1,0,160
891,2,-1,-1
891,3,-1,-1
891,4,-1,-1
891,5,-1,-1
891,6,-1,-1
891,7,-1,-1
892,0,0,160
892,1,0,160
892,2,-1,-1
892,3,-1,-1
892,4,-1,-1
892,5,-1,-1
892,6,-1,-1
892,7,-1,-1
893,0,0,160
893,1,0,160
893,2,-1,-1
893,3,-1,-1
893,4,-1,-1
893,5,-1,-1
893,6,-1,-1
893,7,-1,-1
894,0,0,160
894,1,0,160
894,2,-1,-1
894,3,-1,-1
894,4,-1,-1
894,5,-1,-1
894,6,-1,-1
894,7,-1,-1
895,0,0,160
895,1,0,160
895,2,-1,-1
895,3,-1,-1
895,4,-1,-1
895,5,-1,-1
895,6,-1,-1
895,7,-1,-1
896,0,0,160
896,1,0,160
896,2,-1,-1
896,3,-1,-1
896,4,-1,-1
896,5,-1,-1
896,6,-1,-1
896,7,-1,-1
897,0,0,160
897,1,0,160
897,2,-1,-1
897,3,-1,-1
897,4,-1,-1
897,5,-1,-1
897,6,-1,-1
897,7,-1,-1
898,0,0,160
898,1,0,160
898,2,-1,-1
898,3,-1,-1
898,4,-1,-1
898,5,-1,-1
898,6,-1,-1
898,7,-1,-1
899,0,0,160
899,1,0,160
899,2,-1,-1
899,3,-1,-1
899,4,-1,-1
899,5,-1,-1
899,6,-1,-1
899,7,-1,-1
900,0,0,160
900,1,0,160
900,2,-1,-1
900,3,-1,-1
900,4,-1,-1
900,5,-1,-1
900,6,-1,-1
900,7,-1,-1
901,0,0,160
901,1,0,160
901,2,-1,-1
901,3,-1,-1
901,4,-1,-1
901,5,-1,-1
901,6,-1,-1
901,7,-1,-1
902,0,0,160
902,1,0,160
902,2,-1,-1
902,3,-1,-1
902,4,-1,-1
902,5,-1,-1
902,6,-1,-1
902,7,-1,-1
903,0,0,160
903,1,0,160
903,2,-1,-1
903,3,-1,-1
903,4,-1,-1
903,5,-1,-1
903,6,-1,-1
903,7,-1,-1
904,0,0,160
904,1,0,160
904,2,-1,-1
904,3,-1,-1
904,4,-1,-1
904,5,-1,-1
904,6,-1,-1
904,7,-1,-1
905,0,0,160
905,1,0,160
905,2,-1,-1
905,3,-1,-1
905,4,-1,-1
905,5,-1,-1
905,6,-1,-1
905,7,-1,-1
906,0,0,160
906,1,0,160
906,2,-1,-1
906,3,-1,-1
906,4,-1,-1
906,5,-1,-1
906,6,-1,-1
906,7,-1,-1
907,0,0,160
907,1,0,160
907,2,-1,-1
907,3,-1,-1
907,4,-1,-1
907,5,-1,-1
907,6,-1,-1
907,7,-1,-1
908,0,0,160
908,1,0,160
908,2,-1,-1
908,3,-1,-1
908,4,-1,-1
908,5,-1,-1
908,6,-1,-1
908,7,-1,-1
909,0,0,160
909,1,0,160
909,2,-1,-1
909,3,-1,-1
909,4,-1,-1
909,5,-1,-1
909,6,-1,-1
909,7,-1,-1
910,0,0,160
910,1,0,160
910,2,-1,-1
910,3,-1,-1
910,4,-1,-1
910,5,-1,-1
910,6,-1,-1
910,7,-1,-1
911,0,0,160
911,1,0,160
911,2,-1,-1
911,3,-1,-1
911,4,-1,-1
911,5,-1,-1
911,6,-1,-1
911,7,-1,-1
912,0,0,160
912,1,0,160
912,2,-1,-1
912,3,-1,-1
912,4,-1,-1
912,5,-1,-1
912,6,-1,-1
912,7,-1,-1
913,0,0,160
913,1,0,160
913,2,-1,-1
913,3,-1,-1
913,4,-1,-1
913,5,-1,-1
913,6,-1,-1
913,7,-1,-1
914,0,0,160
914,1,0,160
914,2,-1,-1
914,3,-1,-1
914,4,-1,-1
914,5,-1,-1
914,6,-1,-1
914,7,-1,-1
915,0,0,160
915,1,0,160
915,2,-1,-1
915,3,-1,-1
915,4,-1,-1
915,5,-1,-1
915,6,-1,-1
915,7,-1,-1
916,0,0,160
916,1,0,160
916,2,-1,-1
916,3,-1,-1
916,4,-1,-1
916,5,-1,-1
916,6,-1,-1
916,7,-1,-1
917,0,0,160
917,1,0,160
917,2,-1,-1
917,3,-1,-1
917,4,-1,-1
917,5,-1,-1
917,6,-1,-1
917,7,-1,-1
918,0,0,160
918,1,0,160
918,2,-1,-1
918,3,-1,-1
918,4,-1,-1
918,5,-1,-1
918,6,-1,-1
918,7,-1,-1
919,0,0,160
919,1,0,160
919,2,-1,-1
919,3,-1,-1
919,4,-1,-1
919,5,-1,-1
919,6,-1,-1
919,7,-1,-1
920,0,0,160
920,1,0,160
920,2,-1,-1
920,3,-1,-1
920,4,-1,-1
920,5,-1,-1
920,6,-1,-1
920,7,-1,-1
921,0,0,160
921,1,0,160
921,2,-1,-1
921,3,-1,-1
921,4,-1,-1
921,5,-1,-1
921,6,-1,-1
921,7,-1,-1
922,0,0,160
922,1,0,160
922,2,-1,-1
922,3,-1,-1
922,4,-1,-1
922,5,-1,-1
922,6,-1,-1
922,7,-1,-1
923,0,0,160
923,1,0,160
923,2,-1,-1
923,3,-1,-1
923,4,-1,-1
923,5,-1,-1
923,6,-1,-1
923,7,-1,-1
924,0,0,160
924,1,0,160
924,2,-1,-1
924,3,-1,-1
924,4,-1,-1
924,5,-1,-1
924,6,-1,-1
924,7,-1,-1
925,0,0,160
925,1,0,160
925,2,-1,-1
925,3,-1,-1
925,4,-1,-1
925,5,-1,-1
925,6,-1,-1
925,7,-1,-1
926,0,0,160
926,1,0,160
926,2,-1,-1
926,3,-1,-1
926,4,-1,-1
926,5,-1,-1
926,6,-1,-1
926,7,-1,-1
927,0,0,160
927,1,0,160
927,2,-1,-1
927,3,-1,-1
927,4,-1,-1
927,5,-1,-1
927,6,-1,-1
927,7,-1,-1
928,0,0,160
928,1,0,160
928,2,-1,-1
928,3,-1,-1
928,4,-1,-1
928,5,-1,-1
928,6,-1,-1
928,7,-1,-1
929,0,0,160
929,1,0,160
929,2,-1,-1
929,3,-1,-1
929,4,-1,-1
929,5,-1,-1
929,6,-1,-1
929,7,-1,-1
930,0,0,160
930,1,0,160
930,2,-1,-1
930,3,-1,-1
930,4,-1,-1
930,5,-1,-1
930,6,-1,-1
930,7,-1,-1
931,0,0,160
931,1,0,160
931,2,-1,-1
931,3,-1,-1
931,4,-1,-1
931,5,-1,-1
931,6,-1,-1
931,7,-1,-1
932,0,0,160
932,1,0,160
932,2,-1,-1
932,3,-1,-1
932,4,-1,-1
932,5,-1,-1
932,6,-1,-1
932,7,-1,-1
933,0,0,160
933,1,0,160
933,2,-1,-1
933,3,-1,-1
933,4,-1,-1
933,5,-1,-1
933,6,-1,-1
933,7,-1,-1
934,0,0,160
934,1,0,160
934,2,-1,-1
934,3,-1,-1
934,4,-1,-1
934,5,-1,-1
934,6,-1,-1
934,7,-1,-1
935,0,0,160
935,1,0,160
935,2,-1,-1
935,3,-1,-1
935,4,-1,-1
935,5,-1,-1
935,6,-1,-1
935,7,-1,-1
936,0,0,160
936,1,0,160
936,2,-1,-1
936,3,-1,-1
936,4,-1,-1
936,5,-1,-1
936,6,-1,-1
936,7,-1,-1
937,0,0,160
937,1,0,160
937,2,-1,-1
937,3,-1,-1
937,4,-1,-1
937,5,-1,-1
937,6,-1,-1
937,7,-1,-1
938,0,0,160
938,1,0,160
938,2,-1,-1
938,3,-1,-1
938,4,-1,-1
938,5,-1,-1
938,6,-1,-1
938,7,-1,-1
939,0,0,160
939,1,0,160
939,2,-1,-1
939,3,-1,-1
939,4,-1,-1
939,5,-1,-1
939,6,-1,-1
939,7,-1,-1
940,0,0,160
940,1,0,160
940,2,-1,-1
940,3,-1,-1
940,4,-1,-1
940,5,-1,-1
940,6,-1,-1
940,7,-1,-1
941,0,0,160
941,1,0,160
941,2,-1,-1
941,3,-1,-1
941,4,-1,-1
941,5,-1,-1
941,6,-1,-1
941,7,-1,-1
942,0,0,160
942,1,0,160
942,2,-1,-1
942,3,-1,-1
942,4,-1,-1
942,5,-1,-1
942,6,-1,-1
942,7,-1,-1
943,0,0,160
943,1,0,160
943,2,-1,-1
943,3,-1,-1
943,4,-1,-1
943,5,-1,-1
943,6,-1,-1
943,7,-1,-1
944,0,0,160
944,1,0,160
944,2,-1,-1
944,3,-1,-1
944,4,-1,-1
944,5,-1,-1
944,6,-1,-1
944,7,-1,-1
945,0,0,160
945,1,0,160
945,2,-1,-1
945,3,-1,-1
945,4,-1,-1
945,5,-1,-1
945,6,-1,-1
945,7,-1,-1
946,0,0,160
946,1,0,160
946,2,-1,-1
946,3,-1,-1
946,4,-1,-1
946,5,-1,-1
946,6,-1,-1
946,7,-1,-1
947,0,0,160
947,1,0,160
947,2,-1,-1
947,3,-1,-1
947,4,-1,-1
947,5,-1,-1
947,6,-1,-1
947,7,-1,-1
948,0,0,160
948,1,0,160
948,2,-1,-1
948,3,-1,-1
948,4,-1,-1
948,5,-1,-1
948,6,-1,-1
948,7,-1,-1
949,0,0,160
949,1,0,160
949,2,-1,-1
949,3,-1,-1
949,4,-1,-1
949,5,-1,-1
949,6,-1,-1
949,7,-1,-1
950,0,0,160
950,1,0,160
950,2,-1,-1
950,3,-1,-1
950,4,-1,-1
950,5,-1,-1
950,6,-1,-1
950,7,-1,-1
951,0,0,160
951,1,0,160
951,2,-1,-1
951,3,-1,-1
951,4,-1,-1
951,5,-1,-1
951,6,-1,-1
951,7,-1,-1
952,0,0,160
952,1,0,160
952,2,-1,-1
952,3,-1,-1
952,4,-1,-1
952,5,-1,-1
952,6,-1,-1
952,7,-1,-1
953,0,0,160
953,1,0,160
953,2,-1,-1
953,3,-1,-1
953,4,-1,-1
953,5,-1,-1
953,6,-1,-1
953,7,-1,-1
954,0,0,160
954,1,0,160
954,2,-1,-1
954,3,-1,-1
954,4,-1,-1
954,5,-1,-1
954,6,-1,-1
954,7,-1,-1
955,0,0,160
955,1,0,160
955,2,-1,-1
955,3,-1,-1
955,4,-1,-1
955,5,-1,-1
955,6,-1,-1
955,7,-1,-1
956,0,0,160
956,1,0,160
956,2,-1,-1
956,3,-1,-1
956,4,-1,-1
956,5,-1,-1
956,6,-1,-1
956,7,-1,-1
957,0,0,160
957,1,0,160
957,2,-1,-1
957,3,-1,-1
957,4,-1,-1
957,5,-1,-1
957,6,-1,-1
957,7,-1,-1
958,0,0,160
958,1,0,160
958,2,-1,-1
958,3,-1,-1
958,4,-1,-1
958,5,-1,-1
958,6,-1,-1
958,7,-1,-1
959,0,0,160
959,1,0,160
959,2,-1,-1
959,3,-1,-1
959,4,-1,-1
959,5,-1,-1
959,6,-1,-1
959,7,-1,-1
960,0,0,160
960,1,0,160
960,2,-1,-1
960,3,-1,-1
960,4,-1,-1
960,5,-1,-1
960,6,-1,-1
960,7,-1,-1
961,0,0,160
961,1,0,160
961,2,-1,-1
961,3,-1,-1
961,4,-1,-1
961,5,-1,-1
961,6,-1,-1
961,7,-1,-1
962,0,0,160
962,1,0,160
962,2,-1,-1
962,3,-1,-1
962,4,-1,-1
962,5,-1,-1
962,6,-1,-1
962,7,-1,-1
963,0,0,160
963,1,0,160
963,2,-1,-1
963,3,-1,-1
963,4,-1,-1
963,5,-1,-1
963,6,-1,-1
963,7,-1,-1
964,0,0,160
964,1,0,160
964,2,-1,-1
964,3,-1,-1
964,4,-1,-1
964,5,-1,-1
964,6,-1,-1
964,7,-1,-1
965,0,0,160
965,1,0,160
965,2,-1,-1
965,3,-1,-1
965,4,-1,-1
965,5,-1,-1
965,6,-1,-1
965,7,-1,-1
966,0,0,160
966,1,0,160
966,2,-1,-1
966,3,-1,-1
966,4,-1,-1
966,5,-1,-1
966,6,-1,-1
966,7,-1,-1
967,0,0,160
967,1,0,160
967,2,-1,-1
967,3,-1,-1
967,4,-1,-1
967,5,-1,-1
967,6,-1,-1
967,7,-1,-1
968,0,0,160
968,1,0,160
968,2,-1,-1
968,3,-1,-1
968,4,-1,-1
968,5,-1,-1
968,6,-1,-1
968,7,-1,-1
969,0,0,160
969,1,0,160
969,2,-1,-1
969,3,-1,-1
969,4,-1,-1
969,5,-1,-1
969,6,-1,-1
969,7,-1,-1
970,0,0,160
970,1,0,160
970,2,-1,-1
970,3,-1,-1
970,4,-1,-1
970,5,-1,-1
970,6,-1,-1
970,7,-1,-1
971,0,0,160
971,1,0,160
971,2,-1,-1
971,3,-1,-1
971,4,-1,-1
971,5,-1,-1
971,6,-1,-1
971,7,-1,-1
972,0,0,160
972,1,0,160
972,2,-1,-1
972,3,-1,-1
972,4,-1,-1
972,5,-1,-1
972,6,-1,-1
972,7,-1,-1
973,0,0,160
973,1,0,160
973,2,-1,-1
973,3,-1,-1
973,4,-1,-1
973,5,-1,-1
973,6,-1,-1
973,7,-1,-1
974,0,0,160
974,1,0,160
974,2,-1,-1
974,3,-1,-1
974,4,-1,-1
974,5,-1,-1
974,6,-1,-1
974,7,-1,-1
975,0,0,160
975,1,0,160
975,2,-1,-1
975,3,-1,-1
975,4,-1,-1
975,5,-1,-1
975,6,-1,-1
975,7,-1,-1
976,0,0,160
976,1,0,160
976,2,-1,-1
976,3,-1,-1
976,4,-1,-1
976,5,-1,-1
976,6,-1,-1
976,7,-1,-1
977,0,0,160
977,1,0,160
977,2,-1,-1
977,3,-1,-1
977,4,-1,-1
977,5,-1,-1
977,6,-1,-1
977,7,-1,-1
978,0,0,160
978,1,0,160
978,2,-1,-1
978,3,-1,-1
978,4,-1,-1
978,5,-1,-1
978,6,-1,-1
978,7,-1,-1
979,0,0,160
979,1,0,160
979,2,-1,-1
979,3,-1,-1
979,4,-1,-1
979,5,-1,-1
979,6,-1,-1
979,7,-1,-1
980,0,0,160
980,1,0,160
980,2,-1,-1
980,3,-1,-1
980,4,-1,-1
980,5,-1,-1
980,6,-1,-1
980,7,-1,-1
981,0,0,160
981,1,0,160
981,2,-1,-1
981,3,-1,-1
981,4,-1,-1
981,5,-1,-1
981,6,-1,-1
981,7,-1,-1
982,0,0,160
982,1,0,160
982,2,-1,-1
982,3,-1,-1
982,4,-1,-1
982,5,-1,-1
982,6,-1,-1
982,7,-1,-1
983,0,0,160
983,1,0,160
983,2,-1,-1
983,3,-1,-1
983,4,-1,-1
983,5,-1,-1
983,6,-1,-1
983,7,-1,-1
984,0,0,160
984,1,0,160
984,2,-1,-1
984,3,-1,-1
984,4,-1,-1
984,5,-1,-1
984,6,-1,-1
984,7,-1,-1
985,0,0,160
985,1,0,160
985,2,-1,-1
985,3,-1,-1
985,4,-1,-1
985,5,-1,-1
985,6,-1,-1
985,7,-1,-1
986,0,0,160
986,1,0,160
986,2,-1,-1
986,3,-1,-1
986,4,-1,-1
986,5,-1,-1
986,6,-1,-1
986,7,-1,-1
987,0,0,160
987,1,0,160
987,2,-1,-1
987,3,-1,-1
987,4,-1,-1
987,5,-1,-1
987,6,-1,-1
987,7,-1,-1
988,0,0,160
988,1,0,160
988,2,-1,-1
988,3,-1,-1
988,4,-1,-1
988,5,-1,-1
988,6,-1,-1
988,7,-1,-1
989,0,0,160
989,1,0,160
989,2,-1,-1
989,3,-1,-1
989,4,-1,-1
989,5,-1,-1
989,6,-1,-1
989,7,-1,-1
990,0,0,160
990,1,0,160
990,2,-1,-1
990,3,-1,-1
990,4,-1,-1
990,5,-1,-1
990,6,-1,-1
990,7,-1,-1
991,0,0,160
991,1,0,160
991,2,-1,-1
991,3,-1,-1
991,4,-1,-1
991,5,-1,-1
991,6,-1,-1
991,7,-1,-1
992,0,0,160
992,1,0,160
992,2,-1,-1
992,3,-1,-1
992,4,-1,-1
992,5,-1,-1
992,6,-1,-1
992,7,-1,-1
993,0,0,160
993,1,0,160
993,2,-1,-1
993,3,-1,-1
993,4,-1,-1
993,5,-1,-1
993,6,-1,-1
993,7,-1,-1
994,0,0,160
994,1,0,160
994,2,-1,-1
994,3,-1,-1
994,4,-1,-1
994,5,-1,-1
994,6,-1,-1
994,7,-1,-1
995,0,0,160
995,1,0,160
995,2,-1,-1
995,3,-1,-1
995,4,-1,-1
995,5,-1,-1
995,6,-1,-1
995,7,-1,-1
996,0,0,160
996,1,0,160
996,2,-1,-1
996,3,-1,-1
996,4,-1,-1
996,5,-1,-1
996,6,-1,-1
996,7,-1,-1
997,0,0,160
997,1,0,160
997,2,-1,-1
997,3,-1,-1
997,4,-1,-1
997,5,-1,-1
997,6,-1,-1
997,7,-1,-1
998,0,0,160
998,1,0,160
998,2,-1,-1
998,3,-1,-1
998,4,-1,-1
998,5,-1,-1
998,6,-1,-1
998,7,-1,-1
999,0,0,160
999,1,0,160
999,2,-1,-1
999,3,-1,-1
999,4,-1,-1
999,5,-1,-1
999,6,-1,-1
999,7,-1,-1
1000,0,0,160
1000,1,0,160
1000,2,-1,-1
1000,3,-1,-1
1000,4,-1,-1
1000,5,-1,-1
1000,6,-1,-1
1000,7,-1,-1
1001,0,0,160
1001,1,0,160
1001,2,-1,-1
1001,3,-1,-1
1001,4,-1,-1
1001,5,-1,-1
1001,6,-1,-1
1001,7,-1,-1
1002,0,0,160
1002,1,0,160
1002,2,-1,-1
1002,3,-1,-1
1002,4,-1,-1
1002,5,-1,-1
1002,6,-1,-1
1002,7,-1,-1
1003,0,0,160
1003,1,0,160
1003,2,-1,-1
1003,3,-1,-1
1003,4,-1,-1
1003,5,-1,-1
1003,6,-1,-1
1003,7,-1,-1
1004,0,0,160
1004,1,0,160
1004,2,-1,-1
1004,3,-1,-1
1004,4,-1,-1
1004,5,-1,-1
1004,6,-1,-1
1004,7,-1,-1
1005,0,0,160
1005,1,0,160
1005,2,-1,-1
1005,3,-1,-1
1005,4,-1,-1
1005,5,-1,-1
1005,6,-1,-1
1005,7,-1,-1
1006,0,0,160
1006,1,0,160
1006,2,-1,-1
1006,3,-1,-1
1006,4,-1,-1
1006,5,-1,-1
1006,6,-1,-1
1006,7,-1,-1
1007,0,0,160
1007,1,0,160
1007,2,-1,-1
1007,3,-1,-1
1007,4,-1,-1
1007,5,-1,-1
1007,6,-1,-1
1007,7,-1,-1
1008,0,0,160
1008,1,0,160
1008,2,-1,-1
1008,3,-1,-1
1008,4,-1,-1
1008,5,-1,-1
1008,6,-1,-1
1008,7,-1,-1
1009,0,0,160
1009,1,0,160
1009,2,-1,-1
1009,3,-1,-1
1009,4,-1,-1
1009,5,-1,-1
1009,6,-1,-1
1009,7,-1,-1
1010,0,0,160
1010,1,0,160
1010,2,-1,-1
1010,3,-1,-1
1010,4,-1,-1
1010,5,-1,-1
1010,6,-1,-1
1010,7,-1,-1
1011,0,0,160
1011,1,0,160
1011,2,-1,-1
1011,3,-1,-1
1011,4,-1,-1
1011,5,-1,-1
1011,6,-1,-1
1011,7,-1,-1
1012,0,0,160
1012,1,0,160
1012,2,-1,-1
1012,3,-1,-1
1012,4,-1,-1
1012,5,-1,-1
1012,6,-1,-1
1012,7,-1,-1
1013,0,0,160
1013,1,0,160
1013,2,-1,-1
1013,3,-1,-1
1013,4,-1,-1
1013,5,-1,-1
1013,6,-1,-1
1013,7,-1,-1
1014,0,0,160
1014,1,0,160
1014,2,-1,-1
1014,3,-1,-1
1014,4,-1,-1
1014,5,-1,-1
1014,6,-1,-1
1014,7,-1,-1
1015,0,0,160
1015,1,0,160
1015,2,-1,-1
1015,3,-1,-1
1015,4,-1,-1
1015,5,-1,-1
1015,6,-1,-1
1015,7,-1,-1
1016,0,0,160
1016,1,0,160
1016,2,-1,-1
1016,3,-1,-1
1016,4,-1,-1
1016,5,-1,-1
1016,6,-1,-1
1016,7,-1,-1
1017,0,0,160
1017,1,0,160
1017,2,-1,-1
1017,3,-1,-1
1017,4,-1,-1
1017,5,-1,-1
1017,6,-1,-1
1017,7,-1,-1
1018,0,0,160
1018,1,0,160
1018,2,-1,-1
1018,3,-1,-1
1018,4,-1,-1
1018,5,-1,-1
1018,6,-1,-1
1018,7,-1,-1
1019,0,0,160
1019,1,0,160
1019,2,-1,-1
1019,3,-1,-1
1019,4,-1,-1
1019,5,-1,-1
1019,6,-1,-1
1019,7,-1,-1
1020,0,0,160
1020,1,0,160
1020,2,-1,-1
1020,3,-1,-1
1020,4,-1,-1
1020,5,-1,-1
1020,6,-1,-1
1020,7,-1,-1
1021,0,0,160
1021,1,0,160
1021,2,-1,-1
1021,3,-1,-1
1021,4,-1,-1
1021,5,-1,-1
1021,6,-1,-1
1021,7,-1,-1
1022,0,0,160
1022,1,0,160
1022,2,-1,-1
1022,3,-1,-1
1022,4,-1,-1
1022,5,-1,-1
1022,6,-1,-1
1022,7,-1,-1
1023,0,0,160
1023,1,0,160
1023,2,-1,-1
1023,3,-1,-1
1023,4,-1,-1
1023,5,-1,-1
1023,6,-1,-1
1023,7,-1,-1
1024,0,0,160
1024,1,0,160
1024,2,-1,-1
1024,3,-1,-1
1024,4,-1,-1
1024,5,-1,-1
1024,6,-1,-1
1024,7,-1,-1
1025,0,0,160
1025,1,0,160
1025,2,-1,-1
1025,3,-1,-1
1025,4,-1,-1
1025,5,-1,-1
1025,6,-1,-1
1025,7,-1,-1
1026,0,0,160
1026,1,0,160
1026,2,-1,-1
1026,3,-1,-1
1026,4,-1,-1
1026,5,-1,-1
1026,6,-1,-1
1026,7,-1,-1
1027,0,0,160
1027,1,0,160
1027,2,-1,-1
1027,3,-1,-1
1027,4,-1,-1
1027,5,-1,-1
1027,6,-1,-1
1027,7,-1,-1
1028,0,0,160
1028,1,0,160
1028,2,-1,-1
1028,3,-1,-1
1028,4,-1,-1
1028,5,-1,-1
1028,6,-1,-1
1028,7,-1,-1
1029,0,0,160
1029,1,0,160
1029,2,-1,-1
1029,3,-1,-1
1029,4,-1,-1
1029,5,-1,-1
1029,6,-1,-1
1029,7,-1,-1
1030,0,0,160
1030,1,0,160
1030,2,-1,-1
1030,3,-1,-1
1030,4,-1,-1
1030,5,-1,-1
1030,6,-1,-1
1030,7,-1,-1
1031,0,0,160
1031,1,0,160
1031,2,-1,-1
1031,3,-1,-1
1031,4,-1,-1
1031,5,-1,-1
1031,6,-1,-1
1031,7,-1,-1
1032,0,0,160
1032,1,0,160
1032,2,-1,-1
1032,3,-1,-1
1032,4,-1,-1
1032,5,-1,-1
1032,6,-1,-1
1032,7,-1,-1
1033,0,0,160
1033,1,0,160
1033,2,-1,-1
1033,3,-1,-1
1033,4,-1,-1
1033,5,-1,-1
1033,6,-1,-1
1033,7,-1,-1
1034,0,0,160
1034,1,0,160
1034,2,-1,-1
1034,3,-1,-1
1034,4,-1,-1
1034,5,-1,-1
1034,6,-1,-1
1034,7,-1,-1
1035,0,0,160
1035,1,0,160
1035,2,-1,-1
1035,3,-1,-1
1035,4,-1,-1
1035,5,-1,-1
1035,6,-1,-1
1035,7,-1,-1
1036,0,0,160
1036,1,0,160
1036,2,-1,-1
1036,3,-1,-1
1036,4,-1,-1
1036,5,-1,-1
1036,6,-1,-1
1036,7,-1,-1
1037,0,0,160
1037,1,0,160
1037,2,-1,-1
1037,3,-1,-1
1037,4,-1,-1
1037,5,-1,-1
1037,6,-1,-1
1037,7,-1,-1
1038,0,0,160
1038,1,0,160
1038,2,-1,-1
1038,3,-1,-1
1038,4,-1,-1
1038,5,-1,-1
1038,6,-1,-1
1038,7,-1,-1
1039,0,0,160
1039,1,0,160
1039,2,-1,-1
1039,3,-1,-1
1039,4,-1,-1
1039,5,-1,-1
1039,6,-1,-1
1039,7,-1,-1
1040,0,0,160
1040,1,0,160
1040,2,-1,-1
1040,3,-1,-1
1040,4,-1,-1
1040,5,-1,-1
1040,6,-1,-1
1040,7,-1,-1
1041,0,0,160
1041,1,0,160
1041,2,-1,-1
1041,3,-1,-1
1041,4,-1,-1
1041,5,-1,-1
1041,6,-1,-1
1041,7,-1,-1
1042,0,0,160
1042,1,0,160
1042,2,-1,-1
1042,3,-1,-1
1042,4,-1,-1
1042,5,-1,-1
1042,6,-1,-1
1042,7,-1,-1
1043,0,0,160
1043,1,0,160
1043,2,-1,-1
1043,3,-1,-1
1043,4,-1,-1
1043,5,-1,-1
1043,6,-1,-1
1043,7,-1,-1
1044,0,0,160
1044,1,0,160
1044,2,-1,-1
1044,3,-1,-1
1044,4,-1,-1
1044,5,-1,-1
1044,6,-1,-1
1044,7,-1,-1
1045,0,0,160
1045,1,0,160
1045,2,-1,-1
1045,3,-1,-1
1045,4,-1,-1
1045,5,-1,-1
1045,6,-1,-1
1045,7,-1,-1
1046,0,0,160
1046,1,0,160
1046,2,-1,-1
1046,3,-1,-1
1046,4,-1,-1
1046,5,-1,-1
1046,6,-1,-1
1046,7,-1,-1
1047,0,0,160
1047,1,0,160
1047,2,-1,-1
1047,3,-1,-1
1047,4,-1,-1
1047,5,-1,-1
1047,6,-1,-1
1047,7,-1,-1
1048,0,0,160
1048,1,0,160
1048,2,-1,-1
1048,3,-1,-1
1048,4,-1,-1
1048,5,-1,-1
1048,6,-1,-1
1048,7,-1,-1
1049,0,0,160
1049,1,0,160
1049,2,-1,-1
1049,3,-1,-1
1049,4,-1,-1
1049,5,-1,-1
1049,6,-1,-1
1049,7,-1,-1
1050,0,0,160
1050,1,0,160
1050,2,-1,-1
1050,3,-1,-1
1050,4,-1,-1
1050,5,-1,-1
1050,6,-1,-1
1050,7,-1,-1
1051,0,0,160
1051,1,0,160
1051,2,-1,-1
1051,3,-1,-1
1051,4,-1,-1
1051,5,-1,-1
1051,6,-1,-1
1051,7,-1,-1
1052,0,0,160
1052,1,0,160
1052,2,-1,-1
1052,3,-1,-1
1052,4,-1,-1
1052,5,-1,-1
1052,6,-1,-1
1052,7,-1,-1
1053,0,0,160
1053,1,0,160
1053,2,-1,-1
1053,3,-1,-1
1053,4,-1,-1
1053,5,-1,-1
1053,6,-1,-1
1053,7,-1,-1
1054,0,0,160
1054,1,0,160
1054,2,-1,-1
1054,3,-1,-1
1054,4,-1,-1
1054,5,-1,-1
1054,6,-1,-1
1054,7,-1,-1
1055,0,0,160
1055,1,0,160
1055,2,-1,-1
1055,3,-1,-1
1055,4,-1,-1
1055,5,-1,-1
1055,6,-1,-1
1055,7,-1,-1
1056,0,0,160
1056,1,0,160
1056,2,-1,-1
1056,3,-1,-1
1056,4,-1,-1
1056,5,-1,-1
1056,6,-1,-1
1056,7,-1,-1
1057,0,0,160
1057,1,0,160
1057,2,-1,-1
1057,3,-1,-1
1057,4,-1,-1
1057,5,-1,-1
1057,6,-1,-1
1057,7,-1,-1
1058,0,0,160
1058,1,0,160
1058,2,-1,-1
1058,3,-1,-1
1058,4,-1,-1
1058,5,-1,-1
1058,6,-1,-1
1058,7,-1,-1
1059,0,0,160
1059,1,0,160
1059,2,-1,-1
1059,3,-1,-1
1059,4,-1,-1
1059,5,-1,-1
1059,6,-1,-1
1059,7,-1,-1
1060,0,0,160
1060,1,0,160
1060,2,-1,-1
1060,3,-1,-1
1060,4,-1,-1
1060,5,-1,-1
1060,6,-1,-1
1060,7,-1,-1
1061,0,0,160
1061,1,0,160
1061,2,-1,-1
1061,3,-1,-1
1061,4,-1,-1
1061,5,-1,-1
1061,6,-1,-1
1061,7,-1,-1
1062,0,0,160
1062,1,0,160
1062,2,-1,-1
1062,3,-1,-1
1062,4,-1,-1
1062,5,-1,-1
1062,6,-1,-1
1062,7,-1,-1
1063,0,0,160
1063,1,0,160
1063,2,-1,-1
1063,3,-1,-1
1063,4,-1,-1
1063,5,-1,-1
1063,6,-1,-1
1063,7,-1,-1
1064,0,0,160
1064,1,0,160
1064,2,-1,-1
1064,3,-1,-1
1064,4,-1,-1
1064,5,-1,-1
1064,6,-1,-1
1064,7,-1,-1
1065,0,0,160
1065,1,0,160
1065,2,-1,-1
1065,3,-1,-1
1065,4,-1,-1
1065,5,-1,-1
1065,6,-1,-1
1065,7,-1,-1
1066,0,0,160
1066,1,0,160
1066,2,-1,-1
1066,3,-1,-1
1066,4,-1,-1
1066,5,-1,-1
1066,6,-1,-1
1066,7,-1,-1
1067,0,0,160
1067,1,0,160
1067,2,-1,-1
1067,3,-1,-1
1067,4,-1,-1
1067,5,-1,-1
1067,6,-1,-1
1067,7,-1,-1
1068,0,0,160
1068,1,0,160
1068,2,-1,-1
1068,3,-1,-1
1068,4,-1,-1
1068,5,-1,-1
1068,6,-1,-1
1068,7,-1,-1
1069,0,0,160
1069,1,0,160
1069,2,-1,-1
1069,3,-1,-1
1069,4,-1,-1
1069,5,-1,-1
1069,6,-1,-1
1069,7,-1,-1
1070,0,0,160
1070,1,0,160
1070,2,-1,-1
1070,3,-1,-1
1070,4,-1,-1
1070,5,-1,-1
1070,6,-1,-1
1070,7,-1,-1
1071,0,0,160
1071,1,0,160
1071,2,-1,-1
1071,3,-1,-1
1071,4,-1,-1
1071,5,-1,-1
1071,6,-1,-1
1071,7,-1,-1
1072,0,0,160
1072,1,0,160
1072,2,-1,-1
1072,3,-1,-1
1072,4,-1,-1
1072,5,-1,-1
1072,6,-1,-1
1072,7,-1,-1
1073,0,0,160
1073,1,0,160
1073,2,-1,-1
1073,3,-1,-1
1073,4,-1,-1
1073,5,-1,-1
1073,6,-1,-1
1073,7,-1,-1
1074,0,0,160
1074,1,0,160
1074,2,-1,-1
1074,3,-1,-1
1074,4,-1,-1
1074,5,-1,-1
1074,6,-1,-1
1074,7,-1,-1
1075,0,0,160
1075,1,0,160
1075,2,-1,-1
1075,3,-1,-1
1075,4,-1,-1
1075,5,-1,-1
1075,6,-1,-1
1075,7,-1,-1
1076,0,0,160
1076,1,0,160
1076,2,-1,-1
1076,3,-1,-1
1076,4,-1,-1
1076,5,-1,-1
1076,6,-1,-1
1076,7,-1,-1
1077,0,0,160
1077,1,0,160
1077,2,-1,-1
1077,3,-1,-1
1077,4,-1,-1
1077,5,-1,-1
1077,6,-1,-1
1077,7,-1,-1
1078,0,0,160
1078,1,0,160
1078,2,-1,-1
1078,3,-1,-1
1078,4,-1,-1
1078,5,-1,-1
1078,6,-1,-1
1078,7,-1,-1
1079,0,0,160
1079,1,0,160
1079,2,-1,-1
1079,3,-1,-1
1079,4,-1,-1
1079,5,-1,-1
1079,6,-1,-1
1079,7,-1,-1
1080,0,0,160
1080,1,0,160
1080,2,-1,-1
1080,3,-1,-1
1080,4,-1,-1
1080,5,-1,-1
1080,6,-1,-1
1080,7,-1,-1
1081,0,0,160
1081,1,0,160
1081,2,-1,-1
1081,3,-1,-1
1081,4,-1,-1
1081,5,-1,-1
1081,6,-1,-1
1081,7,-1,-1
1082,0,0,160
1082,1,0,160
1082,2,-1,-1
1082,3,-1,-1
1082,4,-1,-1
1082,5,-1,-1
1082,6,-1,-1
1082,7,-1,-1
1083,0,0,160
1083,1,0,160
1083,2,-1,-1
1083,3,-1,-1
1083,4,-1,-1
1083,5,-1,-1
1083,6,-1,-1
1083,7,-1,-1
1084,0,0,160
1084,1,0,160
1084,2,-1,-1
1084,3,-1,-1
1084,4,-1,-1
1084,5,-1,-1
1084,6,-1,-1
1084,7,-1,-1
1085,0,0,160
1085,1,0,160
1085,2,-1,-1
1085,3,-1,-1
1085,4,-1,-1
1085,5,-1,-1
1085,6,-1,-1
1085,7,-1,-1
1086,0,0,160
1086,1,0,160
1086,2,-1,-1
1086,3,-1,-1
1086,4,-1,-1
1086,5,-1,-1
1086,6,-1,-1
1086,7,-1,-1
1087,0,0,160
1087,1,0,160
1087,2,-1,-1
1087,3,-1,-1
1087,4,-1,-1
1087,5,-1,-1
1087,6,-1,-1
1087,7,-1,-1
1088,0,0,160
1088,1,0,160
1088,2,-1,-1
1088,3,-1,-1
1088,4,-1,-1
1088,5,-1,-1
1088,6,-1,-1
1088,7,-1,-1
1089,0,0,160
1089,1,0,160
1089,2,-1,-1
1089,3,-1,-1
1089,4,-1,-1
1089,5,-1,-1
1089,6,-1,-1
1089,7,-1,-1
1090,0,0,160
1090,1,0,160
1090,2,-1,-1
1090,3,-1,-1
1090,4,-1,-1
1090,5,-1,-1
1090,6,-1,-1
1090,7,-1,-1
1091,0,0,160
1091,1,0,160
1091,2,-1,-1
1091,3,-1,-1
1091,4,-1,-1
1091,5,-1,-1
1091,6,-1,-1
1091,7,-1,-1
1092,0,0,160
1092,1,0,160
1092,2,-1,-1
1092,3,-1,-1
1092,4,-1,-1
1092,5,-1,-1
1092,6,-1,-1
1092,7,-1,-1
1093,0,0,160
1093,1,0,160
1093,2,-1,-1
1093,3,-1,-1
1093,4,-1,-1
1093,5,-1,-1
1093,6,-1,-1
1093,7,-1,-1
1094,0,0,160
1094,1,0,160
1094,2,-1,-1
1094,3,-1,-1
1094,4,-1,-1
1094,5,-1,-1
1094,6,-1,-1
1094,7,-1,-1
1095,0,0,160
1095,1,0,160
1095,2,-1,-1
1095,3,-1,-1
1095,4,-1,-1
1095,5,-1,-1
1095,6,-1,-1
1095,7,-1,-1
1096,0,0,160
1096,1,0,160
1096,2,-1,-1
1096,3,-1,-1
1096,4,-1,-1
1096,5,-1,-1
1096,6,-1,-1
1096,7,-1,-1
1097,0,0,160
1097,1,0,160
1097,2,-1,-1
1097,3,-1,-1
1097,4,-1,-1
1097,5,-1,-1
1097,6,-1,-1
1097,7,-1,-1
1098,0,0,160
1098,1,0,160
1098,2,-1,-1
1098,3,-1,-1
1098,4,-1,-1
1098,5,-1,-1
1098,6,-1,-1
1098,7,-1,-1
1099,0,0,160
1099,1,0,160
1099,2,-1,-1
1099,3,-1,-1
1099,4,-1,-1
1099,5,-1,-1
1099,6,-1,-1
1099,7,-1,-1
1100,0,0,160
1100,1,0,160
1100,2,-1,-1
1100,3,-1,-1
1100,4,-1,-1
1100,5,-1,-1
1100,6,-1,-1
1100,7,-1,-1
1101,0,0,160
1101,1,0,160
1101,2,-1,-1
1101,3,-1,-1
1101,4,-1,-1
1101,5,-1,-1
1101,6,-1,-1
1101,7,-1,-1
1102,0,0,160
1102,1,0,160
1102,2,-1,-1
1102,3,-1,-1
1102,4,-1,-1
1102,5,-1,-1
1102,6,-1,-1
1102,7,-1,-1
1103,0,0,160
1103,1,0,160
1103,2,-1,-1
1103,3,-1,-1
1103,4,-1,-1
1103,5,-1,-1
1103,6,-1,-1
1103,7,-1,-1
1104,0,0,160
1104,1,0,160
1104,2,-1,-1
1104,3,-1,-1
1104,4,-1,-1
1104,5,-1,-1
1104,6,-1,-1
1104,7,-1,-1
1105,0,0,160
1105,1,0,160
1105,2,-1,-1
1105,3,-1,-1
1105,4,-1,-1
1105,5,-1,-1
1105,6,-1,-1
1105,7,-1,-1
1106,0,0,160
1106,1,0,160
1106,2,-1,-1
1106,3,-1,-1
1106,4,-1,-1
1106,5,-1,-1
1106,6,-1,-1
1106,7,-1,-1
1107,0,0,160
1107,1,0,160
1107,2,-1,-1
1107,3,-1,-1
1107,4,-1,-1
1107,5,-1,-1
1107,6,-1,-1
1107,7,-1,-1
1108,0,0,160
1108,1,0,160
1108,2,-1,-1
1108,3,-1,-1
1108,4,-1,-1
1108,5,-1,-1
1108,6,-1,-1
1108,7,-1,-1
1109,0,0,160
1109,1,0,160
1109,2,-1,-1
1109,3,-1,-1
1109,4,-1,-1
1109,5,-1,-1
1109,6,-1,-1
1109,7,-1,-1
1110,0,0,160
1110,1,0,160
1110,2,-1,-1
1110,3,-1,-1
1110,4,-1,-1
1110,5,-1,-1
1110,6,-1,-1
1110,7,-1,-1
1111,0,0,160
1111,1,0,160
1111,2,-1,-1
1111,3,-1,-1
1111,4,-1,-1
1111,5,-1,-1
1111,6,-1,-1
1111,7,-1,-1
1112,0,0,160
1112,1,0,160
1112,2,-1,-1
1112,3,-1,-1
1112,4,-1,-1
1112,5,-1,-1
1112,6,-1,-1
1112,7,-1,-1
1113,0,0,160
1113,1,0,160
1113,2,-1,-1
1113,3,-1,-1
1113,4,-1,-1
1113,5,-1,-1
1113,6,-1,-1
1113,7,-1,-1
1114,0,0,160
1114,1,0,160
1114,2,-1,-1
1114,3,-1,-1
1114,4,-1,-1
1114,5,-1,-1
1114,6,-1,-1
1114,7,-1,-1
1115,0,0,160
1115,1,0,160
1115,2,-1,-1
1115,3,-1,-1
1115,4,-1,-1
1115,5,-1,-1
1115,6,-1,-1
1115,7,-1,-1
1116,0,0,160
1116,1,0,160
1116,2,-1,-1
1116,3,-1,-1
1116,4,-1,-1
1116,5,-1,-1
1116,6,-1,-1
1116,7,-1,-1
1117,0,0,160
1117,1,0,160
1117,2,-1,-1
1117,3,-1,-1
1117,4,-1,-1
1117,5,-1,-1
1117,6,-1,-1
1117,7,-1,-1
1118,0,0,160
1118,1,0,160
1118,2,-1,-1
1118,3,-1,-1
1118,4,-1,-1
1118,5,-1,-1
1118,6,-1,-1
1118,7,-1,-1
1119,0,0,160
1119,1,0,160
1119,2,-1,-1
1119,3,-1,-1
1119,4,-1,-1
1119,5,-1,-1
1119,6,-1,-1
1119,7,-1,-1
1120,0,0,160
1120,1,0,160
1120,2,-1,-1
1120,3,-1,-1
1120,4,-1,-1
1120,5,-1,-1
1120,6,-1,-1
1120,7,-1,-1
1121,0,0,160
1121,1,0,160
1121,2,-1,-1
1121,3,-1,-1
1121,4,-1,-1
1121,5,-1,-1
1121,6,-1,-1
1121,7,-1,-1
1122,0,0,160
1122,1,0,160
1122,2,-1,-1
1122,3,-1,-1
1122,4,-1,-1
1122,5,-1,-1
1122,6,-1,-1
1122,7,-1,-1
1123,0,0,160
1123,1,0,160
1123,2,-1,-1
1123,3,-1,-1
1123,4,-1,-1
1123,5,-1,-1
1123,6,-1,-1
1123,7,-1,-1
1124,0,0,160
1124,1,0,160
1124,2,-1,-1
1124,3,-1,-1
1124,4,-1,-1
1124,5,-1,-1
1124,6,-1,-1
1124,7,-1,-1
1125,0,0,160
1125,1,0,160
1125,2,-1,-1
1125,3,-1,-1
1125,4,-1,-1
1125,5,-1,-1
1125,6,-1,-1
1125,7,-1,-1
1126,0,0,160
1126,1,0,160
1126,2,-1,-1
1126,3,-1,-1
1126,4,-1,-1
1126,5,-1,-1
1126,6,-1,-1
1126,7,-1,-1
1127,0,0,160
1127,1,0,160
1127,2,-1,-1
1127,3,-1,-1
1127,4,-1,-1
1127,5,-1,-1
1127,6,-1,-1
1127,7,-1,-1
1128,0,0,160
1128,1,0,160
1128,2,-1,-1
1128,3,-1,-1
1128,4,-1,-1
1128,5,-1,-1
1128,6,-1,-1
1128,7,-1,-1
1129,0,0,160
1129,1,0,160
1129,2,-1,-1
1129,3,-1,-1
1129,4,-1,-1
1129,5,-1,-1
1129,6,-1,-1
1129,7,-1,-1
1130,0,0,160
1130,1,0,160
1130,2,-1,-1
1130,3,-1,-1
1130,4,-1,-1
1130,5,-1,-1
1130,6,-1,-1
1130,7,-1,-1
1131,0,0,160
1131,1,0,160
1131,2,-1,-1
1131,3,-1,-1
1131,4,-1,-1
1131,5,-1,-1
1131,6,-1,-1
1131,7,-1,-1
1132,0,0,160
1132,1,0,160
1132,2,-1,-1
1132,3,-1,-1
1132,4,-1,-1
1132,5,-1,-1
1132,6,-1,-1
1132,7,-1,-1
1133,0,0,160
1133,1,0,160
1133,2,-1,-1
1133,3,-1,-1
1133,4,-1,-1
1133,5,-1,-1
1133,6,-1,-1
1133,7,-1,-1
1134,0,0,160
1134,1,0,160
1134,2,-1,-1
1134,3,-1,-1
1134,4,-1,-1
1134,5,-1,-1
1134,6,-1,-1
1134,7,-1,-1
1135,0,0,160
1135,1,0,160
1135,2,-1,-1
1135,3,-1,-1
1135,4,-1,-1
1135,5,-1,-1
1135,6,-1,-1
1135,7,-1,-1
1136,0,0,160
1136,1,0,160
1136,2,-1,-1
1136,3,-1,-1
1136,4,-1,-1
1136,5,-1,-1
1136,6,-1,-1
1136,7,-1,-1
1137,0,0,160
1137,1,0,160
1137,2,-1,-1
1137,3,-1,-1
1137,4,-1,-1
1137,5,-1,-1
1137,6,-1,-1
1137,7,-1,-1
1138,0,0,160
1138,1,0,160
1138,2,-1,-1
1138,3,-1,-1
1138,4,-1,-1
1138,5,-1,-1
1138,6,-1,-1
1138,7,-1,-1
1139,0,0,160
1139,1,0,160
1139,2,-1,-1
1139,3,-1,-1
1139,4,-1,-1
1139,5,-1,-1
1139,6,-1,-1
1139,7,-1,-1
1140,0,0,160
1140,1,0,160
1140,2,-1,-1
1140,3,-1,-1
1140,4,-1,-1
1140,5,-1,-1
1140,6,-1,-1
1140,7,-1,-1
1141,0,0,160
1141,1,0,160
1141,2,-1,-1
1141,3,-1,-1
1141,4,-1,-1
1141,5,-1,-1
1141,6,-1,-1
1141,7,-1,-1
1142,0,0,160
1142,1,0,160
1142,2,-1,-1
1142,3,-1,-1
1142,4,-1,-1
1142,5,-1,-1
1142,6,-1,-1
1142,7,-1,-1
1143,0,0,160
1143,1,0,160
1143,2,-1,-1
1143,3,-1,-1
1143,4,-1,-1
1143,5,-1,-1
1143,6,-1,-1
1143,7,-1,-1
1144,0,0,160
1144,1,0,160
1144,2,-1,-1
1144,3,-1,-1
1144,4,-1,-1
1144,5,-1,-1
1144,6,-1,-1
1144,7,-1,-1
1145,0,0,160
1145,1,0,160
1145,2,-1,-1
1145,3,-1,-1
1145,4,-1,-1
1145,5,-1,-1
1145,6,-1,-1
1145,7,-1,-1
1146,0,0,160
1146,1,0,160
1146,2,-1,-1
1146,3,-1,-1
1146,4,-1,-1
1146,5,-1,-1
1146,6,-1,-1
1146,7,-1,-1
1147,0,0,160
1147,1,0,160
1147,2,-1,-1
1147,3,-1,-1
1147,4,-1,-1
1147,5,-1,-1
1147,6,-1,-1
1147,7,-1,-1
1148,0,0,160
1148,1,0,160
1148,2,-1,-1
1148,3,-1,-1
1148,4,-1,-1
1148,5,-1,-1
1148,6,-1,-1
1148,7,-1,-1
1149,0,0,160
1149,1,0,160
1149,2,-1,-1
1149,3,-1,-1
1149,4,-1,-1
1149,5,-1,-1
1149,6,-1,-1
1149,7,-1,-1
1150,0,0,160
1150,1,0,160
1150,2,-1,-1
1150,3,-1,-1
1150,4,-1,-1
1150,5,-1,-1
1150,6,-1,-1
1150,7,-1,-1
1151,0,0,160
1151,1,0,160
1151,2,-1,-1
1151,3,-1,-1
1151,4,-1,-1
1151,5,-1,-1
1151,6,-1,-1
1151,7,-1,-1
1152,0,0,160
1152,1,0,160
1152,2,-1,-1
1152,3,-1,-1
1152,4,-1,-1
1152,5,-1,-1
1152,6,-1,-1
1152,7,-1,-1
1153,0,0,160
1153,1,0,160
1153,2,-1,-1
1153,3,-1,-1
1153,4,-1,-1
1153,5,-1,-1
1153,6,-1,-1
1153,7,-1,-1
1154,0,0,160
1154,1,0,160
1154,2,-1,-1
1154,3,-1,-1
1154,4,-1,-1
1154,5,-1,-1
1154,6,-1,-1
1154,7,-1,-1
1155,0,0,160
1155,1,0,160
1155,2,-1,-1
1155,3,-1,-1
1155,4,-1,-1
1155,5,-1,-1
1155,6,-1,-1
1155,7,-1,-1
1156,0,0,160
1156,1,0,160
1156,2,-1,-1
1156,3,-1,-1
1156,4,-1,-1
1156,5,-1,-1
1156,6,-1,-1
1156,7,-1,-1
1157,0,0,160
1157,1,0,160
1157,2,-1,-1
1157,3,-1,-1
1157,4,-1,-1
1157,5,-1,-1
1157,6,-1,-1
1157,7,-1,-1
1158,0,0,160
1158,1,0,160
1158,2,-1,-1
1158,3,-1,-1
1158,4,-1,-1
1158,5,-1,-1
1158,6,-1,-1
1158,7,-1,-1
1159,0,0,160
1159,1,0,160
1159,2,-1,-1
1159,3,-1,-1
1159,4,-1,-1
1159,5,-1,-1
1159,6,-1,-1
1159,7,-1,-1
1160,0,0,160
1160,1,0,160
1160,2,-1,-1
1160,3,-1,-1
1160,4,-1,-1
1160,5,-1,-1
1160,6,-1,-1
1160,7,-1,-1
1161,0,0,160
1161,1,0,160
1161,2,-1,-1
1161,3,-1,-1
1161,4,-1,-1
1161,5,-1,-1
1161,6,-1,-1
1161,7,-1,-1
1162,0,0,160
1162,1,0,160
1162,2,-1,-1
1162,3,-1,-1
1162,4,-1,-1
1162,5,-1,-1
1162,6,-1,-1
1162,7,-1,-1
1163,0,0,160
1163,1,0,160
1163,2,-1,-1
1163,3,-1,-1
1163,4,-1,-1
1163,5,-1,-1
1163,6,-1,-1
1163,7,-1,-1
1164,0,0,160
1164,1,0,160
1164,2,-1,-1
1164,3,-1,-1
1164,4,-1,-1
1164,5,-1,-1
1164,6,-1,-1
1164,7,-1,-1
1165,0,0,160
1165,1,0,160
1165,2,-1,-1
1165,3,-1,-1
1165,4,-1,-1
1165,5,-1,-1
1165,6,-1,-1
1165,7,-1,-1
1166,0,0,160
1166,1,0,160
1166,2,-1,-1
1166,3,-1,-1
1166,4,-1,-1
1166,5,-1,-1
1166,6,-1,-1
1166,7,-1,-1
1167,0,0,160
1167,1,0,160
1167,2,-1,-1
1167,3,-1,-1
1167,4,-1,-1
1167,5,-1,-1
1167,6,-1,-1
1167,7,-1,-1
1168,0,0,160
1168,1,0,160
1168,2,-1,-1
1168,3,-1,-1
1168,4,-1,-1
1168,5,-1,-1
1168,6,-1,-1
1168,7,-1,-1
1169,0,0,160
1169,1,0,160
1169,2,-1,-1
1169,3,-1,-1
1169,4,-1,-1
1169,5,-1,-1
1169,6,-1,-1
1169,7,-1,-1
1170,0,0,160
1170,1,0,160
1170,2,-1,-1
1170,3,-1,-1
1170,4,-1,-1
1170,5,-1,-1
1170,6,-1,-1
1170,7,-1,-1
1171,0,0,160
1171,1,0,160
1171,2,-1,-1
1171,3,-1,-1
1171,4,-1,-1
1171,5,-1,-1
1171,6,-1,-1
1171,7,-1,-1
1172,0,0,160
1172,1,0,160
1172,2,-1,-1
1172,3,-1,-1
1172,4,-1,-1
1172,5,-1,-1
1172,6,-1,-1
1172,7,-1,-1
1173,0,0,160
1173,1,0,160
1173,2,-1,-1
1173,3,-1,-1
1173,4,-1,-1
1173,5,-1,-1
1173,6,-1,-1
1173,7,-1,-1
1174,0,0,160
1174,1,0,160
1174,2,-1,-1
1174,3,-1,-1
1174,4,-1,-1
1174,5,-1,-1
1174,6,-1,-1
1174,7,-1,-1
1175,0,0,160
1175,1,0,160
1175,2,-1,-1
1175,3,-1,-1
1175,4,-1,-1
1175,5,-1,-1
1175,6,-1,-1
1175,7,-1,-1
1176,0,0,160
1176,1,0,160
1176,2,-1,-1
1176,3,-1,-1
1176,4,-1,-1
1176,5,-1,-1
1176,6,-1,-1
1176,7,-1,-1
1177,0,0,160
1177,1,0,160
1177,2,-1,-1
1177,3,-1,-1
1177,4,-1,-1
1177,5,-1,-1
1177,6,-1,-1
1177,7,-1,-1
1178,0,0,160
1178,1,0,160
1178,2,-1,-1
1178,3,-1,-1
1178,4,-1,-1
1178,5,-1,-1
1178,6,-1,-1
1178,7,-1,-1
1179,0,0,160
1179,1,0,160
1179,2,-1,-1
1179,3,-1,-1
1179,4,-1,-1
1179,5,-1,-1
1179,6,-1,-1
1179,7,-1,-1
1180,0,0,160
1180,1,0,160
1180,2,-1,-1
1180,3,-1,-1
1180,4,-1,-1
1180,5,-1,-1
1180,6,-1,-1
1180,7,-1,-1
1181,0,0,160
1181,1,0,160
1181,2,-1,-1
1181,3,-1,-1
1181,4,-1,-1
1181,5,-1,-1
1181,6,-1,-1
1181,7,-1,-1
1182,0,0,160
1182,1,0,160
1182,2,-1,-1
1182,3,-1,-1
1182,4,-1,-1
1182,5,-1,-1
1182,6,-1,-1
1182,7,-1,-1
1183,0,0,160
1183,1,0,160
1183,2,-1,-1
1183,3,-1,-1
1183,4,-1,-1
1183,5,-1,-1
1183,6,-1,-1
1183,7,-1,-1
1184,0,0,160
1184,1,0,160
1184,2,-1,-1
1184,3,-1,-1
1184,4,-1,-1
1184,5,-1,-1
1184,6,-1,-1
1184,7,-1,-1
1185,0,0,160
1185,1,0,160
1185,2,-1,-1
1185,3,-1,-1
1185,4,-1,-1
1185,5,-1,-1
1185,6,-1,-1
1185,7,-1,-1
1186,0,0,160
1186,1,0,160
1186,2,-1,-1
1186,3,-1,-1
1186,4,-1,-1
1186,5,-1,-1
1186,6,-1,-1
1186,7,-1,-1
1187,0,0,160
1187,1,0,160
1187,2,-1,-1
1187,3,-1,-1
1187,4,-1,-1
1187,5,-1,-1
1187,6,-1,-1
1187,7,-1,-1
1188,0,0,160
1188,1,0,160
1188,2,-1,-1
1188,3,-1,-1
1188,4,-1,-1
1188,5,-1,-1
1188,6,-1,-1
1188,7,-1,-1
1189,0,0,160
1189,1,0,160
1189,2,-1,-1
1189,3,-1,-1
1189,4,-1,-1
1189,5,-1,-1
1189,6,-1,-1
1189,7,-1,-1
1190,0,0,160
1190,1,0,160
1190,2,-1,-1
1190,3,-1,-1
1190,4,-1,-1
1190,5,-1,-1
1190,6,-1,-1
1190,7,-1,-1
1191,0,0,160
1191,1,0,160
1191,2,-1,-1
1191,3,-1,-1
1191,4,-1,-1
1191,5,-1,-1
1191,6,-1,-1
1191,7,-1,-1
1192,0,0,160
1192,1,0,160
1192,2,-1,-1
1192,3,-1,-1
1192,4,-1,-1
1192,5,-1,-1
1192,6,-1,-1
1192,7,-1,-1
1193,0,0,160
1193,1,0,160
1193,2,-1,-1
1193,3,-1,-1
1193,4,-1,-1
1193,5,-1,-1
1193,6,-1,-1
1193,7,-1,-1
1194,0,0,160
1194,1,0,160
1194,2,-1,-1
1194,3,-1,-1
1194,4,-1,-1
1194,5,-1,-1
1194,6,-1,-1
1194,7,-1,-1
1195,0,0,160
1195,1,0,160
1195,2,-1,-1
1195,3,-1,-1
1195,4,-1,-1
1195,5,-1,-1
1195,6,-1,-1
1195,7,-1,-1
1196,0,0,160
1196,1,0,160
1196,2,-1,-1
1196,3,-1,-1
1196,4,-1,-1
1196,5,-1,-1
1196,6,-1,-1
1196,7,-1,-1
1197,0,0,160
1197,1,0,160
1197,2,-1,-1
1197,3,-1,-1
1197,4,-1,-1
1197,5,-1,-1
1197,6,-1,-1
1197,7,-1,-1
1198,0,0,160
1198,1,0,160
1198,2,-1,-1
1198,3,-1,-1
1198,4,-1,-1
1198,5,-1,-1
1198,6,-1,-1
1198,7,-1,-1
1199,0,0,160
1199,1,0,160
1199,2,-1,-1
1199,3,-1,-1
1199,4,-1,-1
1199,5,-1,-1
1199,6,-1,-1
1199,7,-1,-1
1200,0,0,160
1200,1,0,160
1200,2,-1,-1
1200,3,-1,-1
1200,4,-1,-1
1200,5,-1,-1
1200,6,-1,-1
1200,7,-1,-1
1201,0,0,160
1201,1,0,160
1201,2,-1,-1
1201,3,-1,-1
1201,4,-1,-1
1201,5,-1,-1
1201,6,-1,-1
1201,7,-1,-1
1202,0,0,160
1202,1,0,160
1202,2,-1,-1
1202,3,-1,-1
1202,4,-1,-1
1202,5,-1,-1
1202,6,-1,-1
1202,7,-1,-1
1203,0,0,160
1203,1,0,160
1203,2,-1,-1
1203,3,-1,-1
1203,4,-1,-1
1203,5,-1,-1
1203,6,-1,-1
1203,7,-1,-1
1204,0,0,160
1204,1,0,160
1204,2,-1,-1
1204,3,-1,-1
1204,4,-1,-1
1204,5,-1,-1
1204,6,-1,-1
1204,7,-1,-1
1205,0,0,160
1205,1,0,160
1205,2,-1,-1
1205,3,-1,-1
1205,4,-1,-1
1205,5,-1,-1
1205,6,-1,-1
1205,7,-1,-1
1206,0,0,160
1206,1,0,160
1206,2,-1,-1
1206,3,-1,-1
1206,4,-1,-1
1206,5,-1,-1
1206,6,-1,-1
1206,7,-1,-1
1207,0,0,160
1207,1,0,160
1207,2,-1,-1
1207,3,-1,-1
1207,4,-1,-1
1207,5,-1,-1
1207,6,-1,-1
1207,7,-1,-1
1208,0,0,160
1208,1,0,160
1208,2,-1,-1
1208,3,-1,-1
1208,4,-1,-1
1208,5,-1,-1
1208,6,-1,-1
1208,7,-1,-1
1209,0,0,160
1209,1,0,160
1209,2,-1,-1
1209,3,-1,-1
1209,4,-1,-1
1209,5,-1,-1
1209,6,-1,-1
1209,7,-1,-1
1210,0,0,160
1210,1,0,160
1210,2,-1,-1
1210,3,-1,-1
1210,4,-1,-1
1210,5,-1,-1
1210,6,-1,-1
1210,7,-1,-1
1211,0,0,160
1211,1,0,160
1211,2,-1,-1
1211,3,-1,-1
1211,4,-1,-1
1211,5,-1,-1
1211,6,-1,-1
1211,7,-1,-1
1212,0,0,160
1212,1,0,160
1212,2,-1,-1
1212,3,-1,-1
1212,4,-1,-1
1212,5,-1,-1
1212,6,-1,-1
1212,7,-1,-1
1213,0,0,160
1213,1,0,160
1213,2,-1,-1
1213,3,-1,-1
1213,4,-1,-1
1213,5,-1,-1
1213,6,-1,-1
1213,7,-1,-1
1214,0,0,160
1214,1,0,160
1214,2,-1,-1
1214,3,-1,-1
1214,4,-1,-1
1214,5,-1,-1
1214,6,-1,-1
1214,7,-1,-1
1215,0,0,160
1215,1,0,160
1215,2,-1,-1
1215,3,-1,-1
1215,4,-1,-1
1215,5,-1,-1
1215,6,-1,-1
1215,7,-1,-1
1216,0,0,160
1216,1,0,160
1216,2,-1,-1
1216,3,-1,-1
1216,4,-1,-1
1216,5,-1,-1
1216,6,-1,-1
1216,7,-1,-1
1217,0,0,160
1217,1,0,160
1217,2,-1,-1
1217,3,-1,-1
1217,4,-1,-1
1217,5,-1,-1
1217,6,-1,-1
1217,7,-1,-1
1218,0,0,160
1218,1,0,160
1218,2,-1,-1
1218,3,-1,-1
1218,4,-1,-1
1218,5,-1,-1
1218,6,-1,-1
1218,7,-1,-1
1219,0,0,160
1219,1,0,160
1219,2,-1,-1
1219,3,-1,-1
1219,4,-1,-1
1219,5,-1,-1
1219,6,-1,-1
1219,7,-1,-1
1220,0,0,160
1220,1,0,160
1220,2,-1,-1
1220,3,-1,-1
1220,4,-1,-1
1220,5,-1,-1
1220,6,-1,-1
1220,7,-1,-1
1221,0,0,160
1221,1,0,160
1221,2,-1,-1
1221,3,-1,-1
1221,4,-1,-1
1221,5,-1,-1
1221,6,-1,-1
1221,7,-1,-1
1222,0,0,160
1222,1,0,160
1222,2,-1,-1
1222,3,-1,-1
1222,4,-1,-1
1222,5,-1,-1
1222,6,-1,-1
1222,7,-1,-1
1223,0,0,160
1223,1,0,160
1223,2,-1,-1
1223,3,-1,-1
1223,4,-1,-1
1223,5,-1,-1
1223,6,-1,-1
1223,7,-1,-1
1224,0,0,160
1224,1,0,160
1224,2,-1,-1
1224,3,-1,-1
1224,4,-1,-1
1224,5,-1,-1
1224,6,-1,-1
1224,7,-1,-1
1225,0,0,160
1225,1,0,160
1225,2,-1,-1
1225,3,-1,-1
1225,4,-1,-1
1225,5,-1,-1
1225,6,-1,-1
1225,7,-1,-1
1226,0,0,160
1226,1,0,160
1226,2,-1,-1
1226,3,-1,-1
1226,4,-1,-1
1226,5,-1,-1
1226,6,-1,-1
1226,7,-1,-1
1227,0,0,160
1227,1,0,160
1227,2,-1,-1
1227,3,-1,-1
1227,4,-1,-1
1227,5,-1,-1
1227,6,-1,-1
1227,7,-1,-1
1228,0,0,160
1228,1,0,160
1228,2,-1,-1
1228,3,-1,-1
1228,4,-1,-1
1228,5,-1,-1
1228,6,-1,-1
1228,7,-1,-1
1229,0,0,160
1229,1,0,160
1229,2,-1,-1
1229,3,-1,-1
1229,4,-1,-1
1229,5,-1,-1
1229,6,-1,-1
1229,7,-1,-1
1230,0,0,160
1230,1,0,160
1230,2,-1,-1
1230,3,-1,-1
1230,4,-1,-1
1230,5,-1,-1
1230,6,-1,-1
1230,7,-1,-1
1231,0,0,160
1231,1,0,160
1231,2,-1,-1
1231,3,-1,-1
1231,4,-1,-1
1231,5,-1,-1
1231,6,-1,-1
1231,7,-1,-1
1232,0,0,160
1232,1,0,160
1232,2,-1,-1
1232,3,-1,-1
1232,4,-1,-1
1232,5,-1,-1
1232,6,-1,-1
1232,7,-1,-1
1233,0,0,160
1233,1,0,160
1233,2,-1,-1
1233,3,-1,-1
1233,4,-1,-1
1233,5,-1,-1
1233,6,-1,-1
1233,7,-1,-1
1234,0,0,160
1234,1,0,160
1234,2,-1,-1
1234,3,-1,-1
1234,4,-1,-1
1234,5,-1,-1
1234,6,-1,-1
1234,7,-1,-1
1235,0,0,160
1235,1,0,160
1235,2,-1,-1
1235,3,-1,-1
1235,4,-1,-1
1235,5,-1,-1
1235,6,-1,-1
1235,7,-1,-1
1236,0,0,160
1236,1,0,160
1236,2,-1,-1
1236,3,-1,-1
1236,4,-1,-1
1236,5,-1,-1
1236,6,-1,-1
1236,7,-1,-1
1237,0,0,160
1237,1,0,160
1237,2,-1,-1
1237,3,-1,-1
1237,4,-1,-1
1237,5,-1,-1
1237,6,-1,-1
1237,7,-1,-1
1238,0,0,160
1238,1,0,160
1238,2,-1,-1
1238,3,-1,-1
1238,4,-1,-1
1238,5,-1,-1
1238,6,-1,-1
1238,7,-1,-1
1239,0,0,160
1239,1,0,160
1239,2,-1,-1
1239,3,-1,-1
1239,4,-1,-1
1239,5,-1,-1
1239,6,-1,-1
1239,7,-1,-1
1240,0,0,160
1240,1,0,160
1240,2,-1,-1
1240,3,-1,-1
1240,4,-1,-1
1240,5,-1,-1
1240,6,-1,-1
1240,7,-1,-1
1241,0,0,160
1241,1,0,160
1241,2,-1,-1
1241,3,-1,-1
1241,4,-1,-1
1241,5,-1,-1
1241,6,-1,-1
1241,7,-1,-1
1242,0,0,160
1242,1,0,160
1242,2,-1,-1
1242,3,-1,-1
1242,4,-1,-1
1242,5,-1,-1
1242,6,-1,-1
1242,7,-1,-1
1243,0,0,160
1243,1,0,160
1243,2,-1,-1
1243,3,-1,-1
1243,4,-1,-1
1243,5,-1,-1
1243,6,-1,-1
1243,7,-1,-1
1244,0,0,160
1244,1,0,160
1244,2,-1,-1
1244,3,-1,-1
1244,4,-1,-1
1244,5,-1,-1
1244,6,-1,-1
1244,7,-1,-1
1245,0,0,160
1245,1,0,160
1245,2,-1,-1
1245,3,-1,-1
1245,4,-1,-1
1245,5,-1,-1
1245,6,-1,-1
1245,7,-1,-1
1246,0,0,160
1246,1,0,160
1246,2,-1,-1
1246,3,-1,-1
1246,4,-1,-1
1246,5,-1,-1
1246,6,-1,-1
1246,7,-1,-1
1247,0,0,160
1247,1,0,160
1247,2,-1,-1
1247,3,-1,-1
1247,4,-1,-1
1247,5,-1,-1
1247,6,-1,-1
1247,7,-1,-1
1248,0,0,160
1248,1,0,160
1248,2,-1,-1
1248,3,-1,-1
1248,4,-1,-1
1248,5,-1,-1
1248,6,-1,-1
1248,7,-1,-1
1249,0,0,160
1249,1,0,160
1249,2,-1,-1
1249,3,-1,-1
1249,4,-1,-1
1249,5,-1,-1
1249,6,-1,-1
1249,7,-1,-1
1250,0,0,160
1250,1,0,160
1250,2,-1,-1
1250,3,-1,-1
1250,4,-1,-1
1250,5,-1,-1
1250,6,-1,-1
1250,7,-1,-1
1251,0,0,160
1251,1,0,160
1251,2,-1,-1
1251,3,-1,-1
1251,4,-1,-1
1251,5,-1,-1
1251,6,-1,-1
1251,7,-1,-1
1252,0,0,160
1252,1,0,160
1252,2,-1,-1
1252,3,-1,-1
1252,4,-1,-1
1252,5,-1,-1
1252,6,-1,-1
1252,7,-1,-1
1253,0,0,160
1253,1,0,160
1253,2,-1,-1
1253,3,-1,-1
1253,4,-1,-1
1253,5,-1,-1
1253,6,-1,-1
1253,7,-1,-1
1254,0,0,160
1254,1,0,160
1254,2,-1,-1
1254,3,-1,-1
1254,4,-1,-1
1254,5,-1,-1
1254,6,-1,-1
1254,7,-1,-1
1255,0,0,160
1255,1,0,160
1255,2,-1,-1
1255,3,-1,-1
1255,4,-1,-1
1255,5,-1,-1
1255,6,-1,-1
1255,7,-1,-1
1256,0,0,160
1256,1,0,160
1256,2,-1,-1
1256,3,-1,-1
1256,4,-1,-1
1256,5,-1,-1
1256,6,-1,-1
1256,7,-1,-1
1257,0,0,160
1257,1,0,160
1257,2,-1,-1
1257,3,-1,-1
1257,4,-1,-1
1257,5,-1,-1
1257,6,-1,-1
1257,7,-1,-1
1258,0,0,160
1258,1,0,160
1258,2,-1,-1
1258,3,-1,-1
1258,4,-1,-1
1258,5,-1,-1
1258,6,-1,-1
1258,7,-1,-1
1259,0,0,160
1259,1,0,160
1259,2,-1,-1
1259,3,-1,-1
1259,4,-1,-1
1259,5,-1,-1
1259,6,-1,-1
1259,7,-1,-1
1260,0,0,160
1260,1,0,160
1260,2,-1,-1
1260,3,-1,-1
1260,4,-1,-1
1260,5,-1,-1
1260,6,-1,-1
1260,7,-1,-1
1261,0,0,160
1261,1,0,160
1261,2,-1,-1
1261,3,-1,-1
1261,4,-1,-1
1261,5,-1,-1
1261,6,-1,-1
1261,7,-1,-1
1262,0,0,160
1262,1,0,160
1262,2,-1,-1
1262,3,-1,-1
1262,4,-1,-1
1262,5,-1,-1
1262,6,-1,-1
1262,7,-1,-1
1263,0,0,160
1263,1,0,160
1263,2,-1,-1
1263,3,-1,-1
1263,4,-1,-1
1263,5,-1,-1
1263,6,-1,-1
1263,7,-1,-1
1264,0,0,160
1264,1,0,160
1264,2,-1,-1
1264,3,-1,-1
1264,4,-1,-1
1264,5,-1,-1
1264,6,-1,-1
1264,7,-1,-1
1265,0,0,160
1265,1,0,160
1265,2,-1,-1
1265,3,-1,-1
1265,4,-1,-1
1265,5,-1,-1
1265,6,-1,-1
1265,7,-1,-1
1266,0,0,160
1266,1,0,160
1266,2,-1,-1
1266,3,-1,-1
1266,4,-1,-1
1266,5,-1,-1
1266,6,-1,-1
1266,7,-1,-1
1267,0,0,160
1267,1,0,160
1267,2,-1,-1
1267,3,-1,-1
1267,4,-1,-1
1267,5,-1,-1
1267,6,-1,-1
1267,7,-1,-1
1268,0,0,160
1268,1,0,160
1268,2,-1,-1
1268,3,-1,-1
1268,4,-1,-1
1268,5,-1,-1
1268,6,-1,-1
1268,7,-1,-1
1269,0,0,160
1269,1,0,160
1269,2,-1,-1
1269,3,-1,-1
1269,4,-1,-1
1269,5,-1,-1
1269,6,-1,-1
1269,7,-1,-1
1270,0,0,160
1270,1,0,160
1270,2,-1,-1
1270,3,-1,-1
1270,4,-1,-1
1270,5,-1,-1
1270,6,-1,-1
1270,7,-1,-1
1271,0,0,160
1271,1,0,160
1271,2,-1,-1
1271,3,-1,-1
1271,4,-1,-1
1271,5,-1,-1
1271,6,-1,-1
1271,7,-1,-1
1272,0,0,160
1272,1,0,160
1272,2,-1,-1
1272,3,-1,-1
1272,4,-1,-1
1272,5,-1,-1
1272,6,-1,-1
1272,7,-1,-1
1273,0,0,160
1273,1,0,160
1273,2,-1,-1
1273,3,-1,-1
1273,4,-1,-1
1273,5,-1,-1
1273,6,-1,-1
1273,7,-1,-1
1274,0,0,160
1274,1,0,160
1274,2,-1,-1
1274,3,-1,-1
1274,4,-1,-1
1274,5,-1,-1
1274,6,-1,-1
1274,7,-1,-1
1275,0,0,160
1275,1,0,160
1275,2,-1,-1
1275,3,-1,-1
1275,4,-1,-1
1275,5,-1,-1
1275,6,-1,-1
1275,7,-1,-1
1276,0,0,160
1276,1,0,160
1276,2,-1,-1
1276,3,-1,-1
1276,4,-1,-1
1276,5,-1,-1
1276,6,-1,-1
1276,7,-1,-1
1277,0,0,160
1277,1,0,160
1277,2,-1,-1
1277,3,-1,-1
1277,4,-1,-1
1277,5,-1,-1
1277,6,-1,-1
1277,7,-1,-1
1278,0,0,160
1278,1,0,160
1278,2,-1,-1
1278,3,-1,-1
1278,4,-1,-1
1278,5,-1,-1
1278,6,-1,-1
1278,7,-1,-1
1279,0,0,160
1279,1,0,160
1279,2,-1,-1
1279,3,-1,-1
1279,4,-1,-1
1279,5,-1,-1
1279,6,-1,-1
1279,7,-1,-1
1280,0,0,160
1280,1,0,160
1280,2,-1,-1
1280,3,-1,-1
1280,4,-1,-1
1280,5,-1,-1
1280,6,-1,-1
1280,7,-1,-1
1281,0,0,160
1281,1,0,160
1281,2,-1,-1
1281,3,-1,-1
1281,4,-1,-1
1281,5,-1,-1
1281,6,-1,-1
1281,7,-1,-1
1282,0,0,160
1282,1,0,160
1282,2,-1,-1
1282,3,-1,-1
1282,4,-1,-1
1282,5,-1,-1
1282,6,-1,-1
1282,7,-1,-1
1283,0,0,160
1283,1,0,160
1283,2,-1,-1
1283,3,-1,-1
1283,4,-1,-1
1283,5,-1,-1
1283,6,-1,-1
1283,7,-1,-1
1284,0,0,160
1284,1,0,160
1284,2,-1,-1
1284,3,-1,-1
1284,4,-1,-1
1284,5,-1,-1
1284,6,-1,-1
1284,7,-1,-1
1285,0,0,160
1285,1,0,160
1285,2,-1,-1
1285,3,-1,-1
1285,4,-1,-1
1285,5,-1,-1
1285,6,-1,-1
1285,7,-1,-1
1286,0,0,160
1286,1,0,160
1286,2,-1,-1
1286,3,-1,-1
1286,4,-1,-1
1286,5,-1,-1
1286,6,-1,-1
1286,7,-1,-1
1287,0,0,160
1287,1,0,160
1287,2,-1,-1
1287,3,-1,-1
1287,4,-1,-1
1287,5,-1,-1
1287,6,-1,-1
1287,7,-1,-1
1288,0,0,160
1288,1,0,160
1288,2,-1,-1
1288,3,-1,-1
1288,4,-1,-1
1288,5,-1,-1
1288,6,-1,-1
1288,7,-1,-1
1289,0,0,160
1289,1,0,160
1289,2,-1,-1
1289,3,-1,-1
1289,4,-1,-1
1289,5,-1,-1
1289,6,-1,-1
1289,7,-1,-1
1290,0,0,160
1290,1,0,160
1290,2,-1,-1
1290,3,-1,-1
1290,4,-1,-1
1290,5,-1,-1
1290,6,-1,-1
1290,7,-1,-1
1291,0,0,160
1291,1,0,160
1291,2,-1,-1
1291,3,-1,-1
1291,4,-1,-1
1291,5,-1,-1
1291,6,-1,-1
1291,7,-1,-1
1292,0,0,160
1292,1,0,160
1292,2,-1,-1
1292,3,-1,-1
1292,4,-1,-1
1292,5,-1,-1
1292,6,-1,-1
1292,7,-1,-1
1293,0,0,160
1293,1,0,160
1293,2,-1,-1
1293,3,-1,-1
1293,4,-1,-1
1293,5,-1,-1
1293,6,-1,-1
1293,7,-1,-1
1294,0,0,160
1294,1,0,160
1294,2,-1,-1
1294,3,-1,-1
1294,4,-1,-1
1294,5,-1,-1
1294,6,-1,-1
1294,7,-1,-1
1295,0,0,160
1295,1,0,160
1295,2,-1,-1
1295,3,-1,-1
1295,4,-1,-1
1295,5,-1,-1
1295,6,-1,-1
1295,7,-1,-1
1296,0,0,160
1296,1,0,160
1296,2,-1,-1
1296,3,-1,-1
1296,4,-1,-1
1296,5,-1,-1
1296,6,-1,-1
1296,7,-1,-1
1297,0,0,160
1297,1,0,160
1297,2,-1,-1
1297,3,-1,-1
1297,4,-1,-1
1297,5,-1,-1
1297,6,-1,-1
1297,7,-1,-1
1298,0,0,160
1298,1,0,160
1298,2,-1,-1
1298,3,-1,-1
1298,4,-1,-1
1298,5,-1,-1
1298,6,-1,-1
1298,7,-1,-1
1299,0,0,160
1299,1,0,160
1299,2,-1,-1
1299,3,-1,-1
1299,4,-1,-1
1299,5,-1,-1
1299,6,-1,-1
1299,7,-1,-1
1300,0,0,160
1300,1,0,160
1300,2,-1,-1
1300,3,-1,-1
1300,4,-1,-1
1300,5,-1,-1
1300,6,-1,-1
1300,7,-1,-1
1301,0,0,160
1301,1,0,160
1301,2,-1,-1
1301,3,-1,-1
1301,4,-1,-1
1301,5,-1,-1
1301,6,-1,-1
1301,7,-1,-1
1302,0,0,160
1302,1,0,160
1302,2,-1,-1
1302,3,-1,-1
1302,4,-1,-1
1302,5,-1,-1
1302,6,-1,-1
1302,7,-1,-1
1303,0,0,160
1303,1,0,160
1303,2,-1,-1
1303,3,-1,-1
1303,4,-1,-1
1303,5,-1,-1
1303,6,-1,-1
1303,7,-1,-1
1304,0,0,160
1304,1,0,160
1304,2,-1,-1
1304,3,-1,-1
1304,4,-1,-1
1304,5,-1,-1
1304,6,-1,-1
1304,7,-1,-1
1305,0,0,160
1305,1,0,160
1305,2,-1,-1
1305,3,-1,-1
1305,4,-1,-1
1305,5,-1,-1
1305,6,-1,-1
1305,7,-1,-1
1306,0,0,160
1306,1,0,160
1306,2,-1,-1
1306,3,-1,-1
1306,4,-1,-1
1306,5,-1,-1
1306,6,-1,-1
1306,7,-1,-1
1307,0,0,160
1307,1,0,160
1307,2,-1,-1
1307,3,-1,-1
1307,4,-1,-1
1307,5,-1,-1
1307,6,-1,-1
1307,7,-1,-1
1308,0,0,160
1308,1,0,160
1308,2,-1,-1
1308,3,-1,-1
1308,4,-1,-1
1308,5,-1,-1
1308,6,-1,-1
1308,7,-1,-1
1309,0,0,160
1309,1,0,160
1309,2,-1,-1
1309,3,-1,-1
1309,4,-1,-1
1309,5,-1,-1
1309,6,-1,-1
1309,7,-1,-1
1310,0,0,160
1310,1,0,160
1310,2,-1,-1
1310,3,-1,-1
1310,4,-1,-1
1310,5,-1,-1
1310,6,-1,-1
1310,7,-1,-1
1311,0,0,160
1311,1,0,160
1311,2,-1,-1
1311,3,-1,-1
1311,4,-1,-1
1311,5,-1,-1
1311,6,-1,-1
1311,7,-1,-1
1312,0,0,160
1312,1,0,160
1312,2,-1,-1
1312,3,-1,-1
1312,4,-1,-1
1312,5,-1,-1
1312,6,-1,-1
1312,7,-1,-1
1313,0,0,160
1313,1,0,160
1313,2,-1,-1
1313,3,-1,-1
1313,4,-1,-1
1313,5,-1,-1
1313,6,-1,-1
1313,7,-1,-1
1314,0,0,160
1314,1,0,160
1314,2,-1,-1
1314,3,-1,-1
1314,4,-1,-1
1314,5,-1,-1
1314,6,-1,-1
1314,7,-1,-1
1315,0,0,160
1315,1,0,160
1315,2,-1,-1
1315,3,-1,-1
1315,4,-1,-1
1315,5,-1,-1
1315,6,-1,-1
1315,7,-1,-1
1316,0,0,160
1316,1,0,160
1316,2,-1,-1
1316,3,-1,-1
1316,4,-1,-1
1316,5,-1,-1
1316,6,-1,-1
1316,7,-1,-1
1317,0,0,160
1317,1,0,160
1317,2,-1,-1
1317,3,-1,-1
1317,4,-1,-1
1317,5,-1,-1
1317,6,-1,-1
1317,7,-1,-1
1318,0,0,160
1318,1,0,160
1318,2,-1,-1
1318,3,-1,-1
1318,4,-1,-1
1318,5,-1,-1
1318,6,-1,-1
1318,7,-1,-1
1319,0,0,160
1319,1,0,160
1319,2,-1,-1
1319,3,-1,-1
1319,4,-1,-1
1319,5,-1,-1
1319,6,-1,-1
1319,7,-1,-1
1320,0,0,160
1320,1,0,160
1320,2,-1,-1
1320,3,-1,-1
1320,4,-1,-1
1320,5,-1,-1
1320,6,-1,-1
1320,7,-1,-1
1321,0,0,160
1321,1,0,160
1321,2,-1,-1
1321,3,-1,-1
1321,4,-1,-1
1321,5,-1,-1
1321,6,-1,-1
1321,7,-1,-1
1322,0,0,160
1322,1,0,160
1322,2,-1,-1
1322,3,-1,-1
1322,4,-1,-1
1322,5,-1,-1
1322,6,-1,-1
1322,7,-1,-1
1323,0,0,160
1323,1,0,160
1323,2,-1,-1
1323,3,-1,-1
1323,4,-1,-1
1323,5,-1,-1
1323,6,-1,-1
1323,7,-1,-1
1324,0,0,160
1324,1,0,160
1324,2,-1,-1
1324,3,-1,-1
1324,4,-1,-1
1324,5,-1,-1
1324,6,-1,-1
1324,7,-1,-1
1325,0,0,160
1325,1,0,160
1325,2,-1,-1
1325,3,-1,-1
1325,4,-1,-1
1325,5,-1,-1
1325,6,-1,-1
1325,7,-1,-1
1326,0,0,160
1326,1,0,160
1326,2,-1,-1
1326,3,-1,-1
1326,4,-1,-1
1326,5,-1,-1
1326,6,-1,-1
1326,7,-1,-1
1327,0,0,160
1327,1,0,160
1327,2,-1,-1
1327,3,-1,-1
1327,4,-1,-1
1327,5,-1,-1
1327,6,-1,-1
1327,7,-1,-1
1328,0,0,160
1328,1,0,160
1328,2,-1,-1
1328,3,-1,-1
1328,4,-1,-1
1328,5,-1,-1
1328,6,-1,-1
1328,7,-1,-1
1329,0,0,160
1329,1,0,160
1329,2,-1,-1
1329,3,-1,-1
1329,4,-1,-1
1329,5,-1,-1
1329,6,-1,-1
1329,7,-1,-1
1330,0,0,160
1330,1,0,160
1330,2,-1,-1
1330,3,-1,-1
1330,4,-1,-1
1330,5,-1,-1
1330,6,-1,-1
1330,7,-1,-1
1331,0,0,160
1331,1,0,160
1331,2,-1,-1
1331,3,-1,-1
1331,4,-1,-1
1331,5,-1,-1
1331,6,-1,-1
1331,7,-1,-1
1332,0,0,160
1332,1,0,160
1332,2,-1,-1
1332,3,-1,-1
1332,4,-1,-1
1332,5,-1,-1
1332,6,-1,-1
1332,7,-1,-1
1333,0,0,160
1333,1,0,160
1333,2,-1,-1
1333,3,-1,-1
1333,4,-1,-1
1333,5,-1,-1
1333,6,-1,-1
1333,7,-1,-1
1334,0,0,160
1334,1,0,160
1334,2,-1,-1
1334,3,-1,-1
1334,4,-1,-1
1334,5,-1,-1
1334,6,-1,-1
1334,7,-1,-1
1335,0,0,160
1335,1,0,160
1335,2,-1,-1
1335,3,-1,-1
1335,4,-1,-1
1335,5,-1,-1
1335,6,-1,-1
1335,7,-1,-1
1336,0,0,160
1336,1,0,160
1336,2,-1,-1
1336,3,-1,-1
1336,4,-1,-1
1336,5,-1,-1
1336,6,-1,-1
1336,7,-1,-1
1337,0,0,160
1337,1,0,160
1337,2,-1,-1
1337,3,-1,-1
1337,4,-1,-1
1337,5,-1,-1
1337,6,-1,-1
1337,7,-1,-1
1338,0,0,160
1338,1,0,160
1338,2,-1,-1
1338,3,-1,-1
1338,4,-1,-1
1338,5,-1,-1
1338,6,-1,-1
1338,7,-1,-1
1339,0,0,160
1339,1,0,160
1339,2,-1,-1
1339,3,-1,-1
1339,4,-1,-1
1339,5,-1,-1
1339,6,-1,-1
1339,7,-1,-1
1340,0,0,160
1340,1,0,160
1340,2,-1,-1
1340,3,-1,-1
1340,4,-1,-1
1340,5,-1,-1
1340,6,-1,-1
1340,7,-1,-1
1341,0,0,160
1341,1,0,160
1341,2,-1,-1
1341,3,-1,-1
1341,4,-1,-1
1341,5,-1,-1
1341,6,-1,-1
1341,7,-1,-1
1342,0,0,160
1342,1,0,160
1342,2,-1,-1
1342,3,-1,-1
1342,4,-1,-1
1342,5,-1,-1
1342,6,-1,-1
1342,7,-1,-1
1343,0,0,160
1343,1,0,160
1343,2,-1,-1
1343,3,-1,-1
1343,4,-1,-1
1343,5,-1,-1
1343,6,-1,-1
1343,7,-1,-1
1344,0,0,160
1344,1,0,160
1344,2,-1,-1
1344,3,-1,-1
1344,4,-1,-1
1344,5,-1,-1
1344,6,-1,-1
1344,7,-1,-1
1345,0,0,160
1345,1,0,160
1345,2,-1,-1
1345,3,-1,-1
1345,4,-1,-1
1345,5,-1,-1
1345,6,-1,-1
1345,7,-1,-1
1346,0,0,160
1346,1,0,160
1346,2,-1,-1
1346,3,-1,-1
1346,4,-1,-1
1346,5,-1,-1
1346,6,-1,-1
1346,7,-1,-1
1347,0,0,160
1347,1,0,160
1347,2,-1,-1
1347,3,-1,-1
1347,4,-1,-1
1347,5,-1,-1
1347,6,-1,-1
1347,7,-1,-1
1348,0,0,160
1348,1,0,160
1348,2,-1,-1
1348,3,-1,-1
1348,4,-1,-1
1348,5,-1,-1
1348,6,-1,-1
1348,7,-1,-1
1349,0,0,160
1349,1,0,160
1349,2,-1,-1
1349,3,-1,-1
1349,4,-1,-1
1349,5,-1,-1
1349,6,-1,-1
1349,7,-1,-1
1350,0,0,160
1350,1,0,160
1350,2,-1,-1
1350,3,-1,-1
1350,4,-1,-1
1350,5,-1,-1
1350,6,-1,-1
1350,7,-1,-1
1351,0,0,160
1351,1,0,160
1351,2,-1,-1
1351,3,-1,-1
1351,4,-1,-1
1351,5,-1,-1
1351,6,-1,-1
1351,7,-1,-1
1352,0,0,160
1352,1,0,160
1352,2,-1,-1
1352,3,-1,-1
1352,4,-1,-1
1352,5,-1,-1
1352,6,-1,-1
1352,7,-1,-1
1353,0,0,160
1353,1,0,160
1353,2,-1,-1
1353,3,-1,-1
1353,4,-1,-1
1353,5,-1,-1
1353,6,-1,-1
1353,7,-1,-1
1354,0,0,160
1354,1,0,160
1354,2,-1,-1
1354,3,-1,-1
1354,4,-1,-1
1354,5,-1,-1
1354,6,-1,-1
1354,7,-1,-1
1355,0,0,160
1355,1,0,160
1355,2,-1,-1
1355,3,-1,-1
1355,4,-1,-1
1355,5,-1,-1
1355,6,-1,-1
1355,7,-1,-1
1356,0,0,160
1356,1,0,160
1356,2,-1,-1
1356,3,-1,-1
1356,4,-1,-1
1356,5,-1,-1
1356,6,-1,-1
1356,7,-1,-1
1357,0,0,160
1357,1,0,160
1357,2,-1,-1
1357,3,-1,-1
1357,4,-1,-1
1357,5,-1,-1
1357,6,-1,-1
1357,7,-1,-1
1358,0,0,160
1358,1,0,160
1358,2,-1,-1
1358,3,-1,-1
1358,4,-1,-1
1358,5,-1,-1
1358,6,-1,-1
1358,7,-1,-1
1359,0,0,160
1359,1,0,160
1359,2,-1,-1
1359,3,-1,-1
1359,4,-1,-1
1359,5,-1,-1
1359,6,-1,-1
1359,7,-1,-1
1360,0,0,160
1360,1,0,160
1360,2,-1,-1
1360,3,-1,-1
1360,4,-1,-1
1360,5,-1,-1
1360,6,-1,-1
1360,7,-1,-1
1361,0,0,160
1361,1,0,160
1361,2,-1,-1
1361,3,-1,-1
1361,4,-1,-1
1361,5,-1,-1
1361,6,-1,-1
1361,7,-1,-1
1362,0,0,160
1362,1,0,160
1362,2,-1,-1
1362,3,-1,-1
1362,4,-1,-1
1362,5,-1,-1
1362,6,-1,-1
1362,7,-1,-1
1363,0,0,160
1363,1,0,160
1363,2,-1,-1
1363,3,-1,-1
1363,4,-1,-1
1363,5,-1,-1
1363,6,-1,-1
1363,7,-1,-1
1364,0,0,160
1364,1,0,160
1364,2,-1,-1
1364,3,-1,-1
1364,4,-1,-1
1364,5,-1,-1
1364,6,-1,-1
1364,7,-1,-1
1365,0,0,160
1365,1,0,160
1365,2,-1,-1
1365,3,-1,-1
1365,4,-1,-1
1365,5,-1,-1
1365,6,-1,-1
1365,7,-1,-1
1366,0,0,160
1366,1,0,160
1366,2,-1,-1
1366,3,-1,-1
1366,4,-1,-1
1366,5,-1,-1
1366,6,-1,-1
1366,7,-1,-1
1367,0,0,160
1367,1,0,160
1367,2,-1,-1
1367,3,-1,-1
1367,4,-1,-1
1367,5,-1,-1
1367,6,-1,-1
1367,7,-1,-1
1368,0,0,160
1368,1,0,160
1368,2,-1,-1
1368,3,-1,-1
1368,4,-1,-1
1368,5,-1,-1
1368,6,-1,-1
1368,7,-1,-1
1369,0,0,160
1369,1,0,160
1369,2,-1,-1
1369,3,-1,-1
1369,4,-1,-1
1369,5,-1,-1
1369,6,-1,-1
1369,7,-1,-1
1370,0,0,160
1370,1,0,160
1370,2,-1,-1
1370,3,-1,-1
1370,4,-1,-1
1370,5,-1,-1
1370,6,-1,-1
1370,7,-1,-1
1371,0,0,160
1371,1,0,160
1371,2,-1,-1
1371,3,-1,-1
1371,4,-1,-1
1371,5,-1,-1
1371,6,-1,-1
1371,7,-1,-1
1372,0,0,160
1372,1,0,160
1372,2,-1,-1
1372,3,-1,-1
1372,4,-1,-1
1372,5,-1,-1
1372,6,-1,-1
1372,7,-1,-1
1373,0,0,160
1373,1,0,160
1373,2,-1,-1
1373,3,-1,-1
1373,4,-1,-1
1373,5,-1,-1
1373,6,-1,-1
1373,7,-1,-1
1374,0,0,160
1374,1,0,160
1374,2,-1,-1
1374,3,-1,-1
1374,4,-1,-1
1374,5,-1,-1
1374,6,-1,-1
1374,7,-1,-1
1375,0,0,160
1375,1,0,160
1375,2,-1,-1
1375,3,-1,-1
1375,4,-1,-1
1375,5,-1,-1
1375,6,-1,-1
1375,7,-1,-1
1376,0,0,160
1376,1,0,160
1376,2,-1,-1
1376,3,-1,-1
1376,4,-1,-1
1376,5,-1,-1
1376,6,-1,-1
1376,7,-1,-1
1377,0,0,160
1377,1,0,160
1377,2,-1,-1
1377,3,-1,-1
1377,4,-1,-1
1377,5,-1,-1
1377,6,-1,-1
1377,7,-1,-1
1378,0,0,160
1378,1,0,160
1378,2,-1,-1
1378,3,-1,-1
1378,4,-1,-1
1378,5,-1,-1
1378,6,-1,-1
1378,7,-1,-1
1379,0,0,160
1379,1,0,160
1379,2,-1,-1
1379,3,-1,-1
1379,4,-1,-1
1379,5,-1,-1
1379,6,-1,-1
1379,7,-1,-1
1380,0,0,160
1380,1,0,160
1380,2,-1,-1
1380,3,-1,-1
1380,4,-1,-1
1380,5,-1,-1
1380,6,-1,-1
1380,7,-1,-1
1381,0,0,160
1381,1,0,160
1381,2,-1,-1
1381,3,-1,-1
1381,4,-1,-1
1381,5,-1,-1
1381,6,-1,-1
1381,7,-1,-1
1382,0,0,160
1382,1,0,160
1382,2,-1,-1
1382,3,-1,-1
1382,4,-1,-1
1382,5,-1,-1
1382,6,-1,-1
1382,7,-1,-1
1383,0,0,160
1383,1,0,160
1383,2,-1,-1
1383,3,-1,-1
1383,4,-1,-1
1383,5,-1,-1
1383,6,-1,-1
1383,7,-1,-1
1384,0,0,160
1384,1,0,160
1384,2,-1,-1
1384,3,-1,-1
1384,4,-1,-1
1384,5,-1,-1
1384,6,-1,-1
1384,7,-1,-1
1385,0,0,160
1385,1,0,160
1385,2,-1,-1
1385,3,-1,-1
1385,4,-1,-1
1385,5,-1,-1
1385,6,-1,-1
1385,7,-1,-1
1386,0,0,160
1386,1,0,160
1386,2,-1,-1
1386,3,-1,-1
1386,4,-1,-1
1386,5,-1,-1
1386,6,-1,-1
1386,7,-1,-1
1387,0,0,160
1387,1,0,160
1387,2,-1,-1
1387,3,-1,-1
1387,4,-1,-1
1387,5,-1,-1
1387,6,-1,-1
1387,7,-1,-1
1388,0,0,160
1388,1,0,160
1388,2,-1,-1
1388,3,-1,-1
1388,4,-1,-1
1388,5,-1,-1
1388,6,-1,-1
1388,7,-1,-1
1389,0,0,160
1389,1,0,160
1389,2,-1,-1
1389,3,-1,-1
1389,4,-1,-1
1389,5,-1,-1
1389,6,-1,-1
1389,7,-1,-1
1390,0,0,160
1390,1,0,160
1390,2,-1,-1
1390,3,-1,-1
1390,4,-1,-1
1390,5,-1,-1
1390,6,-1,-1
1390,7,-1,-1
1391,0,0,160
1391,1,0,160
1391,2,-1,-1
1391,3,-1,-1
1391,4,-1,-1
1391,5,-1,-1
1391,6,-1,-1
1391,7,-1,-1
1392,0,0,160
1392,1,0,160
1392,2,-1,-1
1392,3,-1,-1
1392,4,-1,-1
1392,5,-1,-1
1392,6,-1,-1
1392,7,-1,-1
1393,0,0,160
1393,1,0,160
1393,2,-1,-1
1393,3,-1,-1
1393,4,-1,-1
1393,5,-1,-1
1393,6,-1,-1
1393,7,-1,-1
1394,0,0,160
1394,1,0,160
1394,2,-1,-1
1394,3,-1,-1
1394,4,-1,-1
1394,5,-1,-1
1394,6,-1,-1
1394,7,-1,-1
1395,0,0,160
1395,1,0,160
1395,2,-1,-1
1395,3,-1,-1
1395,4,-1,-1
1395,5,-1,-1
1395,6,-1,-1
1395,7,-1,-1
1396,0,0,160
1396,1,0,160
1396,2,-1,-1
1396,3,-1,-1
1396,4,-1,-1
1396,5,-1,-1
1396,6,-1,-1
1396,7,-1,-1
1397,0,0,160
1397,1,0,160
1397,2,-1,-1
1397,3,-1,-1
1397,4,-1,-1
1397,5,-1,-1
1397,6,-1,-1
1397,7,-1,-1
1398,0,0,160
1398,1,0,160
1398,2,-1,-1
1398,3,-1,-1
1398,4,-1,-1
1398,5,-1,-1
1398,6,-1,-1
1398,7,-1,-1
1399,0,0,160
1399,1,0,160
1399,2,-1,-1
1399,3,-1,-1
1399,4,-1,-1
1399,5,-1,-1
1399,6,-1,-1
1399,7,-1,-1
1400,0,0,160
1400,1,0,160
1400,2,-1,-1
1400,3,-1,-1
1400,4,-1,-1
1400,5,-1,-1
1400,6,-1,-1
1400,7,-1,-1
1401,0,0,160
1401,1,0,160
1401,2,-1,-1
1401,3,-1,-1
1401,4,-1,-1
1401,5,-1,-1
1401,6,-1,-1
1401,7,-1,-1
1402,0,0,160
1402,1,0,160
1402,2,-1,-1
1402,3,-1,-1
1402,4,-1,-1
1402,5,-1,-1
1402,6,-1,-1
1402,7,-1,-1
1403,0,0,160
1403,1,0,160
1403,2,-1,-1
1403,3,-1,-1
1403,4,-1,-1
1403,5,-1,-1
1403,6,-1,-1
1403,7,-1,-1
1404,0,0,160
1404,1,0,160
1404,2,-1,-1
1404,3,-1,-1
1404,4,-1,-1
1404,5,-1,-1
1404,6,-1,-1
1404,7,-1,-1
1405,0,0,160
1405,1,0,160
1405,2,-1,-1
1405,3,-1,-1
1405,4,-1,-1
1405,5,-1,-1
1405,6,-1,-1
1405,7,-1,-1
1406,0,0,160
1406,1,0,160
1406,2,-1,-1
1406,3,-1,-1
1406,4,-1,-1
1406,5,-1,-1
1406,6,-1,-1
1406,7,-1,-1
1407,0,0,160
1407,1,0,160
1407,2,-1,-1
1407,3,-1,-1
1407,4,-1,-1
1407,5,-1,-1
1407,6,-1,-1
1407,7,-1,-1
1408,0,0,160
1408,1,0,160
1408,2,-1,-1
1408,3,-1,-1
1408,4,-1,-1
1408,5,-1,-1
1408,6,-1,-1
1408,7,-1,-1
1409,0,0,160
1409,1,0,160
1409,2,-1,-1
1409,3,-1,-1
1409,4,-1,-1
1409,5,-1,-1
1409,6,-1,-1
1409,7,-1,-1
1410,0,0,160
1410,1,0,160
1410,2,-1,-1
1410,3,-1,-1
1410,4,-1,-1
1410,5,-1,-1
1410,6,-1,-1
1410,7,-1,-1
1411,0,0,160
1411,1,0,160
1411,2,-1,-1
1411,3,-1,-1
1411,4,-1,-1
1411,5,-1,-1
1411,6,-1,-1
1411,7,-1,-1
1412,0,0,160
1412,1,0,160
1412,2,-1,-1
1412,3,-1,-1
1412,4,-1,-1
1412,5,-1,-1
1412,6,-1,-1
1412,7,-1,-1
1413,0,0,160
1413,1,0,160
1413,2,-1,-1
1413,3,-1,-1
1413,4,-1,-1
1413,5,-1,-1
1413,6,-1,-1
1413,7,-1,-1
1414,0,0,160
1414,1,0,160
1414,2,-1,-1
1414,3,-1,-1
1414,4,-1,-1
1414,5,-1,-1
1414,6,-1,-1
1414,7,-1,-1
1415,0,0,160
1415,1,0,160
1415,2,-1,-1
1415,3,-1,-1
1415,4,-1,-1
1415,5,-1,-1
1415,6,-1,-1
1415,7,-1,-1
1416,0,0,160
1416,1,0,160
1416,2,-1,-1
1416,3,-1,-1
1416,4,-1,-1
1416,5,-1,-1
1416,6,-1,-1
1416,7,-1,-1
1417,0,0,160
1417,1,0,160
1417,2,-1,-1
1417,3,-1,-1
1417,4,-1,-1
1417,5,-1,-1
1417,6,-1,-1
1417,7,-1,-1
1418,0,0,160
1418,1,0,160
1418,2,-1,-1
1418,3,-1,-1
1418,4,-1,-1
1418,5,-1,-1
1418,6,-1,-1
1418,7,-1,-1
1419,0,0,160
1419,1,0,160
1419,2,-1,-1
1419,3,-1,-1
1419,4,-1,-1
1419,5,-1,-1
1419,6,-1,-1
1419,7,-1,-1
1420,0,0,160
1420,1,0,160
1420,2,-1,-1
1420,3,-1,-1
1420,4,-1,-1
1420,5,-1,-1
1420,6,-1,-1
1420,7,-1,-1
1421,0,0,160
1421,1,0,160
1421,2,-1,-1
1421,3,-1,-1
1421,4,-1,-1
1421,5,-1,-1
1421,6,-1,-1
1421,7,-1,-1
1422,0,0,160
1422,1,0,160
1422,2,-1,-1
1422,3,-1,-1
1422,4,-1,-1
1422,5,-1,-1
1422,6,-1,-1
1422,7,-1,-1
1423,0,0,160
1423,1,0,160
1423,2,-1,-1
1423,3,-1,-1
1423,4,-1,-1
1423,5,-1,-1
1423,6,-1,-1
1423,7,-1,-1
1424,0,0,160
1424,1,0,160
1424,2,-1,-1
1424,3,-1,-1
1424,4,-1,-1
1424,5,-1,-1
1424,6,-1,-1
1424,7,-1,-1
1425,0,0,160
1425,1,0,160
1425,2,-1,-1
1425,3,-1,-1
1425,4,-1,-1
1425,5,-1,-1
1425,6,-1,-1
1425,7,-1,-1
1426,0,0,160
1426,1,0,160
1426,2,-1,-1
1426,3,-1,-1
1426,4,-1,-1
1426,5,-1,-1
1426,6,-1,-1
1426,7,-1,-1
1427,0,0,160
1427,1,0,160
1427,2,-1,-1
1427,3,-1,-1
1427,4,-1,-1
1427,5,-1,-1
1427,6,-1,-1
1427,7,-1,-1
1428,0,0,160
1428,1,0,160
1428,2,-1,-1
1428,3,-1,-1
1428,4,-1,-1
1428,5,-1,-1
1428,6,-1,-1
1428,7,-1,-1
1429,0,0,160
1429,1,0,160
1429,2,-1,-1
1429,3,-1,-1
1429,4,-1,-1
1429,5,-1,-1
1429,6,-1,-1
1429,7,-1,-1
1430,0,0,160
1430,1,0,160
1430,2,-1,-1
1430,3,-1,-1
1430,4,-1,-1
1430,5,-1,-1
1430,6,-1,-1
1430,7,-1,-1
1431,0,0,160
1431,1,0,160
1431,2,-1,-1
1431,3,-1,-1
1431,4,-1,-1
1431,5,-1,-1
1431,6,-1,-1
1431,7,-1,-1
1432,0,0,160
1432,1,0,160
1432,2,-1,-1
1432,3,-1,-1
1432,4,-1,-1
1432,5,-1,-1
1432,6,-1,-1
1432,7,-1,-1
1433,0,0,160
1433,1,0,160
1433,2,-1,-1
1433,3,-1,-1
1433,4,-1,-1
1433,5,-1,-1
1433,6,-1,-1
1433,7,-1,-1
1434,0,0,160
1434,1,0,160
1434,2,-1,-1
1434,3,-1,-1
1434,4,-1,-1
1434,5,-1,-1
1434,6,-1,-1
1434,7,-1,-1
1435,0,0,160
1435,1,0,160
1435,2,-1,-1
1435,3,-1,-1
1435,4,-1,-1
1435,5,-1,-1
1435,6,-1,-1
1435,7,-1,-1
1436,0,0,160
1436,1,0,160
1436,2,-1,-1
1436,3,-1,-1
1436,4,-1,-1
1436,5,-1,-1
1436,6,-1,-1
1436,7,-1,-1
1437,0,0,160
1437,1,0,160
1437,2,-1,-1
1437,3,-1,-1
1437,4,-1,-1
1437,5,-1,-1
1437,6,-1,-1
1437,7,-1,-1
1438,0,0,160
1438,1,0,160
1438,2,-1,-1
1438,3,-1,-1
1438,4,-1,-1
1438,5,-1,-1
1438,6,-1,-1
1438,7,-1,-1
1439,0,0,160
1439,1,0,160
1439,2,-1,-1
1439,3,-1,-1
1439,4,-1,-1
1439,5,-1,-1
1439,6,-1,-1
1439,7,-1,-1
1440,0,0,160
1440,1,0,160
1440,2,-1,-1
1440,3,-1,-1
1440,4,-1,-1
1440,5,-1,-1
1440,6,-1,-1
1440,7,-1,-1
1441,0,0,160
1441,1,0,160
1441,2,-1,-1
1441,3,-1,-1
1441,4,-1,-1
1441,5,-1,-1
1441,6,-1,-1
1441,7,-1,-1
1442,0,0,160
1442,1,0,160
1442,2,-1,-1
1442,3,-1,-1
1442,4,-1,-1
1442,5,-1,-1
1442,6,-1,-1
1442,7,-1,-1
1443,0,0,160
1443,1,0,160
1443,2,-1,-1
1443,3,-1,-1
1443,4,-1,-1
1443,5,-1,-1
1443,6,-1,-1
1443,7,-1,-1
1444,0,0,160
1444,1,0,160
1444,2,-1,-1
1444,3,-1,-1
1444,4,-1,-1
1444,5,-1,-1
1444,6,-1,-1
1444,7,-1,-1
1445,0,0,160
1445,1,0,160
1445,2,-1,-1
1445,3,-1,-1
1445,4,-1,-1
1445,5,-1,-1
1445,6,-1,-1
1445,7,-1,-1
1446,0,0,160
1446,1,0,160
1446,2,-1,-1
1446,3,-1,-1
1446,4,-1,-1
1446,5,-1,-1
1446,6,-1,-1
1446,7,-1,-1
1447,0,0,160
1447,1,0,160
1447,2,-1,-1
1447,3,-1,-1
1447,4,-1,-1
1447,5,-1,-1
1447,6,-1,-1
1447,7,-1,-1
1448,0,0,160
1448,1,0,160
1448,2,-1,-1
1448,3,-1,-1
1448,4,-1,-1
1448,5,-1,-1
1448,6,-1,-1
1448,7,-1,-1
1449,0,0,160
1449,1,0,160
1449,2,-1,-1
1449,3,-1,-1
1449,4,-1,-1
1449,5,-1,-1
1449,6,-1,-1
1449,7,-1,-1
1450,0,0,160
1450,1,0,160
1450,2,-1,-1
1450,3,-1,-1
1450,4,-1,-1
1450,5,-1,-1
1450,6,-1,-1
1450,7,-1,-1
1451,0,0,160
1451,1,0,160
1451,2,-1,-1
1451,3,-1,-1
1451,4,-1,-1
1451,5,-1,-1
1451,6,-1,-1
1451,7,-1,-1
1452,0,0,160
1452,1,0,160
1452,2,-1,-1
1452,3,-1,-1
1452,4,-1,-1
1452,5,-1,-1
1452,6,-1,-1
1452,7,-1,-1
1453,0,0,160
1453,1,0,160
1453,2,-1,-1
1453,3,-1,-1
1453,4,-1,-1
1453,5,-1,-1
1453,6,-1,-1
1453,7,-1,-1
1454,0,0,160
1454,1,0,160
1454,2,-1,-1
1454,3,-1,-1
1454,4,-1,-1
1454,5,-1,-1
1454,6,-1,-1
1454,7,-1,-1
1455,0,0,160
1455,1,0,160
1455,2,-1,-1
1455,3,-1,-1
1455,4,-1,-1
1455,5,-1,-1
1455,6,-1,-1
1455,7,-1,-1
1456,0,0,160
1456,1,0,160
1456,2,-1,-1
1456,3,-1,-1
1456,4,-1,-1
1456,5,-1,-1
1456,6,-1,-1
1456,7,-1,-1
1457,0,0,160
1457,1,0,160
1457,2,-1,-1
1457,3,-1,-1
1457,4,-1,-1
1457,5,-1,-1
1457,6,-1,-1
1457,7,-1,-1
1458,0,0,160
1458,1,0,160
1458,2,-1,-1
1458,3,-1,-1
1458,4,-1,-1
1458,5,-1,-1
1458,6,-1,-1
1458,7,-1,-1
1459,0,0,160
1459,1,0,160
1459,2,-1,-1
1459,3,-1,-1
1459,4,-1,-1
1459,5,-1,-1
1459,6,-1,-1
1459,7,-1,-1
1460,0,0,160
1460,1,0,160
1460,2,-1,-1
1460,3,-1,-1
1460,4,-1,-1
1460,5,-1,-1
1460,6,-1,-1
1460,7,-1,-1
1461,0,0,160
1461,1,0,160
1461,2,-1,-1
1461,3,-1,-1
1461,4,-1,-1
1461,5,-1,-1
1461,6,-1,-1
1461,7,-1,-1
1462,0,0,160
1462,1,0,160
1462,2,-1,-1
1462,3,-1,-1
1462,4,-1,-1
1462,5,-1,-1
1462,6,-1,-1
1462,7,-1,-1
1463,0,0,160
1463,1,0,160
1463,2,-1,-1
1463,3,-1,-1
1463,4,-1,-1
1463,5,-1,-1
1463,6,-1,-1
1463,7,-1,-1
1464,0,0,160
1464,1,0,160
1464,2,-1,-1
1464,3,-1,-1
1464,4,-1,-1
1464,5,-1,-1
1464,6,-1,-1
1464,7,-1,-1
1465,0,0,160
1465,1,0,160
1465,2,-1,-1
1465,3,-1,-1
1465,4,-1,-1
1465,5,-1,-1
1465,6,-1,-1
1465,7,-1,-1
1466,0,0,160
1466,1,0,160
1466,2,-1,-1
1466,3,-1,-1
1466,4,-1,-1
1466,5,-1,-1
1466,6,-1,-1
1466,7,-1,-1
1467,0,0,160
1467,1,0,160
1467,2,-1,-1
1467,3,-1,-1
1467,4,-1,-1
1467,5,-1,-1
1467,6,-1,-1
1467,7,-1,-1
1468,0,0,160
1468,1,0,160
1468,2,-1,-1
1468,3,-1,-1
1468,4,-1,-1
1468,5,-1,-1
1468,6,-1,-1
1468,7,-1,-1
1469,0,0,160
1469,1,0,160
1469,2,-1,-1
1469,3,-1,-1
1469,4,-1,-1
1469,5,-1,-1
1469,6,-1,-1
1469,7,-1,-1
1470,0,0,160
1470,1,0,160
1470,2,-1,-1
1470,3,-1,-1
1470,4,-1,-1
1470,5,-1,-1
1470,6,-1,-1
1470,7,-1,-1
1471,0,0,160
1471,1,0,160
1471,2,-1,-1
1471,3,-1,-1
1471,4,-1,-1
1471,5,-1,-1
1471,6,-1,-1
1471,7,-1,-1
1472,0,0,160
1472,1,0,160
1472,2,-1,-1
1472,3,-1,-1
1472,4,-1,-1
1472,5,-1,-1
1472,6,-1,-1
1472,7,-1,-1
1473,0,0,160
1473,1,0,160
1473,2,-1,-1
1473,3,-1,-1
1473,4,-1,-1
1473,5,-1,-1
1473,6,-1,-1
1473,7,-1,-1
1474,0,0,160
1474,1,0,160
1474,2,-1,-1
1474,3,-1,-1
1474,4,-1,-1
1474,5,-1,-1
1474,6,-1,-1
1474,7,-1,-1
1475,0,0,160
1475,1,0,160
1475,2,-1,-1
1475,3,-1,-1
1475,4,-1,-1
1475,5,-1,-1
1475,6,-1,-1
1475,7,-1,-1
1476,0,0,160
1476,1,0,160
1476,2,-1,-1
1476,3,-1,-1
1476,4,-1,-1
1476,5,-1,-1
1476,6,-1,-1
1476,7,-1,-1
1477,0,0,160
1477,1,0,160
1477,2,-1,-1
1477,3,-1,-1
1477,4,-1,-1
1477,5,-1,-1
1477,6,-1,-1
1477,7,-1,-1
1478,0,0,160
1478,1,0,160
1478,2,-1,-1
1478,3,-1,-1
1478,4,-1,-1
1478,5,-1,-1
1478,6,-1,-1
1478,7,-1,-1
1479,0,0,160
1479,1,0,160
1479,2,-1,-1
1479,3,-1,-1
1479,4,-1,-1
1479,5,-1,-1
1479,6,-1,-1
1479,7,-1,-1
1480,0,0,160
1480,1,0,160
1480,2,-1,-1
1480,3,-1,-1
1480,4,-1,-1
1480,5,-1,-1
1480,6,-1,-1
1480,7,-1,-1
1481,0,0,160
1481,1,0,160
1481,2,-1,-1
1481,3,-1,-1
1481,4,-1,-1
1481,5,-1,-1
1481,6,-1,-1
1481,7,-1,-1
1482,0,0,160
1482,1,0,160
1482,2,-1,-1
1482,3,-1,-1
1482,4,-1,-1
1482,5,-1,-1
1482,6,-1,-1
1482,7,-1,-1
1483,0,0,160
1483,1,0,160
1483,2,-1,-1
1483,3,-1,-1
1483,4,-1,-1
1483,5,-1,-1
1483,6,-1,-1
1483,7,-1,-1
1484,0,0,160
1484,1,0,160
1484,2,-1,-1
1484,3,-1,-1
1484,4,-1,-1
1484,5,-1,-1
1484,6,-1,-1
1484,7,-1,-1
1485,0,0,160
1485,1,0,160
1485,2,-1,-1
1485,3,-1,-1
1485,4,-1,-1
1485,5,-1,-1
1485,6,-1,-1
1485,7,-1,-1
1486,0,0,160
1486,1,0,160
1486,2,-1,-1
1486,3,-1,-1
1486,4,-1,-1
1486,5,-1,-1
1486,6,-1,-1
1486,7,-1,-1
1487,0,0,160
1487,1,0,160
1487,2,-1,-1
1487,3,-1,-1
1487,4,-1,-1
1487,5,-1,-1
1487,6,-1,-1
1487,7,-1,-1
1488,0,0,160
1488,1,0,160
1488,2,-1,-1
1488,3,-1,-1
1488,4,-1,-1
1488,5,-1,-1
1488,6,-1,-1
1488,7,-1,-1
1489,0,0,160
1489,1,0,160
1489,2,-1,-1
1489,3,-1,-1
1489,4,-1,-1
1489,5,-1,-1
1489,6,-1,-1
1489,7,-1,-1
1490,0,0,160
1490,1,0,160
1490,2,-1,-1
1490,3,-1,-1
1490,4,-1,-1
1490,5,-1,-1
1490,6,-1,-1
1490,7,-1,-1
1491,0,0,160
1491,1,0,160
1491,2,-1,-1
1491,3,-1,-1
1491,4,-1,-1
1491,5,-1,-1
1491,6,-1,-1
1491,7,-1,-1
1492,0,0,160
1492,1,0,160
1492,2,-1,-1
1492,3,-1,-1
1492,4,-1,-1
1492,5,-1,-1
1492,6,-1,-1
1492,7,-1,-1
1493,0,0,160
1493,1,0,160
1493,2,-1,-1
1493,3,-1,-1
1493,4,-1,-1
1493,5,-1,-1
1493,6,-1,-1
1493,7,-1,-1
1494,0,0,160
1494,1,0,160
1494,2,-1,-1
1494,3,-1,-1
1494,4,-1,-1
1494,5,-1,-1
1494,6,-1,-1
1494,7,-1,-1
1495,0,0,160
1495,1,0,160
1495,2,-1,-1
1495,3,-1,-1
1495,4,-1,-1
1495,5,-1,-1
1495,6,-1,-1
1495,7,-1,-1
1496,0,0,160
1496,1,0,160
1496,2,-1,-1
1496,3,-1,-1
1496,4,-1,-1
1496,5,-1,-1
1496,6,-1,-1
1496,7,-1,-1
1497,0,0,160
1497,1,0,160
1497,2,-1,-1
1497,3,-1,-1
1497,4,-1,-1
1497,5,-1,-1
1497,6,-1,-1
1497,7,-1,-1
1498,0,0,160
1498,1,0,160
1498,2,-1,-1
1498,3,-1,-1
1498,4,-1,-1
1498,5,-1,-1
1498,6,-1,-1
1498,7,-1,-1
1499,0,0,160
1499,1,0,160
1499,2,-1,-1
1499,3,-1,-1
1499,4,-1,-1
1499,5,-1,-1
1499,6,-1,-1
1499,7,-1,-1
1500,0,0,160
1500,1,0,160
1500,2,-1,-1
1500,3,-1,-1
1500,4,-1,-1
1500,5,-1,-1
1500,6,-1,-1
1500,7,-1,-1
1501,0,0,160
1501,1,0,160
1501,2,-1,-1
1501,3,-1,-1
1501,4,-1,-1
1501,5,-1,-1
1501,6,-1,-1
1501,7,-1,-1
1502,0,0,160
1502,1,0,160
1502,2,-1,-1
1502,3,-1,-1
1502,4,-1,-1
1502,5,-1,-1
1502,6,-1,-1
1502,7,-1,-1
1503,0,0,160
1503,1,0,160
1503,2,-1,-1
1503,3,-1,-1
1503,4,-1,-1
1503,5,-1,-1
1503,6,-1,-1
1503,7,-1,-1
1504,0,0,160
1504,1,0,160
1504,2,-1,-1
1504,3,-1,-1
1504,4,-1,-1
1504,5,-1,-1
1504,6,-1,-1
1504,7,-1,-1
1505,0,0,160
1505,1,0,160
1505,2,-1,-1
1505,3,-1,-1
1505,4,-1,-1
1505,5,-1,-1
1505,6,-1,-1
1505,7,-1,-1
1506,0,0,160
1506,1,0,160
1506,2,-1,-1
1506,3,-1,-1
1506,4,-1,-1
1506,5,-1,-1
1506,6,-1,-1
1506,7,-1,-1
1507,0,0,160
1507,1,0,160
1507,2,-1,-1
1507,3,-1,-1
1507,4,-1,-1
1507,5,-1,-1
1507,6,-1,-1
1507,7,-1,-1
1508,0,0,160
1508,1,0,160
1508,2,-1,-1
1508,3,-1,-1
1508,4,-1,-1
1508,5,-1,-1
1508,6,-1,-1
1508,7,-1,-1
1509,0,0,160
1509,1,0,160
1509,2,-1,-1
1509,3,-1,-1
1509,4,-1,-1
1509,5,-1,-1
1509,6,-1,-1
1509,7,-1,-1
1510,0,0,160
1510,1,0,160
1510,2,-1,-1
1510,3,-1,-1
1510,4,-1,-1
1510,5,-1,-1
1510,6,-1,-1
1510,7,-1,-1
1511,0,0,160
1511,1,0,160
1511,2,-1,-1
1511,3,-1,-1
1511,4,-1,-1
1511,5,-1,-1
1511,6,-1,-1
1511,7,-1,-1
1512,0,0,160
1512,1,0,160
1512,2,-1,-1
1512,3,-1,-1
1512,4,-1,-1
1512,5,-1,-1
1512,6,-1,-1
1512,7,-1,-1
1513,0,0,160
1513,1,0,160
1513,2,-1,-1
1513,3,-1,-1
1513,4,-1,-1
1513,5,-1,-1
1513,6,-1,-1
1513,7,-1,-1
1514,0,0,160
1514,1,0,160
1514,2,-1,-1
1514,3,-1,-1
1514,4,-1,-1
1514,5,-1,-1
1514,6,-1,-1
1514,7,-1,-1
1515,0,0,160
1515,1,0,160
1515,2,-1,-1
1515,3,-1,-1
1515,4,-1,-1
1515,5,-1,-1
1515,6,-1,-1
1515,7,-1,-1
1516,0,0,160
1516,1,0,160
1516,2,-1,-1
1516,3,-1,-1
1516,4,-1,-1
1516,5,-1,-1
1516,6,-1,-1
1516,7,-1,-1
1517,0,0,160
1517,1,0,160
1517,2,-1,-1
1517,3,-1,-1
1517,4,-1,-1
1517,5,-1,-1
1517,6,-1,-1
1517,7,-1,-1
1518,0,0,160
1518,1,0,160
1518,2,-1,-1
1518,3,-1,-1
1518,4,-1,-1
1518,5,-1,-1
1518,6,-1,-1
1518,7,-1,-1
1519,0,0,160
1519,1,0,160
1519,2,-1,-1
1519,3,-1,-1
1519,4,-1,-1
1519,5,-1,-1
1519,6,-1,-1
1519,7,-1,-1
1520,0,0,160
1520,1,0,160
1520,2,-1,-1
1520,3,-1,-1
1520,4,-1,-1
1520,5,-1,-1
1520,6,-1,-1
1520,7,-1,-1
1521,0,0,160
1521,1,0,160
1521,2,-1,-1
1521,3,-1,-1
1521,4,-1,-1
1521,5,-1,-1
1521,6,-1,-1
1521,7,-1,-1
1522,0,0,160
1522,1,0,160
1522,2,-1,-1
1522,3,-1,-1
1522,4,-1,-1
1522,5,-1,-1
1522,6,-1,-1
1522,7,-1,-1
1523,0,0,160
1523,1,0,160
1523,2,-1,-1
1523,3,-1,-1
1523,4,-1,-1
1523,5,-1,-1
1523,6,-1,-1
1523,7,-1,-1
1524,0,0,160
1524,1,0,160
1524,2,-1,-1
1524,3,-1,-1
1524,4,-1,-1
1524,5,-1,-1
1524,6,-1,-1
1524,7,-1,-1
1525,0,0,160
1525,1,0,160
1525,2,-1,-1
1525,3,-1,-1
1525,4,-1,-1
1525,5,-1,-1
1525,6,-1,-1
1525,7,-1,-1
1526,0,0,160
1526,1,0,160
1526,2,-1,-1
1526,3,-1,-1
1526,4,-1,-1
1526,5,-1,-1
1526,6,-1,-1
1526,7,-1,-1
1527,0,0,160
1527,1,0,160
1527,2,-1,-1
1527,3,-1,-1
1527,4,-1,-1
1527,5,-1,-1
1527,6,-1,-1
1527,7,-1,-1
1528,0,0,160
1528,1,0,160
1528,2,-1,-1
1528,3,-1,-1
1528,4,-1,-1
1528,5,-1,-1
1528,6,-1,-1
1528,7,-1,-1
1529,0,0,160
1529,1,0,160
1529,2,-1,-1
1529,3,-1,-1
1529,4,-1,-1
1529,5,-1,-1
1529,6,-1,-1
1529,7,-1,-1
1530,0,0,160
1530,1,0,160
1530,2,-1,-1
1530,3,-1,-1
1530,4,-1,-1
1530,5,-1,-1
1530,6,-1,-1
1530,7,-1,-1
1531,0,0,160
1531,1,0,160
1531,2,-1,-1
1531,3,-1,-1
1531,4,-1,-1
1531,5,-1,-1
1531,6,-1,-1
1531,7,-1,-1
1532,0,0,160
1532,1,0,160
1532,2,-1,-1
1532,3,-1,-1
1532,4,-1,-1
1532,5,-1,-1
1532,6,-1,-1
1532,7,-1,-1
1533,0,0,160
1533,1,0,160
1533,2,-1,-1
1533,3,-1,-1
1533,4,-1,-1
1533,5,-1,-1
1533,6,-1,-1
1533,7,-1,-1
1534,0,0,160
1534,1,0,160
1534,2,-1,-1
1534,3,-1,-1
1534,4,-1,-1
1534,5,-1,-1
1534,6,-1,-1
1534,7,-1,-1
1535,0,0,160
1535,1,0,160
1535,2,-1,-1
1535,3,-1,-1
1535,4,-1,-1
1535,5,-1,-1
1535,6,-1,-1
1535,7,-1,-1
1536,0,0,160
1536,1,0,160
1536,2,-1,-1
1536,3,-1,-1
1536,4,-1,-1
1536,5,-1,-1
1536,6,-1,-1
1536,7,-1,-1
1537,0,0,160
1537,1,0,160
1537,2,-1,-1
1537,3,-1,-1
1537,4,-1,-1
1537,5,-1,-1
1537,6,-1,-1
1537,7,-1,-1
1538,0,0,160
1538,1,0,160
1538,2,-1,-1
1538,3,-1,-1
1538,4,-1,-1
1538,5,-1,-1
1538,6,-1,-1
1538,7,-1,-1
1539,0,0,160
1539,1,0,160
1539,2,-1,-1
1539,3,-1,-1
1539,4,-1,-1
1539,5,-1,-1
1539,6,-1,-1
1539,7,-1,-1
1540,0,0,160
1540,1,0,160
1540,2,-1,-1
1540,3,-1,-1
1540,4,-1,-1
1540,5,-1,-1
1540,6,-1,-1
1540,7,-1,-1
1541,0,0,160
1541,1,0,160
1541,2,-1,-1
1541,3,-1,-1
1541,4,-1,-1
1541,5,-1,-1
1541,6,-1,-1
1541,7,-1,-1
1542,0,0,160
1542,1,0,160
1542,2,-1,-1
1542,3,-1,-1
1542,4,-1,-1
1542,5,-1,-1
1542,6,-1,-1
1542,7,-1,-1
1543,0,0,160
1543,1,0,160
1543,2,-1,-1
1543,3,-1,-1
1543,4,-1,-1
1543,5,-1,-1
1543,6,-1,-1
1543,7,-1,-1
1544,0,0,160
1544,1,0,160
1544,2,-1,-1
1544,3,-1,-1
1544,4,-1,-1
1544,5,-1,-1
1544,6,-1,-1
1544,7,-1,-1
1545,0,0,160
1545,1,0,160
1545,2,-1,-1
1545,3,-1,-1
1545,4,-1,-1
1545,5,-1,-1
1545,6,-1,-1
1545,7,-1,-1
1546,0,0,160
1546,1,0,160
1546,2,-1,-1
1546,3,-1,-1
1546,4,-1,-1
1546,5,-1,-1
1546,6,-1,-1
1546,7,-1,-1
1547,0,0,160
1547,1,0,160
1547,2,-1,-1
1547,3,-1,-1
1547,4,-1,-1
1547,5,-1,-1
1547,6,-1,-1
1547,7,-1,-1
1548,0,0,160
1548,1,0,160
1548,2,-1,-1
1548,3,-1,-1
1548,4,-1,-1
1548,5,-1,-1
1548,6,-1,-1
1548,7,-1,-1
1549,0,0,160
1549,1,0,160
1549,2,-1,-1
1549,3,-1,-1
1549,4,-1,-1
1549,5,-1,-1
1549,6,-1,-1
1549,7,-1,-1
1550,0,0,160
1550,1,0,160
1550,2,-1,-1
1550,3,-1,-1
1550,4,-1,-1
1550,5,-1,-1
1550,6,-1,-1
1550,7,-1,-1
1551,0,0,160
1551,1,0,160
1551,2,-1,-1
1551,3,-1,-1
1551,4,-1,-1
1551,5,-1,-1
1551,6,-1,-1
1551,7,-1,-1
1552,0,0,160
1552,1,0,160
1552,2,-1,-1
1552,3,-1,-1
1552,4,-1,-1
1552,5,-1,-1
1552,6,-1,-1
1552,7,-1,-1
1553,0,0,160
1553,1,0,160
1553,2,-1,-1
1553,3,-1,-1
1553,4,-1,-1
1553,5,-1,-1
1553,6,-1,-1
1553,7,-1,-1
1554,0,0,160
1554,1,0,160
1554,2,-1,-1
1554,3,-1,-1
1554,4,-1,-1
1554,5,-1,-1
1554,6,-1,-1
1554,7,-1,-1
1555,0,0,160
1555,1,0,160
1555,2,-1,-1
1555,3,-1,-1
1555,4,-1,-1
1555,5,-1,-1
1555,6,-1,-1
1555,7,-1,-1
1556,0,0,160
1556,1,0,160
1556,2,-1,-1
1556,3,-1,-1
1556,4,-1,-1
1556,5,-1,-1
1556,6,-1,-1
1556,7,-1,-1
1557,0,0,160
1557,1,0,160
1557,2,-1,-1
1557,3,-1,-1
1557,4,-1,-1
1557,5,-1,-1
1557,6,-1,-1
1557,7,-1,-1
1558,0,0,160
1558,1,0,160
1558,2,-1,-1
1558,3,-1,-1
1558,4,-1,-1
1558,5,-1,-1
1558,6,-1,-1
1558,7,-1,-1
1559,0,0,160
1559,1,0,160
1559,2,-1,-1
1559,3,-1,-1
1559,4,-1,-1
1559,5,-1,-1
1559,6,-1,-1
1559,7,-1,-1
1560,0,0,160
1560,1,0,160
1560,2,-1,-1
1560,3,-1,-1
1560,4,-1,-1
1560,5,-1,-1
1560,6,-1,-1
1560,7,-1,-1
1561,0,0,160
1561,1,0,160
1561,2,-1,-1
1561,3,-1,-1
1561,4,-1,-1
1561,5,-1,-1
1561,6,-1,-1
1561,7,-1,-1
1562,0,0,160
1562,1,0,160
1562,2,-1,-1
1562,3,-1,-1
1562,4,-1,-1
1562,5,-1,-1
1562,6,-1,-1
1562,7,-1,-1
1563,0,0,160
1563,1,0,160
1563,2,-1,-1
1563,3,-1,-1
1563,4,-1,-1
1563,5,-1,-1
1563,6,-1,-1
1563,7,-1,-1
1564,0,0,160
1564,1,0,160
1564,2,-1,-1
1564,3,-1,-1
1564,4,-1,-1
1564,5,-1,-1
1564,6,-1,-1
1564,7,-1,-1
1565,0,0,160
1565,1,0,160
1565,2,-1,-1
1565,3,-1,-1
1565,4,-1,-1
1565,5,-1,-1
1565,6,-1,-1
1565,7,-1,-1
1566,0,0,160
1566,1,0,160
1566,2,-1,-1
1566,3,-1,-1
1566,4,-1,-1
1566,5,-1,-1
1566,6,-1,-1
1566,7,-1,-1
1567,0,0,160
1567,1,0,160
1567,2,-1,-1
1567,3,-1,-1
1567,4,-1,-1
1567,5,-1,-1
1567,6,-1,-1
1567,7,-1,-1
1568,0,0,160
1568,1,0,160
1568,2,-1,-1
1568,3,-1,-1
1568,4,-1,-1
1568,5,-1,-1
1568,6,-1,-1
1568,7,-1,-1
1569,0,0,160
1569,1,0,160
1569,2,-1,-1
1569,3,-1,-1
1569,4,-1,-1
1569,5,-1,-1
1569,6,-1,-1
1569,7,-1,-1
1570,0,0,160
1570,1,0,160
1570,2,-1,-1
1570,3,-1,-1
1570,4,-1,-1
1570,5,-1,-1
1570,6,-1,-1
1570,7,-1,-1
1571,0,0,160
1571,1,0,160
1571,2,-1,-1
1571,3,-1,-1
1571,4,-1,-1
1571,5,-1,-1
1571,6,-1,-1
1571,7,-1,-1
1572,0,0,160
1572,1,0,160
1572,2,-1,-1
1572,3,-1,-1
1572,4,-1,-1
1572,5,-1,-1
1572,6,-1,-1
1572,7,-1,-1
1573,0,0,160
1573,1,0,160
1573,2,-1,-1
1573,3,-1,-1
1573,4,-1,-1
1573,5,-1,-1
1573,6,-1,-1
1573,7,-1,-1
1574,0,0,160
1574,1,0,160
1574,2,-1,-1
1574,3,-1,-1
1574,4,-1,-1
1574,5,-1,-1
1574,6,-1,-1
1574,7,-1,-1
1575,0,0,160
1575,1,0,160
1575,2,-1,-1
1575,3,-1,-1
1575,4,-1,-1
1575,5,-1,-1
1575,6,-1,-1
1575,7,-1,-1
1576,0,0,160
1576,1,0,160
1576,2,-1,-1
1576,3,-1,-1
1576,4,-1,-1
1576,5,-1,-1
1576,6,-1,-1
1576,7,-1,-1
1577,0,0,160
1577,1,0,160
1577,2,-1,-1
1577,3,-1,-1
1577,4,-1,-1
1577,5,-1,-1
1577,6,-1,-1
1577,7,-1,-1
1578,0,0,160
1578,1,0,160
1578,2,-1,-1
1578,3,-1,-1
1578,4,-1,-1
1578,5,-1,-1
1578,6,-1,-1
1578,7,-1,-1
1579,0,0,160
1579,1,0,160
1579,2,-1,-1
1579,3,-1,-1
1579,4,-1,-1
1579,5,-1,-1
1579,6,-1,-1
1579,7,-1,-1
1580,0,0,160
1580,1,0,160
1580,2,-1,-1
1580,3,-1,-1
1580,4,-1,-1
1580,5,-1,-1
1580,6,-1,-1
1580,7,-1,-1
1581,0,0,160
1581,1,0,160
1581,2,-1,-1
1581,3,-1,-1
1581,4,-1,-1
1581,5,-1,-1
1581,6,-1,-1
1581,7,-1,-1
1582,0,0,160
1582,1,0,160
1582,2,-1,-1
1582,3,-1,-1
1582,4,-1,-1
1582,5,-1,-1
1582,6,-1,-1
1582,7,-1,-1
1583,0,0,160
1583,1,0,160
1583,2,-1,-1
1583,3,-1,-1
1583,4,-1,-1
1583,5,-1,-1
1583,6,-1,-1
1583,7,-1,-1
1584,0,0,160
1584,1,0,160
1584,2,-1,-1
1584,3,-1,-1
1584,4,-1,-1
1584,5,-1,-1
1584,6,-1,-1
1584,7,-1,-1
1585,0,0,160
1585,1,0,160
1585,2,-1,-1
1585,3,-1,-1
1585,4,-1,-1
1585,5,-1,-1
1585,6,-1,-1
1585,7,-1,-1
1586,0,0,160
1586,1,0,160
1586,2,-1,-1
1586,3,-1,-1
1586,4,-1,-1
1586,5,-1,-1
1586,6,-1,-1
1586,7,-1,-1
1587,0,0,160
1587,1,0,160
1587,2,-1,-1
1587,3,-1,-1
1587,4,-1,-1
1587,5,-1,-1
1587,6,-1,-1
1587,7,-1,-1
1588,0,0,160
1588,1,0,160
1588,2,-1,-1
1588,3,-1,-1
1588,4,-1,-1
1588,5,-1,-1
1588,6,-1,-1
1588,7,-1,-1
1589,0,0,160
1589,1,0,160
1589,2,-1,-1
1589,3,-1,-1
1589,4,-1,-1
1589,5,-1,-1
1589,6,-1,-1
1589,7,-1,-1
1590,0,0,160
1590,1,0,160
1590,2,-1,-1
1590,3,-1,-1
1590,4,-1,-1
1590,5,-1,-1
1590,6,-1,-1
1590,7,-1,-1
1591,0,0,160
1591,1,0,160
1591,2,-1,-1
1591,3,-1,-1
1591,4,-1,-1
1591,5,-1,-1
1591,6,-1,-1
1591,7,-1,-1
1592,0,0,160
1592,1,0,160
1592,2,-1,-1
1592,3,-1,-1
1592,4,-1,-1
1592,5,-1,-1
1592,6,-1,-1
1592,7,-1,-1
1593,0,0,160
1593,1,0,160
1593,2,-1,-1
1593,3,-1,-1
1593,4,-1,-1
1593,5,-1,-1
1593,6,-1,-1
1593,7,-1,-1
1594,0,0,160
1594,1,0,160
1594,2,-1,-1
1594,3,-1,-1
1594,4,-1,-1
1594,5,-1,-1
1594,6,-1,-1
1594,7,-1,-1
1595,0,0,160
1595,1,0,160
1595,2,-1,-1
1595,3,-1,-1
1595,4,-1,-1
1595,5,-1,-1
1595,6,-1,-1
1595,7,-1,-1
1596,0,0,160
1596,1,0,160
1596,2,-1,-1
1596,3,-1,-1
1596,4,-1,-1
1596,5,-1,-1
1596,6,-1,-1
1596,7,-1,-1
1597,0,0,160
1597,1,0,160
1597,2,-1,-1
1597,3,-1,-1
1597,4,-1,-1
1597,5,-1,-1
1597,6,-1,-1
1597,7,-1,-1
1598,0,0,160
1598,1,0,160
1598,2,-1,-1
1598,3,-1,-1
1598,4,-1,-1
1598,5,-1,-1
1598,6,-1,-1
1598,7,-1,-1
1599,0,0,160
1599,1,0,160
1599,2,-1,-1
1599,3,-1,-1
1599,4,-1,-1
1599,5,-1,-1
1599,6,-1,-1
1599,7,-1,-1
1600,0,0,160
1600,1,0,160
1600,2,-1,-1
1600,3,-1,-1
1600,4,-1,-1
1600,5,-1,-1
1600,6,-1,-1
1600,7,-1,-1
1601,0,0,160
1601,1,0,160
1601,2,-1,-1
1601,3,-1,-1
1601,4,-1,-1
1601,5,-1,-1
1601,6,-1,-1
1601,7,-1,-1
1602,0,0,160
1602,1,0,160
1602,2,-1,-1
1602,3,-1,-1
1602,4,-1,-1
1602,5,-1,-1
1602,6,-1,-1
1602,7,-1,-1
1603,0,0,160
1603,1,0,160
1603,2,-1,-1
1603,3,-1,-1
1603,4,-1,-1
1603,5,-1,-1
1603,6,-1,-1
1603,7,-1,-1
1604,0,0,160
1604,1,0,160
1604,2,-1,-1
1604,3,-1,-1
1604,4,-1,-1
1604,5,-1,-1
1604,6,-1,-1
1604,7,-1,-1
1605,0,0,160
1605,1,0,160
1605,2,-1,-1
1605,3,-1,-1
1605,4,-1,-1
1605,5,-1,-1
1605,6,-1,-1
1605,7,-1,-1
1606,0,0,160
1606,1,0,160
1606,2,-1,-1
1606,3,-1,-1
1606,4,-1,-1
1606,5,-1,-1
1606,6,-1,-1
1606,7,-1,-1
1607,0,0,160
1607,1,0,160
1607,2,-1,-1
1607,3,-1,-1
1607,4,-1,-1
1607,5,-1,-1
1607,6,-1,-1
1607,7,-1,-1
1608,0,0,160
1608,1,0,160
1608,2,-1,-1
1608,3,-1,-1
1608,4,-1,-1
1608,5,-1,-1
1608,6,-1,-1
1608,7,-1,-1
1609,0,0,160
1609,1,0,160
1609,2,-1,-1
1609,3,-1,-1
1609,4,-1,-1
1609,5,-1,-1
1609,6,-1,-1
1609,7,-1,-1
1610,0,0,160
1610,1,0,160
1610,2,-1,-1
1610,3,-1,-1
1610,4,-1,-1
1610,5,-1,-1
1610,6,-1,-1
1610,7,-1,-1
1611,0,0,160
1611,1,0,160
1611,2,-1,-1
1611,3,-1,-1
1611,4,-1,-1
1611,5,-1,-1
1611,6,-1,-1
1611,7,-1,-1
1612,0,0,160
1612,1,0,160
1612,2,-1,-1
1612,3,-1,-1
1612,4,-1,-1
1612,5,-1,-1
1612,6,-1,-1
1612,7,-1,-1
1613,0,0,160
1613,1,0,160
1613,2,-1,-1
1613,3,-1,-1
1613,4,-1,-1
1613,5,-1,-1
1613,6,-1,-1
1613,7,-1,-1
1614,0,0,160
1614,1,0,160
1614,2,-1,-1
1614,3,-1,-1
1614,4,-1,-1
1614,5,-1,-1
1614,6,-1,-1
1614,7,-1,-1
1615,0,0,160
1615,1,0,160
1615,2,-1,-1
1615,3,-1,-1
1615,4,-1,-1
1615,5,-1,-1
1615,6,-1,-1
1615,7,-1,-1
1616,0,0,160
1616,1,0,160
1616,2,-1,-1
1616,3,-1,-1
1616,4,-1,-1
1616,5,-1,-1
1616,6,-1,-1
1616,7,-1,-1
1617,0,0,160
1617,1,0,160
1617,2,-1,-1
1617,3,-1,-1
1617,4,-1,-1
1617,5,-1,-1
1617,6,-1,-1
1617,7,-1,-1
1618,0,0,160
1618,1,0,160
1618,2,-1,-1
1618,3,-1,-1
1618,4,-1,-1
1618,5,-1,-1
1618,6,-1,-1
1618,7,-1,-1
1619,0,0,160
1619,1,0,160
1619,2,-1,-1
1619,3,-1,-1
1619,4,-1,-1
1619,5,-1,-1
1619,6,-1,-1
1619,7,-1,-1
1620,0,0,160
1620,1,0,160
1620,2,-1,-1
1620,3,-1,-1
1620,4,-1,-1
1620,5,-1,-1
1620,6,-1,-1
1620,7,-1,-1
1621,0,0,160
1621,1,0,160
1621,2,-1,-1
1621,3,-1,-1
1621,4,-1,-1
1621,5,-1,-1
1621,6,-1,-1
1621,7,-1,-1
1622,0,0,160
1622,1,0,160
1622,2,-1,-1
1622,3,-1,-1
1622,4,-1,-1
1622,5,-1,-1
1622,6,-1,-1
1622,7,-1,-1
1623,0,0,160
1623,1,0,160
1623,2,-1,-1
1623,3,-1,-1
1623,4,-1,-1
1623,5,-1,-1
1623,6,-1,-1
1623,7,-1,-1
1624,0,0,160
1624,1,0,160
1624,2,-1,-1
1624,3,-1,-1
1624,4,-1,-1
1624,5,-1,-1
1624,6,-1,-1
1624,7,-1,-1
1625,0,0,160
1625,1,0,160
1625,2,-1,-1
1625,3,-1,-1
1625,4,-1,-1
1625,5,-1,-1
1625,6,-1,-1
1625,7,-1,-1
1626,0,0,160
1626,1,0,160
1626,2,-1,-1
1626,3,-1,-1
1626,4,-1,-1
1626,5,-1,-1
1626,6,-1,-1
1626,7,-1,-1
1627,0,0,160
1627,1,0,160
1627,2,-1,-1
1627,3,-1,-1
1627,4,-1,-1
1627,5,-1,-1
1627,6,-1,-1
1627,7,-1,-1
1628,0,0,160
1628,1,0,160
1628,2,-1,-1
1628,3,-1,-1
1628,4,-1,-1
1628,5,-1,-1
1628,6,-1,-1
1628,7,-1,-1
1629,0,0,160
1629,1,0,160
1629,2,-1,-1
1629,3,-1,-1
1629,4,-1,-1
1629,5,-1,-1
1629,6,-1,-1
1629,7,-1,-1
1630,0,0,160
1630,1,0,160
1630,2,-1,-1
1630,3,-1,-1
1630,4,-1,-1
1630,5,-1,-1
1630,6,-1,-1
1630,7,-1,-1
1631,0,0,160
1631,1,0,160
1631,2,-1,-1
1631,3,-1,-1
1631,4,-1,-1
1631,5,-1,-1
1631,6,-1,-1
1631,7,-1,-1
1632,0,0,160
1632,1,0,160
1632,2,-1,-1
1632,3,-1,-1
1632,4,-1,-1
1632,5,-1,-1
1632,6,-1,-1
1632,7,-1,-1
1633,0,0,160
1633,1,0,160
1633,2,-1,-1
1633,3,-1,-1
1633,4,-1,-1
1633,5,-1,-1
1633,6,-1,-1
1633,7,-1,-1
1634,0,0,160
1634,1,0,160
1634,2,-1,-1
1634,3,-1,-1
1634,4,-1,-1
1634,5,-1,-1
1634,6,-1,-1
1634,7,-1,-1
1635,0,0,160
1635,1,0,160
1635,2,-1,-1
1635,3,-1,-1
1635,4,-1,-1
1635,5,-1,-1
1635,6,-1,-1
1635,7,-1,-1
1636,0,0,160
1636,1,0,160
1636,2,-1,-1
1636,3,-1,-1
1636,4,-1,-1
1636,5,-1,-1
1636,6,-1,-1
1636,7,-1,-1
1637,0,0,160
1637,1,0,160
1637,2,-1,-1
1637,3,-1,-1
1637,4,-1,-1
1637,5,-1,-1
1637,6,-1,-1
1637,7,-1,-1
1638,0,0,160
1638,1,0,160
1638,2,-1,-1
1638,3,-1,-1
1638,4,-1,-1
1638,5,-1,-1
1638,6,-1,-1
1638,7,-1,-1
1639,0,0,160
1639,1,0,160
1639,2,-1,-1
1639,3,-1,-1
1639,4,-1,-1
1639,5,-1,-1
1639,6,-1,-1
1639,7,-1,-1
1640,0,0,160
1640,1,0,160
1640,2,-1,-1
1640,3,-1,-1
1640,4,-1,-1
1640,5,-1,-1
1640,6,-1,-1
1640,7,-1,-1
1641,0,0,160
1641,1,0,160
1641,2,-1,-1
1641,3,-1,-1
1641,4,-1,-1
1641,5,-1,-1
1641,6,-1,-1
1641,7,-1,-1
1642,0,0,160
1642,1,0,160
1642,2,-1,-1
1642,3,-1,-1
1642,4,-1,-1
1642,5,-1,-1
1642,6,-1,-1
1642,7,-1,-1
1643,0,0,160
1643,1,0,160
1643,2,-1,-1
1643,3,-1,-1
1643,4,-1,-1
1643,5,-1,-1
1643,6,-1,-1
1643,7,-1,-1
1644,0,0,160
1644,1,0,160
1644,2,-1,-1
1644,3,-1,-1
1644,4,-1,-1
1644,5,-1,-1
1644,6,-1,-1
1644,7,-1,-1
1645,0,0,160
1645,1,0,160
1645,2,-1,-1
1645,3,-1,-1
1645,4,-1,-1
1645,5,-1,-1
1645,6,-1,-1
1645,7,-1,-1
1646,0,0,160
1646,1,0,160
1646,2,-1,-1
1646,3,-1,-1
1646,4,-1,-1
1646,5,-1,-1
1646,6,-1,-1
1646,7,-1,-1
1647,0,0,160
1647,1,0,160
1647,2,-1,-1
1647,3,-1,-1
1647,4,-1,-1
1647,5,-1,-1
1647,6,-1,-1
1647,7,-1,-1
1648,0,0,160
1648,1,0,160
1648,2,-1,-1
1648,3,-1,-1
1648,4,-1,-1
1648,5,-1,-1
1648,6,-1,-1
1648,7,-1,-1
1649,0,0,160
1649,1,0,160
1649,2,-1,-1
1649,3,-1,-1
1649,4,-1,-1
1649,5,-1,-1
1649,6,-1,-1
1649,7,-1,-1
1650,0,0,160
1650,1,0,160
1650,2,-1,-1
1650,3,-1,-1
1650,4,-1,-1
1650,5,-1,-1
1650,6,-1,-1
1650,7,-1,-1
1651,0,0,160
1651,1,0,160
1651,2,-1,-1
1651,3,-1,-1
1651,4,-1,-1
1651,5,-1,-1
1651,6,-1,-1
1651,7,-1,-1
1652,0,0,160
1652,1,0,160
1652,2,-1,-1
1652,3,-1,-1
1652,4,-1,-1
1652,5,-1,-1
1652,6,-1,-1
1652,7,-1,-1
1653,0,0,160
1653,1,0,160
1653,2,-1,-1
1653,3,-1,-1
1653,4,-1,-1
1653,5,-1,-1
1653,6,-1,-1
1653,7,-1,-1
1654,0,0,160
1654,1,0,160
1654,2,-1,-1
1654,3,-1,-1
1654,4,-1,-1
1654,5,-1,-1
1654,6,-1,-1
1654,7,-1,-1
1655,0,0,160
1655,1,0,160
1655,2,-1,-1
1655,3,-1,-1
1655,4,-1,-1
1655,5,-1,-1
1655,6,-1,-1
1655,7,-1,-1
1656,0,0,160
1656,1,0,160
1656,2,-1,-1
1656,3,-1,-1
1656,4,-1,-1
1656,5,-1,-1
1656,6,-1,-1
1656,7,-1,-1
1657,0,0,160
1657,1,0,160
1657,2,-1,-1
1657,3,-1,-1
1657,4,-1,-1
1657,5,-1,-1
1657,6,-1,-1
1657,7,-1,-1
1658,0,0,160
1658,1,0,160
1658,2,-1,-1
1658,3,-1,-1
1658,4,-1,-1
1658,5,-1,-1
1658,6,-1,-1
1658,7,-1,-1
1659,0,0,160
1659,1,0,160
1659,2,-1,-1
1659,3,-1,-1
1659,4,-1,-1
1659,5,-1,-1
1659,6,-1,-1
1659,7,-1,-1
1660,0,0,160
1660,1,0,160
1660,2,-1,-1
1660,3,-1,-1
1660,4,-1,-1
1660,5,-1,-1
1660,6,-1,-1
1660,7,-1,-1
1661,0,0,160
1661,1,0,160
1661,2,-1,-1
1661,3,-1,-1
1661,4,-1,-1
1661,5,-1,-1
1661,6,-1,-1
1661,7,-1,-1
1662,0,0,160
1662,1,0,160
1662,2,-1,-1
1662,3,-1,-1
1662,4,-1,-1
1662,5,-1,-1
1662,6,-1,-1
1662,7,-1,-1
1663,0,0,160
1663,1,0,160
1663,2,-1,-1
1663,3,-1,-1
1663,4,-1,-1
1663,5,-1,-1
1663,6,-1,-1
1663,7,-1,-1
1664,0,0,160
1664,1,0,160
1664,2,-1,-1
1664,3,-1,-1
1664,4,-1,-1
1664,5,-1,-1
1664,6,-1,-1
1664,7,-1,-1
1665,0,0,160
1665,1,0,160
1665,2,-1,-1
1665,3,-1,-1
1665,4,-1,-1
1665,5,-1,-1
1665,6,-1,-1
1665,7,-1,-1
1666,0,0,160
1666,1,0,160
1666,2,-1,-1
1666,3,-1,-1
1666,4,-1,-1
1666,5,-1,-1
1666,6,-1,-1
1666,7,-1,-1
1667,0,0,160
1667,1,0,160
1667,2,-1,-1
1667,3,-1,-1
1667,4,-1,-1
1667,5,-1,-1
1667,6,-1,-1
1667,7,-1,-1
1668,0,0,160
1668,1,0,160
1668,2,-1,-1
1668,3,-1,-1
1668,4,-1,-1
1668,5,-1,-1
1668,6,-1,-1
1668,7,-1,-1
1669,0,0,160
1669,1,0,160
1669,2,-1,-1
1669,3,-1,-1
1669,4,-1,-1
1669,5,-1,-1
1669,6,-1,-1
1669,7,-1,-1
1670,0,0,160
1670,1,0,160
1670,2,-1,-1
1670,3,-1,-1
1670,4,-1,-1
1670,5,-1,-1
1670,6,-1,-1
1670,7,-1,-1
1671,0,0,160
1671,1,0,160
1671,2,-1,-1
1671,3,-1,-1
1671,4,-1,-1
1671,5,-1,-1
1671,6,-1,-1
1671,7,-1,-1
1672,0,0,160
1672,1,0,160
1672,2,-1,-1
1672,3,-1,-1
1672,4,-1,-1
1672,5,-1,-1
1672,6,-1,-1
1672,7,-1,-1
1673,0,0,160
1673,1,0,160
1673,2,-1,-1
1673,3,-1,-1
1673,4,-1,-1
1673,5,-1,-1
1673,6,-1,-1
1673,7,-1,-1
1674,0,0,160
1674,1,0,160
1674,2,-1,-1
1674,3,-1,-1
1674,4,-1,-1
1674,5,-1,-1
1674,6,-1,-1
1674,7,-1,-1
1675,0,0,160
1675,1,0,160
1675,2,-1,-1
1675,3,-1,-1
1675,4,-1,-1
1675,5,-1,-1
1675,6,-1,-1
1675,7,-1,-1
1676,0,0,160
1676,1,0,160
1676,2,-1,-1
1676,3,-1,-1
1676,4,-1,-1
1676,5,-1,-1
1676,6,-1,-1
1676,7,-1,-1
1677,0,0,160
1677,1,0,160
1677,2,-1,-1
1677,3,-1,-1
1677,4,-1,-1
1677,5,-1,-1
1677,6,-1,-1
1677,7,-1,-1
1678,0,0,160
1678,1,0,160
1678,2,-1,-1
1678,3,-1,-1
1678,4,-1,-1
1678,5,-1,-1
1678,6,-1,-1
1678,7,-1,-1
1679,0,0,160
1679,1,0,160
1679,2,-1,-1
1679,3,-1,-1
1679,4,-1,-1
1679,5,-1,-1
1679,6,-1,-1
1679,7,-1,-1
1680,0,0,160
1680,1,0,160
1680,2,-1,-1
1680,3,-1,-1
1680,4,-1,-1
1680,5,-1,-1
1680,6,-1,-1
1680,7,-1,-1
1681,0,0,160
1681,1,0,160
1681,2,-1,-1
1681,3,-1,-1
1681,4,-1,-1
1681,5,-1,-1
1681,6,-1,-1
1681,7,-1,-1
1682,0,0,160
1682,1,0,160
1682,2,-1,-1
1682,3,-1,-1
1682,4,-1,-1
1682,5,-1,-1
1682,6,-1,-1
1682,7,-1,-1
1683,0,0,160
1683,1,0,160
1683,2,-1,-1
1683,3,-1,-1
1683,4,-1,-1
1683,5,-1,-1
1683,6,-1,-1
1683,7,-1,-1
1684,0,0,160
1684,1,0,160
1684,2,-1,-1
1684,3,-1,-1
1684,4,-1,-1
1684,5,-1,-1
1684,6,-1,-1
1684,7,-1,-1
1685,0,0,160
1685,1,0,160
1685,2,-1,-1
1685,3,-1,-1
1685,4,-1,-1
1685,5,-1,-1
1685,6,-1,-1
1685,7,-1,-1
1686,0,0,160
1686,1,0,160
1686,2,-1,-1
1686,3,-1,-1
1686,4,-1,-1
1686,5,-1,-1
1686,6,-1,-1
1686,7,-1,-1
1687,0,0,160
1687,1,0,160
1687,2,-1,-1
1687,3,-1,-1
1687,4,-1,-1
1687,5,-1,-1
1687,6,-1,-1
1687,7,-1,-1
1688,0,0,160
1688,1,0,160
1688,2,-1,-1
1688,3,-1,-1
1688,4,-1,-1
1688,5,-1,-1
1688,6,-1,-1
1688,7,-1,-1
1689,0,0,160
1689,1,0,160
1689,2,-1,-1
1689,3,-1,-1
1689,4,-1,-1
1689,5,-1,-1
1689,6,-1,-1
1689,7,-1,-1
1690,0,0,160
1690,1,0,160
1690,2,-1,-1
1690,3,-1,-1
1690,4,-1,-1
1690,5,-1,-1
1690,6,-1,-1
1690,7,-1,-1
1691,0,0,160
1691,1,0,160
1691,2,-1,-1
1691,3,-1,-1
1691,4,-1,-1
1691,5,-1,-1
1691,6,-1,-1
1691,7,-1,-1
1692,0,0,160
1692,1,0,160
1692,2,-1,-1
1692,3,-1,-1
1692,4,-1,-1
1692,5,-1,-1
1692,6,-1,-1
1692,7,-1,-1
1693,0,0,160
1693,1,0,160
1693,2,-1,-1
1693,3,-1,-1
1693,4,-1,-1
1693,5,-1,-1
1693,6,-1,-1
1693,7,-1,-1
1694,0,0,160
1694,1,0,160
1694,2,-1,-1
1694,3,-1,-1
1694,4,-1,-1
1694,5,-1,-1
1694,6,-1,-1
1694,7,-1,-1
1695,0,0,160
1695,1,0,160
1695,2,-1,-1
1695,3,-1,-1
1695,4,-1,-1
1695,5,-1,-1
1695,6,-1,-1
1695,7,-1,-1
1696,0,0,160
1696,1,0,160
1696,2,-1,-1
1696,3,-1,-1
1696,4,-1,-1
1696,5,-1,-1
1696,6,-1,-1
1696,7,-1,-1
1697,0,0,160
1697,1,0,160
1697,2,-1,-1
1697,3,-1,-1
1697,4,-1,-1
1697,5,-1,-1
1697,6,-1,-1
1697,7,-1,-1
1698,0,0,160
1698,1,0,160
1698,2,-1,-1
1698,3,-1,-1
1698,4,-1,-1
1698,5,-1,-1
1698,6,-1,-1
1698,7,-1,-1
1699,0,0,160
1699,1,0,160
1699,2,-1,-1
1699,3,-1,-1
1699,4,-1,-1
1699,5,-1,-1
1699,6,-1,-1
1699,7,-1,-1
1700,0,0,160
1700,1,0,160
1700,2,-1,-1
1700,3,-1,-1
1700,4,-1,-1
1700,5,-1,-1
1700,6,-1,-1
1700,7,-1,-1
1701,0,0,160
1701,1,0,160
1701,2,-1,-1
1701,3,-1,-1
1701,4,-1,-1
1701,5,-1,-1
1701,6,-1,-1
1701,7,-1,-1
1702,0,0,160
1702,1,0,160
1702,2,-1,-1
1702,3,-1,-1
1702,4,-1,-1
1702,5,-1,-1
1702,6,-1,-1
1702,7,-1,-1
1703,0,0,160
1703,1,0,160
1703,2,-1,-1
1703,3,-1,-1
1703,4,-1,-1
1703,5,-1,-1
1703,6,-1,-1
1703,7,-1,-1
1704,0,0,160
1704,1,0,160
1704,2,-1,-1
1704,3,-1,-1
1704,4,-1,-1
1704,5,-1,-1
1704,6,-1,-1
1704,7,-1,-1
1705,0,0,160
1705,1,0,160
1705,2,-1,-1
1705,3,-1,-1
1705,4,-1,-1
1705,5,-1,-1
1705,6,-1,-1
1705,7,-1,-1
1706,0,0,160
1706,1,0,160
1706,2,-1,-1
1706,3,-1,-1
1706,4,-1,-1
1706,5,-1,-1
1706,6,-1,-1
1706,7,-1,-1
1707,0,0,160
1707,1,0,160
1707,2,-1,-1
1707,3,-1,-1
1707,4,-1,-1
1707,5,-1,-1
1707,6,-1,-1
1707,7,-1,-1
1708,0,0,160
1708,1,0,160
1708,2,-1,-1
1708,3,-1,-1
1708,4,-1,-1
1708,5,-1,-1
1708,6,-1,-1
1708,7,-1,-1
1709,0,0,160
1709,1,0,160
1709,2,-1,-1
1709,3,-1,-1
1709,4,-1,-1
1709,5,-1,-1
1709,6,-1,-1
1709,7,-1,-1
1710,0,0,160
1710,1,0,160
1710,2,-1,-1
1710,3,-1,-1
1710,4,-1,-1
1710,5,-1,-1
1710,6,-1,-1
1710,7,-1,-1
1711,0,0,160
1711,1,0,160
1711,2,-1,-1
1711,3,-1,-1
1711,4,-1,-1
1711,5,-1,-1
1711,6,-1,-1
1711,7,-1,-1
1712,0,0,160
1712,1,0,160
1712,2,-1,-1
1712,3,-1,-1
1712,4,-1,-1
1712,5,-1,-1
1712,6,-1,-1
1712,7,-1,-1
1713,0,0,160
1713,1,0,160
1713,2,-1,-1
1713,3,-1,-1
1713,4,-1,-1
1713,5,-1,-1
1713,6,-1,-1
1713,7,-1,-1
1714,0,0,160
1714,1,0,160
1714,2,-1,-1
1714,3,-1,-1
1714,4,-1,-1
1714,5,-1,-1
1714,6,-1,-1
1714,7,-1,-1
1715,0,0,160
1715,1,0,160
1715,2,-1,-1
1715,3,-1,-1
1715,4,-1,-1
1715,5,-1,-1
1715,6,-1,-1
1715,7,-1,-1
1716,0,0,160
1716,1,0,160
1716,2,-1,-1
1716,3,-1,-1
1716,4,-1,-1
1716,5,-1,-1
1716,6,-1,-1
1716,7,-1,-1
1717,0,0,160
1717,1,0,160
1717,2,-1,-1
1717,3,-1,-1
1717,4,-1,-1
1717,5,-1,-1
1717,6,-1,-1
1717,7,-1,-1
1718,0,0,160
1718,1,0,160
1718,2,-1,-1
1718,3,-1,-1
1718,4,-1,-1
1718,5,-1,-1
1718,6,-1,-1
1718,7,-1,-1
1719,0,0,160
1719,1,0,160
1719,2,-1,-1
1719,3,-1,-1
1719,4,-1,-1
1719,5,-1,-1
1719,6,-1,-1
1719,7,-1,-1
1720,0,0,160
1720,1,0,160
1720,2,-1,-1
1720,3,-1,-1
1720,4,-1,-1
1720,5,-1,-1
1720,6,-1,-1
1720,7,-1,-1
1721,0,0,160
1721,1,0,160
1721,2,-1,-1
1721,3,-1,-1
1721,4,-1,-1
1721,5,-1,-1
1721,6,-1,-1
1721,7,-1,-1
1722,0,0,160
1722,1,0,160
1722,2,-1,-1
1722,3,-1,-1
1722,4,-1,-1
1722,5,-1,-1
1722,6,-1,-1
1722,7,-1,-1
1723,0,0,160
1723,1,0,160
1723,2,-1,-1
1723,3,-1,-1
1723,4,-1,-1
1723,5,-1,-1
1723,6,-1,-1
1723,7,-1,-1
1724,0,0,160
1724,1,0,160
1724,2,-1,-1
1724,3,-1,-1
1724,4,-1,-1
1724,5,-1,-1
1724,6,-1,-1
1724,7,-1,-1
1725,0,0,160
1725,1,0,160
1725,2,-1,-1
1725,3,-1,-1
1725,4,-1,-1
1725,5,-1,-1
1725,6,-1,-1
1725,7,-1,-1
1726,0,0,160
1726,1,0,160
1726,2,-1,-1
1726,3,-1,-1
1726,4,-1,-1
1726,5,-1,-1
1726,6,-1,-1
1726,7,-1,-1
1727,0,0,160
1727,1,0,160
1727,2,-1,-1
1727,3,-1,-1
1727,4,-1,-1
1727,5,-1,-1
1727,6,-1,-1
1727,7,-1,-1
1728,0,0,160
1728,1,0,160
1728,2,-1,-1
1728,3,-1,-1
1728,4,-1,-1
1728,5,-1,-1
1728,6,-1,-1
1728,7,-1,-1
1729,0,0,160
1729,1,0,160
1729,2,-1,-1
1729,3,-1,-1
1729,4,-1,-1
1729,5,-1,-1
1729,6,-1,-1
1729,7,-1,-1
1730,0,0,160
1730,1,0,160
1730,2,-1,-1
1730,3,-1,-1
1730,4,-1,-1
1730,5,-1,-1
1730,6,-1,-1
1730,7,-1,-1
1731,0,0,160
1731,1,0,160
1731,2,-1,-1
1731,3,-1,-1
1731,4,-1,-1
1731,5,-1,-1
1731,6,-1,-1
1731,7,-1,-1
1732,0,0,160
1732,1,0,160
1732,2,-1,-1
1732,3,-1,-1
1732,4,-1,-1
1732,5,-1,-1
1732,6,-1,-1
1732,7,-1,-1
1733,0,0,160
1733,1,0,160
1733,2,-1,-1
1733,3,-1,-1
1733,4,-1,-1
1733,5,-1,-1
1733,6,-1,-1
1733,7,-1,-1
1734,0,0,160
1734,1,0,160
1734,2,-1,-1
1734,3,-1,-1
1734,4,-1,-1
1734,5,-1,-1
1734,6,-1,-1
1734,7,-1,-1
1735,0,0,160
1735,1,0,160
1735,2,-1,-1
1735,3,-1,-1
1735,4,-1,-1
1735,5,-1,-1
1735,6,-1,-1
1735,7,-1,-1
1736,0,0,160
1736,1,0,160
1736,2,-1,-1
1736,3,-1,-1
1736,4,-1,-1
1736,5,-1,-1
1736,6,-1,-1
1736,7,-1,-1
1737,0,0,160
1737,1,0,160
1737,2,-1,-1
1737,3,-1,-1
1737,4,-1,-1
1737,5,-1,-1
1737,6,-1,-1
1737,7,-1,-1
1738,0,0,160
1738,1,0,160
1738,2,-1,-1
1738,3,-1,-1
1738,4,-1,-1
1738,5,-1,-1
1738,6,-1,-1
1738,7,-1,-1
1739,0,0,160
1739,1,0,160
1739,2,-1,-1
1739,3,-1,-1
1739,4,-1,-1
1739,5,-1,-1
1739,6,-1,-1
1739,7,-1,-1
1740,0,0,160
1740,1,0,160
1740,2,-1,-1
1740,3,-1,-1
1740,4,-1,-1
1740,5,-1,-1
1740,6,-1,-1
1740,7,-1,-1
1741,0,0,160
1741,1,0,160
1741,2,-1,-1
1741,3,-1,-1
1741,4,-1,-1
1741,5,-1,-1
1741,6,-1,-1
1741,7,-1,-1
1742,0,0,160
1742,1,0,160
1742,2,-1,-1
1742,3,-1,-1
1742,4,-1,-1
1742,5,-1,-1
1742,6,-1,-1
1742,7,-1,-1
1743,0,0,160
1743,1,0,160
1743,2,-1,-1
1743,3,-1,-1
1743,4,-1,-1
1743,5,-1,-1
1743,6,-1,-1
1743,7,-1,-1
1744,0,0,160
1744,1,0,160
1744,2,-1,-1
1744,3,-1,-1
1744,4,-1,-1
1744,5,-1,-1
1744,6,-1,-1
1744,7,-1,-1
1745,0,0,160
1745,1,0,160
1745,2,-1,-1
1745,3,-1,-1
1745,4,-1,-1
1745,5,-1,-1
1745,6,-1,-1
1745,7,-1,-1
1746,0,0,160
1746,1,0,160
1746,2,-1,-1
1746,3,-1,-1
1746,4,-1,-1
1746,5,-1,-1
1746,6,-1,-1
1746,7,-1,-1
1747,0,0,160
1747,1,0,160
1747,2,-1,-1
1747,3,-1,-1
1747,4,-1,-1
1747,5,-1,-1
1747,6,-1,-1
1747,7,-1,-1
1748,0,0,160
1748,1,0,160
1748,2,-1,-1
1748,3,-1,-1
1748,4,-1,-1
1748,5,-1,-1
1748,6,-1,-1
1748,7,-1,-1
1749,0,0,160
1749,1,0,160
1749,2,-1,-1
1749,3,-1,-1
1749,4,-1,-1
1749,5,-1,-1
1749,6,-1,-1
1749,7,-1,-1
1750,0,0,160
1750,1,0,160
1750,2,-1,-1
1750,3,-1,-1
1750,4,-1,-1
1750,5,-1,-1
1750,6,-1,-1
1750,7,-1,-1
1751,0,0,160
1751,1,0,160
1751,2,-1,-1
1751,3,-1,-1
1751,4,-1,-1
1751,5,-1,-1
1751,6,-1,-1
1751,7,-1,-1
1752,0,0,160
1752,1,0,160
1752,2,-1,-1
1752,3,-1,-1
1752,4,-1,-1
1752,5,-1,-1
1752,6,-1,-1
1752,7,-1,-1
1753,0,0,160
1753,1,0,160
1753,2,-1,-1
1753,3,-1,-1
1753,4,-1,-1
1753,5,-1,-1
1753,6,-1,-1
1753,7,-1,-1
1754,0,0,160
1754,1,0,160
1754,2,-1,-1
1754,3,-1,-1
1754,4,-1,-1
1754,5,-1,-1
1754,6,-1,-1
1754,7,-1,-1
1755,0,0,160
1755,1,0,160
1755,2,-1,-1
1755,3,-1,-1
1755,4,-1,-1
1755,5,-1,-1
1755,6,-1,-1
1755,7,-1,-1
1756,0,0,160
1756,1,0,160
1756,2,-1,-1
1756,3,-1,-1
1756,4,-1,-1
1756,5,-1,-1
1756,6,-1,-1
1756,7,-1,-1
1757,0,0,160
1757,1,0,160
1757,2,-1,-1
1757,3,-1,-1
1757,4,-1,-1
1757,5,-1,-1
1757,6,-1,-1
1757,7,-1,-1
1758,0,0,160
1758,1,0,160
1758,2,-1,-1
1758,3,-1,-1
1758,4,-1,-1
1758,5,-1,-1
1758,6,-1,-1
1758,7,-1,-1
1759,0,0,160
1759,1,0,160
1759,2,-1,-1
1759,3,-1,-1
1759,4,-1,-1
1759,5,-1,-1
1759,6,-1,-1
1759,7,-1,-1
1760,0,0,160
1760,1,0,160
1760,2,-1,-1
1760,3,-1,-1
1760,4,-1,-1
1760,5,-1,-1
1760,6,-1,-1
1760,7,-1,-1
1761,0,0,160
1761,1,0,160
1761,2,-1,-1
1761,3,-1,-1
1761,4,-1,-1
1761,5,-1,-1
1761,6,-1,-1
1761,7,-1,-1
1762,0,0,160
1762,1,0,160
1762,2,-1,-1
1762,3,-1,-1
1762,4,-1,-1
1762,5,-1,-1
1762,6,-1,-1
1762,7,-1,-1
1763,0,0,160
1763,1,0,160
1763,2,-1,-1
1763,3,-1,-1
1763,4,-1,-1
1763,5,-1,-1
1763,6,-1,-1
1763,7,-1,-1
1764,0,0,160
1764,1,0,160
1764,2,-1,-1
1764,3,-1,-1
1764,4,-1,-1
1764,5,-1,-1
1764,6,-1,-1
1764,7,-1,-1
1765,0,0,160
1765,1,0,160
1765,2,-1,-1
1765,3,-1,-1
1765,4,-1,-1
1765,5,-1,-1
1765,6,-1,-1
1765,7,-1,-1
1766,0,0,160
1766,1,0,160
1766,2,-1,-1
1766,3,-1,-1
1766,4,-1,-1
1766,5,-1,-1
1766,6,-1,-1
1766,7,-1,-1
1767,0,0,160
1767,1,0,160
1767,2,-1,-1
1767,3,-1,-1
1767,4,-1,-1
1767,5,-1,-1
1767,6,-1,-1
1767,7,-1,-1
1768,0,0,160
1768,1,0,160
1768,2,-1,-1
1768,3,-1,-1
1768,4,-1,-1
1768,5,-1,-1
1768,6,-1,-1
1768,7,-1,-1
1769,0,0,160
1769,1,0,160
1769,2,-1,-1
1769,3,-1,-1
1769,4,-1,-1
1769,5,-1,-1
1769,6,-1,-1
1769,7,-1,-1
1770,0,0,160
1770,1,0,160
1770,2,-1,-1
1770,3,-1,-1
1770,4,-1,-1
1770,5,-1,-1
1770,6,-1,-1
1770,7,-1,-1
1771,0,0,160
1771,1,0,160
1771,2,-1,-1
1771,3,-1,-1
1771,4,-1,-1
1771,5,-1,-1
1771,6,-1,-1
1771,7,-1,-1
1772,0,0,160
1772,1,0,160
1772,2,-1,-1
1772,3,-1,-1
1772,4,-1,-1
1772,5,-1,-1
1772,6,-1,-1
1772,7,-1,-1
1773,0,0,160
1773,1,0,160
1773,2,-1,-1
1773,3,-1,-1
1773,4,-1,-1
1773,5,-1,-1
1773,6,-1,-1
1773,7,-1,-1
1774,0,0,160
1774,1,0,160
1774,2,-1,-1
1774,3,-1,-1
1774,4,-1,-1
1774,5,-1,-1
1774,6,-1,-1
1774,7,-1,-1
1775,0,0,160
1775,1,0,160
1775,2,-1,-1
1775,3,-1,-1
1775,4,-1,-1
1775,5,-1,-1
1775,6,-1,-1
1775,7,-1,-1
1776,0,0,160
1776,1,0,160
1776,2,-1,-1
1776,3,-1,-1
1776,4,-1,-1
1776,5,-1,-1
1776,6,-1,-1
1776,7,-1,-1
1777,0,0,160
1777,1,0,160
1777,2,-1,-1
1777,3,-1,-1
1777,4,-1,-1
1777,5,-1,-1
1777,6,-1,-1
1777,7,-1,-1
1778,0,0,160
1778,1,0,160
1778,2,-1,-1
1778,3,-1,-1
1778,4,-1,-1
1778,5,-1,-1
1778,6,-1,-1
1778,7,-1,-1
1779,0,0,160
1779,1,0,160
1779,2,-1,-1
1779,3,-1,-1
1779,4,-1,-1
1779,5,-1,-1
1779,6,-1,-1
1779,7,-1,-1
1780,0,0,160
1780,1,0,160
1780,2,-1,-1
1780,3,-1,-1
1780,4,-1,-1
1780,5,-1,-1
1780,6,-1,-1
1780,7,-1,-1
1781,0,0,160
1781,1,0,160
1781,2,-1,-1
1781,3,-1,-1
1781,4,-1,-1
1781,5,-1,-1
1781,6,-1,-1
1781,7,-1,-1
1782,0,0,160
1782,1,0,160
1782,2,-1,-1
1782,3,-1,-1
1782,4,-1,-1
1782,5,-1,-1
1782,6,-1,-1
1782,7,-1,-1
1783,0,0,160
1783,1,0,160
1783,2,-1,-1
1783,3,-1,-1
1783,4,-1,-1
1783,5,-1,-1
1783,6,-1,-1
1783,7,-1,-1
1784,0,0,160
1784,1,0,160
1784,2,-1,-1
1784,3,-1,-1
1784,4,-1,-1
1784,5,-1,-1
1784,6,-1,-1
1784,7,-1,-1
1785,0,0,160
1785,1,0,160
1785,2,-1,-1
1785,3,-1,-1
1785,4,-1,-1
1785,5,-1,-1
1785,6,-1,-1
1785,7,-1,-1
1786,0,0,160
1786,1,0,160
1786,2,-1,-1
1786,3,-1,-1
1786,4,-1,-1
1786,5,-1,-1
1786,6,-1,-1
1786,7,-1,-1
1787,0,0,160
1787,1,0,160
1787,2,-1,-1
1787,3,-1,-1
1787,4,-1,-1
1787,5,-1,-1
1787,6,-1,-1
1787,7,-1,-1
1788,0,0,160
1788,1,0,160
1788,2,-1,-1
1788,3,-1,-1
1788,4,-1,-1
1788,5,-1,-1
1788,6,-1,-1
1788,7,-1,-1
1789,0,0,160
1789,1,0,160
1789,2,-1,-1
1789,3,-1,-1
1789,4,-1,-1
1789,5,-1,-1
1789,6,-1,-1
1789,7,-1,-1
1790,0,0,160
1790,1,0,160
1790,2,-1,-1
1790,3,-1,-1
1790,4,-1,-1
1790,5,-1,-1
1790,6,-1,-1
1790,7,-1,-1
1791,0,0,160
1791,1,0,160
1791,2,-1,-1
1791,3,-1,-1
1791,4,-1,-1
1791,5,-1,-1
1791,6,-1,-1
1791,7,-1,-1
1792,0,0,160
1792,1,0,160
1792,2,-1,-1
1792,3,-1,-1
1792,4,-1,-1
1792,5,-1,-1
1792,6,-1,-1
1792,7,-1,-1
1793,0,0,160
1793,1,0,160
1793,2,-1,-1
1793,3,-1,-1
1793,4,-1,-1
1793,5,-1,-1
1793,6,-1,-1
1793,7,-1,-1
1794,0,0,160
1794,1,0,160
1794,2,-1,-1
1794,3,-1,-1
1794,4,-1,-1
1794,5,-1,-1
1794,6,-1,-1
1794,7,-1,-1
1795,0,0,160
1795,1,0,160
1795,2,-1,-1
1795,3,-1,-1
1795,4,-1,-1
1795,5,-1,-1
1795,6,-1,-1
1795,7,-1,-1
1796,0,0,160
1796,1,0,160
1796,2,-1,-1
1796,3,-1,-1
1796,4,-1,-1
1796,5,-1,-1
1796,6,-1,-1
1796,7,-1,-1
1797,0,0,160
1797,1,0,160
1797,2,-1,-1
1797,3,-1,-1
1797,4,-1,-1
1797,5,-1,-1
1797,6,-1,-1
1797,7,-1,-1
1798,0,0,160
1798,1,0,160
1798,2,-1,-1
1798,3,-1,-1
1798,4,-1,-1
1798,5,-1,-1
1798,6,-1,-1
1798,7,-1,-1
1799,0,0,160
1799,1,0,160
1799,2,-1,-1
1799,3,-1,-1
1799,4,-1,-1
1799,5,-1,-1
1799,6,-1,-1
1799,7,-1,-1
1800,0,0,160
1800,1,0,160
1800,2,-1,-1
1800,3,-1,-1
1800,4,-1,-1
1800,5,-1,-1
1800,6,-1,-1
1800,7,-1,-1
1801,0,0,160
1801,1,0,160
1801,2,-1,-1
1801,3,-1,-1
1801,4,-1,-1
1801,5,-1,-1
1801,6,-1,-1
1801,7,-1,-1
1802,0,0,160
1802,1,0,160
1802,2,-1,-1
1802,3,-1,-1
1802,4,-1,-1
1802,5,-1,-1
1802,6,-1,-1
1802,7,-1,-1
1803,0,0,160
1803,1,0,160
1803,2,-1,-1
1803,3,-1,-1
1803,4,-1,-1
1803,5,-1,-1
1803,6,-1,-1
1803,7,-1,-1
1804,0,0,160
1804,1,0,160
1804,2,-1,-1
1804,3,-1,-1
1804,4,-1,-1
1804,5,-1,-1
1804,6,-1,-1
1804,7,-1,-1
1805,0,0,160
1805,1,0,160
1805,2,-1,-1
1805,3,-1,-1
1805,4,-1,-1
1805,5,-1,-1
1805,6,-1,-1
1805,7,-1,-1
1806,0,0,160
1806,1,0,160
1806,2,-1,-1
1806,3,-1,-1
1806,4,-1,-1
1806,5,-1,-1
1806,6,-1,-1
1806,7,-1,-1
1807,0,0,160
1807,1,0,160
1807,2,-1,-1
1807,3,-1,-1
1807,4,-1,-1
1807,5,-1,-1
1807,6,-1,-1
1807,7,-1,-1
1808,0,0,160
1808,1,0,160
1808,2,-1,-1
1808,3,-1,-1
1808,4,-1,-1
1808,5,-1,-1
1808,6,-1,-1
1808,7,-1,-1
1809,0,0,160
1809,1,0,160
1809,2,-1,-1
1809,3,-1,-1
1809,4,-1,-1
1809,5,-1,-1
1809,6,-1,-1
1809,7,-1,-1
1810,0,0,160
1810,1,0,160
1810,2,-1,-1
1810,3,-1,-1
1810,4,-1,-1
1810,5,-1,-1
1810,6,-1,-1
1810,7,-1,-1
1811,0,0,160
1811,1,0,160
1811,2,-1,-1
1811,3,-1,-1
1811,4,-1,-1
1811,5,-1,-1
1811,6,-1,-1
1811,7,-1,-1
1812,0,0,160
1812,1,0,160
1812,2,-1,-1
1812,3,-1,-1
1812,4,-1,-1
1812,5,-1,-1
1812,6,-1,-1
1812,7,-1,-1
1813,0,0,160
1813,1,0,160
1813,2,-1,-1
1813,3,-1,-1
1813,4,-1,-1
1813,5,-1,-1
1813,6,-1,-1
1813,7,-1,-1
1814,0,0,160
1814,1,0,160
1814,2,-1,-1
1814,3,-1,-1
1814,4,-1,-1
1814,5,-1,-1
1814,6,-1,-1
1814,7,-1,-1
1815,0,0,160
1815,1,0,160
1815,2,-1,-1
1815,3,-1,-1
1815,4,-1,-1
1815,5,-1,-1
1815,6,-1,-1
1815,7,-1,-1
1816,0,0,160
1816,1,0,160
1816,2,-1,-1
1816,3,-1,-1
1816,4,-1,-1
1816,5,-1,-1
1816,6,-1,-1
1816,7,-1,-1
1817,0,0,160
1817,1,0,160
1817,2,-1,-1
1817,3,-1,-1
1817,4,-1,-1
1817,5,-1,-1
1817,6,-1,-1
1817,7,-1,-1
1818,0,0,160
1818,1,0,160
1818,2,-1,-1
1818,3,-1,-1
1818,4,-1,-1
1818,5,-1,-1
1818,6,-1,-1
1818,7,-1,-1
1819,0,0,160
1819,1,0,160
1819,2,-1,-1
1819,3,-1,-1
1819,4,-1,-1
1819,5,-1,-1
1819,6,-1,-1
1819,7,-1,-1
1820,0,0,160
1820,1,0,160
1820,2,-1,-1
1820,3,-1,-1
1820,4,-1,-1
1820,5,-1,-1
1820,6,-1,-1
1820,7,-1,-1
1821,0,0,160
1821,1,0,160
1821,2,-1,-1
1821,3,-1,-1
1821,4,-1,-1
1821,5,-1,-1
1821,6,-1,-1
1821,7,-1,-1
1822,0,0,160
1822,1,0,160
1822,2,-1,-1
1822,3,-1,-1
1822,4,-1,-1
1822,5,-1,-1
1822,6,-1,-1
1822,7,-1,-1
1823,0,0,160
1823,1,0,160
1823,2,-1,-1
1823,3,-1,-1
1823,4,-1,-1
1823,5,-1,-1
1823,6,-1,-1
1823,7,-1,-1
1824,0,0,160
1824,1,0,160
1824,2,-1,-1
1824,3,-1,-1
1824,4,-1,-1
1824,5,-1,-1
1824,6,-1,-1
1824,7,-1,-1
1825,0,0,160
1825,1,0,160
1825,2,-1,-1
1825,3,-1,-1
1825,4,-1,-1
1825,5,-1,-1
1825,6,-1,-1
1825,7,-1,-1
1826,0,0,160
1826,1,0,160
1826,2,-1,-1
1826,3,-1,-1
1826,4,-1,-1
1826,5,-1,-1
1826,6,-1,-1
1826,7,-1,-1
1827,0,0,160
1827,1,0,160
1827,2,-1,-1
1827,3,-1,-1
1827,4,-1,-1
1827,5,-1,-1
1827,6,-1,-1
1827,7,-1,-1
1828,0,0,160
1828,1,0,160
1828,2,-1,-1
1828,3,-1,-1
1828,4,-1,-1
1828,5,-1,-1
1828,6,-1,-1
1828,7,-1,-1
1829,0,0,160
1829,1,0,160
1829,2,-1,-1
1829,3,-1,-1
1829,4,-1,-1
1829,5,-1,-1
1829,6,-1,-1
1829,7,-1,-1
1830,0,0,160
1830,1,0,160
1830,2,-1,-1
1830,3,-1,-1
1830,4,-1,-1
1830,5,-1,-1
1830,6,-1,-1
1830,7,-1,-1
1831,0,0,160
1831,1,0,160
1831,2,-1,-1
1831,3,-1,-1
1831,4,-1,-1
1831,5,-1,-1
1831,6,-1,-1
1831,7,-1,-1
1832,0,0,160
1832,1,0,160
1832,2,-1,-1
1832,3,-1,-1
1832,4,-1,-1
1832,5,-1,-1
1832,6,-1,-1
1832,7,-1,-1
1833,0,0,160
1833,1,0,160
1833,2,-1,-1
1833,3,-1,-1
1833,4,-1,-1
1833,5,-1,-1
1833,6,-1,-1
1833,7,-1,-1
1834,0,0,160
1834,1,0,160
1834,2,-1,-1
1834,3,-1,-1
1834,4,-1,-1
1834,5,-1,-1
1834,6,-1,-1
1834,7,-1,-1
1835,0,0,160
1835,1,0,160
1835,2,-1,-1
1835,3,-1,-1
1835,4,-1,-1
1835,5,-1,-1
1835,6,-1,-1
1835,7,-1,-1
1836,0,0,160
1836,1,0,160
1836,2,-1,-1
1836,3,-1,-1
1836,4,-1,-1
1836,5,-1,-1
1836,6,-1,-1
1836,7,-1,-1
1837,0,0,160
1837,1,0,160
1837,2,-1,-1
1837,3,-1,-1
1837,4,-1,-1
1837,5,-1,-1
1837,6,-1,-1
1837,7,-1,-1
1838,0,0,160
1838,1,0,160
1838,2,-1,-1
1838,3,-1,-1
1838,4,-1,-1
1838,5,-1,-1
1838,6,-1,-1
1838,7,-1,-1
1839,0,0,160
1839,1,0,160
1839,2,-1,-1
1839,3,-1,-1
1839,4,-1,-1
1839,5,-1,-1
1839,6,-1,-1
1839,7,-1,-1
1840,0,0,160
1840,1,0,160
1840,2,-1,-1
1840,3,-1,-1
1840,4,-1,-1
1840,5,-1,-1
1840,6,-1,-1
1840,7,-1,-1
1841,0,0,160
1841,1,0,160
1841,2,-1,-1
1841,3,-1,-1
1841,4,-1,-1
1841,5,-1,-1
1841,6,-1,-1
1841,7,-1,-1
1842,0,0,160
1842,1,0,160
1842,2,-1,-1
1842,3,-1,-1
1842,4,-1,-1
1842,5,-1,-1
1842,6,-1,-1
1842,7,-1,-1
1843,0,0,160
1843,1,0,160
1843,2,-1,-1
1843,3,-1,-1
1843,4,-1,-1
1843,5,-1,-1
1843,6,-1,-1
1843,7,-1,-1
1844,0,0,160
1844,1,0,160
1844,2,-1,-1
1844,3,-1,-1
1844,4,-1,-1
1844,5,-1,-1
1844,6,-1,-1
1844,7,-1,-1
1845,0,0,160
1845,1,0,160
1845,2,-1,-1
1845,3,-1,-1
1845,4,-1,-1
1845,5,-1,-1
1845,6,-1,-1
1845,7,-1,-1
1846,0,0,160
1846,1,0,160
1846,2,-1,-1
1846,3,-1,-1
1846,4,-1,-1
1846,5,-1,-1
1846,6,-1,-1
1846,7,-1,-1
1847,0,0,160
1847,1,0,160
1847,2,-1,-1
1847,3,-1,-1
1847,4,-1,-1
1847,5,-1,-1
1847,6,-1,-1
1847,7,-1,-1
1848,0,0,160
1848,1,0,160
1848,2,-1,-1
1848,3,-1,-1
1848,4,-1,-1
1848,5,-1,-1
1848,6,-1,-1
1848,7,-1,-1
1849,0,0,160
1849,1,0,160
1849,2,-1,-1
1849,3,-1,-1
1849,4,-1,-1
1849,5,-1,-1
1849,6,-1,-1
1849,7,-1,-1
1850,0,0,160
1850,1,0,160
1850,2,-1,-1
1850,3,-1,-1
1850,4,-1,-1
1850,5,-1,-1
1850,6,-1,-1
1850,7,-1,-1
1851,0,0,160
1851,1,0,160
1851,2,-1,-1
1851,3,-1,-1
1851,4,-1,-1
1851,5,-1,-1
1851,6,-1,-1
1851,7,-1,-1
1852,0,0,160
1852,1,0,160
1852,2,-1,-1
1852,3,-1,-1
1852,4,-1,-1
1852,5,-1,-1
1852,6,-1,-1
1852,7,-1,-1
1853,0,0,160
1853,1,0,160
1853,2,-1,-1
1853,3,-1,-1
1853,4,-1,-1
1853,5,-1,-1
1853,6,-1,-1
1853,7,-1,-1
1854,0,0,160
1854,1,0,160
1854,2,-1,-1
1854,3,-1,-1
1854,4,-1,-1
1854,5,-1,-1
1854,6,-1,-1
1854,7,-1,-1
1855,0,0,160
1855,1,0,160
1855,2,-1,-1
1855,3,-1,-1
1855,4,-1,-1
1855,5,-1,-1
1855,6,-1,-1
1855,7,-1,-1
1856,0,0,160
1856,1,0,160
1856,2,-1,-1
1856,3,-1,-1
1856,4,-1,-1
1856,5,-1,-1
1856,6,-1,-1
1856,7,-1,-1
1857,0,0,160
1857,1,0,160
1857,2,-1,-1
1857,3,-1,-1
1857,4,-1,-1
1857,5,-1,-1
1857,6,-1,-1
1857,7,-1,-1
1858,0,0,160
1858,1,0,160
1858,2,-1,-1
1858,3,-1,-1
1858,4,-1,-1
1858,5,-1,-1
1858,6,-1,-1
1858,7,-1,-1
1859,0,0,160
1859,1,0,160
1859,2,-1,-1
1859,3,-1,-1
1859,4,-1,-1
1859,5,-1,-1
1859,6,-1,-1
1859,7,-1,-1
1860,0,0,160
1860,1,0,160
1860,2,-1,-1
1860,3,-1,-1
1860,4,-1,-1
1860,5,-1,-1
1860,6,-1,-1
1860,7,-1,-1
1861,0,0,160
1861,1,0,160
1861,2,-1,-1
1861,3,-1,-1
1861,4,-1,-1
1861,5,-1,-1
1861,6,-1,-1
1861,7,-1,-1
1862,0,0,160
1862,1,0,160
1862,2,-1,-1
1862,3,-1,-1
1862,4,-1,-1
1862,5,-1,-1
1862,6,-1,-1
1862,7,-1,-1
1863,0,0,160
1863,1,0,160
1863,2,-1,-1
1863,3,-1,-1
1863,4,-1,-1
1863,5,-1,-1
1863,6,-1,-1
1863,7,-1,-1
1864,0,0,160
1864,1,0,160
1864,2,-1,-1
1864,3,-1,-1
1864,4,-1,-1
1864,5,-1,-1
1864,6,-1,-1
1864,7,-1,-1
1865,0,0,160
1865,1,0,160
1865,2,-1,-1
1865,3,-1,-1
1865,4,-1,-1
1865,5,-1,-1
1865,6,-1,-1
1865,7,-1,-1
1866,0,0,160
1866,1,0,160
1866,2,-1,-1
1866,3,-1,-1
1866,4,-1,-1
1866,5,-1,-1
1866,6,-1,-1
1866,7,-1,-1
1867,0,0,160
1867,1,0,160
1867,2,-1,-1
1867,3,-1,-1
1867,4,-1,-1
1867,5,-1,-1
1867,6,-1,-1
1867,7,-1,-1
1868,0,0,160
1868,1,0,160
1868,2,-1,-1
1868,3,-1,-1
1868,4,-1,-1
1868,5,-1,-1
1868,6,-1,-1
1868,7,-1,-1
1869,0,0,160
1869,1,0,160
1869,2,-1,-1
1869,3,-1,-1
1869,4,-1,-1
1869,5,-1,-1
1869,6,-1,-1
1869,7,-1,-1
1870,0,0,160
1870,1,0,160
1870,2,-1,-1
1870,3,-1,-1
1870,4,-1,-1
1870,5,-1,-1
1870,6,-1,-1
1870,7,-1,-1
1871,0,0,160
1871,1,0,160
1871,2,-1,-1
1871,3,-1,-1
1871,4,-1,-1
1871,5,-1,-1
1871,6,-1,-1
1871,7,-1,-1
1872,0,0,160
1872,1,0,160
1872,2,-1,-1
1872,3,-1,-1
1872,4,-1,-1
1872,5,-1,-1
1872,6,-1,-1
1872,7,-1,-1
1873,0,0,160
1873,1,0,160
1873,2,-1,-1
1873,3,-1,-1
1873,4,-1,-1
1873,5,-1,-1
1873,6,-1,-1
1873,7,-1,-1
1874,0,0,160
1874,1,0,160
1874,2,-1,-1
1874,3,-1,-1
1874,4,-1,-1
1874,5,-1,-1
1874,6,-1,-1
1874,7,-1,-1
1875,0,0,160
1875,1,0,160
1875,2,-1,-1
1875,3,-1,-1
1875,4,-1,-1
1875,5,-1,-1
1875,6,-1,-1
1875,7,-1,-1
1876,0,0,160
1876,1,0,160
1876,2,-1,-1
1876,3,-1,-1
1876,4,-1,-1
1876,5,-1,-1
1876,6,-1,-1
1876,7,-1,-1
1877,0,0,160
1877,1,0,160
1877,2,-1,-1
1877,3,-1,-1
1877,4,-1,-1
1877,5,-1,-1
1877,6,-1,-1
1877,7,-1,-1
1878,0,0,160
1878,1,0,160
1878,2,-1,-1
1878,3,-1,-1
1878,4,-1,-1
1878,5,-1,-1
1878,6,-1,-1
1878,7,-1,-1
1879,0,0,160
1879,1,0,160
1879,2,-1,-1
1879,3,-1,-1
1879,4,-1,-1
1879,5,-1,-1
1879,6,-1,-1
1879,7,-1,-1
1880,0,0,160
1880,1,0,160
1880,2,-1,-1
1880,3,-1,-1
1880,4,-1,-1
1880,5,-1,-1
1880,6,-1,-1
1880,7,-1,-1
1881,0,0,160
1881,1,0,160
1881,2,-1,-1
1881,3,-1,-1
1881,4,-1,-1
1881,5,-1,-1
1881,6,-1,-1
1881,7,-1,-1
1882,0,0,160
1882,1,0,160
1882,2,-1,-1
1882,3,-1,-1
1882,4,-1,-1
1882,5,-1,-1
1882,6,-1,-1
1882,7,-1,-1
1883,0,0,160
1883,1,0,160
1883,2,-1,-1
1883,3,-1,-1
1883,4,-1,-1
1883,5,-1,-1
1883,6,-1,-1
1883,7,-1,-1
1884,0,0,160
1884,1,0,160
1884,2,-1,-1
1884,3,-1,-1
1884,4,-1,-1
1884,5,-1,-1
1884,6,-1,-1
1884,7,-1,-1
1885,0,0,160
1885,1,0,160
1885,2,-1,-1
1885,3,-1,-1
1885,4,-1,-1
1885,5,-1,-1
1885,6,-1,-1
1885,7,-1,-1
1886,0,0,160
1886,1,0,160
1886,2,-1,-1
1886,3,-1,-1
1886,4,-1,-1
1886,5,-1,-1
1886,6,-1,-1
1886,7,-1,-1
1887,0,0,160
1887,1,0,160
1887,2,-1,-1
1887,3,-1,-1
1887,4,-1,-1
1887,5,-1,-1
1887,6,-1,-1
1887,7,-1,-1
1888,0,0,160
1888,1,0,160
1888,2,-1,-1
1888,3,-1,-1
1888,4,-1,-1
1888,5,-1,-1
1888,6,-1,-1
1888,7,-1,-1
1889,0,0,160
1889,1,0,160
1889,2,-1,-1
1889,3,-1,-1
1889,4,-1,-1
1889,5,-1,-1
1889,6,-1,-1
1889,7,-1,-1
1890,0,0,160
1890,1,0,160
1890,2,-1,-1
1890,3,-1,-1
1890,4,-1,-1
1890,5,-1,-1
1890,6,-1,-1
1890,7,-1,-1
1891,0,0,160
1891,1,0,160
1891,2,-1,-1
1891,3,-1,-1
1891,4,-1,-1
1891,5,-1,-1
1891,6,-1,-1
1891,7,-1,-1
1892,0,0,160
1892,1,0,160
1892,2,-1,-1
1892,3,-1,-1
1892,4,-1,-1
1892,5,-1,-1
1892,6,-1,-1
1892,7,-1,-1
1893,0,0,160
1893,1,0,160
1893,2,-1,-1
1893,3,-1,-1
1893,4,-1,-1
1893,5,-1,-1
1893,6,-1,-1
1893,7,-1,-1
1894,0,0,160
1894,1,0,160
1894,2,-1,-1
1894,3,-1,-1
1894,4,-1,-1
1894,5,-1,-1
1894,6,-1,-1
1894,7,-1,-1
1895,0,0,160
1895,1,0,160
1895,2,-1,-1
1895,3,-1,-1
1895,4,-1,-1
1895,5,-1,-1
1895,6,-1,-1
1895,7,-1,-1
1896,0,0,160
1896,1,0,160
1896,2,-1,-1
1896,3,-1,-1
1896,4,-1,-1
1896,5,-1,-1
1896,6,-1,-1
1896,7,-1,-1
1897,0,0,160
1897,1,0,160
1897,2,-1,-1
1897,3,-1,-1
1897,4,-1,-1
1897,5,-1,-1
1897,6,-1,-1
1897,7,-1,-1
1898,0,0,160
1898,1,0,160
1898,2,-1,-1
1898,3,-1,-1
1898,4,-1,-1
1898,5,-1,-1
1898,6,-1,-1
1898,7,-1,-1
1899,0,0,160
1899,1,0,160
1899,2,-1,-1
1899,3,-1,-1
1899,4,-1,-1
1899,5,-1,-1
1899,6,-1,-1
1899,7,-1,-1
1900,0,0,160
1900,1,0,160
1900,2,-1,-1
1900,3,-1,-1
1900,4,-1,-1
1900,5,-1,-1
1900,6,-1,-1
1900,7,-1,-1
1901,0,0,160
1901,1,0,160
1901,2,-1,-1
1901,3,-1,-1
1901,4,-1,-1
1901,5,-1,-1
1901,6,-1,-1
1901,7,-1,-1
1902,0,0,160
1902,1,0,160
1902,2,-1,-1
1902,3,-1,-1
1902,4,-1,-1
1902,5,-1,-1
1902,6,-1,-1
1902,7,-1,-1
1903,0,0,160
1903,1,0,160
1903,2,-1,-1
1903,3,-1,-1
1903,4,-1,-1
1903,5,-1,-1
1903,6,-1,-1
1903,7,-1,-1
1904,0,0,160
1904,1,0,160
1904,2,-1,-1
1904,3,-1,-1
1904,4,-1,-1
1904,5,-1,-1
1904,6,-1,-1
1904,7,-1,-1
1905,0,0,160
1905,1,0,160
1905,2,-1,-1
1905,3,-1,-1
1905,4,-1,-1
1905,5,-1,-1
1905,6,-1,-1
1905,7,-1,-1
1906,0,0,160
1906,1,0,160
1906,2,-1,-1
1906,3,-1,-1
1906,4,-1,-1
1906,5,-1,-1
1906,6,-1,-1
1906,7,-1,-1
1907,0,0,160
1907,1,0,160
1907,2,-1,-1
1907,3,-1,-1
1907,4,-1,-1
1907,5,-1,-1
1907,6,-1,-1
1907,7,-1,-1
1908,0,0,160
1908,1,0,160
1908,2,-1,-1
1908,3,-1,-1
1908,4,-1,-1
1908,5,-1,-1
1908,6,-1,-1
1908,7,-1,-1
1909,0,0,160
1909,1,0,160
1909,2,-1,-1
1909,3,-1,-1
1909,4,-1,-1
1909,5,-1,-1
1909,6,-1,-1
1909,7,-1,-1
1910,0,0,160
1910,1,0,160
1910,2,-1,-1
1910,3,-1,-1
1910,4,-1,-1
1910,5,-1,-1
1910,6,-1,-1
1910,7,-1,-1
1911,0,0,160
1911,1,0,160
1911,2,-1,-1
1911,3,-1,-1
1911,4,-1,-1
1911,5,-1,-1
1911,6,-1,-1
1911,7,-1,-1
1912,0,0,160
1912,1,0,160
1912,2,-1,-1
1912,3,-1,-1
1912,4,-1,-1
1912,5,-1,-1
1912,6,-1,-1
1912,7,-1,-1
1913,0,0,160
1913,1,0,160
1913,2,-1,-1
1913,3,-1,-1
1913,4,-1,-1
1913,5,-1,-1
1913,6,-1,-1
1913,7,-1,-1
1914,0,0,160
1914,1,0,160
1914,2,-1,-1
1914,3,-1,-1
1914,4,-1,-1
1914,5,-1,-1
1914,6,-1,-1
1914,7,-1,-1
1915,0,0,160
1915,1,0,160
1915,2,-1,-1
1915,3,-1,-1
1915,4,-1,-1
1915,5,-1,-1
1915,6,-1,-1
1915,7,-1,-1
1916,0,0,160
1916,1,0,160
1916,2,-1,-1
1916,3,-1,-1
1916,4,-1,-1
1916,5,-1,-1
1916,6,-1,-1
1916,7,-1,-1
1917,0,0,160
1917,1,0,160
1917,2,-1,-1
1917,3,-1,-1
1917,4,-1,-1
1917,5,-1,-1
1917,6,-1,-1
1917,7,-1,-1
1918,0,0,160
1918,1,0,160
1918,2,-1,-1
1918,3,-1,-1
1918,4,-1,-1
1918,5,-1,-1
1918,6,-1,-1
1918,7,-1,-1
1919,0,0,160
1919,1,0,160
1919,2,-1,-1
1919,3,-1,-1
1919,4,-1,-1
1919,5,-1,-1
1919,6,-1,-1
1919,7,-1,-1
1920,0,0,160
1920,1,0,160
1920,2,-1,-1
1920,3,-1,-1
1920,4,-1,-1
1920,5,-1,-1
1920,6,-1,-1
1920,7,-1,-1
1921,0,0,160
1921,1,0,160
1921,2,-1,-1
1921,3,-1,-1
1921,4,-1,-1
1921,5,-1,-1
1921,6,-1,-1
1921,7,-1,-1
1922,0,0,160
1922,1,0,160
1922,2,-1,-1
1922,3,-1,-1
1922,4,-1,-1
1922,5,-1,-1
1922,6,-1,-1
1922,7,-1,-1
1923,0,0,160
1923,1,0,160
1923,2,-1,-1
1923,3,-1,-1
1923,4,-1,-1
1923,5,-1,-1
1923,6,-1,-1
1923,7,-1,-1
1924,0,0,160
1924,1,0,160
1924,2,-1,-1
1924,3,-1,-1
1924,4,-1,-1
1924,5,-1,-1
1924,6,-1,-1
1924,7,-1,-1
1925,0,0,160
1925,1,0,160
1925,2,-1,-1
1925,3,-1,-1
1925,4,-1,-1
1925,5,-1,-1
1925,6,-1,-1
1925,7,-1,-1
1926,0,0,160
1926,1,0,160
1926,2,-1,-1
1926,3,-1,-1
1926,4,-1,-1
1926,5,-1,-1
1926,6,-1,-1
1926,7,-1,-1
1927,0,0,160
1927,1,0,160
1927,2,-1,-1
1927,3,-1,-1
1927,4,-1,-1
1927,5,-1,-1
1927,6,-1,-1
1927,7,-1,-1
1928,0,0,160
1928,1,0,160
1928,2,-1,-1
1928,3,-1,-1
1928,4,-1,-1
1928,5,-1,-1
1928,6,-1,-1
1928,7,-1,-1
1929,0,0,160
1929,1,0,160
1929,2,-1,-1
1929,3,-1,-1
1929,4,-1,-1
1929,5,-1,-1
1929,6,-1,-1
1929,7,-1,-1
1930,0,0,160
1930,1,0,160
1930,2,-1,-1
1930,3,-1,-1
1930,4,-1,-1
1930,5,-1,-1
1930,6,-1,-1
1930,7,-1,-1
1931,0,0,160
1931,1,0,160
1931,2,-1,-1
1931,3,-1,-1
1931,4,-1,-1
1931,5,-1,-1
1931,6,-1,-1
1931,7,-1,-1
1932,0,0,160
1932,1,0,160
1932,2,-1,-1
1932,3,-1,-1
1932,4,-1,-1
1932,5,-1,-1
1932,6,-1,-1
1932,7,-1,-1
1933,0,0,160
1933,1,0,160
1933,2,-1,-1
1933,3,-1,-1
1933,4,-1,-1
1933,5,-1,-1
1933,6,-1,-1
1933,7,-1,-1
1934,0,0,160
1934,1,0,160
1934,2,-1,-1
1934,3,-1,-1
1934,4,-1,-1
1934,5,-1,-1
1934,6,-1,-1
1934,7,-1,-1
1935,0,0,160
1935,1,0,160
1935,2,-1,-1
1935,3,-1,-1
1935,4,-1,-1
1935,5,-1,-1
1935,6,-1,-1
1935,7,-1,-1
1936,0,0,160
1936,1,0,160
1936,2,-1,-1
1936,3,-1,-1
1936,4,-1,-1
1936,5,-1,-1
1936,6,-1,-1
1936,7,-1,-1
1937,0,0,160
1937,1,0,160
1937,2,-1,-1
1937,3,-1,-1
1937,4,-1,-1
1937,5,-1,-1
1937,6,-1,-1
1937,7,-1,-1
1938,0,0,160
1938,1,0,160
1938,2,-1,-1
1938,3,-1,-1
1938,4,-1,-1
1938,5,-1,-1
1938,6,-1,-1
1938,7,-1,-1
1939,0,0,160
1939,1,0,160
1939,2,-1,-1
1939,3,-1,-1
1939,4,-1,-1
1939,5,-1,-1
1939,6,-1,-1
1939,7,-1,-1
1940,0,0,160
1940,1,0,160
1940,2,-1,-1
1940,3,-1,-1
1940,4,-1,-1
1940,5,-1,-1
1940,6,-1,-1
1940,7,-1,-1
1941,0,0,160
1941,1,0,160
1941,2,-1,-1
1941,3,-1,-1
1941,4,-1,-1
1941,5,-1,-1
1941,6,-1,-1
1941,7,-1,-1
1942,0,0,160
1942,1,0,160
1942,2,-1,-1
1942,3,-1,-1
1942,4,-1,-1
1942,5,-1,-1
1942,6,-1,-1
1942,7,-1,-1
1943,0,0,160
1943,1,0,160
1943,2,-1,-1
1943,3,-1,-1
1943,4,-1,-1
1943,5,-1,-1
1943,6,-1,-1
1943,7,-1,-1
1944,0,0,160
1944,1,0,160
1944,2,-1,-1
1944,3,-1,-1
1944,4,-1,-1
1944,5,-1,-1
1944,6,-1,-1
1944,7,-1,-1
1945,0,0,160
1945,1,0,160
1945,2,-1,-1
1945,3,-1,-1
1945,4,-1,-1
1945,5,-1,-1
1945,6,-1,-1
1945,7,-1,-1
1946,0,0,160
1946,1,0,160
1946,2,-1,-1
1946,3,-1,-1
1946,4,-1,-1
1946,5,-1,-1
1946,6,-1,-1
1946,7,-1,-1
1947,0,0,160
1947,1,0,160
1947,2,-1,-1
1947,3,-1,-1
1947,4,-1,-1
1947,5,-1,-1
1947,6,-1,-1
1947,7,-1,-1
1948,0,0,160
1948,1,0,160
1948,2,-1,-1
1948,3,-1,-1
1948,4,-1,-1
1948,5,-1,-1
1948,6,-1,-1
1948,7,-1,-1
1949,0,0,160
1949,1,0,160
1949,2,-1,-1
1949,3,-1,-1
1949,4,-1,-1
1949,5,-1,-1
1949,6,-1,-1
1949,7,-1,-1
1950,0,0,160
1950,1,0,160
1950,2,-1,-1
1950,3,-1,-1
1950,4,-1,-1
1950,5,-1,-1
1950,6,-1,-1
1950,7,-1,-1
1951,0,0,160
1951,1,0,160
1951,2,-1,-1
1951,3,-1,-1
1951,4,-1,-1
1951,5,-1,-1
1951,6,-1,-1
1951,7,-1,-1
1952,0,0,160
1952,1,0,160
1952,2,-1,-1
1952,3,-1,-1
1952,4,-1,-1
1952,5,-1,-1
1952,6,-1,-1
1952,7,-1,-1
1953,0,0,160
1953,1,0,160
1953,2,-1,-1
1953,3,-1,-1
1953,4,-1,-1
1953,5,-1,-1
1953,6,-1,-1
1953,7,-1,-1
1954,0,0,160
1954,1,0,160
1954,2,-1,-1
1954,3,-1,-1
1954,4,-1,-1
1954,5,-1,-1
1954,6,-1,-1
1954,7,-1,-1
1955,0,0,160
1955,1,0,160
1955,2,-1,-1
1955,3,-1,-1
1955,4,-1,-1
1955,5,-1,-1
1955,6,-1,-1
1955,7,-1,-1
1956,0,0,160
1956,1,0,160
1956,2,-1,-1
1956,3,-1,-1
1956,4,-1,-1
1956,5,-1,-1
1956,6,-1,-1
1956,7,-1,-1
1957,0,0,160
1957,1,0,160
1957,2,-1,-1
1957,3,-1,-1
1957,4,-1,-1
1957,5,-1,-1
1957,6,-1,-1
1957,7,-1,-1
1958,0,0,160
1958,1,0,160
1958,2,-1,-1
1958,3,-1,-1
1958,4,-1,-1
1958,5,-1,-1
1958,6,-1,-1
1958,7,-1,-1
1959,0,0,160
1959,1,0,160
1959,2,-1,-1
1959,3,-1,-1
1959,4,-1,-1
1959,5,-1,-1
1959,6,-1,-1
1959,7,-1,-1
1960,0,0,160
1960,1,0,160
1960,2,-1,-1
1960,3,-1,-1
1960,4,-1,-1
1960,5,-1,-1
1960,6,-1,-1
1960,7,-1,-1
1961,0,0,160
1961,1,0,160
1961,2,-1,-1
1961,3,-1,-1
1961,4,-1,-1
1961,5,-1,-1
1961,6,-1,-1
1961,7,-1,-1
1962,0,0,160
1962,1,0,160
1962,2,-1,-1
1962,3,-1,-1
1962,4,-1,-1
1962,5,-1,-1
1962,6,-1,-1
1962,7,-1,-1
1963,0,0,160
1963,1,0,160
1963,2,-1,-1
1963,3,-1,-1
1963,4,-1,-1
1963,5,-1,-1
1963,6,-1,-1
1963,7,-1,-1
1964,0,0,160
1964,1,0,160
1964,2,-1,-1
1964,3,-1,-1
1964,4,-1,-1
1964,5,-1,-1
1964,6,-1,-1
1964,7,-1,-1
1965,0,0,160
1965,1,0,160
1965,2,-1,-1
1965,3,-1,-1
1965,4,-1,-1
1965,5,-1,-1
1965,6,-1,-1
1965,7,-1,-1
1966,0,0,160
1966,1,0,160
1966,2,-1,-1
1966,3,-1,-1
1966,4,-1,-1
1966,5,-1,-1
1966,6,-1,-1
1966,7,-1,-1
1967,0,0,160
1967,1,0,160
1967,2,-1,-1
1967,3,-1,-1
1967,4,-1,-1
1967,5,-1,-1
1967,6,-1,-1
1967,7,-1,-1
1968,0,0,160
1968,1,0,160
1968,2,-1,-1
1968,3,-1,-1
1968,4,-1,-1
1968,5,-1,-1
1968,6,-1,-1
1968,7,-1,-1
1969,0,0,160
1969,1,0,160
1969,2,-1,-1
1969,3,-1,-1
1969,4,-1,-1
1969,5,-1,-1
1969,6,-1,-1
1969,7,-1,-1
1970,0,0,160
1970,1,0,160
1970,2,-1,-1
1970,3,-1,-1
1970,4,-1,-1
1970,5,-1,-1
1970,6,-1,-1
1970,7,-1,-1
1971,0,0,160
1971,1,0,160
1971,2,-1,-1
1971,3,-1,-1
1971,4,-1,-1
1971,5,-1,-1
1971,6,-1,-1
1971,7,-1,-1
1972,0,0,160
1972,1,0,160
1972,2,-1,-1
1972,3,-1,-1
1972,4,-1,-1
1972,5,-1,-1
1972,6,-1,-1
1972,7,-1,-1
1973,0,0,160
1973,1,0,160
1973,2,-1,-1
1973,3,-1,-1
1973,4,-1,-1
1973,5,-1,-1
1973,6,-1,-1
1973,7,-1,-1
1974,0,0,160
1974,1,0,160
1974,2,-1,-1
1974,3,-1,-1
1974,4,-1,-1
1974,5,-1,-1
1974,6,-1,-1
1974,7,-1,-1
1975,0,0,160
1975,1,0,160
1975,2,-1,-1
1975,3,-1,-1
1975,4,-1,-1
1975,5,-1,-1
1975,6,-1,-1
1975,7,-1,-1
1976,0,0,160
1976,1,0,160
1976,2,-1,-1
1976,3,-1,-1
1976,4,-1,-1
1976,5,-1,-1
1976,6,-1,-1
1976,7,-1,-1
1977,0,0,160
1977,1,0,160
1977,2,-1,-1
1977,3,-1,-1
1977,4,-1,-1
1977,5,-1,-1
1977,6,-1,-1
1977,7,-1,-1
1978,0,0,160
1978,1,0,160
1978,2,-1,-1
1978,3,-1,-1
1978,4,-1,-1
1978,5,-1,-1
1978,6,-1,-1
1978,7,-1,-1
1979,0,0,160
1979,1,0,160
1979,2,-1,-1
1979,3,-1,-1
1979,4,-1,-1
1979,5,-1,-1
1979,6,-1,-1
1979,7,-1,-1
1980,0,0,160
1980,1,0,160
1980,2,-1,-1
1980,3,-1,-1
1980,4,-1,-1
1980,5,-1,-1
1980,6,-1,-1
1980,7,-1,-1
1981,0,0,160
1981,1,0,160
1981,2,-1,-1
1981,3,-1,-1
1981,4,-1,-1
1981,5,-1,-1
1981,6,-1,-1
1981,7,-1,-1
1982,0,0,160
1982,1,0,160
1982,2,-1,-1
1982,3,-1,-1
1982,4,-1,-1
1982,5,-1,-1
1982,6,-1,-1
1982,7,-1,-1
1983,0,0,160
1983,1,0,160
1983,2,-1,-1
1983,3,-1,-1
1983,4,-1,-1
1983,5,-1,-1
1983,6,-1,-1
1983,7,-1,-1
1984,0,0,160
1984,1,0,160
1984,2,-1,-1
1984,3,-1,-1
1984,4,-1,-1
1984,5,-1,-1
1984,6,-1,-1
1984,7,-1,-1
1985,0,0,160
1985,1,0,160
1985,2,-1,-1
1985,3,-1,-1
1985,4,-1,-1
1985,5,-1,-1
1985,6,-1,-1
1985,7,-1,-1
1986,0,0,160
1986,1,0,160
1986,2,-1,-1
1986,3,-1,-1
1986,4,-1,-1
1986,5,-1,-1
1986,6,-1,-1
1986,7,-1,-1
1987,0,0,160
1987,1,0,160
1987,2,-1,-1
1987,3,-1,-1
1987,4,-1,-1
1987,5,-1,-1
1987,6,-1,-1
1987,7,-1,-1
1988,0,0,160
1988,1,0,160
1988,2,-1,-1
1988,3,-1,-1
1988,4,-1,-1
1988,5,-1,-1
1988,6,-1,-1
1988,7,-1,-1
1989,0,0,160
1989,1,0,160
1989,2,-1,-1
1989,3,-1,-1
1989,4,-1,-1
1989,5,-1,-1
1989,6,-1,-1
1989,7,-1,-1
1990,0,0,160
1990,1,0,160
1990,2,-1,-1
1990,3,-1,-1
1990,4,-1,-1
1990,5,-1,-1
1990,6,-1,-1
1990,7,-1,-1
1991,0,0,160
1991,1,0,160
1991,2,-1,-1
1991,3,-1,-1
1991,4,-1,-1
1991,5,-1,-1
1991,6,-1,-1
1991,7,-1,-1
1992,0,0,160
1992,1,0,160
1992,2,-1,-1
1992,3,-1,-1
1992,4,-1,-1
1992,5,-1,-1
1992,6,-1,-1
1992,7,-1,-1
1993,0,0,160
1993,1,0,160
1993,2,-1,-1
1993,3,-1,-1
1993,4,-1,-1
1993,5,-1,-1
1993,6,-1,-1
1993,7,-1,-1
1994,0,0,160
1994,1,0,160
1994,2,-1,-1
1994,3,-1,-1
1994,4,-1,-1
1994,5,-1,-1
1994,6,-1,-1
1994,7,-1,-1
1995,0,0,160
1995,1,0,160
1995,2,-1,-1
1995,3,-1,-1
1995,4,-1,-1
1995,5,-1,-1
1995,6,-1,-1
1995,7,-1,-1
1996,0,0,160
1996,1,0,160
1996,2,-1,-1
1996,3,-1,-1
1996,4,-1,-1
1996,5,-1,-1
1996,6,-1,-1
1996,7,-1,-1
1997,0,0,160
1997,1,0,160
1997,2,-1,-1
1997,3,-1,-1
1997,4,-1,-1
1997,5,-1,-1
1997,6,-1,-1
1997,7,-1,-1
1998,0,0,160
1998,1,0,160
1998,2,-1,-1
1998,3,-1,-1
1998,4,-1,-1
1998,5,-1,-1
1998,6,-1,-1
1998,7,-1,-1
1999,0,0,160
1999,1,0,160
1999,2,-1,-1
1999,3,-1,-1
1999,4,-1,-1
1999,5,-1,-1
1999,6,-1,-1
1999,7,-1,-1
2000,0,0,160
2000,1,0,160
2000,2,-1,-1
2000,3,-1,-1
2000,4,-1,-1
2000,5,-1,-1
2000,6,-1,-1
2000,7,-1,-1
2001,0,0,160
2001,1,0,160
2001,2,-1,-1
2001,3,-1,-1
2001,4,-1,-1
2001,5,-1,-1
2001,6,-1,-1
2001,7,-1,-1
2002,0,0,160
2002,1,0,160
2002,2,-1,-1
2002,3,-1,-1
2002,4,-1,-1
2002,5,-1,-1
2002,6,-1,-1
2002,7,-1,-1
2003,0,0,160
2003,1,0,160
2003,2,-1,-1
2003,3,-1,-1
2003,4,-1,-1
2003,5,-1,-1
2003,6,-1,-1
2003,7,-1,-1
2004,0,0,160
2004,1,0,160
2004,2,-1,-1
2004,3,-1,-1
2004,4,-1,-1
2004,5,-1,-1
2004,6,-1,-1
2004,7,-1,-1
2005,0,0,160
2005,1,0,160
2005,2,-1,-1
2005,3,-1,-1
2005,4,-1,-1
2005,5,-1,-1
2005,6,-1,-1
2005,7,-1,-1
2006,0,0,160
2006,1,0,160
2006,2,-1,-1
2006,3,-1,-1
2006,4,-1,-1
2006,5,-1,-1
2006,6,-1,-1
2006,7,-1,-1
2007,0,0,160
2007,1,0,160
2007,2,-1,-1
2007,3,-1,-1
2007,4,-1,-1
2007,5,-1,-1
2007,6,-1,-1
2007,7,-1,-1
2008,0,0,160
2008,1,0,160
2008,2,-1,-1
2008,3,-1,-1
2008,4,-1,-1
2008,5,-1,-1
2008,6,-1,-1
2008,7,-1,-1
2009,0,0,160
2009,1,0,160
2009,2,-1,-1
2009,3,-1,-1
2009,4,-1,-1
2009,5,-1,-1
2009,6,-1,-1
2009,7,-1,-1
2010,0,0,160
2010,1,0,160
2010,2,-1,-1
2010,3,-1,-1
2010,4,-1,-1
2010,5,-1,-1
2010,6,-1,-1
2010,7,-1,-1
2011,0,0,160
2011,1,0,160
2011,2,-1,-1
2011,3,-1,-1
2011,4,-1,-1
2011,5,-1,-1
2011,6,-1,-1
2011,7,-1,-1
2012,0,0,160
2012,1,0,160
2012,2,-1,-1
2012,3,-1,-1
2012,4,-1,-1
2012,5,-1,-1
2012,6,-1,-1
2012,7,-1,-1
2013,0,0,160
2013,1,0,160
2013,2,-1,-1
2013,3,-1,-1
2013,4,-1,-1
2013,5,-1,-1
2013,6,-1,-1
2013,7,-1,-1
2014,0,0,160
2014,1,0,160
2014,2,-1,-1
2014,3,-1,-1
2014,4,-1,-1
2014,5,-1,-1
2014,6,-1,-1
2014,7,-1,-1
2015,0,0,160
2015,1,0,160
2015,2,-1,-1
2015,3,-1,-1
2015,4,-1,-1
2015,5,-1,-1
2015,6,-1,-1
2015,7,-1,-1
2016,0,0,160
2016,1,0,160
2016,2,-1,-1
2016,3,-1,-1
2016,4,-1,-1
2016,5,-1,-1
2016,6,-1,-1
2016,7,-1,-1
2017,0,0,160
2017,1,0,160
2017,2,-1,-1
2017,3,-1,-1
2017,4,-1,-1
2017,5,-1,-1
2017,6,-1,-1
2017,7,-1,-1
2018,0,0,160
2018,1,0,160
2018,2,-1,-1
2018,3,-1,-1
2018,4,-1,-1
2018,5,-1,-1
2018,6,-1,-1
2018,7,-1,-1
2019,0,0,160
2019,1,0,160
2019,2,-1,-1
2019,3,-1,-1
2019,4,-1,-1
2019,5,-1,-1
2019,6,-1,-1
2019,7,-1,-1
2020,0,0,160
2020,1,0,160
2020,2,-1,-1
2020,3,-1,-1
2020,4,-1,-1
2020,5,-1,-1
2020,6,-1,-1
2020,7,-1,-1
2021,0,0,160
2021,1,0,160
2021,2,-1,-1
2021,3,-1,-1
2021,4,-1,-1
2021,5,-1,-1
2021,6,-1,-1
2021,7,-1,-1
2022,0,0,160
2022,1,0,160
2022,2,-1,-1
2022,3,-1,-1
2022,4,-1,-1
2022,5,-1,-1
2022,6,-1,-1
2022,7,-1,-1
2023,0,0,160
2023,1,0,160
2023,2,-1,-1
2023,3,-1,-1
2023,4,-1,-1
2023,5,-1,-1
2023,6,-1,-1
2023,7,-1,-1
2024,0,0,160
2024,1,0,160
2024,2,-1,-1
2024,3,-1,-1
2024,4,-1,-1
2024,5,-1,-1
2024,6,-1,-1
2024,7,-1,-1
2025,0,0,160
2025,1,0,160
2025,2,-1,-1
2025,3,-1,-1
2025,4,-1,-1
2025,5,-1,-1
2025,6,-1,-1
2025,7,-1,-1
2026,0,0,160
2026,1,0,160
2026,2,-1,-1
2026,3,-1,-1
2026,4,-1,-1
2026,5,-1,-1
2026,6,-1,-1
2026,7,-1,-1
2027,0,0,160
2027,1,0,160
2027,2,-1,-1
2027,3,-1,-1
2027,4,-1,-1
2027,5,-1,-1
2027,6,-1,-1
2027,7,-1,-1
2028,0,0,160
2028,1,0,160
2028,2,-1,-1
2028,3,-1,-1
2028,4,-1,-1
2028,5,-1,-1
2028,6,-1,-1
2028,7,-1,-1
2029,0,0,160
2029,1,0,160
2029,2,-1,-1
2029,3,-1,-1
2029,4,-1,-1
2029,5,-1,-1
2029,6,-1,-1
2029,7,-1,-1
2030,0,0,160
2030,1,0,160
2030,2,-1,-1
2030,3,-1,-1
2030,4,-1,-1
2030,5,-1,-1
2030,6,-1,-1
2030,7,-1,-1
2031,0,0,160
2031,1,0,160
2031,2,-1,-1
2031,3,-1,-1
2031,4,-1,-1
2031,5,-1,-1
2031,6,-1,-1
2031,7,-1,-1
2032,0,0,160
2032,1,0,160
2032,2,-1,-1
2032,3,-1,-1
2032,4,-1,-1
2032,5,-1,-1
2032,6,-1,-1
2032,7,-1,-1
2033,0,0,160
2033,1,0,160
2033,2,-1,-1
2033,3,-1,-1
2033,4,-1,-1
2033,5,-1,-1
2033,6,-1,-1
2033,7,-1,-1
2034,0,0,160
2034,1,0,160
2034,2,-1,-1
2034,3,-1,-1
2034,4,-1,-1
2034,5,-1,-1
2034,6,-1,-1
2034,7,-1,-1
2035,0,0,160
2035,1,0,160
2035,2,-1,-1
2035,3,-1,-1
2035,4,-1,-1
2035,5,-1,-1
2035,6,-1,-1
2035,7,-1,-1
2036,0,0,160
2036,1,0,160
2036,2,-1,-1
2036,3,-1,-1
2036,4,-1,-1
2036,5,-1,-1
2036,6,-1,-1
2036,7,-1,-1
2037,0,0,160
2037,1,0,160
2037,2,-1,-1
2037,3,-1,-1
2037,4,-1,-1
2037,5,-1,-1
2037,6,-1,-1
2037,7,-1,-1
2038,0,0,160
2038,1,0,160
2038,2,-1,-1
2038,3,-1,-1
2038,4,-1,-1
2038,5,-1,-1
2038,6,-1,-1
2038,7,-1,-1
2039,0,0,160
2039,1,0,160
2039,2,-1,-1
2039,3,-1,-1
2039,4,-1,-1
2039,5,-1,-1
2039,6,-1,-1
2039,7,-1,-1
2040,0,0,160
2040,1,0,160
2040,2,-1,-1
2040,3,-1,-1
2040,4,-1,-1
2040,5,-1,-1
2040,6,-1,-1
2040,7,-1,-1
2041,0,0,160
2041,1,0,160
2041,2,-1,-1
2041,3,-1,-1
2041,4,-1,-1
2041,5,-1,-1
2041,6,-1,-1
2041,7,-1,-1
2042,0,0,160
2042,1,0,160
2042,2,-1,-1
2042,3,-1,-1
2042,4,-1,-1
2042,5,-1,-1
2042,6,-1,-1
2042,7,-1,-1
2043,0,0,160
2043,1,0,160
2043,2,-1,-1
2043,3,-1,-1
2043,4,-1,-1
2043,5,-1,-1
2043,6,-1,-1
2043,7,-1,-1
2044,0,0,160
2044,1,0,160
2044,2,-1,-1
2044,3,-1,-1
2044,4,-1,-1
2044,5,-1,-1
2044,6,-1,-1
2044,7,-1,-1
2045,0,0,160
2045,1,0,160
2045,2,-1,-1
2045,3,-1,-1
2045,4,-1,-1
2045,5,-1,-1
2045,6,-1,-1
2045,7,-1,-1
2046,0,0,160
2046,1,0,160
2046,2,-1,-1
2046,3,-1,-1
2046,4,-1,-1
2046,5,-1,-1
2046,6,-1,-1
2046,7,-1,-1
2047,0,0,160
2047,1,0,160
2047,2,-1,-1
2047,3,-1,-1
2047,4,-1,-1
2047,5,-1,-1
2047,6,-1,-1
2047,7,-1,-1
2048,0,0,160
2048,1,0,160
2048,2,-1,-1
2048,3,-1,-1
2048,4,-1,-1
2048,5,-1,-1
2048,6,-1,-1
2048,7,-1,-1
2049,0,0,160
2049,1,0,160
2049,2,-1,-1
2049,3,-1,-1
2049,4,-1,-1
2049,5,-1,-1
2049,6,-1,-1
2049,7,-1,-1
2050,0,0,160
2050,1,0,160
2050,2,-1,-1
2050,3,-1,-1
2050,4,-1,-1
2050,5,-1,-1
2050,6,-1,-1
2050,7,-1,-1
2051,0,0,160
2051,1,0,160
2051,2,-1,-1
2051,3,-1,-1
2051,4,-1,-1
2051,5,-1,-1
2051,6,-1,-1
2051,7,-1,-1
2052,0,0,160
2052,1,0,160
2052,2,-1,-1
2052,3,-1,-1
2052,4,-1,-1
2052,5,-1,-1
2052,6,-1,-1
2052,7,-1,-1
2053,0,0,160
2053,1,0,160
2053,2,-1,-1
2053,3,-1,-1
2053,4,-1,-1
2053,5,-1,-1
2053,6,-1,-1
2053,7,-1,-1
2054,0,0,160
2054,1,0,160
2054,2,-1,-1
2054,3,-1,-1
2054,4,-1,-1
2054,5,-1,-1
2054,6,-1,-1
2054,7,-1,-1
2055,0,0,160
2055,1,0,160
2055,2,-1,-1
2055,3,-1,-1
2055,4,-1,-1
2055,5,-1,-1
2055,6,-1,-1
2055,7,-1,-1
2056,0,0,160
2056,1,0,160
2056,2,-1,-1
2056,3,-1,-1
2056,4,-1,-1
2056,5,-1,-1
2056,6,-1,-1
2056,7,-1,-1
2057,0,0,160
2057,1,0,160
2057,2,-1,-1
2057,3,-1,-1
2057,4,-1,-1
2057,5,-1,-1
2057,6,-1,-1
2057,7,-1,-1
2058,0,0,160
2058,1,0,160
2058,2,-1,-1
2058,3,-1,-1
2058,4,-1,-1
2058,5,-1,-1
2058,6,-1,-1
2058,7,-1,-1
2059,0,0,160
2059,1,0,160
2059,2,-1,-1
2059,3,-1,-1
2059,4,-1,-1
2059,5,-1,-1
2059,6,-1,-1
2059,7,-1,-1
2060,0,0,160
2060,1,0,160
2060,2,-1,-1
2060,3,-1,-1
2060,4,-1,-1
2060,5,-1,-1
2060,6,-1,-1
2060,7,-1,-1
2061,0,0,160
2061,1,0,160
2061,2,-1,-1
2061,3,-1,-1
2061,4,-1,-1
2061,5,-1,-1
2061,6,-1,-1
2061,7,-1,-1
2062,0,0,160
2062,1,0,160
2062,2,-1,-1
2062,3,-1,-1
2062,4,-1,-1
2062,5,-1,-1
2062,6,-1,-1
2062,7,-1,-1
2063,0,0,160
2063,1,0,160
2063,2,-1,-1
2063,3,-1,-1
2063,4,-1,-1
2063,5,-1,-1
2063,6,-1,-1
2063,7,-1,-1
2064,0,0,160
2064,1,0,160
2064,2,-1,-1
2064,3,-1,-1
2064,4,-1,-1
2064,5,-1,-1
2064,6,-1,-1
2064,7,-1,-1
2065,0,0,160
2065,1,0,160
2065,2,-1,-1
2065,3,-1,-1
2065,4,-1,-1
2065,5,-1,-1
2065,6,-1,-1
2065,7,-1,-1
2066,0,0,160
2066,1,0,160
2066,2,-1,-1
2066,3,-1,-1
2066,4,-1,-1
2066,5,-1,-1
2066,6,-1,-1
2066,7,-1,-1
2067,0,0,160
2067,1,0,160
2067,2,-1,-1
2067,3,-1,-1
2067,4,-1,-1
2067,5,-1,-1
2067,6,-1,-1
2067,7,-1,-1
2068,0,0,160
2068,1,0,160
2068,2,-1,-1
2068,3,-1,-1
2068,4,-1,-1
2068,5,-1,-1
2068,6,-1,-1
2068,7,-1,-1
2069,0,0,160
2069,1,0,160
2069,2,-1,-1
2069,3,-1,-1
2069,4,-1,-1
2069,5,-1,-1
2069,6,-1,-1
2069,7,-1,-1
2070,0,0,160
2070,1,0,160
2070,2,-1,-1
2070,3,-1,-1
2070,4,-1,-1
2070,5,-1,-1
2070,6,-1,-1
2070,7,-1,-1
2071,0,0,160
2071,1,0,160
2071,2,-1,-1
2071,3,-1,-1
2071,4,-1,-1
2071,5,-1,-1
2071,6,-1,-1
2071,7,-1,-1
2072,0,0,160
2072,1,0,160
2072,2,-1,-1
2072,3,-1,-1
2072,4,-1,-1
2072,5,-1,-1
2072,6,-1,-1
2072,7,-1,-1
2073,0,0,160
2073,1,0,160
2073,2,-1,-1
2073,3,-1,-1
2073,4,-1,-1
2073,5,-1,-1
2073,6,-1,-1
2073,7,-1,-1
2074,0,0,160
2074,1,0,160
2074,2,-1,-1
2074,3,-1,-1
2074,4,-1,-1
2074,5,-1,-1
2074,6,-1,-1
2074,7,-1,-1
2075,0,0,160
2075,1,0,160
2075,2,-1,-1
2075,3,-1,-1
2075,4,-1,-1
2075,5,-1,-1
2075,6,-1,-1
2075,7,-1,-1
2076,0,0,160
2076,1,0,160
2076,2,-1,-1
2076,3,-1,-1
2076,4,-1,-1
2076,5,-1,-1
2076,6,-1,-1
2076,7,-1,-1
2077,0,0,160
2077,1,0,160
2077,2,-1,-1
2077,3,-1,-1
2077,4,-1,-1
2077,5,-1,-1
2077,6,-1,-1
2077,7,-1,-1
2078,0,0,160
2078,1,0,160
2078,2,-1,-1
2078,3,-1,-1
2078,4,-1,-1
2078,5,-1,-1
2078,6,-1,-1
2078,7,-1,-1
2079,0,0,160
2079,1,0,160
2079,2,-1,-1
2079,3,-1,-1
2079,4,-1,-1
2079,5,-1,-1
2079,6,-1,-1
2079,7,-1,-1
2080,0,0,160
2080,1,0,160
2080,2,-1,-1
2080,3,-1,-1
2080,4,-1,-1
2080,5,-1,-1
2080,6,-1,-1
2080,7,-1,-1
2081,0,0,160
2081,1,0,160
2081,2,-1,-1
2081,3,-1,-1
2081,4,-1,-1
2081,5,-1,-1
2081,6,-1,-1
2081,7,-1,-1
2082,0,0,160
2082,1,0,160
2082,2,-1,-1
2082,3,-1,-1
2082,4,-1,-1
2082,5,-1,-1
2082,6,-1,-1
2082,7,-1,-1
2083,0,0,160
2083,1,0,160
2083,2,-1,-1
2083,3,-1,-1
2083,4,-1,-1
2083,5,-1,-1
2083,6,-1,-1
2083,7,-1,-1
2084,0,0,160
2084,1,0,160
2084,2,-1,-1
2084,3,-1,-1
2084,4,-1,-1
2084,5,-1,-1
2084,6,-1,-1
2084,7,-1,-1
2085,0,0,160
2085,1,0,160
2085,2,-1,-1
2085,3,-1,-1
2085,4,-1,-1
2085,5,-1,-1
2085,6,-1,-1
2085,7,-1,-1
2086,0,0,160
2086,1,0,160
2086,2,-1,-1
2086,3,-1,-1
2086,4,-1,-1
2086,5,-1,-1
2086,6,-1,-1
2086,7,-1,-1
2087,0,0,160
2087,1,0,160
2087,2,-1,-1
2087,3,-1,-1
2087,4,-1,-1
2087,5,-1,-1
2087,6,-1,-1
2087,7,-1,-1
2088,0,0,160
2088,1,0,160
2088,2,-1,-1
2088,3,-1,-1
2088,4,-1,-1
2088,5,-1,-1
2088,6,-1,-1
2088,7,-1,-1
2089,0,0,160
2089,1,0,160
2089,2,-1,-1
2089,3,-1,-1
2089,4,-1,-1
2089,5,-1,-1
2089,6,-1,-1
2089,7,-1,-1
2090,0,0,160
2090,1,0,160
2090,2,-1,-1
2090,3,-1,-1
2090,4,-1,-1
2090,5,-1,-1
2090,6,-1,-1
2090,7,-1,-1
2091,0,0,160
2091,1,0,160
2091,2,-1,-1
2091,3,-1,-1
2091,4,-1,-1
2091,5,-1,-1
2091,6,-1,-1
2091,7,-1,-1
2092,0,0,160
2092,1,0,160
2092,2,-1,-1
2092,3,-1,-1
2092,4,-1,-1
2092,5,-1,-1
2092,6,-1,-1
2092,7,-1,-1
2093,0,0,160
2093,1,0,160
2093,2,-1,-1
2093,3,-1,-1
2093,4,-1,-1
2093,5,-1,-1
2093,6,-1,-1
2093,7,-1,-1
2094,0,0,160
2094,1,0,160
2094,2,-1,-1
2094,3,-1,-1
2094,4,-1,-1
2094,5,-1,-1
2094,6,-1,-1
2094,7,-1,-1
2095,0,0,160
2095,1,0,160
2095,2,-1,-1
2095,3,-1,-1
2095,4,-1,-1
2095,5,-1,-1
2095,6,-1,-1
2095,7,-1,-1
2096,0,0,160
2096,1,0,160
2096,2,-1,-1
2096,3,-1,-1
2096,4,-1,-1
2096,5,-1,-1
2096,6,-1,-1
2096,7,-1,-1
2097,0,0,160
2097,1,0,160
2097,2,-1,-1
2097,3,-1,-1
2097,4,-1,-1
2097,5,-1,-1
2097,6,-1,-1
2097,7,-1,-1
2098,0,0,160
2098,1,0,160
2098,2,-1,-1
2098,3,-1,-1
2098,4,-1,-1
2098,5,-1,-1
2098,6,-1,-1
2098,7,-1,-1
2099,0,0,160
2099,1,0,160
2099,2,-1,-1
2099,3,-1,-1
2099,4,-1,-1
2099,5,-1,-1
2099,6,-1,-1
2099,7,-1,-1
2100,0,0,160
2100,1,0,160
2100,2,-1,-1
2100,3,-1,-1
2100,4,-1,-1
2100,5,-1,-1
2100,6,-1,-1
2100,7,-1,-1
2101,0,0,160
2101,1,0,160
2101,2,-1,-1
2101,3,-1,-1
2101,4,-1,-1
2101,5,-1,-1
2101,6,-1,-1
2101,7,-1,-1
2102,0,0,160
2102,1,0,160
2102,2,-1,-1
2102,3,-1,-1
2102,4,-1,-1
2102,5,-1,-1
2102,6,-1,-1
2102,7,-1,-1
2103,0,0,160
2103,1,0,160
2103,2,-1,-1
2103,3,-1,-1
2103,4,-1,-1
2103,5,-1,-1
2103,6,-1,-1
2103,7,-1,-1
2104,0,0,160
2104,1,0,160
2104,2,-1,-1
2104,3,-1,-1
2104,4,-1,-1
2104,5,-1,-1
2104,6,-1,-1
2104,7,-1,-1
2105,0,0,160
2105,1,0,160
2105,2,-1,-1
2105,3,-1,-1
2105,4,-1,-1
2105,5,-1,-1
2105,6,-1,-1
2105,7,-1,-1
2106,0,0,160
2106,1,0,160
2106,2,-1,-1
2106,3,-1,-1
2106,4,-1,-1
2106,5,-1,-1
2106,6,-1,-1
2106,7,-1,-1
2107,0,0,160
2107,1,0,160
2107,2,-1,-1
2107,3,-1,-1
2107,4,-1,-1
2107,5,-1,-1
2107,6,-1,-1
2107,7,-1,-1
2108,0,0,160
2108,1,0,160
2108,2,-1,-1
2108,3,-1,-1
2108,4,-1,-1
2108,5,-1,-1
2108,6,-1,-1
2108,7,-1,-1
2109,0,0,160
2109,1,0,160
2109,2,-1,-1
2109,3,-1,-1
2109,4,-1,-1
2109,5,-1,-1
2109,6,-1,-1
2109,7,-1,-1
2110,0,0,160
2110,1,0,160
2110,2,-1,-1
2110,3,-1,-1
2110,4,-1,-1
2110,5,-1,-1
2110,6,-1,-1
2110,7,-1,-1
2111,0,0,160
2111,1,0,160
2111,2,-1,-1
2111,3,-1,-1
2111,4,-1,-1
2111,5,-1,-1
2111,6,-1,-1
2111,7,-1,-1
2112,0,0,160
2112,1,0,160
2112,2,-1,-1
2112,3,-1,-1
2112,4,-1,-1
2112,5,-1,-1
2112,6,-1,-1
2112,7,-1,-1
2113,0,0,160
2113,1,0,160
2113,2,-1,-1
2113,3,-1,-1
2113,4,-1,-1
2113,5,-1,-1
2113,6,-1,-1
2113,7,-1,-1
2114,0,0,160
2114,1,0,160
2114,2,-1,-1
2114,3,-1,-1
2114,4,-1,-1
2114,5,-1,-1
2114,6,-1,-1
2114,7,-1,-1
2115,0,0,160
2115,1,0,160
2115,2,-1,-1
2115,3,-1,-1
2115,4,-1,-1
2115,5,-1,-1
2115,6,-1,-1
2115,7,-1,-1
2116,0,0,160
2116,1,0,160
2116,2,-1,-1
2116,3,-1,-1
2116,4,-1,-1
2116,5,-1,-1
2116,6,-1,-1
2116,7,-1,-1
2117,0,0,160
2117,1,0,160
2117,2,-1,-1
2117,3,-1,-1
2117,4,-1,-1
2117,5,-1,-1
2117,6,-1,-1
2117,7,-1,-1
2118,0,0,160
2118,1,0,160
2118,2,-1,-1
2118,3,-1,-1
2118,4,-1,-1
2118,5,-1,-1
2118,6,-1,-1
2118,7,-1,-1
2119,0,0,160
2119,1,0,160
2119,2,-1,-1
2119,3,-1,-1
2119,4,-1,-1
2119,5,-1,-1
2119,6,-1,-1
2119,7,-1,-1
2120,0,0,160
2120,1,0,160
2120,2,-1,-1
2120,3,-1,-1
2120,4,-1,-1
2120,5,-1,-1
2120,6,-1,-1
2120,7,-1,-1
2121,0,0,160
2121,1,0,160
2121,2,-1,-1
2121,3,-1,-1
2121,4,-1,-1
2121,5,-1,-1
2121,6,-1,-1
2121,7,-1,-1
2122,0,0,160
2122,1,0,160
2122,2,-1,-1
2122,3,-1,-1
2122,4,-1,-1
2122,5,-1,-1
2122,6,-1,-1
2122,7,-1,-1
2123,0,0,160
2123,1,0,160
2123,2,-1,-1
2123,3,-1,-1
2123,4,-1,-1
2123,5,-1,-1
2123,6,-1,-1
2123,7,-1,-1
2124,0,0,160
2124,1,0,160
2124,2,-1,-1
2124,3,-1,-1
2124,4,-1,-1
2124,5,-1,-1
2124,6,-1,-1
2124,7,-1,-1
2125,0,0,160
2125,1,0,160
2125,2,-1,-1
2125,3,-1,-1
2125,4,-1,-1
2125,5,-1,-1
2125,6,-1,-1
2125,7,-1,-1
2126,0,0,160
2126,1,0,160
2126,2,-1,-1
2126,3,-1,-1
2126,4,-1,-1
2126,5,-1,-1
2126,6,-1,-1
2126,7,-1,-1
2127,0,0,160
2127,1,0,160
2127,2,-1,-1
2127,3,-1,-1
2127,4,-1,-1
2127,5,-1,-1
2127,6,-1,-1
2127,7,-1,-1
2128,0,0,160
2128,1,0,160
2128,2,-1,-1
2128,3,-1,-1
2128,4,-1,-1
2128,5,-1,-1
2128,6,-1,-1
2128,7,-1,-1
2129,0,0,160
2129,1,0,160
2129,2,-1,-1
2129,3,-1,-1
2129,4,-1,-1
2129,5,-1,-1
2129,6,-1,-1
2129,7,-1,-1
2130,0,0,160
2130,1,0,160
2130,2,-1,-1
2130,3,-1,-1
2130,4,-1,-1
2130,5,-1,-1
2130,6,-1,-1
2130,7,-1,-1
2131,0,0,160
2131,1,0,160
2131,2,-1,-1
2131,3,-1,-1
2131,4,-1,-1
2131,5,-1,-1
2131,6,-1,-1
2131,7,-1,-1
2132,0,0,160
2132,1,0,160
2132,2,-1,-1
2132,3,-1,-1
2132,4,-1,-1
2132,5,-1,-1
2132,6,-1,-1
2132,7,-1,-1
2133,0,0,160
2133,1,0,160
2133,2,-1,-1
2133,3,-1,-1
2133,4,-1,-1
2133,5,-1,-1
2133,6,-1,-1
2133,7,-1,-1
2134,0,0,160
2134,1,0,160
2134,2,-1,-1
2134,3,-1,-1
2134,4,-1,-1
2134,5,-1,-1
2134,6,-1,-1
2134,7,-1,-1
2135,0,0,160
2135,1,0,160
2135,2,-1,-1
2135,3,-1,-1
2135,4,-1,-1
2135,5,-1,-1
2135,6,-1,-1
2135,7,-1,-1
2136,0,0,160
2136,1,0,160
2136,2,-1,-1
2136,3,-1,-1
2136,4,-1,-1
2136,5,-1,-1
2136,6,-1,-1
2136,7,-1,-1
2137,0,0,160
2137,1,0,160
2137,2,-1,-1
2137,3,-1,-1
2137,4,-1,-1
2137,5,-1,-1
2137,6,-1,-1
2137,7,-1,-1
2138,0,0,160
2138,1,0,160
2138,2,-1,-1
2138,3,-1,-1
2138,4,-1,-1
2138,5,-1,-1
2138,6,-1,-1
2138,7,-1,-1
2139,0,0,160
2139,1,0,160
2139,2,-1,-1
2139,3,-1,-1
2139,4,-1,-1
2139,5,-1,-1
2139,6,-1,-1
2139,7,-1,-1
2140,0,0,160
2140,1,0,160
2140,2,-1,-1
2140,3,-1,-1
2140,4,-1,-1
2140,5,-1,-1
2140,6,-1,-1
2140,7,-1,-1
2141,0,0,160
2141,1,0,160
2141,2,-1,-1
2141,3,-1,-1
2141,4,-1,-1
2141,5,-1,-1
2141,6,-1,-1
2141,7,-1,-1
2142,0,0,160
2142,1,0,160
2142,2,-1,-1
2142,3,-1,-1
2142,4,-1,-1
2142,5,-1,-1
2142,6,-1,-1
2142,7,-1,-1
2143,0,0,160
2143,1,0,160
2143,2,-1,-1
2143,3,-1,-1
2143,4,-1,-1
2143,5,-1,-1
2143,6,-1,-1
2143,7,-1,-1
2144,0,0,160
2144,1,0,160
2144,2,-1,-1
2144,3,-1,-1
2144,4,-1,-1
2144,5,-1,-1
2144,6,-1,-1
2144,7,-1,-1
2145,0,0,160
2145,1,0,160
2145,2,-1,-1
2145,3,-1,-1
2145,4,-1,-1
2145,5,-1,-1
2145,6,-1,-1
2145,7,-1,-1
2146,0,0,160
2146,1,0,160
2146,2,-1,-1
2146,3,-1,-1
2146,4,-1,-1
2146,5,-1,-1
2146,6,-1,-1
2146,7,-1,-1
2147,0,0,160
2147,1,0,160
2147,2,-1,-1
2147,3,-1,-1
2147,4,-1,-1
2147,5,-1,-1
2147,6,-1,-1
2147,7,-1,-1
2148,0,0,160
2148,1,0,160
2148,2,-1,-1
2148,3,-1,-1
2148,4,-1,-1
2148,5,-1,-1
2148,6,-1,-1
2148,7,-1,-1
2149,0,0,160
2149,1,0,160
2149,2,-1,-1
2149,3,-1,-1
2149,4,-1,-1
2149,5,-1,-1
2149,6,-1,-1
2149,7,-1,-1
2150,0,0,160
2150,1,0,160
2150,2,-1,-1
2150,3,-1,-1
2150,4,-1,-1
2150,5,-1,-1
2150,6,-1,-1
2150,7,-1,-1
2151,0,0,160
2151,1,0,160
2151,2,-1,-1
2151,3,-1,-1
2151,4,-1,-1
2151,5,-1,-1
2151,6,-1,-1
2151,7,-1,-1
2152,0,0,160
2152,1,0,160
2152,2,-1,-1
2152,3,-1,-1
2152,4,-1,-1
2152,5,-1,-1
2152,6,-1,-1
2152,7,-1,-1
2153,0,0,160
2153,1,0,160
2153,2,-1,-1
2153,3,-1,-1
2153,4,-1,-1
2153,5,-1,-1
2153,6,-1,-1
2153,7,-1,-1
2154,0,0,160
2154,1,0,160
2154,2,-1,-1
2154,3,-1,-1
2154,4,-1,-1
2154,5,-1,-1
2154,6,-1,-1
2154,7,-1,-1
2155,0,0,160
2155,1,0,160
2155,2,-1,-1
2155,3,-1,-1
2155,4,-1,-1
2155,5,-1,-1
2155,6,-1,-1
2155,7,-1,-1
2156,0,0,160
2156,1,0,160
2156,2,-1,-1
2156,3,-1,-1
2156,4,-1,-1
2156,5,-1,-1
2156,6,-1,-1
2156,7,-1,-1
2157,0,0,160
2157,1,0,160
2157,2,-1,-1
2157,3,-1,-1
2157,4,-1,-1
2157,5,-1,-1
2157,6,-1,-1
2157,7,-1,-1
2158,0,0,160
2158,1,0,160
2158,2,-1,-1
2158,3,-1,-1
2158,4,-1,-1
2158,5,-1,-1
2158,6,-1,-1
2158,7,-1,-1
2159,0,0,160
2159,1,0,160
2159,2,-1,-1
2159,3,-1,-1
2159,4,-1,-1
2159,5,-1,-1
2159,6,-1,-1
2159,7,-1,-1
2160,0,0,160
2160,1,0,160
2160,2,-1,-1
2160,3,-1,-1
2160,4,-1,-1
2160,5,-1,-1
2160,6,-1,-1
2160,7,-1,-1
2161,0,0,160
2161,1,0,160
2161,2,-1,-1
2161,3,-1,-1
2161,4,-1,-1
2161,5,-1,-1
2161,6,-1,-1
2161,7,-1,-1
2162,0,0,160
2162,1,0,160
2162,2,-1,-1
2162,3,-1,-1
2162,4,-1,-1
2162,5,-1,-1
2162,6,-1,-1
2162,7,-1,-1
2163,0,0,160
2163,1,0,160
2163,2,-1,-1
2163,3,-1,-1
2163,4,-1,-1
2163,5,-1,-1
2163,6,-1,-1
2163,7,-1,-1
2164,0,0,160
2164,1,0,160
2164,2,-1,-1
2164,3,-1,-1
2164,4,-1,-1
2164,5,-1,-1
2164,6,-1,-1
2164,7,-1,-1
2165,0,0,160
2165,1,0,160
2165,2,-1,-1
2165,3,-1,-1
2165,4,-1,-1
2165,5,-1,-1
2165,6,-1,-1
2165,7,-1,-1
2166,0,0,160
2166,1,0,160
2166,2,-1,-1
2166,3,-1,-1
2166,4,-1,-1
2166,5,-1,-1
2166,6,-1,-1
2166,7,-1,-1
2167,0,0,160
2167,1,0,160
2167,2,-1,-1
2167,3,-1,-1
2167,4,-1,-1
2167,5,-1,-1
2167,6,-1,-1
2167,7,-1,-1
2168,0,0,160
2168,1,0,160
2168,2,-1,-1
2168,3,-1,-1
2168,4,-1,-1
2168,5,-1,-1
2168,6,-1,-1
2168,7,-1,-1
2169,0,0,160
2169,1,0,160
2169,2,-1,-1
2169,3,-1,-1
2169,4,-1,-1
2169,5,-1,-1
2169,6,-1,-1
2169,7,-1,-1
2170,0,0,160
2170,1,0,160
2170,2,-1,-1
2170,3,-1,-1
2170,4,-1,-1
2170,5,-1,-1
2170,6,-1,-1
2170,7,-1,-1
2171,0,0,160
2171,1,0,160
2171,2,-1,-1
2171,3,-1,-1
2171,4,-1,-1
2171,5,-1,-1
2171,6,-1,-1
2171,7,-1,-1
2172,0,0,160
2172,1,0,160
2172,2,-1,-1
2172,3,-1,-1
2172,4,-1,-1
2172,5,-1,-1
2172,6,-1,-1
2172,7,-1,-1
2173,0,0,160
2173,1,0,160
2173,2,-1,-1
2173,3,-1,-1
2173,4,-1,-1
2173,5,-1,-1
2173,6,-1,-1
2173,7,-1,-1
2174,0,0,160
2174,1,0,160
2174,2,-1,-1
2174,3,-1,-1
2174,4,-1,-1
2174,5,-1,-1
2174,6,-1,-1
2174,7,-1,-1
2175,0,0,160
2175,1,0,160
2175,2,-1,-1
2175,3,-1,-1
2175,4,-1,-1
2175,5,-1,-1
2175,6,-1,-1
2175,7,-1,-1
2176,0,0,160
2176,1,0,160
2176,2,-1,-1
2176,3,-1,-1
2176,4,-1,-1
2176,5,-1,-1
2176,6,-1,-1
2176,7,-1,-1
2177,0,0,160
2177,1,0,160
2177,2,-1,-1
2177,3,-1,-1
2177,4,-1,-1
2177,5,-1,-1
2177,6,-1,-1
2177,7,-1,-1
2178,0,0,160
2178,1,0,160
2178,2,-1,-1
2178,3,-1,-1
2178,4,-1,-1
2178,5,-1,-1
2178,6,-1,-1
2178,7,-1,-1
2179,0,0,160
2179,1,0,160
2179,2,-1,-1
2179,3,-1,-1
2179,4,-1,-1
2179,5,-1,-1
2179,6,-1,-1
2179,7,-1,-1
2180,0,0,160
2180,1,0,160
2180,2,-1,-1
2180,3,-1,-1
2180,4,-1,-1
2180,5,-1,-1
2180,6,-1,-1
2180,7,-1,-1
2181,0,0,160
2181,1,0,160
2181,2,-1,-1
2181,3,-1,-1
2181,4,-1,-1
2181,5,-1,-1
2181,6,-1,-1
2181,7,-1,-1
2182,0,0,160
2182,1,0,160
2182,2,-1,-1
2182,3,-1,-1
2182,4,-1,-1
2182,5,-1,-1
2182,6,-1,-1
2182,7,-1,-1
2183,0,0,160
2183,1,0,160
2183,2,-1,-1
2183,3,-1,-1
2183,4,-1,-1
2183,5,-1,-1
2183,6,-1,-1
2183,7,-1,-1
2184,0,0,160
2184,1,0,160
2184,2,-1,-1
2184,3,-1,-1
2184,4,-1,-1
2184,5,-1,-1
2184,6,-1,-1
2184,7,-1,-1
2185,0,0,160
2185,1,0,160
2185,2,-1,-1
2185,3,-1,-1
2185,4,-1,-1
2185,5,-1,-1
2185,6,-1,-1
2185,7,-1,-1
2186,0,0,160
2186,1,0,160
2186,2,-1,-1
2186,3,-1,-1
2186,4,-1,-1
2186,5,-1,-1
2186,6,-1,-1
2186,7,-1,-1
2187,0,0,160
2187,1,0,160
2187,2,-1,-1
2187,3,-1,-1
2187,4,-1,-1
2187,5,-1,-1
2187,6,-1,-1
2187,7,-1,-1
2188,0,0,160
2188,1,0,160
2188,2,-1,-1
2188,3,-1,-1
2188,4,-1,-1
2188,5,-1,-1
2188,6,-1,-1
2188,7,-1,-1
2189,0,0,160
2189,1,0,160
2189,2,-1,-1
2189,3,-1,-1
2189,4,-1,-1
2189,5,-1,-1
2189,6,-1,-1
2189,7,-1,-1
2190,0,0,160
2190,1,0,160
2190,2,-1,-1
2190,3,-1,-1
2190,4,-1,-1
2190,5,-1,-1
2190,6,-1,-1
2190,7,-1,-1
2191,0,0,160
2191,1,0,160
2191,2,-1,-1
2191,3,-1,-1
2191,4,-1,-1
2191,5,-1,-1
2191,6,-1,-1
2191,7,-1,-1
2192,0,0,160
2192,1,0,160
2192,2,-1,-1
2192,3,-1,-1
2192,4,-1,-1
2192,5,-1,-1
2192,6,-1,-1
2192,7,-1,-1
2193,0,0,160
2193,1,0,160
2193,2,-1,-1
2193,3,-1,-1
2193,4,-1,-1
2193,5,-1,-1
2193,6,-1,-1
2193,7,-1,-1
2194,0,0,160
2194,1,0,160
2194,2,-1,-1
2194,3,-1,-1
2194,4,-1,-1
2194,5,-1,-1
2194,6,-1,-1
2194,7,-1,-1
2195,0,0,160
2195,1,0,160
2195,2,-1,-1
2195,3,-1,-1
2195,4,-1,-1
2195,5,-1,-1
2195,6,-1,-1
2195,7,-1,-1
2196,0,0,160
2196,1,0,160
2196,2,-1,-1
2196,3,-1,-1
2196,4,-1,-1
2196,5,-1,-1
2196,6,-1,-1
2196,7,-1,-1
2197,0,0,160
2197,1,0,160
2197,2,-1,-1
2197,3,-1,-1
2197,4,-1,-1
2197,5,-1,-1
2197,6,-1,-1
2197,7,-1,-1
2198,0,0,160
2198,1,0,160
2198,2,-1,-1
2198,3,-1,-1
2198,4,-1,-1
2198,5,-1,-1
2198,6,-1,-1
2198,7,-1,-1
2199,0,0,160
2199,1,0,160
2199,2,-1,-1
2199,3,-1,-1
2199,4,-1,-1
2199,5,-1,-1
2199,6,-1,-1
2199,7,-1,-1
2200,0,0,160
2200,1,0,160
2200,2,-1,-1
2200,3,-1,-1
2200,4,-1,-1
2200,5,-1,-1
2200,6,-1,-1
2200,7,-1,-1
2201,0,0,160
2201,1,0,160
2201,2,-1,-1
2201,3,-1,-1
2201,4,-1,-1
2201,5,-1,-1
2201,6,-1,-1
2201,7,-1,-1
2202,0,0,160
2202,1,0,160
2202,2,-1,-1
2202,3,-1,-1
2202,4,-1,-1
2202,5,-1,-1
2202,6,-1,-1
2202,7,-1,-1
2203,0,0,160
2203,1,0,160
2203,2,-1,-1
2203,3,-1,-1
2203,4,-1,-1
2203,5,-1,-1
2203,6,-1,-1
2203,7,-1,-1
2204,0,0,160
2204,1,0,160
2204,2,-1,-1
2204,3,-1,-1
2204,4,-1,-1
2204,5,-1,-1
2204,6,-1,-1
2204,7,-1,-1
2205,0,0,160
2205,1,0,160
2205,2,-1,-1
2205,3,-1,-1
2205,4,-1,-1
2205,5,-1,-1
2205,6,-1,-1
2205,7,-1,-1
2206,0,0,160
2206,1,0,160
2206,2,-1,-1
2206,3,-1,-1
2206,4,-1,-1
2206,5,-1,-1
2206,6,-1,-1
2206,7,-1,-1
2207,0,0,160
2207,1,0,160
2207,2,-1,-1
2207,3,-1,-1
2207,4,-1,-1
2207,5,-1,-1
2207,6,-1,-1
2207,7,-1,-1
2208,0,0,160
2208,1,0,160
2208,2,-1,-1
2208,3,-1,-1
2208,4,-1,-1
2208,5,-1,-1
2208,6,-1,-1
2208,7,-1,-1
2209,0,0,160
2209,1,0,160
2209,2,-1,-1
2209,3,-1,-1
2209,4,-1,-1
2209,5,-1,-1
2209,6,-1,-1
2209,7,-1,-1
2210,0,0,160
2210,1,0,160
2210,2,-1,-1
2210,3,-1,-1
2210,4,-1,-1
2210,5,-1,-1
2210,6,-1,-1
2210,7,-1,-1
2211,0,0,160
2211,1,0,160
2211,2,-1,-1
2211,3,-1,-1
2211,4,-1,-1
2211,5,-1,-1
2211,6,-1,-1
2211,7,-1,-1
2212,0,0,160
2212,1,0,160
2212,2,-1,-1
2212,3,-1,-1
2212,4,-1,-1
2212,5,-1,-1
2212,6,-1,-1
2212,7,-1,-1
2213,0,0,160
2213,1,0,160
2213,2,-1,-1
2213,3,-1,-1
2213,4,-1,-1
2213,5,-1,-1
2213,6,-1,-1
2213,7,-1,-1
2214,0,0,160
2214,1,0,160
2214,2,-1,-1
2214,3,-1,-1
2214,4,-1,-1
2214,5,-1,-1
2214,6,-1,-1
2214,7,-1,-1
2215,0,0,160
2215,1,0,160
2215,2,-1,-1
2215,3,-1,-1
2215,4,-1,-1
2215,5,-1,-1
2215,6,-1,-1
2215,7,-1,-1
2216,0,0,160
2216,1,0,160
2216,2,-1,-1
2216,3,-1,-1
2216,4,-1,-1
2216,5,-1,-1
2216,6,-1,-1
2216,7,-1,-1
2217,0,0,160
2217,1,0,160
2217,2,-1,-1
2217,3,-1,-1
2217,4,-1,-1
2217,5,-1,-1
2217,6,-1,-1
2217,7,-1,-1
2218,0,0,160
2218,1,0,160
2218,2,-1,-1
2218,3,-1,-1
2218,4,-1,-1
2218,5,-1,-1
2218,6,-1,-1
2218,7,-1,-1
2219,0,0,160
2219,1,0,160
2219,2,-1,-1
2219,3,-1,-1
2219,4,-1,-1
2219,5,-1,-1
2219,6,-1,-1
2219,7,-1,-1
2220,0,0,160
2220,1,0,160
2220,2,-1,-1
2220,3,-1,-1
2220,4,-1,-1
2220,5,-1,-1
2220,6,-1,-1
2220,7,-1,-1
2221,0,0,160
2221,1,0,160
2221,2,-1,-1
2221,3,-1,-1
2221,4,-1,-1
2221,5,-1,-1
2221,6,-1,-1
2221,7,-1,-1
2222,0,0,160
2222,1,0,160
2222,2,-1,-1
2222,3,-1,-1
2222,4,-1,-1
2222,5,-1,-1
2222,6,-1,-1
2222,7,-1,-1
2223,0,0,160
2223,1,0,160
2223,2,-1,-1
2223,3,-1,-1
2223,4,-1,-1
2223,5,-1,-1
2223,6,-1,-1
2223,7,-1,-1
2224,0,0,160
2224,1,0,160
2224,2,-1,-1
2224,3,-1,-1
2224,4,-1,-1
2224,5,-1,-1
2224,6,-1,-1
2224,7,-1,-1
2225,0,0,160
2225,1,0,160
2225,2,-1,-1
2225,3,-1,-1
2225,4,-1,-1
2225,5,-1,-1
2225,6,-1,-1
2225,7,-1,-1
2226,0,0,160
2226,1,0,160
2226,2,-1,-1
2226,3,-1,-1
2226,4,-1,-1
2226,5,-1,-1
2226,6,-1,-1
2226,7,-1,-1
2227,0,0,160
2227,1,0,160
2227,2,-1,-1
2227,3,-1,-1
2227,4,-1,-1
2227,5,-1,-1
2227,6,-1,-1
2227,7,-1,-1
2228,0,0,160
2228,1,0,160
2228,2,-1,-1
2228,3,-1,-1
2228,4,-1,-1
2228,5,-1,-1
2228,6,-1,-1
2228,7,-1,-1
2229,0,0,160
2229,1,0,160
2229,2,-1,-1
2229,3,-1,-1
2229,4,-1,-1
2229,5,-1,-1
2229,6,-1,-1
2229,7,-1,-1
2230,0,0,160
2230,1,0,160
2230,2,-1,-1
2230,3,-1,-1
2230,4,-1,-1
2230,5,-1,-1
2230,6,-1,-1
2230,7,-1,-1
2231,0,0,160
2231,1,0,160
2231,2,-1,-1
2231,3,-1,-1
2231,4,-1,-1
2231,5,-1,-1
2231,6,-1,-1
2231,7,-1,-1
2232,0,0,160
2232,1,0,160
2232,2,-1,-1
2232,3,-1,-1
2232,4,-1,-1
2232,5,-1,-1
2232,6,-1,-1
2232,7,-1,-1
2233,0,0,160
2233,1,0,160
2233,2,-1,-1
2233,3,-1,-1
2233,4,-1,-1
2233,5,-1,-1
2233,6,-1,-1
2233,7,-1,-1
2234,0,0,160
2234,1,0,160
2234,2,-1,-1
2234,3,-1,-1
2234,4,-1,-1
2234,5,-1,-1
2234,6,-1,-1
2234,7,-1,-1
2235,0,0,160
2235,1,0,160
2235,2,-1,-1
2235,3,-1,-1
2235,4,-1,-1
2235,5,-1,-1
2235,6,-1,-1
2235,7,-1,-1
2236,0,0,160
2236,1,0,160
2236,2,-1,-1
2236,3,-1,-1
2236,4,-1,-1
2236,5,-1,-1
2236,6,-1,-1
2236,7,-1,-1
2237,0,0,160
2237,1,0,160
2237,2,-1,-1
2237,3,-1,-1
2237,4,-1,-1
2237,5,-1,-1
2237,6,-1,-1
2237,7,-1,-1
2238,0,0,160
2238,1,0,160
2238,2,-1,-1
2238,3,-1,-1
2238,4,-1,-1
2238,5,-1,-1
2238,6,-1,-1
2238,7,-1,-1
2239,0,0,160
2239,1,0,160
2239,2,-1,-1
2239,3,-1,-1
2239,4,-1,-1
2239,5,-1,-1
2239,6,-1,-1
2239,7,-1,-1
2240,0,0,160
2240,1,0,160
2240,2,-1,-1
2240,3,-1,-1
2240,4,-1,-1
2240,5,-1,-1
2240,6,-1,-1
2240,7,-1,-1
2241,0,0,160
2241,1,0,160
2241,2,-1,-1
2241,3,-1,-1
2241,4,-1,-1
2241,5,-1,-1
2241,6,-1,-1
2241,7,-1,-1
2242,0,0,160
2242,1,0,160
2242,2,-1,-1
2242,3,-1,-1
2242,4,-1,-1
2242,5,-1,-1
2242,6,-1,-1
2242,7,-1,-1
2243,0,0,160
2243,1,0,160
2243,2,-1,-1
2243,3,-1,-1
2243,4,-1,-1
2243,5,-1,-1
2243,6,-1,-1
2243,7,-1,-1
2244,0,0,160
2244,1,0,160
2244,2,-1,-1
2244,3,-1,-1
2244,4,-1,-1
2244,5,-1,-1
2244,6,-1,-1
2244,7,-1,-1
2245,0,0,160
2245,1,0,160
2245,2,-1,-1
2245,3,-1,-1
2245,4,-1,-1
2245,5,-1,-1
2245,6,-1,-1
2245,7,-1,-1
2246,0,0,160
2246,1,0,160
2246,2,-1,-1
2246,3,-1,-1
2246,4,-1,-1
2246,5,-1,-1
2246,6,-1,-1
2246,7,-1,-1
2247,0,0,160
2247,1,0,160
2247,2,-1,-1
2247,3,-1,-1
2247,4,-1,-1
2247,5,-1,-1
2247,6,-1,-1
2247,7,-1,-1
2248,0,0,160
2248,1,0,160
2248,2,-1,-1
2248,3,-1,-1
2248,4,-1,-1
2248,5,-1,-1
2248,6,-1,-1
2248,7,-1,-1
2249,0,0,160
2249,1,0,160
2249,2,-1,-1
2249,3,-1,-1
2249,4,-1,-1
2249,5,-1,-1
2249,6,-1,-1
2249,7,-1,-1
2250,0,0,160
2250,1,0,160
2250,2,-1,-1
2250,3,-1,-1
2250,4,-1,-1
2250,5,-1,-1
2250,6,-1,-1
2250,7,-1,-1
2251,0,0,160
2251,1,0,160
2251,2,-1,-1
2251,3,-1,-1
2251,4,-1,-1
2251,5,-1,-1
2251,6,-1,-1
2251,7,-1,-1
2252,0,0,160
2252,1,0,160
2252,2,-1,-1
2252,3,-1,-1
2252,4,-1,-1
2252,5,-1,-1
2252,6,-1,-1
2252,7,-1,-1
2253,0,0,160
2253,1,0,160
2253,2,-1,-1
2253,3,-1,-1
2253,4,-1,-1
2253,5,-1,-1
2253,6,-1,-1
2253,7,-1,-1
2254,0,0,160
2254,1,0,160
2254,2,-1,-1
2254,3,-1,-1
2254,4,-1,-1
2254,5,-1,-1
2254,6,-1,-1
2254,7,-1,-1
2255,0,0,160
2255,1,0,160
2255,2,-1,-1
2255,3,-1,-1
2255,4,-1,-1
2255,5,-1,-1
2255,6,-1,-1
2255,7,-1,-1
2256,0,0,160
2256,1,0,160
2256,2,-1,-1
2256,3,-1,-1
2256,4,-1,-1
2256,5,-1,-1
2256,6,-1,-1
2256,7,-1,-1
2257,0,0,160
2257,1,0,160
2257,2,-1,-1
2257,3,-1,-1
2257,4,-1,-1
2257,5,-1,-1
2257,6,-1,-1
2257,7,-1,-1
2258,0,0,160
2258,1,0,160
2258,2,-1,-1
2258,3,-1,-1
2258,4,-1,-1
2258,5,-1,-1
2258,6,-1,-1
2258,7,-1,-1
2259,0,0,160
2259,1,0,160
2259,2,-1,-1
2259,3,-1,-1
2259,4,-1,-1
2259,5,-1,-1
2259,6,-1,-1
2259,7,-1,-1
2260,0,0,160
2260,1,0,160
2260,2,-1,-1
2260,3,-1,-1
2260,4,-1,-1
2260,5,-1,-1
2260,6,-1,-1
2260,7,-1,-1
2261,0,0,160
2261,1,0,160
2261,2,-1,-1
2261,3,-1,-1
2261,4,-1,-1
2261,5,-1,-1
2261,6,-1,-1
2261,7,-1,-1
2262,0,0,160
2262,1,0,160
2262,2,-1,-1
2262,3,-1,-1
2262,4,-1,-1
2262,5,-1,-1
2262,6,-1,-1
2262,7,-1,-1
2263,0,0,160
2263,1,0,160
2263,2,-1,-1
2263,3,-1,-1
2263,4,-1,-1
2263,5,-1,-1
2263,6,-1,-1
2263,7,-1,-1
2264,0,0,160
2264,1,0,160
2264,2,-1,-1
2264,3,-1,-1
2264,4,-1,-1
2264,5,-1,-1
2264,6,-1,-1
2264,7,-1,-1
2265,0,0,160
2265,1,0,160
2265,2,-1,-1
2265,3,-1,-1
2265,4,-1,-1
2265,5,-1,-1
2265,6,-1,-1
2265,7,-1,-1
2266,0,0,160
2266,1,0,160
2266,2,-1,-1
2266,3,-1,-1
2266,4,-1,-1
2266,5,-1,-1
2266,6,-1,-1
2266,7,-1,-1
2267,0,0,160
2267,1,0,160
2267,2,-1,-1
2267,3,-1,-1
2267,4,-1,-1
2267,5,-1,-1
2267,6,-1,-1
2267,7,-1,-1
2268,0,0,160
2268,1,0,160
2268,2,-1,-1
2268,3,-1,-1
2268,4,-1,-1
2268,5,-1,-1
2268,6,-1,-1
2268,7,-1,-1
2269,0,0,160
2269,1,0,160
2269,2,-1,-1
2269,3,-1,-1
2269,4,-1,-1
2269,5,-1,-1
2269,6,-1,-1
2269,7,-1,-1
2270,0,0,160
2270,1,0,160
2270,2,-1,-1
2270,3,-1,-1
2270,4,-1,-1
2270,5,-1,-1
2270,6,-1,-1
2270,7,-1,-1
2271,0,0,160
2271,1,0,160
2271,2,-1,-1
2271,3,-1,-1
2271,4,-1,-1
2271,5,-1,-1
2271,6,-1,-1
2271,7,-1,-1
2272,0,0,160
2272,1,0,160
2272,2,-1,-1
2272,3,-1,-1
2272,4,-1,-1
2272,5,-1,-1
2272,6,-1,-1
2272,7,-1,-1
2273,0,0,160
2273,1,0,160
2273,2,-1,-1
2273,3,-1,-1
2273,4,-1,-1
2273,5,-1,-1
2273,6,-1,-1
2273,7,-1,-1
2274,0,0,160
2274,1,0,160
2274,2,-1,-1
2274,3,-1,-1
2274,4,-1,-1
2274,5,-1,-1
2274,6,-1,-1
2274,7,-1,-1
2275,0,0,160
2275,1,0,160
2275,2,-1,-1
2275,3,-1,-1
2275,4,-1,-1
2275,5,-1,-1
2275,6,-1,-1
2275,7,-1,-1
2276,0,0,160
2276,1,0,160
2276,2,-1,-1
2276,3,-1,-1
2276,4,-1,-1
2276,5,-1,-1
2276,6,-1,-1
2276,7,-1,-1
2277,0,0,160
2277,1,0,160
2277,2,-1,-1
2277,3,-1,-1
2277,4,-1,-1
2277,5,-1,-1
2277,6,-1,-1
2277,7,-1,-1
2278,0,0,160
2278,1,0,160
2278,2,-1,-1
2278,3,-1,-1
2278,4,-1,-1
2278,5,-1,-1
2278,6,-1,-1
2278,7,-1,-1
2279,0,0,160
2279,1,0,160
2279,2,-1,-1
2279,3,-1,-1
2279,4,-1,-1
2279,5,-1,-1
2279,6,-1,-1
2279,7,-1,-1
2280,0,0,160
2280,1,0,160
2280,2,-1,-1
2280,3,-1,-1
2280,4,-1,-1
2280,5,-1,-1
2280,6,-1,-1
2280,7,-1,-1
2281,0,0,160
2281,1,0,160
2281,2,-1,-1
2281,3,-1,-1
2281,4,-1,-1
2281,5,-1,-1
2281,6,-1,-1
2281,7,-1,-1
2282,0,0,160
2282,1,0,160
2282,2,-1,-1
2282,3,-1,-1
2282,4,-1,-1
2282,5,-1,-1
2282,6,-1,-1
2282,7,-1,-1
2283,0,0,160
2283,1,0,160
2283,2,-1,-1
2283,3,-1,-1
2283,4,-1,-1
2283,5,-1,-1
2283,6,-1,-1
2283,7,-1,-1
2284,0,0,160
2284,1,0,160
2284,2,-1,-1
2284,3,-1,-1
2284,4,-1,-1
2284,5,-1,-1
2284,6,-1,-1
2284,7,-1,-1
2285,0,0,160
2285,1,0,160
2285,2,-1,-1
2285,3,-1,-1
2285,4,-1,-1
2285,5,-1,-1
2285,6,-1,-1
2285,7,-1,-1
2286,0,0,160
2286,1,0,160
2286,2,-1,-1
2286,3,-1,-1
2286,4,-1,-1
2286,5,-1,-1
2286,6,-1,-1
2286,7,-1,-1
2287,0,0,160
2287,1,0,160
2287,2,-1,-1
2287,3,-1,-1
2287,4,-1,-1
2287,5,-1,-1
2287,6,-1,-1
2287,7,-1,-1
2288,0,0,160
2288,1,0,160
2288,2,-1,-1
2288,3,-1,-1
2288,4,-1,-1
2288,5,-1,-1
2288,6,-1,-1
2288,7,-1,-1
2289,0,0,160
2289,1,0,160
2289,2,-1,-1
2289,3,-1,-1
2289,4,-1,-1
2289,5,-1,-1
2289,6,-1,-1
2289,7,-1,-1
2290,0,0,160
2290,1,0,160
2290,2,-1,-1
2290,3,-1,-1
2290,4,-1,-1
2290,5,-1,-1
2290,6,-1,-1
2290,7,-1,-1
2291,0,0,160
2291,1,0,160
2291,2,-1,-1
2291,3,-1,-1
2291,4,-1,-1
2291,5,-1,-1
2291,6,-1,-1
2291,7,-1,-1
2292,0,0,160
2292,1,0,160
2292,2,-1,-1
2292,3,-1,-1
2292,4,-1,-1
2292,5,-1,-1
2292,6,-1,-1
2292,7,-1,-1
2293,0,0,160
2293,1,0,160
2293,2,-1,-1
2293,3,-1,-1
2293,4,-1,-1
2293,5,-1,-1
2293,6,-1,-1
2293,7,-1,-1
2294,0,0,160
2294,1,0,160
2294,2,-1,-1
2294,3,-1,-1
2294,4,-1,-1
2294,5,-1,-1
2294,6,-1,-1
2294,7,-1,-1
2295,0,0,160
2295,1,0,160
2295,2,-1,-1
2295,3,-1,-1
2295,4,-1,-1
2295,5,-1,-1
2295,6,-1,-1
2295,7,-1,-1
2296,0,0,160
2296,1,0,160
2296,2,-1,-1
2296,3,-1,-1
2296,4,-1,-1
2296,5,-1,-1
2296,6,-1,-1
2296,7,-1,-1
2297,0,0,160
2297,1,0,160
2297,2,-1,-1
2297,3,-1,-1
2297,4,-1,-1
2297,5,-1,-1
2297,6,-1,-1
2297,7,-1,-1
2298,0,0,160
2298,1,0,160
2298,2,-1,-1
2298,3,-1,-1
2298,4,-1,-1
2298,5,-1,-1
2298,6,-1,-1
2298,7,-1,-1
2299,0,0,160
2299,1,0,160
2299,2,-1,-1
2299,3,-1,-1
2299,4,-1,-1
2299,5,-1,-1
2299,6,-1,-1
2299,7,-1,-1
2300,0,0,160
2300,1,0,160
2300,2,-1,-1
2300,3,-1,-1
2300,4,-1,-1
2300,5,-1,-1
2300,6,-1,-1
2300,7,-1,-1
2301,0,0,160
2301,1,0,160
2301,2,-1,-1
2301,3,-1,-1
2301,4,-1,-1
2301,5,-1,-1
2301,6,-1,-1
2301,7,-1,-1
2302,0,0,160
2302,1,0,160
2302,2,-1,-1
2302,3,-1,-1
2302,4,-1,-1
2302,5,-1,-1
2302,6,-1,-1
2302,7,-1,-1
2303,0,0,160
2303,1,0,160
2303,2,-1,-1
2303,3,-1,-1
2303,4,-1,-1
2303,5,-1,-1
2303,6,-1,-1
2303,7,-1,-1
2304,0,0,160
2304,1,0,160
2304,2,-1,-1
2304,3,-1,-1
2304,4,-1,-1
2304,5,-1,-1
2304,6,-1,-1
2304,7,-1,-1
2305,0,0,160
2305,1,0,160
2305,2,-1,-1
2305,3,-1,-1
2305,4,-1,-1
2305,5,-1,-1
2305,6,-1,-1
2305,7,-1,-1
2306,0,0,160
2306,1,0,160
2306,2,-1,-1
2306,3,-1,-1
2306,4,-1,-1
2306,5,-1,-1
2306,6,-1,-1
2306,7,-1,-1
2307,0,0,160
2307,1,0,160
2307,2,-1,-1
2307,3,-1,-1
2307,4,-1,-1
2307,5,-1,-1
2307,6,-1,-1
2307,7,-1,-1
2308,0,0,160
2308,1,0,160
2308,2,-1,-1
2308,3,-1,-1
2308,4,-1,-1
2308,5,-1,-1
2308,6,-1,-1
2308,7,-1,-1
2309,0,0,160
2309,1,0,160
2309,2,-1,-1
2309,3,-1,-1
2309,4,-1,-1
2309,5,-1,-1
2309,6,-1,-1
2309,7,-1,-1
2310,0,0,160
2310,1,0,160
2310,2,-1,-1
2310,3,-1,-1
2310,4,-1,-1
2310,5,-1,-1
2310,6,-1,-1
2310,7,-1,-1
2311,0,0,160
2311,1,0,160
2311,2,-1,-1
2311,3,-1,-1
2311,4,-1,-1
2311,5,-1,-1
2311,6,-1,-1
2311,7,-1,-1
2312,0,0,160
2312,1,0,160
2312,2,-1,-1
2312,3,-1,-1
2312,4,-1,-1
2312,5,-1,-1
2312,6,-1,-1
2312,7,-1,-1
2313,0,0,160
2313,1,0,160
2313,2,-1,-1
2313,3,-1,-1
2313,4,-1,-1
2313,5,-1,-1
2313,6,-1,-1
2313,7,-1,-1
2314,0,0,160
2314,1,0,160
2314,2,-1,-1
2314,3,-1,-1
2314,4,-1,-1
2314,5,-1,-1
2314,6,-1,-1
2314,7,-1,-1
2315,0,0,160
2315,1,0,160
2315,2,-1,-1
2315,3,-1,-1
2315,4,-1,-1
2315,5,-1,-1
2315,6,-1,-1
2315,7,-1,-1
2316,0,0,160
2316,1,0,160
2316,2,-1,-1
2316,3,-1,-1
2316,4,-1,-1
2316,5,-1,-1
2316,6,-1,-1
2316,7,-1,-1
2317,0,0,160
2317,1,0,160
2317,2,-1,-1
2317,3,-1,-1
2317,4,-1,-1
2317,5,-1,-1
2317,6,-1,-1
2317,7,-1,-1
2318,0,0,160
2318,1,0,160
2318,2,-1,-1
2318,3,-1,-1
2318,4,-1,-1
2318,5,-1,-1
2318,6,-1,-1
2318,7,-1,-1
2319,0,0,160
2319,1,0,160
2319,2,-1,-1
2319,3,-1,-1
2319,4,-1,-1
2319,5,-1,-1
2319,6,-1,-1
2319,7,-1,-1
2320,0,0,160
2320,1,0,160
2320,2,-1,-1
2320,3,-1,-1
2320,4,-1,-1
2320,5,-1,-1
2320,6,-1,-1
2320,7,-1,-1
2321,0,0,160
2321,1,0,160
2321,2,-1,-1
2321,3,-1,-1
2321,4,-1,-1
2321,5,-1,-1
2321,6,-1,-1
2321,7,-1,-1
2322,0,0,160
2322,1,0,160
2322,2,-1,-1
2322,3,-1,-1
2322,4,-1,-1
2322,5,-1,-1
2322,6,-1,-1
2322,7,-1,-1
2323,0,0,160
2323,1,0,160
2323,2,-1,-1
2323,3,-1,-1
2323,4,-1,-1
2323,5,-1,-1
2323,6,-1,-1
2323,7,-1,-1
2324,0,0,160
2324,1,0,160
2324,2,-1,-1
2324,3,-1,-1
2324,4,-1,-1
2324,5,-1,-1
2324,6,-1,-1
2324,7,-1,-1
2325,0,0,160
2325,1,0,160
2325,2,-1,-1
2325,3,-1,-1
2325,4,-1,-1
2325,5,-1,-1
2325,6,-1,-1
2325,7,-1,-1
2326,0,0,160
2326,1,0,160
2326,2,-1,-1
2326,3,-1,-1
2326,4,-1,-1
2326,5,-1,-1
2326,6,-1,-1
2326,7,-1,-1
2327,0,0,160
2327,1,0,160
2327,2,-1,-1
2327,3,-1,-1
2327,4,-1,-1
2327,5,-1,-1
2327,6,-1,-1
2327,7,-1,-1
2328,0,0,160
2328,1,0,160
2328,2,-1,-1
2328,3,-1,-1
2328,4,-1,-1
2328,5,-1,-1
2328,6,-1,-1
2328,7,-1,-1
2329,0,0,160
2329,1,0,160
2329,2,-1,-1
2329,3,-1,-1
2329,4,-1,-1
2329,5,-1,-1
2329,6,-1,-1
2329,7,-1,-1
2330,0,0,160
2330,1,0,160
2330,2,-1,-1
2330,3,-1,-1
2330,4,-1,-1
2330,5,-1,-1
2330,6,-1,-1
2330,7,-1,-1
2331,0,0,160
2331,1,0,160
2331,2,-1,-1
2331,3,-1,-1
2331,4,-1,-1
2331,5,-1,-1
2331,6,-1,-1
2331,7,-1,-1
2332,0,0,160
2332,1,0,160
2332,2,-1,-1
2332,3,-1,-1
2332,4,-1,-1
2332,5,-1,-1
2332,6,-1,-1
2332,7,-1,-1
2333,0,0,160
2333,1,0,160
2333,2,-1,-1
2333,3,-1,-1
2333,4,-1,-1
2333,5,-1,-1
2333,6,-1,-1
2333,7,-1,-1
2334,0,0,160
2334,1,0,160
2334,2,-1,-1
2334,3,-1,-1
2334,4,-1,-1
2334,5,-1,-1
2334,6,-1,-1
2334,7,-1,-1
2335,0,0,160
2335,1,0,160
2335,2,-1,-1
2335,3,-1,-1
2335,4,-1,-1
2335,5,-1,-1
2335,6,-1,-1
2335,7,-1,-1
2336,0,0,160
2336,1,0,160
2336,2,-1,-1
2336,3,-1,-1
2336,4,-1,-1
2336,5,-1,-1
2336,6,-1,-1
2336,7,-1,-1
2337,0,0,160
2337,1,0,160
2337,2,-1,-1
2337,3,-1,-1
2337,4,-1,-1
2337,5,-1,-1
2337,6,-1,-1
2337,7,-1,-1
2338,0,0,160
2338,1,0,160
2338,2,-1,-1
2338,3,-1,-1
2338,4,-1,-1
2338,5,-1,-1
2338,6,-1,-1
2338,7,-1,-1
2339,0,0,160
2339,1,0,160
2339,2,-1,-1
2339,3,-1,-1
2339,4,-1,-1
2339,5,-1,-1
2339,6,-1,-1
2339,7,-1,-1
2340,0,0,160
2340,1,0,160
2340,2,-1,-1
2340,3,-1,-1
2340,4,-1,-1
2340,5,-1,-1
2340,6,-1,-1
2340,7,-1,-1
2341,0,0,160
2341,1,0,160
2341,2,-1,-1
2341,3,-1,-1
2341,4,-1,-1
2341,5,-1,-1
2341,6,-1,-1
2341,7,-1,-1
2342,0,0,160
2342,1,0,160
2342,2,-1,-1
2342,3,-1,-1
2342,4,-1,-1
2342,5,-1,-1
2342,6,-1,-1
2342,7,-1,-1
2343,0,0,160
2343,1,0,160
2343,2,-1,-1
2343,3,-1,-1
2343,4,-1,-1
2343,5,-1,-1
2343,6,-1,-1
2343,7,-1,-1
2344,0,0,160
2344,1,0,160
2344,2,-1,-1
2344,3,-1,-1
2344,4,-1,-1
2344,5,-1,-1
2344,6,-1,-1
2344,7,-1,-1
2345,0,0,160
2345,1,0,160
2345,2,-1,-1
2345,3,-1,-1
2345,4,-1,-1
2345,5,-1,-1
2345,6,-1,-1
2345,7,-1,-1
2346,0,0,160
2346,1,0,160
2346,2,-1,-1
2346,3,-1,-1
2346,4,-1,-1
2346,5,-1,-1
2346,6,-1,-1
2346,7,-1,-1
2347,0,0,160
2347,1,0,160
2347,2,-1,-1
2347,3,-1,-1
2347,4,-1,-1
2347,5,-1,-1
2347,6,-1,-1
2347,7,-1,-1
2348,0,0,160
2348,1,0,160
2348,2,-1,-1
2348,3,-1,-1
2348,4,-1,-1
2348,5,-1,-1
2348,6,-1,-1
2348,7,-1,-1
2349,0,0,160
2349,1,0,160
2349,2,-1,-1
2349,3,-1,-1
2349,4,-1,-1
2349,5,-1,-1
2349,6,-1,-1
2349,7,-1,-1
2350,0,0,160
2350,1,0,160
2350,2,-1,-1
2350,3,-1,-1
2350,4,-1,-1
2350,5,-1,-1
2350,6,-1,-1
2350,7,-1,-1
2351,0,0,160
2351,1,0,160
2351,2,-1,-1
2351,3,-1,-1
2351,4,-1,-1
2351,5,-1,-1
2351,6,-1,-1
2351,7,-1,-1
2352,0,0,160
2352,1,0,160
2352,2,-1,-1
2352,3,-1,-1
2352,4,-1,-1
2352,5,-1,-1
2352,6,-1,-1
2352,7,-1,-1
2353,0,0,160
2353,1,0,160
2353,2,-1,-1
2353,3,-1,-1
2353,4,-1,-1
2353,5,-1,-1
2353,6,-1,-1
2353,7,-1,-1
2354,0,0,160
2354,1,0,160
2354,2,-1,-1
2354,3,-1,-1
2354,4,-1,-1
2354,5,-1,-1
2354,6,-1,-1
2354,7,-1,-1
2355,0,0,160
2355,1,0,160
2355,2,-1,-1
2355,3,-1,-1
2355,4,-1,-1
2355,5,-1,-1
2355,6,-1,-1
2355,7,-1,-1
2356,0,0,160
2356,1,0,160
2356,2,-1,-1
2356,3,-1,-1
2356,4,-1,-1
2356,5,-1,-1
2356,6,-1,-1
2356,7,-1,-1
2357,0,0,160
2357,1,0,160
2357,2,-1,-1
2357,3,-1,-1
2357,4,-1,-1
2357,5,-1,-1
2357,6,-1,-1
2357,7,-1,-1
2358,0,0,160
2358,1,0,160
2358,2,-1,-1
2358,3,-1,-1
2358,4,-1,-1
2358,5,-1,-1
2358,6,-1,-1
2358,7,-1,-1
2359,0,0,160
2359,1,0,160
2359,2,-1,-1
2359,3,-1,-1
2359,4,-1,-1
2359,5,-1,-1
2359,6,-1,-1
2359,7,-1,-1
2360,0,0,160
2360,1,0,160
2360,2,-1,-1
2360,3,-1,-1
2360,4,-1,-1
2360,5,-1,-1
2360,6,-1,-1
2360,7,-1,-1
2361,0,0,160
2361,1,0,160
2361,2,-1,-1
2361,3,-1,-1
2361,4,-1,-1
2361,5,-1,-1
2361,6,-1,-1
2361,7,-1,-1
2362,0,0,160
2362,1,0,160
2362,2,-1,-1
2362,3,-1,-1
2362,4,-1,-1
2362,5,-1,-1
2362,6,-1,-1
2362,7,-1,-1
2363,0,0,160
2363,1,0,160
2363,2,-1,-1
2363,3,-1,-1
2363,4,-1,-1
2363,5,-1,-1
2363,6,-1,-1
2363,7,-1,-1
2364,0,0,160
2364,1,0,160
2364,2,-1,-1
2364,3,-1,-1
2364,4,-1,-1
2364,5,-1,-1
2364,6,-1,-1
2364,7,-1,-1
2365,0,0,160
2365,1,0,160
2365,2,-1,-1
2365,3,-1,-1
2365,4,-1,-1
2365,5,-1,-1
2365,6,-1,-1
2365,7,-1,-1
2366,0,0,160
2366,1,0,160
2366,2,-1,-1
2366,3,-1,-1
2366,4,-1,-1
2366,5,-1,-1
2366,6,-1,-1
2366,7,-1,-1
2367,0,0,160
2367,1,0,160
2367,2,-1,-1
2367,3,-1,-1
2367,4,-1,-1
2367,5,-1,-1
2367,6,-1,-1
2367,7,-1,-1
2368,0,0,160
2368,1,0,160
2368,2,-1,-1
2368,3,-1,-1
2368,4,-1,-1
2368,5,-1,-1
2368,6,-1,-1
2368,7,-1,-1
2369,0,0,160
2369,1,0,160
2369,2,-1,-1
2369,3,-1,-1
2369,4,-1,-1
2369,5,-1,-1
2369,6,-1,-1
2369,7,-1,-1
2370,0,0,160
2370,1,0,160
2370,2,-1,-1
2370,3,-1,-1
2370,4,-1,-1
2370,5,-1,-1
2370,6,-1,-1
2370,7,-1,-1
2371,0,0,160
2371,1,0,160
2371,2,-1,-1
2371,3,-1,-1
2371,4,-1,-1
2371,5,-1,-1
2371,6,-1,-1
2371,7,-1,-1
2372,0,0,160
2372,1,0,160
2372,2,-1,-1
2372,3,-1,-1
2372,4,-1,-1
2372,5,-1,-1
2372,6,-1,-1
2372,7,-1,-1
2373,0,0,160
2373,1,0,160
2373,2,-1,-1
2373,3,-1,-1
2373,4,-1,-1
2373,5,-1,-1
2373,6,-1,-1
2373,7,-1,-1
2374,0,0,160
2374,1,0,160
2374,2,-1,-1
2374,3,-1,-1
2374,4,-1,-1
2374,5,-1,-1
2374,6,-1,-1
2374,7,-1,-1
2375,0,0,160
2375,1,0,160
2375,2,-1,-1
2375,3,-1,-1
2375,4,-1,-1
2375,5,-1,-1
2375,6,-1,-1
2375,7,-1,-1
2376,0,0,160
2376,1,0,160
2376,2,-1,-1
2376,3,-1,-1
2376,4,-1,-1
2376,5,-1,-1
2376,6,-1,-1
2376,7,-1,-1
2377,0,0,160
2377,1,0,160
2377,2,-1,-1
2377,3,-1,-1
2377,4,-1,-1
2377,5,-1,-1
2377,6,-1,-1
2377,7,-1,-1
2378,0,0,160
2378,1,0,160
2378,2,-1,-1
2378,3,-1,-1
2378,4,-1,-1
2378,5,-1,-1
2378,6,-1,-1
2378,7,-1,-1
2379,0,0,160
2379,1,0,160
2379,2,-1,-1
2379,3,-1,-1
2379,4,-1,-1
2379,5,-1,-1
2379,6,-1,-1
2379,7,-1,-1
2380,0,0,160
2380,1,0,160
2380,2,-1,-1
2380,3,-1,-1
2380,4,-1,-1
2380,5,-1,-1
2380,6,-1,-1
2380,7,-1,-1
2381,0,0,160
2381,1,0,160
2381,2,-1,-1
2381,3,-1,-1
2381,4,-1,-1
2381,5,-1,-1
2381,6,-1,-1
2381,7,-1,-1
2382,0,0,160
2382,1,0,160
2382,2,-1,-1
2382,3,-1,-1
2382,4,-1,-1
2382,5,-1,-1
2382,6,-1,-1
2382,7,-1,-1
2383,0,0,160
2383,1,0,160
2383,2,-1,-1
2383,3,-1,-1
2383,4,-1,-1
2383,5,-1,-1
2383,6,-1,-1
2383,7,-1,-1
2384,0,0,160
2384,1,0,160
2384,2,-1,-1
2384,3,-1,-1
2384,4,-1,-1
2384,5,-1,-1
2384,6,-1,-1
2384,7,-1,-1
2385,0,0,160
2385,1,0,160
2385,2,-1,-1
2385,3,-1,-1
2385,4,-1,-1
2385,5,-1,-1
2385,6,-1,-1
2385,7,-1,-1
2386,0,0,160
2386,1,0,160
2386,2,-1,-1
2386,3,-1,-1
2386,4,-1,-1
2386,5,-1,-1
2386,6,-1,-1
2386,7,-1,-1
2387,0,0,160
2387,1,0,160
2387,2,-1,-1
2387,3,-1,-1
2387,4,-1,-1
2387,5,-1,-1
2387,6,-1,-1
2387,7,-1,-1
2388,0,0,160
2388,1,0,160
2388,2,-1,-1
2388,3,-1,-1
2388,4,-1,-1
2388,5,-1,-1
2388,6,-1,-1
2388,7,-1,-1
2389,0,0,160
2389,1,0,160
2389,2,-1,-1
2389,3,-1,-1
2389,4,-1,-1
2389,5,-1,-1
2389,6,-1,-1
2389,7,-1,-1
2390,0,0,160
2390,1,0,160
2390,2,-1,-1
2390,3,-1,-1
2390,4,-1,-1
2390,5,-1,-1
2390,6,-1,-1
2390,7,-1,-1
2391,0,0,160
2391,1,0,160
2391,2,-1,-1
2391,3,-1,-1
2391,4,-1,-1
2391,5,-1,-1
2391,6,-1,-1
2391,7,-1,-1
2392,0,0,160
2392,1,0,160
2392,2,-1,-1
2392,3,-1,-1
2392,4,-1,-1
2392,5,-1,-1
2392,6,-1,-1
2392,7,-1,-1
2393,0,0,160
2393,1,0,160
2393,2,-1,-1
2393,3,-1,-1
2393,4,-1,-1
2393,5,-1,-1
2393,6,-1,-1
2393,7,-1,-1
2394,0,0,160
2394,1,0,160
2394,2,-1,-1
2394,3,-1,-1
2394,4,-1,-1
2394,5,-1,-1
2394,6,-1,-1
2394,7,-1,-1
2395,0,0,160
2395,1,0,160
2395,2,-1,-1
2395,3,-1,-1
2395,4,-1,-1
2395,5,-1,-1
2395,6,-1,-1
2395,7,-1,-1
2396,0,0,160
2396,1,0,160
2396,2,-1,-1
2396,3,-1,-1
2396,4,-1,-1
2396,5,-1,-1
2396,6,-1,-1
2396,7,-1,-1
2397,0,0,160
2397,1,0,160
2397,2,-1,-1
2397,3,-1,-1
2397,4,-1,-1
2397,5,-1,-1
2397,6,-1,-1
2397,7,-1,-1
2398,0,0,160
2398,1,0,160
2398,2,-1,-1
2398,3,-1,-1
2398,4,-1,-1
2398,5,-1,-1
2398,6,-1,-1
2398,7,-1,-1
2399,0,0,160
2399,1,0,160
2399,2,-1,-1
2399,3,-1,-1
2399,4,-1,-1
2399,5,-1,-1
2399,6,-1,-1
2399,7,-1,-1
2400,0,0,160
2400,1,0,160
2400,2,-1,-1
2400,3,-1,-1
2400,4,-1,-1
2400,5,-1,-1
2400,6,-1,-1
2400,7,-1,-1
2401,0,0,160
2401,1,0,160
2401,2,-1,-1
2401,3,-1,-1
2401,4,-1,-1
2401,5,-1,-1
2401,6,-1,-1
2401,7,-1,-1
2402,0,0,160
2402,1,0,160
2402,2,-1,-1
2402,3,-1,-1
2402,4,-1,-1
2402,5,-1,-1
2402,6,-1,-1
2402,7,-1,-1
2403,0,0,160
2403,1,0,160
2403,2,-1,-1
2403,3,-1,-1
2403,4,-1,-1
2403,5,-1,-1
2403,6,-1,-1
2403,7,-1,-1
2404,0,0,160
2404,1,0,160
2404,2,-1,-1
2404,3,-1,-1
2404,4,-1,-1
2404,5,-1,-1
2404,6,-1,-1
2404,7,-1,-1
2405,0,0,160
2405,1,0,160
2405,2,-1,-1
2405,3,-1,-1
2405,4,-1,-1
2405,5,-1,-1
2405,6,-1,-1
2405,7,-1,-1
2406,0,0,160
2406,1,0,160
2406,2,-1,-1
2406,3,-1,-1
2406,4,-1,-1
2406,5,-1,-1
2406,6,-1,-1
2406,7,-1,-1
2407,0,0,160
2407,1,0,160
2407,2,-1,-1
2407,3,-1,-1
2407,4,-1,-1
2407,5,-1,-1
2407,6,-1,-1
2407,7,-1,-1
2408,0,0,160
2408,1,0,160
2408,2,-1,-1
2408,3,-1,-1
2408,4,-1,-1
2408,5,-1,-1
2408,6,-1,-1
2408,7,-1,-1
2409,0,0,160
2409,1,0,160
2409,2,-1,-1
2409,3,-1,-1
2409,4,-1,-1
2409,5,-1,-1
2409,6,-1,-1
2409,7,-1,-1
2410,0,0,160
2410,1,0,160
2410,2,-1,-1
2410,3,-1,-1
2410,4,-1,-1
2410,5,-1,-1
2410,6,-1,-1
2410,7,-1,-1
2411,0,0,160
2411,1,0,160
2411,2,-1,-1
2411,3,-1,-1
2411,4,-1,-1
2411,5,-1,-1
2411,6,-1,-1
2411,7,-1,-1
2412,0,0,160
2412,1,0,160
2412,2,-1,-1
2412,3,-1,-1
2412,4,-1,-1
2412,5,-1,-1
2412,6,-1,-1
2412,7,-1,-1
2413,0,0,160
2413,1,0,160
2413,2,-1,-1
2413,3,-1,-1
2413,4,-1,-1
2413,5,-1,-1
2413,6,-1,-1
2413,7,-1,-1
2414,0,0,160
2414,1,0,160
2414,2,-1,-1
2414,3,-1,-1
2414,4,-1,-1
2414,5,-1,-1
2414,6,-1,-1
2414,7,-1,-1
2415,0,0,160
2415,1,0,160
2415,2,-1,-1
2415,3,-1,-1
2415,4,-1,-1
2415,5,-1,-1
2415,6,-1,-1
2415,7,-1,-1
2416,0,0,160
2416,1,0,160
2416,2,-1,-1
2416,3,-1,-1
2416,4,-1,-1
2416,5,-1,-1
2416,6,-1,-1
2416,7,-1,-1
2417,0,0,160
2417,1,0,160
2417,2,-1,-1
2417,3,-1,-1
2417,4,-1,-1
2417,5,-1,-1
2417,6,-1,-1
2417,7,-1,-1
2418,0,0,160
2418,1,0,160
2418,2,-1,-1
2418,3,-1,-1
2418,4,-1,-1
2418,5,-1,-1
2418,6,-1,-1
2418,7,-1,-1
2419,0,0,160
2419,1,0,160
2419,2,-1,-1
2419,3,-1,-1
2419,4,-1,-1
2419,5,-1,-1
2419,6,-1,-1
2419,7,-1,-1
2420,0,0,160
2420,1,0,160
2420,2,-1,-1
2420,3,-1,-1
2420,4,-1,-1
2420,5,-1,-1
2420,6,-1,-1
2420,7,-1,-1
2421,0,0,160
2421,1,0,160
2421,2,-1,-1
2421,3,-1,-1
2421,4,-1,-1
2421,5,-1,-1
2421,6,-1,-1
2421,7,-1,-1
2422,0,0,160
2422,1,0,160
2422,2,-1,-1
2422,3,-1,-1
2422,4,-1,-1
2422,5,-1,-1
2422,6,-1,-1
2422,7,-1,-1
2423,0,0,160
2423,1,0,160
2423,2,-1,-1
2423,3,-1,-1
2423,4,-1,-1
2423,5,-1,-1
2423,6,-1,-1
2423,7,-1,-1
2424,0,0,160
2424,1,0,160
2424,2,-1,-1
2424,3,-1,-1
2424,4,-1,-1
2424,5,-1,-1
2424,6,-1,-1
2424,7,-1,-1
2425,0,0,160
2425,1,0,160
2425,2,-1,-1
2425,3,-1,-1
2425,4,-1,-1
2425,5,-1,-1
2425,6,-1,-1
2425,7,-1,-1
2426,0,0,160
2426,1,0,160
2426,2,-1,-1
2426,3,-1,-1
2426,4,-1,-1
2426,5,-1,-1
2426,6,-1,-1
2426,7,-1,-1
2427,0,0,160
2427,1,0,160
2427,2,-1,-1
2427,3,-1,-1
2427,4,-1,-1
2427,5,-1,-1
2427,6,-1,-1
2427,7,-1,-1
2428,0,0,160
2428,1,0,160
2428,2,-1,-1
2428,3,-1,-1
2428,4,-1,-1
2428,5,-1,-1
2428,6,-1,-1
2428,7,-1,-1
2429,0,0,160
2429,1,0,160
2429,2,-1,-1
2429,3,-1,-1
2429,4,-1,-1
2429,5,-1,-1
2429,6,-1,-1
2429,7,-1,-1
2430,0,0,160
2430,1,0,160
2430,2,-1,-1
2430,3,-1,-1
2430,4,-1,-1
2430,5,-1,-1
2430,6,-1,-1
2430,7,-1,-1
2431,0,0,160
2431,1,0,160
2431,2,-1,-1
2431,3,-1,-1
2431,4,-1,-1
2431,5,-1,-1
2431,6,-1,-1
2431,7,-1,-1
2432,0,0,160
2432,1,0,160
2432,2,-1,-1
2432,3,-1,-1
2432,4,-1,-1
2432,5,-1,-1
2432,6,-1,-1
2432,7,-1,-1
2433,0,0,160
2433,1,0,160
2433,2,-1,-1
2433,3,-1,-1
2433,4,-1,-1
2433,5,-1,-1
2433,6,-1,-1
2433,7,-1,-1
2434,0,0,160
2434,1,0,160
2434,2,-1,-1
2434,3,-1,-1
2434,4,-1,-1
2434,5,-1,-1
2434,6,-1,-1
2434,7,-1,-1
2435,0,0,160
2435,1,0,160
2435,2,-1,-1
2435,3,-1,-1
2435,4,-1,-1
2435,5,-1,-1
2435,6,-1,-1
2435,7,-1,-1
2436,0,0,160
2436,1,0,160
2436,2,-1,-1
2436,3,-1,-1
2436,4,-1,-1
2436,5,-1,-1
2436,6,-1,-1
2436,7,-1,-1
2437,0,0,160
2437,1,0,160
2437,2,-1,-1
2437,3,-1,-1
2437,4,-1,-1
2437,5,-1,-1
2437,6,-1,-1
2437,7,-1,-1
2438,0,0,160
2438,1,0,160
2438,2,-1,-1
2438,3,-1,-1
2438,4,-1,-1
2438,5,-1,-1
2438,6,-1,-1
2438,7,-1,-1
2439,0,0,160
2439,1,0,160
2439,2,-1,-1
2439,3,-1,-1
2439,4,-1,-1
2439,5,-1,-1
2439,6,-1,-1
2439,7,-1,-1
2440,0,0,160
2440,1,0,160
2440,2,-1,-1
2440,3,-1,-1
2440,4,-1,-1
2440,5,-1,-1
2440,6,-1,-1
2440,7,-1,-1
2441,0,0,160
2441,1,0,160
2441,2,-1,-1
2441,3,-1,-1
2441,4,-1,-1
2441,5,-1,-1
2441,6,-1,-1
2441,7,-1,-1
2442,0,0,160
2442,1,0,160
2442,2,-1,-1
2442,3,-1,-1
2442,4,-1,-1
2442,5,-1,-1
2442,6,-1,-1
2442,7,-1,-1
2443,0,0,160
2443,1,0,160
2443,2,-1,-1
2443,3,-1,-1
2443,4,-1,-1
2443,5,-1,-1
2443,6,-1,-1
2443,7,-1,-1
2444,0,0,160
2444,1,0,160
2444,2,-1,-1
2444,3,-1,-1
2444,4,-1,-1
2444,5,-1,-1
2444,6,-1,-1
2444,7,-1,-1
2445,0,0,160
2445,1,0,160
2445,2,-1,-1
2445,3,-1,-1
2445,4,-1,-1
2445,5,-1,-1
2445,6,-1,-1
2445,7,-1,-1
2446,0,0,160
2446,1,0,160
2446,2,-1,-1
2446,3,-1,-1
2446,4,-1,-1
2446,5,-1,-1
2446,6,-1,-1
2446,7,-1,-1
2447,0,0,160
2447,1,0,160
2447,2,-1,-1
2447,3,-1,-1
2447,4,-1,-1
2447,5,-1,-1
2447,6,-1,-1
2447,7,-1,-1
2448,0,0,160
2448,1,0,160
2448,2,-1,-1
2448,3,-1,-1
2448,4,-1,-1
2448,5,-1,-1
2448,6,-1,-1
2448,7,-1,-1
2449,0,0,160
2449,1,0,160
2449,2,-1,-1
2449,3,-1,-1
2449,4,-1,-1
2449,5,-1,-1
2449,6,-1,-1
2449,7,-1,-1
2450,0,0,160
2450,1,0,160
2450,2,-1,-1
2450,3,-1,-1
2450,4,-1,-1
2450,5,-1,-1
2450,6,-1,-1
2450,7,-1,-1
2451,0,0,160
2451,1,0,160
2451,2,-1,-1
2451,3,-1,-1
2451,4,-1,-1
2451,5,-1,-1
2451,6,-1,-1
2451,7,-1,-1
2452,0,0,160
2452,1,0,160
2452,2,-1,-1
2452,3,-1,-1
2452,4,-1,-1
2452,5,-1,-1
2452,6,-1,-1
2452,7,-1,-1
2453,0,0,160
2453,1,0,160
2453,2,-1,-1
2453,3,-1,-1
2453,4,-1,-1
2453,5,-1,-1
2453,6,-1,-1
2453,7,-1,-1
2454,0,0,160
2454,1,0,160
2454,2,-1,-1
2454,3,-1,-1
2454,4,-1,-1
2454,5,-1,-1
2454,6,-1,-1
2454,7,-1,-1
2455,0,0,160
2455,1,0,160
2455,2,-1,-1
2455,3,-1,-1
2455,4,-1,-1
2455,5,-1,-1
2455,6,-1,-1
2455,7,-1,-1
2456,0,0,160
2456,1,0,160
2456,2,-1,-1
2456,3,-1,-1
2456,4,-1,-1
2456,5,-1,-1
2456,6,-1,-1
2456,7,-1,-1
2457,0,0,160
2457,1,0,160
2457,2,-1,-1
2457,3,-1,-1
2457,4,-1,-1
2457,5,-1,-1
2457,6,-1,-1
2457,7,-1,-1
2458,0,0,160
2458,1,0,160
2458,2,-1,-1
2458,3,-1,-1
2458,4,-1,-1
2458,5,-1,-1
2458,6,-1,-1
2458,7,-1,-1
2459,0,0,160
2459,1,0,160
2459,2,-1,-1
2459,3,-1,-1
2459,4,-1,-1
2459,5,-1,-1
2459,6,-1,-1
2459,7,-1,-1
2460,0,0,160
2460,1,0,160
2460,2,-1,-1
2460,3,-1,-1
2460,4,-1,-1
2460,5,-1,-1
2460,6,-1,-1
2460,7,-1,-1
2461,0,0,160
2461,1,0,160
2461,2,-1,-1
2461,3,-1,-1
2461,4,-1,-1
2461,5,-1,-1
2461,6,-1,-1
2461,7,-1,-1
2462,0,0,160
2462,1,0,160
2462,2,-1,-1
2462,3,-1,-1
2462,4,-1,-1
2462,5,-1,-1
2462,6,-1,-1
2462,7,-1,-1
2463,0,0,160
2463,1,0,160
2463,2,-1,-1
2463,3,-1,-1
2463,4,-1,-1
2463,5,-1,-1
2463,6,-1,-1
2463,7,-1,-1
2464,0,0,160
2464,1,0,160
2464,2,-1,-1
2464,3,-1,-1
2464,4,-1,-1
2464,5,-1,-1
2464,6,-1,-1
2464,7,-1,-1
2465,0,0,160
2465,1,0,160
2465,2,-1,-1
2465,3,-1,-1
2465,4,-1,-1
2465,5,-1,-1
2465,6,-1,-1
2465,7,-1,-1
2466,0,0,160
2466,1,0,160
2466,2,-1,-1
2466,3,-1,-1
2466,4,-1,-1
2466,5,-1,-1
2466,6,-1,-1
2466,7,-1,-1
2467,0,0,160
2467,1,0,160
2467,2,-1,-1
2467,3,-1,-1
2467,4,-1,-1
2467,5,-1,-1
2467,6,-1,-1
2467,7,-1,-1
2468,0,0,160
2468,1,0,160
2468,2,-1,-1
2468,3,-1,-1
2468,4,-1,-1
2468,5,-1,-1
2468,6,-1,-1
2468,7,-1,-1
2469,0,0,160
2469,1,0,160
2469,2,-1,-1
2469,3,-1,-1
2469,4,-1,-1
2469,5,-1,-1
2469,6,-1,-1
2469,7,-1,-1
2470,0,0,160
2470,1,0,160
2470,2,-1,-1
2470,3,-1,-1
2470,4,-1,-1
2470,5,-1,-1
2470,6,-1,-1
2470,7,-1,-1
2471,0,0,160
2471,1,0,160
2471,2,-1,-1
2471,3,-1,-1
2471,4,-1,-1
2471,5,-1,-1
2471,6,-1,-1
2471,7,-1,-1
2472,0,0,160
2472,1,0,160
2472,2,-1,-1
2472,3,-1,-1
2472,4,-1,-1
2472,5,-1,-1
2472,6,-1,-1
2472,7,-1,-1
2473,0,0,160
2473,1,0,160
2473,2,-1,-1
2473,3,-1,-1
2473,4,-1,-1
2473,5,-1,-1
2473,6,-1,-1
2473,7,-1,-1
2474,0,0,160
2474,1,0,160
2474,2,-1,-1
2474,3,-1,-1
2474,4,-1,-1
2474,5,-1,-1
2474,6,-1,-1
2474,7,-1,-1
2475,0,0,160
2475,1,0,160
2475,2,-1,-1
2475,3,-1,-1
2475,4,-1,-1
2475,5,-1,-1
2475,6,-1,-1
2475,7,-1,-1
2476,0,0,160
2476,1,0,160
2476,2,-1,-1
2476,3,-1,-1
2476,4,-1,-1
2476,5,-1,-1
2476,6,-1,-1
2476,7,-1,-1
2477,0,0,160
2477,1,0,160
2477,2,-1,-1
2477,3,-1,-1
2477,4,-1,-1
2477,5,-1,-1
2477,6,-1,-1
2477,7,-1,-1
2478,0,0,160
2478,1,0,160
2478,2,-1,-1
2478,3,-1,-1
2478,4,-1,-1
2478,5,-1,-1
2478,6,-1,-1
2478,7,-1,-1
2479,0,0,160
2479,1,0,160
2479,2,-1,-1
2479,3,-1,-1
2479,4,-1,-1
2479,5,-1,-1
2479,6,-1,-1
2479,7,-1,-1
2480,0,0,160
2480,1,0,160
2480,2,-1,-1
2480,3,-1,-1
2480,4,-1,-1
2480,5,-1,-1
2480,6,-1,-1
2480,7,-1,-1
2481,0,0,160
2481,1,0,160
2481,2,-1,-1
2481,3,-1,-1
2481,4,-1,-1
2481,5,-1,-1
2481,6,-1,-1
2481,7,-1,-1
2482,0,0,160
2482,1,0,160
2482,2,-1,-1
2482,3,-1,-1
2482,4,-1,-1
2482,5,-1,-1
2482,6,-1,-1
2482,7,-1,-1
2483,0,0,160
2483,1,0,160
2483,2,-1,-1
2483,3,-1,-1
2483,4,-1,-1
2483,5,-1,-1
2483,6,-1,-1
2483,7,-1,-1
2484,0,0,160
2484,1,0,160
2484,2,-1,-1
2484,3,-1,-1
2484,4,-1,-1
2484,5,-1,-1
2484,6,-1,-1
2484,7,-1,-1
2485,0,0,160
2485,1,0,160
2485,2,-1,-1
2485,3,-1,-1
2485,4,-1,-1
2485,5,-1,-1
2485,6,-1,-1
2485,7,-1,-1
2486,0,0,160
2486,1,0,160
2486,2,-1,-1
2486,3,-1,-1
2486,4,-1,-1
2486,5,-1,-1
2486,6,-1,-1
2486,7,-1,-1
2487,0,0,160
2487,1,0,160
2487,2,-1,-1
2487,3,-1,-1
2487,4,-1,-1
2487,5,-1,-1
2487,6,-1,-1
2487,7,-1,-1
2488,0,0,160
2488,1,0,160
2488,2,-1,-1
2488,3,-1,-1
2488,4,-1,-1
2488,5,-1,-1
2488,6,-1,-1
2488,7,-1,-1
2489,0,0,160
2489,1,0,160
2489,2,-1,-1
2489,3,-1,-1
2489,4,-1,-1
2489,5,-1,-1
2489,6,-1,-1
2489,7,-1,-1
2490,0,0,160
2490,1,0,160
2490,2,-1,-1
2490,3,-1,-1
2490,4,-1,-1
2490,5,-1,-1
2490,6,-1,-1
2490,7,-1,-1
2491,0,0,160
2491,1,0,160
2491,2,-1,-1
2491,3,-1,-1
2491,4,-1,-1
2491,5,-1,-1
2491,6,-1,-1
2491,7,-1,-1
2492,0,0,160
2492,1,0,160
2492,2,-1,-1
2492,3,-1,-1
2492,4,-1,-1
2492,5,-1,-1
2492,6,-1,-1
2492,7,-1,-1
2493,0,0,160
2493,1,0,160
2493,2,-1,-1
2493,3,-1,-1
2493,4,-1,-1
2493,5,-1,-1
2493,6,-1,-1
2493,7,-1,-1
2494,0,0,160
2494,1,0,160
2494,2,-1,-1
2494,3,-1,-1
2494,4,-1,-1
2494,5,-1,-1
2494,6,-1,-1
2494,7,-1,-1
2495,0,0,160
2495,1,0,160
2495,2,-1,-1
2495,3,-1,-1
2495,4,-1,-1
2495,5,-1,-1
2495,6,-1,-1
2495,7,-1,-1
2496,0,0,160
2496,1,0,160
2496,2,-1,-1
2496,3,-1,-1
2496,4,-1,-1
2496,5,-1,-1
2496,6,-1,-1
2496,7,-1,-1
2497,0,0,160
2497,1,0,160
2497,2,-1,-1
2497,3,-1,-1
2497,4,-1,-1
2497,5,-1,-1
2497,6,-1,-1
2497,7,-1,-1
2498,0,0,160
2498,1,0,160
2498,2,-1,-1
2498,3,-1,-1
2498,4,-1,-1
2498,5,-1,-1
2498,6,-1,-1
2498,7,-1,-1
2499,0,0,160
2499,1,0,160
2499,2,-1,-1
2499,3,-1,-1
2499,4,-1,-1
2499,5,-1,-1
2499,6,-1,-1
2499,7,-1,-1
2500,0,0,160
2500,1,0,160
2500,2,-1,-1
2500,3,-1,-1
2500,4,-1,-1
2500,5,-1,-1
2500,6,-1,-1
2500,7,-1,-1
2501,0,0,160
2501,1,0,160
2501,2,-1,-1
2501,3,-1,-1
2501,4,-1,-1
2501,5,-1,-1
2501,6,-1,-1
2501,7,-1,-1
2502,0,0,160
2502,1,0,160
2502,2,-1,-1
2502,3,-1,-1
2502,4,-1,-1
2502,5,-1,-1
2502,6,-1,-1
2502,7,-1,-1
2503,0,0,160
2503,1,0,160
2503,2,-1,-1
2503,3,-1,-1
2503,4,-1,-1
2503,5,-1,-1
2503,6,-1,-1
2503,7,-1,-1
2504,0,0,160
2504,1,0,160
2504,2,-1,-1
2504,3,-1,-1
2504,4,-1,-1
2504,5,-1,-1
2504,6,-1,-1
2504,7,-1,-1
2505,0,0,160
2505,1,0,160
2505,2,-1,-1
2505,3,-1,-1
2505,4,-1,-1
2505,5,-1,-1
2505,6,-1,-1
2505,7,-1,-1
2506,0,0,160
2506,1,0,160
2506,2,-1,-1
2506,3,-1,-1
2506,4,-1,-1
2506,5,-1,-1
2506,6,-1,-1
2506,7,-1,-1
2507,0,0,160
2507,1,0,160
2507,2,-1,-1
2507,3,-1,-1
2507,4,-1,-1
2507,5,-1,-1
2507,6,-1,-1
2507,7,-1,-1
2508,0,0,160
2508,1,0,160
2508,2,-1,-1
2508,3,-1,-1
2508,4,-1,-1
2508,5,-1,-1
2508,6,-1,-1
2508,7,-1,-1
2509,0,0,160
2509,1,0,160
2509,2,-1,-1
2509,3,-1,-1
2509,4,-1,-1
2509,5,-1,-1
2509,6,-1,-1
2509,7,-1,-1
2510,0,0,160
2510,1,0,160
2510,2,-1,-1
2510,3,-1,-1
2510,4,-1,-1
2510,5,-1,-1
2510,6,-1,-1
2510,7,-1,-1
2511,0,0,160
2511,1,0,160
2511,2,-1,-1
2511,3,-1,-1
2511,4,-1,-1
2511,5,-1,-1
2511,6,-1,-1
2511,7,-1,-1
2512,0,0,160
2512,1,0,160
2512,2,-1,-1
2512,3,-1,-1
2512,4,-1,-1
2512,5,-1,-1
2512,6,-1,-1
2512,7,-1,-1
2513,0,0,160
2513,1,0,160
2513,2,-1,-1
2513,3,-1,-1
2513,4,-1,-1
2513,5,-1,-1
2513,6,-1,-1
2513,7,-1,-1
2514,0,0,160
2514,1,0,160
2514,2,-1,-1
2514,3,-1,-1
2514,4,-1,-1
2514,5,-1,-1
2514,6,-1,-1
2514,7,-1,-1
2515,0,0,160
2515,1,0,160
2515,2,-1,-1
2515,3,-1,-1
2515,4,-1,-1
2515,5,-1,-1
2515,6,-1,-1
2515,7,-1,-1
2516,0,0,160
2516,1,0,160
2516,2,-1,-1
2516,3,-1,-1
2516,4,-1,-1
2516,5,-1,-1
2516,6,-1,-1
2516,7,-1,-1
2517,0,0,160
2517,1,0,160
2517,2,-1,-1
2517,3,-1,-1
2517,4,-1,-1
2517,5,-1,-1
2517,6,-1,-1
2517,7,-1,-1
2518,0,0,160
2518,1,0,160
2518,2,-1,-1
2518,3,-1,-1
2518,4,-1,-1
2518,5,-1,-1
2518,6,-1,-1
2518,7,-1,-1
2519,0,0,160
2519,1,0,160
2519,2,-1,-1
2519,3,-1,-1
2519,4,-1,-1
2519,5,-1,-1
2519,6,-1,-1
2519,7,-1,-1
2520,0,0,160
2520,1,0,160
2520,2,-1,-1
2520,3,-1,-1
2520,4,-1,-1
2520,5,-1,-1
2520,6,-1,-1
2520,7,-1,-1
2521,0,0,160
2521,1,0,160
2521,2,-1,-1
2521,3,-1,-1
2521,4,-1,-1
2521,5,-1,-1
2521,6,-1,-1
2521,7,-1,-1
2522,0,0,160
2522,1,0,160
2522,2,-1,-1
2522,3,-1,-1
2522,4,-1,-1
2522,5,-1,-1
2522,6,-1,-1
2522,7,-1,-1
2523,0,0,160
2523,1,0,160
2523,2,-1,-1
2523,3,-1,-1
2523,4,-1,-1
2523,5,-1,-1
2523,6,-1,-1
2523,7,-1,-1
2524,0,0,160
2524,1,0,160
2524,2,-1,-1
2524,3,-1,-1
2524,4,-1,-1
2524,5,-1,-1
2524,6,-1,-1
2524,7,-1,-1
2525,0,0,160
2525,1,0,160
2525,2,-1,-1
2525,3,-1,-1
2525,4,-1,-1
2525,5,-1,-1
2525,6,-1,-1
2525,7,-1,-1
2526,0,0,160
2526,1,0,160
2526,2,-1,-1
2526,3,-1,-1
2526,4,-1,-1
2526,5,-1,-1
2526,6,-1,-1
2526,7,-1,-1
2527,0,0,160
2527,1,0,160
2527,2,-1,-1
2527,3,-1,-1
2527,4,-1,-1
2527,5,-1,-1
2527,6,-1,-1
2527,7,-1,-1
2528,0,0,160
2528,1,0,160
2528,2,-1,-1
2528,3,-1,-1
2528,4,-1,-1
2528,5,-1,-1
2528,6,-1,-1
2528,7,-1,-1
2529,0,0,160
2529,1,0,160
2529,2,-1,-1
2529,3,-1,-1
2529,4,-1,-1
2529,5,-1,-1
2529,6,-1,-1
2529,7,-1,-1
2530,0,0,160
2530,1,0,160
2530,2,-1,-1
2530,3,-1,-1
2530,4,-1,-1
2530,5,-1,-1
2530,6,-1,-1
2530,7,-1,-1
2531,0,0,160
2531,1,0,160
2531,2,-1,-1
2531,3,-1,-1
2531,4,-1,-1
2531,5,-1,-1
2531,6,-1,-1
2531,7,-1,-1
2532,0,0,160
2532,1,0,160
2532,2,-1,-1
2532,3,-1,-1
2532,4,-1,-1
2532,5,-1,-1
2532,6,-1,-1
2532,7,-1,-1
2533,0,0,160
2533,1,0,160
2533,2,-1,-1
2533,3,-1,-1
2533,4,-1,-1
2533,5,-1,-1
2533,6,-1,-1
2533,7,-1,-1
2534,0,0,160
2534,1,0,160
2534,2,-1,-1
2534,3,-1,-1
2534,4,-1,-1
2534,5,-1,-1
2534,6,-1,-1
2534,7,-1,-1
2535,0,0,160
2535,1,0,160
2535,2,-1,-1
2535,3,-1,-1
2535,4,-1,-1
2535,5,-1,-1
2535,6,-1,-1
2535,7,-1,-1
2536,0,0,160
2536,1,0,160
2536,2,-1,-1
2536,3,-1,-1
2536,4,-1,-1
2536,5,-1,-1
2536,6,-1,-1
2536,7,-1,-1
2537,0,0,160
2537,1,0,160
2537,2,-1,-1
2537,3,-1,-1
2537,4,-1,-1
2537,5,-1,-1
2537,6,-1,-1
2537,7,-1,-1
2538,0,0,160
2538,1,0,160
2538,2,-1,-1
2538,3,-1,-1
2538,4,-1,-1
2538,5,-1,-1
2538,6,-1,-1
2538,7,-1,-1
2539,0,0,160
2539,1,0,160
2539,2,-1,-1
2539,3,-1,-1
2539,4,-1,-1
2539,5,-1,-1
2539,6,-1,-1
2539,7,-1,-1
2540,0,0,160
2540,1,0,160
2540,2,-1,-1
2540,3,-1,-1
2540,4,-1,-1
2540,5,-1,-1
2540,6,-1,-1
2540,7,-1,-1
2541,0,0,160
2541,1,0,160
2541,2,-1,-1
2541,3,-1,-1
2541,4,-1,-1
2541,5,-1,-1
2541,6,-1,-1
2541,7,-1,-1
2542,0,0,160
2542,1,0,160
2542,2,-1,-1
2542,3,-1,-1
2542,4,-1,-1
2542,5,-1,-1
2542,6,-1,-1
2542,7,-1,-1
2543,0,0,160
2543,1,0,160
2543,2,-1,-1
2543,3,-1,-1
2543,4,-1,-1
2543,5,-1,-1
2543,6,-1,-1
2543,7,-1,-1
2544,0,0,160
2544,1,0,160
2544,2,-1,-1
2544,3,-1,-1
2544,4,-1,-1
2544,5,-1,-1
2544,6,-1,-1
2544,7,-1,-1
2545,0,0,160
2545,1,0,160
2545,2,-1,-1
2545,3,-1,-1
2545,4,-1,-1
2545,5,-1,-1
2545,6,-1,-1
2545,7,-1,-1
2546,0,0,160
2546,1,0,160
2546,2,-1,-1
2546,3,-1,-1
2546,4,-1,-1
2546,5,-1,-1
2546,6,-1,-1
2546,7,-1,-1
2547,0,0,160
2547,1,0,160
2547,2,-1,-1
2547,3,-1,-1
2547,4,-1,-1
2547,5,-1,-1
2547,6,-1,-1
2547,7,-1,-1
2548,0,0,160
2548,1,0,160
2548,2,-1,-1
2548,3,-1,-1
2548,4,-1,-1
2548,5,-1,-1
2548,6,-1,-1
2548,7,-1,-1
2549,0,0,160
2549,1,0,160
2549,2,-1,-1
2549,3,-1,-1
2549,4,-1,-1
2549,5,-1,-1
2549,6,-1,-1
2549,7,-1,-1
2550,0,0,160
2550,1,0,160
2550,2,-1,-1
2550,3,-1,-1
2550,4,-1,-1
2550,5,-1,-1
2550,6,-1,-1
2550,7,-1,-1
2551,0,0,160
2551,1,0,160
2551,2,-1,-1
2551,3,-1,-1
2551,4,-1,-1
2551,5,-1,-1
2551,6,-1,-1
2551,7,-1,-1
2552,0,0,160
2552,1,0,160
2552,2,-1,-1
2552,3,-1,-1
2552,4,-1,-1
2552,5,-1,-1
2552,6,-1,-1
2552,7,-1,-1
2553,0,0,160
2553,1,0,160
2553,2,-1,-1
2553,3,-1,-1
2553,4,-1,-1
2553,5,-1,-1
2553,6,-1,-1
2553,7,-1,-1
2554,0,0,160
2554,1,0,160
2554,2,-1,-1
2554,3,-1,-1
2554,4,-1,-1
2554,5,-1,-1
2554,6,-1,-1
2554,7,-1,-1
2555,0,0,160
2555,1,0,160
2555,2,-1,-1
2555,3,-1,-1
2555,4,-1,-1
2555,5,-1,-1
2555,6,-1,-1
2555,7,-1,-1
2556,0,0,160
2556,1,0,160
2556,2,-1,-1
2556,3,-1,-1
2556,4,-1,-1
2556,5,-1,-1
2556,6,-1,-1
2556,7,-1,-1
2557,0,0,160
2557,1,0,160
2557,2,-1,-1
2557,3,-1,-1
2557,4,-1,-1
2557,5,-1,-1
2557,6,-1,-1
2557,7,-1,-1
2558,0,0,160
2558,1,0,160
2558,2,-1,-1
2558,3,-1,-1
2558,4,-1,-1
2558,5,-1,-1
2558,6,-1,-1
2558,7,-1,-1
2559,0,0,160
2559,1,0,160
2559,2,-1,-1
2559,3,-1,-1
2559,4,-1,-1
2559,5,-1,-1
2559,6,-1,-1
2559,7,-1,-1
2560,0,0,160
2560,1,0,160
2560,2,-1,-1
2560,3,-1,-1
2560,4,-1,-1
2560,5,-1,-1
2560,6,-1,-1
2560,7,-1,-1
2561,0,0,160
2561,1,0,160
2561,2,-1,-1
2561,3,-1,-1
2561,4,-1,-1
2561,5,-1,-1
2561,6,-1,-1
2561,7,-1,-1
2562,0,0,160
2562,1,0,160
2562,2,-1,-1
2562,3,-1,-1
2562,4,-1,-1
2562,5,-1,-1
2562,6,-1,-1
2562,7,-1,-1
2563,0,0,160
2563,1,0,160
2563,2,-1,-1
2563,3,-1,-1
2563,4,-1,-1
2563,5,-1,-1
2563,6,-1,-1
2563,7,-1,-1
2564,0,0,160
2564,1,0,160
2564,2,-1,-1
2564,3,-1,-1
2564,4,-1,-1
2564,5,-1,-1
2564,6,-1,-1
2564,7,-1,-1
2565,0,0,160
2565,1,0,160
2565,2,-1,-1
2565,3,-1,-1
2565,4,-1,-1
2565,5,-1,-1
2565,6,-1,-1
2565,7,-1,-1
2566,0,0,160
2566,1,0,160
2566,2,-1,-1
2566,3,-1,-1
2566,4,-1,-1
2566,5,-1,-1
2566,6,-1,-1
2566,7,-1,-1
2567,0,0,160
2567,1,0,160
2567,2,-1,-1
2567,3,-1,-1
2567,4,-1,-1
2567,5,-1,-1
2567,6,-1,-1
2567,7,-1,-1
2568,0,0,160
2568,1,0,160
2568,2,-1,-1
2568,3,-1,-1
2568,4,-1,-1
2568,5,-1,-1
2568,6,-1,-1
2568,7,-1,-1
2569,0,0,160
2569,1,0,160
2569,2,-1,-1
2569,3,-1,-1
2569,4,-1,-1
2569,5,-1,-1
2569,6,-1,-1
2569,7,-1,-1
2570,0,0,160
2570,1,0,160
2570,2,-1,-1
2570,3,-1,-1
2570,4,-1,-1
2570,5,-1,-1
2570,6,-1,-1
2570,7,-1,-1
2571,0,0,160
2571,1,0,160
2571,2,-1,-1
2571,3,-1,-1
2571,4,-1,-1
2571,5,-1,-1
2571,6,-1,-1
2571,7,-1,-1
2572,0,0,160
2572,1,0,160
2572,2,-1,-1
2572,3,-1,-1
2572,4,-1,-1
2572,5,-1,-1
2572,6,-1,-1
2572,7,-1,-1
2573,0,0,160
2573,1,0,160
2573,2,-1,-1
2573,3,-1,-1
2573,4,-1,-1
2573,5,-1,-1
2573,6,-1,-1
2573,7,-1,-1
2574,0,0,160
2574,1,0,160
2574,2,-1,-1
2574,3,-1,-1
2574,4,-1,-1
2574,5,-1,-1
2574,6,-1,-1
2574,7,-1,-1
2575,0,0,160
2575,1,0,160
2575,2,-1,-1
2575,3,-1,-1
2575,4,-1,-1
2575,5,-1,-1
2575,6,-1,-1
2575,7,-1,-1
2576,0,0,160
2576,1,0,160
2576,2,-1,-1
2576,3,-1,-1
2576,4,-1,-1
2576,5,-1,-1
2576,6,-1,-1
2576,7,-1,-1
2577,0,0,160
2577,1,0,160
2577,2,-1,-1
2577,3,-1,-1
2577,4,-1,-1
2577,5,-1,-1
2577,6,-1,-1
2577,7,-1,-1
2578,0,0,160
2578,1,0,160
2578,2,-1,-1
2578,3,-1,-1
2578,4,-1,-1
2578,5,-1,-1
2578,6,-1,-1
2578,7,-1,-1
2579,0,0,160
2579,1,0,160
2579,2,-1,-1
2579,3,-1,-1
2579,4,-1,-1
2579,5,-1,-1
2579,6,-1,-1
2579,7,-1,-1
2580,0,0,160
2580,1,0,160
2580,2,-1,-1
2580,3,-1,-1
2580,4,-1,-1
2580,5,-1,-1
2580,6,-1,-1
2580,7,-1,-1
2581,0,0,160
2581,1,0,160
2581,2,-1,-1
2581,3,-1,-1
2581,4,-1,-1
2581,5,-1,-1
2581,6,-1,-1
2581,7,-1,-1
2582,0,0,160
2582,1,0,160
2582,2,-1,-1
2582,3,-1,-1
2582,4,-1,-1
2582,5,-1,-1
2582,6,-1,-1
2582,7,-1,-1
2583,0,0,160
2583,1,0,160
2583,2,-1,-1
2583,3,-1,-1
2583,4,-1,-1
2583,5,-1,-1
2583,6,-1,-1
2583,7,-1,-1
2584,0,0,160
2584,1,0,160
2584,2,-1,-1
2584,3,-1,-1
2584,4,-1,-1
2584,5,-1,-1
2584,6,-1,-1
2584,7,-1,-1
2585,0,0,160
2585,1,0,160
2585,2,-1,-1
2585,3,-1,-1
2585,4,-1,-1
2585,5,-1,-1
2585,6,-1,-1
2585,7,-1,-1
2586,0,0,160
2586,1,0,160
2586,2,-1,-1
2586,3,-1,-1
2586,4,-1,-1
2586,5,-1,-1
2586,6,-1,-1
2586,7,-1,-1
2587,0,0,160
2587,1,0,160
2587,2,-1,-1
2587,3,-1,-1
2587,4,-1,-1
2587,5,-1,-1
2587,6,-1,-1
2587,7,-1,-1
2588,0,0,160
2588,1,0,160
2588,2,-1,-1
2588,3,-1,-1
2588,4,-1,-1
2588,5,-1,-1
2588,6,-1,-1
2588,7,-1,-1
2589,0,0,160
2589,1,0,160
2589,2,-1,-1
2589,3,-1,-1
2589,4,-1,-1
2589,5,-1,-1
2589,6,-1,-1
2589,7,-1,-1
2590,0,0,160
2590,1,0,160
2590,2,-1,-1
2590,3,-1,-1
2590,4,-1,-1
2590,5,-1,-1
2590,6,-1,-1
2590,7,-1,-1
2591,0,0,160
2591,1,0,160
2591,2,-1,-1
2591,3,-1,-1
2591,4,-1,-1
2591,5,-1,-1
2591,6,-1,-1
2591,7,-1,-1
2592,0,0,160
2592,1,0,160
2592,2,-1,-1
2592,3,-1,-1
2592,4,-1,-1
2592,5,-1,-1
2592,6,-1,-1
2592,7,-1,-1
2593,0,0,160
2593,1,0,160
2593,2,-1,-1
2593,3,-1,-1
2593,4,-1,-1
2593,5,-1,-1
2593,6,-1,-1
2593,7,-1,-1
2594,0,0,160
2594,1,0,160
2594,2,-1,-1
2594,3,-1,-1
2594,4,-1,-1
2594,5,-1,-1
2594,6,-1,-1
2594,7,-1,-1
2595,0,0,160
2595,1,0,160
2595,2,-1,-1
2595,3,-1,-1
2595,4,-1,-1
2595,5,-1,-1
2595,6,-1,-1
2595,7,-1,-1
2596,0,0,160
2596,1,0,160
2596,2,-1,-1
2596,3,-1,-1
2596,4,-1,-1
2596,5,-1,-1
2596,6,-1,-1
2596,7,-1,-1
2597,0,0,160
2597,1,0,160
2597,2,-1,-1
2597,3,-1,-1
2597,4,-1,-1
2597,5,-1,-1
2597,6,-1,-1
2597,7,-1,-1
2598,0,0,160
2598,1,0,160
2598,2,-1,-1
2598,3,-1,-1
2598,4,-1,-1
2598,5,-1,-1
2598,6,-1,-1
2598,7,-1,-1
2599,0,0,160
2599,1,0,160
2599,2,-1,-1
2599,3,-1,-1
2599,4,-1,-1
2599,5,-1,-1
2599,6,-1,-1
2599,7,-1,-1
2600,0,0,160
2600,1,0,160
2600,2,-1,-1
2600,3,-1,-1
2600,4,-1,-1
2600,5,-1,-1
2600,6,-1,-1
2600,7,-1,-1
2601,0,0,160
2601,1,0,160
2601,2,-1,-1
2601,3,-1,-1
2601,4,-1,-1
2601,5,-1,-1
2601,6,-1,-1
2601,7,-1,-1
2602,0,0,160
2602,1,0,160
2602,2,-1,-1
2602,3,-1,-1
2602,4,-1,-1
2602,5,-1,-1
2602,6,-1,-1
2602,7,-1,-1
2603,0,0,160
2603,1,0,160
2603,2,-1,-1
2603,3,-1,-1
2603,4,-1,-1
2603,5,-1,-1
2603,6,-1,-1
2603,7,-1,-1
2604,0,0,160
2604,1,0,160
2604,2,-1,-1
2604,3,-1,-1
2604,4,-1,-1
2604,5,-1,-1
2604,6,-1,-1
2604,7,-1,-1
2605,0,0,160
2605,1,0,160
2605,2,-1,-1
2605,3,-1,-1
2605,4,-1,-1
2605,5,-1,-1
2605,6,-1,-1
2605,7,-1,-1
2606,0,0,160
2606,1,0,160
2606,2,-1,-1
2606,3,-1,-1
2606,4,-1,-1
2606,5,-1,-1
2606,6,-1,-1
2606,7,-1,-1
2607,0,0,160
2607,1,0,160
2607,2,-1,-1
2607,3,-1,-1
2607,4,-1,-1
2607,5,-1,-1
2607,6,-1,-1
2607,7,-1,-1
2608,0,0,160
2608,1,0,160
2608,2,-1,-1
2608,3,-1,-1
2608,4,-1,-1
2608,5,-1,-1
2608,6,-1,-1
2608,7,-1,-1
2609,0,0,160
2609,1,0,160
2609,2,-1,-1
2609,3,-1,-1
2609,4,-1,-1
2609,5,-1,-1
2609,6,-1,-1
2609,7,-1,-1
2610,0,0,160
2610,1,0,160
2610,2,-1,-1
2610,3,-1,-1
2610,4,-1,-1
2610,5,-1,-1
2610,6,-1,-1
2610,7,-1,-1
2611,0,0,160
2611,1,0,160
2611,2,-1,-1
2611,3,-1,-1
2611,4,-1,-1
2611,5,-1,-1
2611,6,-1,-1
2611,7,-1,-1
2612,0,0,160
2612,1,0,160
2612,2,-1,-1
2612,3,-1,-1
2612,4,-1,-1
2612,5,-1,-1
2612,6,-1,-1
2612,7,-1,-1
2613,0,0,160
2613,1,0,160
2613,2,-1,-1
2613,3,-1,-1
2613,4,-1,-1
2613,5,-1,-1
2613,6,-1,-1
2613,7,-1,-1
2614,0,0,160
2614,1,0,160
2614,2,-1,-1
2614,3,-1,-1
2614,4,-1,-1
2614,5,-1,-1
2614,6,-1,-1
2614,7,-1,-1
2615,0,0,160
2615,1,0,160
2615,2,-1,-1
2615,3,-1,-1
2615,4,-1,-1
2615,5,-1,-1
2615,6,-1,-1
2615,7,-1,-1
2616,0,0,160
2616,1,0,160
2616,2,-1,-1
2616,3,-1,-1
2616,4,-1,-1
2616,5,-1,-1
2616,6,-1,-1
2616,7,-1,-1
2617,0,0,160
2617,1,0,160
2617,2,-1,-1
2617,3,-1,-1
2617,4,-1,-1
2617,5,-1,-1
2617,6,-1,-1
2617,7,-1,-1
2618,0,0,160
2618,1,0,160
2618,2,-1,-1
2618,3,-1,-1
2618,4,-1,-1
2618,5,-1,-1
2618,6,-1,-1
2618,7,-1,-1
2619,0,0,160
2619,1,0,160
2619,2,-1,-1
2619,3,-1,-1
2619,4,-1,-1
2619,5,-1,-1
2619,6,-1,-1
2619,7,-1,-1
2620,0,0,160
2620,1,0,160
2620,2,-1,-1
2620,3,-1,-1
2620,4,-1,-1
2620,5,-1,-1
2620,6,-1,-1
2620,7,-1,-1
2621,0,0,160
2621,1,0,160
2621,2,-1,-1
2621,3,-1,-1
2621,4,-1,-1
2621,5,-1,-1
2621,6,-1,-1
2621,7,-1,-1
2622,0,0,160
2622,1,0,160
2622,2,-1,-1
2622,3,-1,-1
2622,4,-1,-1
2622,5,-1,-1
2622,6,-1,-1
2622,7,-1,-1
2623,0,0,160
2623,1,0,160
2623,2,-1,-1
2623,3,-1,-1
2623,4,-1,-1
2623,5,-1,-1
2623,6,-1,-1
2623,7,-1,-1
2624,0,0,160
2624,1,0,160
2624,2,-1,-1
2624,3,-1,-1
2624,4,-1,-1
2624,5,-1,-1
2624,6,-1,-1
2624,7,-1,-1
2625,0,0,160
2625,1,0,160
2625,2,-1,-1
2625,3,-1,-1
2625,4,-1,-1
2625,5,-1,-1
2625,6,-1,-1
2625,7,-1,-1
2626,0,0,160
2626,1,0,160
2626,2,-1,-1
2626,3,-1,-1
2626,4,-1,-1
2626,5,-1,-1
2626,6,-1,-1
2626,7,-1,-1
2627,0,0,160
2627,1,0,160
2627,2,-1,-1
2627,3,-1,-1
2627,4,-1,-1
2627,5,-1,-1
2627,6,-1,-1
2627,7,-1,-1
2628,0,0,160
2628,1,0,160
2628,2,-1,-1
2628,3,-1,-1
2628,4,-1,-1
2628,5,-1,-1
2628,6,-1,-1
2628,7,-1,-1
2629,0,0,160
2629,1,0,160
2629,2,-1,-1
2629,3,-1,-1
2629,4,-1,-1
2629,5,-1,-1
2629,6,-1,-1
2629,7,-1,-1
2630,0,0,160
2630,1,0,160
2630,2,-1,-1
2630,3,-1,-1
2630,4,-1,-1
2630,5,-1,-1
2630,6,-1,-1
2630,7,-1,-1
2631,0,0,160
2631,1,0,160
2631,2,-1,-1
2631,3,-1,-1
2631,4,-1,-1
2631,5,-1,-1
2631,6,-1,-1
2631,7,-1,-1
2632,0,0,160
2632,1,0,160
2632,2,-1,-1
2632,3,-1,-1
2632,4,-1,-1
2632,5,-1,-1
2632,6,-1,-1
2632,7,-1,-1
2633,0,0,160
2633,1,0,160
2633,2,-1,-1
2633,3,-1,-1
2633,4,-1,-1
2633,5,-1,-1
2633,6,-1,-1
2633,7,-1,-1
2634,0,0,160
2634,1,0,160
2634,2,-1,-1
2634,3,-1,-1
2634,4,-1,-1
2634,5,-1,-1
2634,6,-1,-1
2634,7,-1,-1
2635,0,0,160
2635,1,0,160
2635,2,-1,-1
2635,3,-1,-1
2635,4,-1,-1
2635,5,-1,-1
2635,6,-1,-1
2635,7,-1,-1
2636,0,0,160
2636,1,0,160
2636,2,-1,-1
2636,3,-1,-1
2636,4,-1,-1
2636,5,-1,-1
2636,6,-1,-1
2636,7,-1,-1
2637,0,0,160
2637,1,0,160
2637,2,-1,-1
2637,3,-1,-1
2637,4,-1,-1
2637,5,-1,-1
2637,6,-1,-1
2637,7,-1,-1
2638,0,0,160
2638,1,0,160
2638,2,-1,-1
2638,3,-1,-1
2638,4,-1,-1
2638,5,-1,-1
2638,6,-1,-1
2638,7,-1,-1
2639,0,0,160
2639,1,0,160
2639,2,-1,-1
2639,3,-1,-1
2639,4,-1,-1
2639,5,-1,-1
2639,6,-1,-1
2639,7,-1,-1
2640,0,0,160
2640,1,0,160
2640,2,-1,-1
2640,3,-1,-1
2640,4,-1,-1
2640,5,-1,-1
2640,6,-1,-1
2640,7,-1,-1
2641,0,0,160
2641,1,0,160
2641,2,-1,-1
2641,3,-1,-1
2641,4,-1,-1
2641,5,-1,-1
2641,6,-1,-1
2641,7,-1,-1
2642,0,0,160
2642,1,0,160
2642,2,-1,-1
2642,3,-1,-1
2642,4,-1,-1
2642,5,-1,-1
2642,6,-1,-1
2642,7,-1,-1
2643,0,0,160
2643,1,0,160
2643,2,-1,-1
2643,3,-1,-1
2643,4,-1,-1
2643,5,-1,-1
2643,6,-1,-1
2643,7,-1,-1
2644,0,0,160
2644,1,0,160
2644,2,-1,-1
2644,3,-1,-1
2644,4,-1,-1
2644,5,-1,-1
2644,6,-1,-1
2644,7,-1,-1
2645,0,0,160
2645,1,0,160
2645,2,-1,-1
2645,3,-1,-1
2645,4,-1,-1
2645,5,-1,-1
2645,6,-1,-1
2645,7,-1,-1
2646,0,0,160
2646,1,0,160
2646,2,-1,-1
2646,3,-1,-1
2646,4,-1,-1
2646,5,-1,-1
2646,6,-1,-1
2646,7,-1,-1
2647,0,0,160
2647,1,0,160
2647,2,-1,-1
2647,3,-1,-1
2647,4,-1,-1
2647,5,-1,-1
2647,6,-1,-1
2647,7,-1,-1
2648,0,0,160
2648,1,0,160
2648,2,-1,-1
2648,3,-1,-1
2648,4,-1,-1
2648,5,-1,-1
2648,6,-1,-1
2648,7,-1,-1
2649,0,0,160
2649,1,0,160
2649,2,-1,-1
2649,3,-1,-1
2649,4,-1,-1
2649,5,-1,-1
2649,6,-1,-1
2649,7,-1,-1
2650,0,0,160
2650,1,0,160
2650,2,-1,-1
2650,3,-1,-1
2650,4,-1,-1
2650,5,-1,-1
2650,6,-1,-1
2650,7,-1,-1
2651,0,0,160
2651,1,0,160
2651,2,-1,-1
2651,3,-1,-1
2651,4,-1,-1
2651,5,-1,-1
2651,6,-1,-1
2651,7,-1,-1
2652,0,0,160
2652,1,0,160
2652,2,-1,-1
2652,3,-1,-1
2652,4,-1,-1
2652,5,-1,-1
2652,6,-1,-1
2652,7,-1,-1
2653,0,0,160
2653,1,0,160
2653,2,-1,-1
2653,3,-1,-1
2653,4,-1,-1
2653,5,-1,-1
2653,6,-1,-1
2653,7,-1,-1
2654,0,0,160
2654,1,0,160
2654,2,-1,-1
2654,3,-1,-1
2654,4,-1,-1
2654,5,-1,-1
2654,6,-1,-1
2654,7,-1,-1
2655,0,0,160
2655,1,0,160
2655,2,-1,-1
2655,3,-1,-1
2655,4,-1,-1
2655,5,-1,-1
2655,6,-1,-1
2655,7,-1,-1
2656,0,0,160
2656,1,0,160
2656,2,-1,-1
2656,3,-1,-1
2656,4,-1,-1
2656,5,-1,-1
2656,6,-1,-1
2656,7,-1,-1
2657,0,0,160
2657,1,0,160
2657,2,-1,-1
2657,3,-1,-1
2657,4,-1,-1
2657,5,-1,-1
2657,6,-1,-1
2657,7,-1,-1
2658,0,0,160
2658,1,0,160
2658,2,-1,-1
2658,3,-1,-1
2658,4,-1,-1
2658,5,-1,-1
2658,6,-1,-1
2658,7,-1,-1
2659,0,0,160
2659,1,0,160
2659,2,-1,-1
2659,3,-1,-1
2659,4,-1,-1
2659,5,-1,-1
2659,6,-1,-1
2659,7,-1,-1
2660,0,0,160
2660,1,0,160
2660,2,-1,-1
2660,3,-1,-1
2660,4,-1,-1
2660,5,-1,-1
2660,6,-1,-1
2660,7,-1,-1
2661,0,0,160
2661,1,0,160
2661,2,-1,-1
2661,3,-1,-1
2661,4,-1,-1
2661,5,-1,-1
2661,6,-1,-1
2661,7,-1,-1
2662,0,0,160
2662,1,0,160
2662,2,-1,-1
2662,3,-1,-1
2662,4,-1,-1
2662,5,-1,-1
2662,6,-1,-1
2662,7,-1,-1
2663,0,0,160
2663,1,0,160
2663,2,-1,-1
2663,3,-1,-1
2663,4,-1,-1
2663,5,-1,-1
2663,6,-1,-1
2663,7,-1,-1
2664,0,0,160
2664,1,0,160
2664,2,-1,-1
2664,3,-1,-1
2664,4,-1,-1
2664,5,-1,-1
2664,6,-1,-1
2664,7,-1,-1
2665,0,0,160
2665,1,0,160
2665,2,-1,-1
2665,3,-1,-1
2665,4,-1,-1
2665,5,-1,-1
2665,6,-1,-1
2665,7,-1,-1
2666,0,0,160
2666,1,0,160
2666,2,-1,-1
2666,3,-1,-1
2666,4,-1,-1
2666,5,-1,-1
2666,6,-1,-1
2666,7,-1,-1
2667,0,0,160
2667,1,0,160
2667,2,-1,-1
2667,3,-1,-1
2667,4,-1,-1
2667,5,-1,-1
2667,6,-1,-1
2667,7,-1,-1
2668,0,0,160
2668,1,0,160
2668,2,-1,-1
2668,3,-1,-1
2668,4,-1,-1
2668,5,-1,-1
2668,6,-1,-1
2668,7,-1,-1
2669,0,0,160
2669,1,0,160
2669,2,-1,-1
2669,3,-1,-1
2669,4,-1,-1
2669,5,-1,-1
2669,6,-1,-1
2669,7,-1,-1
2670,0,0,160
2670,1,0,160
2670,2,-1,-1
2670,3,-1,-1
2670,4,-1,-1
2670,5,-1,-1
2670,6,-1,-1
2670,7,-1,-1
2671,0,0,160
2671,1,0,160
2671,2,-1,-1
2671,3,-1,-1
2671,4,-1,-1
2671,5,-1,-1
2671,6,-1,-1
2671,7,-1,-1
2672,0,0,160
2672,1,0,160
2672,2,-1,-1
2672,3,-1,-1
2672,4,-1,-1
2672,5,-1,-1
2672,6,-1,-1
2672,7,-1,-1
2673,0,0,160
2673,1,0,160
2673,2,-1,-1
2673,3,-1,-1
2673,4,-1,-1
2673,5,-1,-1
2673,6,-1,-1
2673,7,-1,-1
2674,0,0,160
2674,1,0,160
2674,2,-1,-1
2674,3,-1,-1
2674,4,-1,-1
2674,5,-1,-1
2674,6,-1,-1
2674,7,-1,-1
2675,0,0,160
2675,1,0,160
2675,2,-1,-1
2675,3,-1,-1
2675,4,-1,-1
2675,5,-1,-1
2675,6,-1,-1
2675,7,-1,-1
2676,0,0,160
2676,1,0,160
2676,2,-1,-1
2676,3,-1,-1
2676,4,-1,-1
2676,5,-1,-1
2676,6,-1,-1
2676,7,-1,-1
2677,0,0,160
2677,1,0,160
2677,2,-1,-1
2677,3,-1,-1
2677,4,-1,-1
2677,5,-1,-1
2677,6,-1,-1
2677,7,-1,-1
2678,0,0,160
2678,1,0,160
2678,2,-1,-1
2678,3,-1,-1
2678,4,-1,-1
2678,5,-1,-1
2678,6,-1,-1
2678,7,-1,-1
2679,0,0,160
2679,1,0,160
2679,2,-1,-1
2679,3,-1,-1
2679,4,-1,-1
2679,5,-1,-1
2679,6,-1,-1
2679,7,-1,-1
2680,0,0,160
2680,1,0,160
2680,2,-1,-1
2680,3,-1,-1
2680,4,-1,-1
2680,5,-1,-1
2680,6,-1,-1
2680,7,-1,-1
2681,0,0,160
2681,1,0,160
2681,2,-1,-1
2681,3,-1,-1
2681,4,-1,-1
2681,5,-1,-1
2681,6,-1,-1
2681,7,-1,-1
2682,0,0,160
2682,1,0,160
2682,2,-1,-1
2682,3,-1,-1
2682,4,-1,-1
2682,5,-1,-1
2682,6,-1,-1
2682,7,-1,-1
2683,0,0,160
2683,1,0,160
2683,2,-1,-1
2683,3,-1,-1
2683,4,-1,-1
2683,5,-1,-1
2683,6,-1,-1
2683,7,-1,-1
2684,0,0,160
2684,1,0,160
2684,2,-1,-1
2684,3,-1,-1
2684,4,-1,-1
2684,5,-1,-1
2684,6,-1,-1
2684,7,-1,-1
2685,0,0,160
2685,1,0,160
2685,2,-1,-1
2685,3,-1,-1
2685,4,-1,-1
2685,5,-1,-1
2685,6,-1,-1
2685,7,-1,-1
2686,0,0,160
2686,1,0,160
2686,2,-1,-1
2686,3,-1,-1
2686,4,-1,-1
2686,5,-1,-1
2686,6,-1,-1
2686,7,-1,-1
2687,0,0,160
2687,1,0,160
2687,2,-1,-1
2687,3,-1,-1
2687,4,-1,-1
2687,5,-1,-1
2687,6,-1,-1
2687,7,-1,-1
2688,0,0,160
2688,1,0,160
2688,2,-1,-1
2688,3,-1,-1
2688,4,-1,-1
2688,5,-1,-1
2688,6,-1,-1
2688,7,-1,-1
2689,0,0,160
2689,1,0,160
2689,2,-1,-1
2689,3,-1,-1
2689,4,-1,-1
2689,5,-1,-1
2689,6,-1,-1
2689,7,-1,-1
2690,0,0,160
2690,1,0,160
2690,2,-1,-1
2690,3,-1,-1
2690,4,-1,-1
2690,5,-1,-1
2690,6,-1,-1
2690,7,-1,-1
2691,0,0,160
2691,1,0,160
2691,2,-1,-1
2691,3,-1,-1
2691,4,-1,-1
2691,5,-1,-1
2691,6,-1,-1
2691,7,-1,-1
2692,0,0,160
2692,1,0,160
2692,2,-1,-1
2692,3,-1,-1
2692,4,-1,-1
2692,5,-1,-1
2692,6,-1,-1
2692,7,-1,-1
2693,0,0,160
2693,1,0,160
2693,2,-1,-1
2693,3,-1,-1
2693,4,-1,-1
2693,5,-1,-1
2693,6,-1,-1
2693,7,-1,-1
2694,0,0,160
2694,1,0,160
2694,2,-1,-1
2694,3,-1,-1
2694,4,-1,-1
2694,5,-1,-1
2694,6,-1,-1
2694,7,-1,-1
2695,0,0,160
2695,1,0,160
2695,2,-1,-1
2695,3,-1,-1
2695,4,-1,-1
2695,5,-1,-1
2695,6,-1,-1
2695,7,-1,-1
2696,0,0,160
2696,1,0,160
2696,2,-1,-1
2696,3,-1,-1
2696,4,-1,-1
2696,5,-1,-1
2696,6,-1,-1
2696,7,-1,-1
2697,0,0,160
2697,1,0,160
2697,2,-1,-1
2697,3,-1,-1
2697,4,-1,-1
2697,5,-1,-1
2697,6,-1,-1
2697,7,-1,-1
2698,0,0,160
2698,1,0,160
2698,2,-1,-1
2698,3,-1,-1
2698,4,-1,-1
2698,5,-1,-1
2698,6,-1,-1
2698,7,-1,-1
2699,0,0,160
2699,1,0,160
2699,2,-1,-1
2699,3,-1,-1
2699,4,-1,-1
2699,5,-1,-1
2699,6,-1,-1
2699,7,-1,-1
2700,0,0,160
2700,1,0,160
2700,2,-1,-1
2700,3,-1,-1
2700,4,-1,-1
2700,5,-1,-1
2700,6,-1,-1
2700,7,-1,-1
2701,0,0,160
2701,1,0,160
2701,2,-1,-1
2701,3,-1,-1
2701,4,-1,-1
2701,5,-1,-1
2701,6,-1,-1
2701,7,-1,-1
2702,0,0,160
2702,1,0,160
2702,2,-1,-1
2702,3,-1,-1
2702,4,-1,-1
2702,5,-1,-1
2702,6,-1,-1
2702,7,-1,-1
2703,0,0,160
2703,1,0,160
2703,2,-1,-1
2703,3,-1,-1
2703,4,-1,-1
2703,5,-1,-1
2703,6,-1,-1
2703,7,-1,-1
2704,0,0,160
2704,1,0,160
2704,2,-1,-1
2704,3,-1,-1
2704,4,-1,-1
2704,5,-1,-1
2704,6,-1,-1
2704,7,-1,-1
2705,0,0,160
2705,1,0,160
2705,2,-1,-1
2705,3,-1,-1
2705,4,-1,-1
2705,5,-1,-1
2705,6,-1,-1
2705,7,-1,-1
2706,0,0,160
2706,1,0,160
2706,2,-1,-1
2706,3,-1,-1
2706,4,-1,-1
2706,5,-1,-1
2706,6,-1,-1
2706,7,-1,-1
2707,0,0,160
2707,1,0,160
2707,2,-1,-1
2707,3,-1,-1
2707,4,-1,-1
2707,5,-1,-1
2707,6,-1,-1
2707,7,-1,-1
2708,0,0,160
2708,1,0,160
2708,2,-1,-1
2708,3,-1,-1
2708,4,-1,-1
2708,5,-1,-1
2708,6,-1,-1
2708,7,-1,-1
2709,0,0,160
2709,1,0,160
2709,2,-1,-1
2709,3,-1,-1
2709,4,-1,-1
2709,5,-1,-1
2709,6,-1,-1
2709,7,-1,-1
2710,0,0,160
2710,1,0,160
2710,2,-1,-1
2710,3,-1,-1
2710,4,-1,-1
2710,5,-1,-1
2710,6,-1,-1
2710,7,-1,-1
2711,0,0,160
2711,1,0,160
2711,2,-1,-1
2711,3,-1,-1
2711,4,-1,-1
2711,5,-1,-1
2711,6,-1,-1
2711,7,-1,-1
2712,0,0,160
2712,1,0,160
2712,2,-1,-1
2712,3,-1,-1
2712,4,-1,-1
2712,5,-1,-1
2712,6,-1,-1
2712,7,-1,-1
2713,0,0,160
2713,1,0,160
2713,2,-1,-1
2713,3,-1,-1
2713,4,-1,-1
2713,5,-1,-1
2713,6,-1,-1
2713,7,-1,-1
2714,0,0,160
2714,1,0,160
2714,2,-1,-1
2714,3,-1,-1
2714,4,-1,-1
2714,5,-1,-1
2714,6,-1,-1
2714,7,-1,-1
2715,0,0,160
2715,1,0,160
2715,2,-1,-1
2715,3,-1,-1
2715,4,-1,-1
2715,5,-1,-1
2715,6,-1,-1
2715,7,-1,-1
2716,0,0,160
2716,1,0,160
2716,2,-1,-1
2716,3,-1,-1
2716,4,-1,-1
2716,5,-1,-1
2716,6,-1,-1
2716,7,-1,-1
2717,0,0,160
2717,1,0,160
2717,2,-1,-1
2717,3,-1,-1
2717,4,-1,-1
2717,5,-1,-1
2717,6,-1,-1
2717,7,-1,-1
2718,0,0,160
2718,1,0,160
2718,2,-1,-1
2718,3,-1,-1
2718,4,-1,-1
2718,5,-1,-1
2718,6,-1,-1
2718,7,-1,-1
2719,0,0,160
2719,1,0,160
2719,2,-1,-1
2719,3,-1,-1
2719,4,-1,-1
2719,5,-1,-1
2719,6,-1,-1
2719,7,-1,-1
2720,0,0,160
2720,1,0,160
2720,2,-1,-1
2720,3,-1,-1
2720,4,-1,-1
2720,5,-1,-1
2720,6,-1,-1
2720,7,-1,-1
2721,0,0,160
2721,1,0,160
2721,2,-1,-1
2721,3,-1,-1
2721,4,-1,-1
2721,5,-1,-1
2721,6,-1,-1
2721,7,-1,-1
2722,0,0,160
2722,1,0,160
2722,2,-1,-1
2722,3,-1,-1
2722,4,-1,-1
2722,5,-1,-1
2722,6,-1,-1
2722,7,-1,-1
2723,0,0,160
2723,1,0,160
2723,2,-1,-1
2723,3,-1,-1
2723,4,-1,-1
2723,5,-1,-1
2723,6,-1,-1
2723,7,-1,-1
2724,0,0,160
2724,1,0,160
2724,2,-1,-1
2724,3,-1,-1
2724,4,-1,-1
2724,5,-1,-1
2724,6,-1,-1
2724,7,-1,-1
2725,0,0,160
2725,1,0,160
2725,2,-1,-1
2725,3,-1,-1
2725,4,-1,-1
2725,5,-1,-1
2725,6,-1,-1
2725,7,-1,-1
2726,0,0,160
2726,1,0,160
2726,2,-1,-1
2726,3,-1,-1
2726,4,-1,-1
2726,5,-1,-1
2726,6,-1,-1
2726,7,-1,-1
2727,0,0,160
2727,1,0,160
2727,2,-1,-1
2727,3,-1,-1
2727,4,-1,-1
2727,5,-1,-1
2727,6,-1,-1
2727,7,-1,-1
2728,0,0,160
2728,1,0,160
2728,2,-1,-1
2728,3,-1,-1
2728,4,-1,-1
2728,5,-1,-1
2728,6,-1,-1
2728,7,-1,-1
2729,0,0,160
2729,1,0,160
2729,2,-1,-1
2729,3,-1,-1
2729,4,-1,-1
2729,5,-1,-1
2729,6,-1,-1
2729,7,-1,-1
2730,0,0,160
2730,1,0,160
2730,2,-1,-1
2730,3,-1,-1
2730,4,-1,-1
2730,5,-1,-1
2730,6,-1,-1
2730,7,-1,-1
2731,0,0,160
2731,1,0,160
2731,2,-1,-1
2731,3,-1,-1
2731,4,-1,-1
2731,5,-1,-1
2731,6,-1,-1
2731,7,-1,-1
2732,0,0,160
2732,1,0,160
2732,2,-1,-1
2732,3,-1,-1
2732,4,-1,-1
2732,5,-1,-1
2732,6,-1,-1
2732,7,-1,-1
2733,0,0,160
2733,1,0,160
2733,2,-1,-1
2733,3,-1,-1
2733,4,-1,-1
2733,5,-1,-1
2733,6,-1,-1
2733,7,-1,-1
2734,0,0,160
2734,1,0,160
2734,2,-1,-1
2734,3,-1,-1
2734,4,-1,-1
2734,5,-1,-1
2734,6,-1,-1
2734,7,-1,-1
2735,0,0,160
2735,1,0,160
2735,2,-1,-1
2735,3,-1,-1
2735,4,-1,-1
2735,5,-1,-1
2735,6,-1,-1
2735,7,-1,-1
2736,0,0,160
2736,1,0,160
2736,2,-1,-1
2736,3,-1,-1
2736,4,-1,-1
2736,5,-1,-1
2736,6,-1,-1
2736,7,-1,-1
2737,0,0,160
2737,1,0,160
2737,2,-1,-1
2737,3,-1,-1
2737,4,-1,-1
2737,5,-1,-1
2737,6,-1,-1
2737,7,-1,-1
2738,0,0,160
2738,1,0,160
2738,2,-1,-1
2738,3,-1,-1
2738,4,-1,-1
2738,5,-1,-1
2738,6,-1,-1
2738,7,-1,-1
2739,0,0,160
2739,1,0,160
2739,2,-1,-1
2739,3,-1,-1
2739,4,-1,-1
2739,5,-1,-1
2739,6,-1,-1
2739,7,-1,-1
2740,0,0,160
2740,1,0,160
2740,2,-1,-1
2740,3,-1,-1
2740,4,-1,-1
2740,5,-1,-1
2740,6,-1,-1
2740,7,-1,-1
2741,0,0,160
2741,1,0,160
2741,2,-1,-1
2741,3,-1,-1
2741,4,-1,-1
2741,5,-1,-1
2741,6,-1,-1
2741,7,-1,-1
2742,0,0,160
2742,1,0,160
2742,2,-1,-1
2742,3,-1,-1
2742,4,-1,-1
2742,5,-1,-1
2742,6,-1,-1
2742,7,-1,-1
2743,0,0,160
2743,1,0,160
2743,2,-1,-1
2743,3,-1,-1
2743,4,-1,-1
2743,5,-1,-1
2743,6,-1,-1
2743,7,-1,-1
2744,0,0,160
2744,1,0,160
2744,2,-1,-1
2744,3,-1,-1
2744,4,-1,-1
2744,5,-1,-1
2744,6,-1,-1
2744,7,-1,-1
2745,0,0,160
2745,1,0,160
2745,2,-1,-1
2745,3,-1,-1
2745,4,-1,-1
2745,5,-1,-1
2745,6,-1,-1
2745,7,-1,-1
2746,0,0,160
2746,1,0,160
2746,2,-1,-1
2746,3,-1,-1
2746,4,-1,-1
2746,5,-1,-1
2746,6,-1,-1
2746,7,-1,-1
2747,0,0,160
2747,1,0,160
2747,2,-1,-1
2747,3,-1,-1
2747,4,-1,-1
2747,5,-1,-1
2747,6,-1,-1
2747,7,-1,-1
2748,0,0,160
2748,1,0,160
2748,2,-1,-1
2748,3,-1,-1
2748,4,-1,-1
2748,5,-1,-1
2748,6,-1,-1
2748,7,-1,-1
2749,0,0,160
2749,1,0,160
2749,2,-1,-1
2749,3,-1,-1
2749,4,-1,-1
2749,5,-1,-1
2749,6,-1,-1
2749,7,-1,-1
2750,0,0,160
2750,1,0,160
2750,2,-1,-1
2750,3,-1,-1
2750,4,-1,-1
2750,5,-1,-1
2750,6,-1,-1
2750,7,-1,-1
2751,0,0,160
2751,1,0,160
2751,2,-1,-1
2751,3,-1,-1
2751,4,-1,-1
2751,5,-1,-1
2751,6,-1,-1
2751,7,-1,-1
2752,0,0,160
2752,1,0,160
2752,2,-1,-1
2752,3,-1,-1
2752,4,-1,-1
2752,5,-1,-1
2752,6,-1,-1
2752,7,-1,-1
2753,0,0,160
2753,1,0,160
2753,2,-1,-1
2753,3,-1,-1
2753,4,-1,-1
2753,5,-1,-1
2753,6,-1,-1
2753,7,-1,-1
2754,0,0,160
2754,1,0,160
2754,2,-1,-1
2754,3,-1,-1
2754,4,-1,-1
2754,5,-1,-1
2754,6,-1,-1
2754,7,-1,-1
2755,0,0,160
2755,1,0,160
2755,2,-1,-1
2755,3,-1,-1
2755,4,-1,-1
2755,5,-1,-1
2755,6,-1,-1
2755,7,-1,-1
2756,0,0,160
2756,1,0,160
2756,2,-1,-1
2756,3,-1,-1
2756,4,-1,-1
2756,5,-1,-1
2756,6,-1,-1
2756,7,-1,-1
2757,0,0,160
2757,1,0,160
2757,2,-1,-1
2757,3,-1,-1
2757,4,-1,-1
2757,5,-1,-1
2757,6,-1,-1
2757,7,-1,-1
2758,0,0,160
2758,1,0,160
2758,2,-1,-1
2758,3,-1,-1
2758,4,-1,-1
2758,5,-1,-1
2758,6,-1,-1
2758,7,-1,-1
2759,0,0,160
2759,1,0,160
2759,2,-1,-1
2759,3,-1,-1
2759,4,-1,-1
2759,5,-1,-1
2759,6,-1,-1
2759,7,-1,-1
2760,0,0,160
2760,1,0,160
2760,2,-1,-1
2760,3,-1,-1
2760,4,-1,-1
2760,5,-1,-1
2760,6,-1,-1
2760,7,-1,-1
2761,0,0,160
2761,1,0,160
2761,2,-1,-1
2761,3,-1,-1
2761,4,-1,-1
2761,5,-1,-1
2761,6,-1,-1
2761,7,-1,-1
2762,0,0,160
2762,1,0,160
2762,2,-1,-1
2762,3,-1,-1
2762,4,-1,-1
2762,5,-1,-1
2762,6,-1,-1
2762,7,-1,-1
2763,0,0,160
2763,1,0,160
2763,2,-1,-1
2763,3,-1,-1
2763,4,-1,-1
2763,5,-1,-1
2763,6,-1,-1
2763,7,-1,-1
2764,0,0,160
2764,1,0,160
2764,2,-1,-1
2764,3,-1,-1
2764,4,-1,-1
2764,5,-1,-1
2764,6,-1,-1
2764,7,-1,-1
2765,0,0,160
2765,1,0,160
2765,2,-1,-1
2765,3,-1,-1
2765,4,-1,-1
2765,5,-1,-1
2765,6,-1,-1
2765,7,-1,-1
2766,0,0,160
2766,1,0,160
2766,2,-1,-1
2766,3,-1,-1
2766,4,-1,-1
2766,5,-1,-1
2766,6,-1,-1
2766,7,-1,-1
2767,0,0,160
2767,1,0,160
2767,2,-1,-1
2767,3,-1,-1
2767,4,-1,-1
2767,5,-1,-1
2767,6,-1,-1
2767,7,-1,-1
2768,0,0,160
2768,1,0,160
2768,2,-1,-1
2768,3,-1,-1
2768,4,-1,-1
2768,5,-1,-1
2768,6,-1,-1
2768,7,-1,-1
2769,0,0,160
2769,1,0,160
2769,2,-1,-1
2769,3,-1,-1
2769,4,-1,-1
2769,5,-1,-1
2769,6,-1,-1
2769,7,-1,-1
2770,0,0,160
2770,1,0,160
2770,2,-1,-1
2770,3,-1,-1
2770,4,-1,-1
2770,5,-1,-1
2770,6,-1,-1
2770,7,-1,-1
2771,0,0,160
2771,1,0,160
2771,2,-1,-1
2771,3,-1,-1
2771,4,-1,-1
2771,5,-1,-1
2771,6,-1,-1
2771,7,-1,-1
2772,0,0,160
2772,1,0,160
2772,2,-1,-1
2772,3,-1,-1
2772,4,-1,-1
2772,5,-1,-1
2772,6,-1,-1
2772,7,-1,-1
2773,0,0,160
2773,1,0,160
2773,2,-1,-1
2773,3,-1,-1
2773,4,-1,-1
2773,5,-1,-1
2773,6,-1,-1
2773,7,-1,-1
2774,0,0,160
2774,1,0,160
2774,2,-1,-1
2774,3,-1,-1
2774,4,-1,-1
2774,5,-1,-1
2774,6,-1,-1
2774,7,-1,-1
2775,0,0,160
2775,1,0,160
2775,2,-1,-1
2775,3,-1,-1
2775,4,-1,-1
2775,5,-1,-1
2775,6,-1,-1
2775,7,-1,-1
2776,0,0,160
2776,1,0,160
2776,2,-1,-1
2776,3,-1,-1
2776,4,-1,-1
2776,5,-1,-1
2776,6,-1,-1
2776,7,-1,-1
2777,0,0,160
2777,1,0,160
2777,2,-1,-1
2777,3,-1,-1
2777,4,-1,-1
2777,5,-1,-1
2777,6,-1,-1
2777,7,-1,-1
2778,0,0,160
2778,1,0,160
2778,2,-1,-1
2778,3,-1,-1
2778,4,-1,-1
2778,5,-1,-1
2778,6,-1,-1
2778,7,-1,-1
2779,0,0,160
2779,1,0,160
2779,2,-1,-1
2779,3,-1,-1
2779,4,-1,-1
2779,5,-1,-1
2779,6,-1,-1
2779,7,-1,-1
2780,0,0,160
2780,1,0,160
2780,2,-1,-1
2780,3,-1,-1
2780,4,-1,-1
2780,5,-1,-1
2780,6,-1,-1
2780,7,-1,-1
2781,0,0,160
2781,1,0,160
2781,2,-1,-1
2781,3,-1,-1
2781,4,-1,-1
2781,5,-1,-1
2781,6,-1,-1
2781,7,-1,-1
2782,0,0,160
2782,1,0,160
2782,2,-1,-1
2782,3,-1,-1
2782,4,-1,-1
2782,5,-1,-1
2782,6,-1,-1
2782,7,-1,-1
2783,0,0,160
2783,1,0,160
2783,2,-1,-1
2783,3,-1,-1
2783,4,-1,-1
2783,5,-1,-1
2783,6,-1,-1
2783,7,-1,-1
2784,0,0,160
2784,1,0,160
2784,2,-1,-1
2784,3,-1,-1
2784,4,-1,-1
2784,5,-1,-1
2784,6,-1,-1
2784,7,-1,-1
2785,0,0,160
2785,1,0,160
2785,2,-1,-1
2785,3,-1,-1
2785,4,-1,-1
2785,5,-1,-1
2785,6,-1,-1
2785,7,-1,-1
2786,0,0,160
2786,1,0,160
2786,2,-1,-1
2786,3,-1,-1
2786,4,-1,-1
2786,5,-1,-1
2786,6,-1,-1
2786,7,-1,-1
2787,0,0,160
2787,1,0,160
2787,2,-1,-1
2787,3,-1,-1
2787,4,-1,-1
2787,5,-1,-1
2787,6,-1,-1
2787,7,-1,-1
2788,0,0,160
2788,1,0,160
2788,2,-1,-1
2788,3,-1,-1
2788,4,-1,-1
2788,5,-1,-1
2788,6,-1,-1
2788,7,-1,-1
2789,0,0,160
2789,1,0,160
2789,2,-1,-1
2789,3,-1,-1
2789,4,-1,-1
2789,5,-1,-1
2789,6,-1,-1
2789,7,-1,-1
2790,0,0,160
2790,1,0,160
2790,2,-1,-1
2790,3,-1,-1
2790,4,-1,-1
2790,5,-1,-1
2790,6,-1,-1
2790,7,-1,-1
2791,0,0,160
2791,1,0,160
2791,2,-1,-1
2791,3,-1,-1
2791,4,-1,-1
2791,5,-1,-1
2791,6,-1,-1
2791,7,-1,-1
2792,0,0,160
2792,1,0,160
2792,2,-1,-1
2792,3,-1,-1
2792,4,-1,-1
2792,5,-1,-1
2792,6,-1,-1
2792,7,-1,-1
2793,0,0,160
2793,1,0,160
2793,2,-1,-1
2793,3,-1,-1
2793,4,-1,-1
2793,5,-1,-1
2793,6,-1,-1
2793,7,-1,-1
2794,0,0,160
2794,1,0,160
2794,2,-1,-1
2794,3,-1,-1
2794,4,-1,-1
2794,5,-1,-1
2794,6,-1,-1
2794,7,-1,-1
2795,0,0,160
2795,1,0,160
2795,2,-1,-1
2795,3,-1,-1
2795,4,-1,-1
2795,5,-1,-1
2795,6,-1,-1
2795,7,-1,-1
2796,0,0,160
2796,1,0,160
2796,2,-1,-1
2796,3,-1,-1
2796,4,-1,-1
2796,5,-1,-1
2796,6,-1,-1
2796,7,-1,-1
2797,0,0,160
2797,1,0,160
2797,2,-1,-1
2797,3,-1,-1
2797,4,-1,-1
2797,5,-1,-1
2797,6,-1,-1
2797,7,-1,-1
2798,0,0,160
2798,1,0,160
2798,2,-1,-1
2798,3,-1,-1
2798,4,-1,-1
2798,5,-1,-1
2798,6,-1,-1
2798,7,-1,-1
2799,0,0,160
2799,1,0,160
2799,2,-1,-1
2799,3,-1,-1
2799,4,-1,-1
2799,5,-1,-1
2799,6,-1,-1
2799,7,-1,-1
2800,0,0,160
2800,1,0,160
2800,2,-1,-1
2800,3,-1,-1
2800,4,-1,-1
2800,5,-1,-1
2800,6,-1,-1
2800,7,-1,-1
2801,0,0,160
2801,1,0,160
2801,2,-1,-1
2801,3,-1,-1
2801,4,-1,-1
2801,5,-1,-1
2801,6,-1,-1
2801,7,-1,-1
2802,0,0,160
2802,1,0,160
2802,2,-1,-1
2802,3,-1,-1
2802,4,-1,-1
2802,5,-1,-1
2802,6,-1,-1
2802,7,-1,-1
2803,0,0,160
2803,1,0,160
2803,2,-1,-1
2803,3,-1,-1
2803,4,-1,-1
2803,5,-1,-1
2803,6,-1,-1
2803,7,-1,-1
2804,0,0,160
2804,1,0,160
2804,2,-1,-1
2804,3,-1,-1
2804,4,-1,-1
2804,5,-1,-1
2804,6,-1,-1
2804,7,-1,-1
2805,0,0,160
2805,1,0,160
2805,2,-1,-1
2805,3,-1,-1
2805,4,-1,-1
2805,5,-1,-1
2805,6,-1,-1
2805,7,-1,-1
2806,0,0,160
2806,1,0,160
2806,2,-1,-1
2806,3,-1,-1
2806,4,-1,-1
2806,5,-1,-1
2806,6,-1,-1
2806,7,-1,-1
2807,0,0,160
2807,1,0,160
2807,2,-1,-1
2807,3,-1,-1
2807,4,-1,-1
2807,5,-1,-1
2807,6,-1,-1
2807,7,-1,-1
2808,0,0,160
2808,1,0,160
2808,2,-1,-1
2808,3,-1,-1
2808,4,-1,-1
2808,5,-1,-1
2808,6,-1,-1
2808,7,-1,-1
2809,0,0,160
2809,1,0,160
2809,2,-1,-1
2809,3,-1,-1
2809,4,-1,-1
2809,5,-1,-1
2809,6,-1,-1
2809,7,-1,-1
2810,0,0,160
2810,1,0,160
2810,2,-1,-1
2810,3,-1,-1
2810,4,-1,-1
2810,5,-1,-1
2810,6,-1,-1
2810,7,-1,-1
2811,0,0,160
2811,1,0,160
2811,2,-1,-1
2811,3,-1,-1
2811,4,-1,-1
2811,5,-1,-1
2811,6,-1,-1
2811,7,-1,-1
2812,0,0,160
2812,1,0,160
2812,2,-1,-1
2812,3,-1,-1
2812,4,-1,-1
2812,5,-1,-1
2812,6,-1,-1
2812,7,-1,-1
2813,0,0,160
2813,1,0,160
2813,2,-1,-1
2813,3,-1,-1
2813,4,-1,-1
2813,5,-1,-1
2813,6,-1,-1
2813,7,-1,-1
2814,0,0,160
2814,1,0,160
2814,2,-1,-1
2814,3,-1,-1
2814,4,-1,-1
2814,5,-1,-1
2814,6,-1,-1
2814,7,-1,-1
2815,0,0,160
2815,1,0,160
2815,2,-1,-1
2815,3,-1,-1
2815,4,-1,-1
2815,5,-1,-1
2815,6,-1,-1
2815,7,-1,-1
2816,0,0,160
2816,1,0,160
2816,2,-1,-1
2816,3,-1,-1
2816,4,-1,-1
2816,5,-1,-1
2816,6,-1,-1
2816,7,-1,-1
2817,0,0,160
2817,1,0,160
2817,2,-1,-1
2817,3,-1,-1
2817,4,-1,-1
2817,5,-1,-1
2817,6,-1,-1
2817,7,-1,-1
2818,0,0,160
2818,1,0,160
2818,2,-1,-1
2818,3,-1,-1
2818,4,-1,-1
2818,5,-1,-1
2818,6,-1,-1
2818,7,-1,-1
2819,0,0,160
2819,1,0,160
2819,2,-1,-1
2819,3,-1,-1
2819,4,-1,-1
2819,5,-1,-1
2819,6,-1,-1
2819,7,-1,-1
2820,0,0,160
2820,1,0,160
2820,2,-1,-1
2820,3,-1,-1
2820,4,-1,-1
2820,5,-1,-1
2820,6,-1,-1
2820,7,-1,-1
2821,0,0,160
2821,1,0,160
2821,2,-1,-1
2821,3,-1,-1
2821,4,-1,-1
2821,5,-1,-1
2821,6,-1,-1
2821,7,-1,-1
2822,0,0,160
2822,1,0,160
2822,2,-1,-1
2822,3,-1,-1
2822,4,-1,-1
2822,5,-1,-1
2822,6,-1,-1
2822,7,-1,-1
2823,0,0,160
2823,1,0,160
2823,2,-1,-1
2823,3,-1,-1
2823,4,-1,-1
2823,5,-1,-1
2823,6,-1,-1
2823,7,-1,-1
2824,0,0,160
2824,1,0,160
2824,2,-1,-1
2824,3,-1,-1
2824,4,-1,-1
2824,5,-1,-1
2824,6,-1,-1
2824,7,-1,-1
2825,0,0,160
2825,1,0,160
2825,2,-1,-1
2825,3,-1,-1
2825,4,-1,-1
2825,5,-1,-1
2825,6,-1,-1
2825,7,-1,-1
2826,0,0,160
2826,1,0,160
2826,2,-1,-1
2826,3,-1,-1
2826,4,-1,-1
2826,5,-1,-1
2826,6,-1,-1
2826,7,-1,-1
2827,0,0,160
2827,1,0,160
2827,2,-1,-1
2827,3,-1,-1
2827,4,-1,-1
2827,5,-1,-1
2827,6,-1,-1
2827,7,-1,-1
2828,0,0,160
2828,1,0,160
2828,2,-1,-1
2828,3,-1,-1
2828,4,-1,-1
2828,5,-1,-1
2828,6,-1,-1
2828,7,-1,-1
2829,0,0,160
2829,1,0,160
2829,2,-1,-1
2829,3,-1,-1
2829,4,-1,-1
2829,5,-1,-1
2829,6,-1,-1
2829,7,-1,-1
2830,0,0,160
2830,1,0,160
2830,2,-1,-1
2830,3,-1,-1
2830,4,-1,-1
2830,5,-1,-1
2830,6,-1,-1
2830,7,-1,-1
2831,0,0,160
2831,1,0,160
2831,2,-1,-1
2831,3,-1,-1
2831,4,-1,-1
2831,5,-1,-1
2831,6,-1,-1
2831,7,-1,-1
2832,0,0,160
2832,1,0,160
2832,2,-1,-1
2832,3,-1,-1
2832,4,-1,-1
2832,5,-1,-1
2832,6,-1,-1
2832,7,-1,-1
2833,0,0,160
2833,1,0,160
2833,2,-1,-1
2833,3,-1,-1
2833,4,-1,-1
2833,5,-1,-1
2833,6,-1,-1
2833,7,-1,-1
2834,0,0,160
2834,1,0,160
2834,2,-1,-1
2834,3,-1,-1
2834,4,-1,-1
2834,5,-1,-1
2834,6,-1,-1
2834,7,-1,-1
2835,0,0,160
2835,1,0,160
2835,2,-1,-1
2835,3,-1,-1
2835,4,-1,-1
2835,5,-1,-1
2835,6,-1,-1
2835,7,-1,-1
2836,0,0,160
2836,1,0,160
2836,2,-1,-1
2836,3,-1,-1
2836,4,-1,-1
2836,5,-1,-1
2836,6,-1,-1
2836,7,-1,-1
2837,0,0,160
2837,1,0,160
2837,2,-1,-1
2837,3,-1,-1
2837,4,-1,-1
2837,5,-1,-1
2837,6,-1,-1
2837,7,-1,-1
2838,0,0,160
2838,1,0,160
2838,2,-1,-1
2838,3,-1,-1
2838,4,-1,-1
2838,5,-1,-1
2838,6,-1,-1
2838,7,-1,-1
2839,0,0,160
2839,1,0,160
2839,2,-1,-1
2839,3,-1,-1
2839,4,-1,-1
2839,5,-1,-1
2839,6,-1,-1
2839,7,-1,-1
2840,0,0,160
2840,1,0,160
2840,2,-1,-1
2840,3,-1,-1
2840,4,-1,-1
2840,5,-1,-1
2840,6,-1,-1
2840,7,-1,-1
2841,0,0,160
2841,1,0,160
2841,2,-1,-1
2841,3,-1,-1
2841,4,-1,-1
2841,5,-1,-1
2841,6,-1,-1
2841,7,-1,-1
2842,0,0,160
2842,1,0,160
2842,2,-1,-1
2842,3,-1,-1
2842,4,-1,-1
2842,5,-1,-1
2842,6,-1,-1
2842,7,-1,-1
2843,0,0,160
2843,1,0,160
2843,2,-1,-1
2843,3,-1,-1
2843,4,-1,-1
2843,5,-1,-1
2843,6,-1,-1
2843,7,-1,-1
2844,0,0,160
2844,1,0,160
2844,2,-1,-1
2844,3,-1,-1
2844,4,-1,-1
2844,5,-1,-1
2844,6,-1,-1
2844,7,-1,-1
2845,0,0,160
2845,1,0,160
2845,2,-1,-1
2845,3,-1,-1
2845,4,-1,-1
2845,5,-1,-1
2845,6,-1,-1
2845,7,-1,-1
2846,0,0,160
2846,1,0,160
2846,2,-1,-1
2846,3,-1,-1
2846,4,-1,-1
2846,5,-1,-1
2846,6,-1,-1
2846,7,-1,-1
2847,0,0,160
2847,1,0,160
2847,2,-1,-1
2847,3,-1,-1
2847,4,-1,-1
2847,5,-1,-1
2847,6,-1,-1
2847,7,-1,-1
2848,0,0,160
2848,1,0,160
2848,2,-1,-1
2848,3,-1,-1
2848,4,-1,-1
2848,5,-1,-1
2848,6,-1,-1
2848,7,-1,-1
2849,0,0,160
2849,1,0,160
2849,2,-1,-1
2849,3,-1,-1
2849,4,-1,-1
2849,5,-1,-1
2849,6,-1,-1
2849,7,-1,-1
2850,0,0,160
2850,1,0,160
2850,2,-1,-1
2850,3,-1,-1
2850,4,-1,-1
2850,5,-1,-1
2850,6,-1,-1
2850,7,-1,-1
2851,0,0,160
2851,1,0,160
2851,2,-1,-1
2851,3,-1,-1
2851,4,-1,-1
2851,5,-1,-1
2851,6,-1,-1
2851,7,-1,-1
2852,0,0,160
2852,1,0,160
2852,2,-1,-1
2852,3,-1,-1
2852,4,-1,-1
2852,5,-1,-1
2852,6,-1,-1
2852,7,-1,-1
2853,0,0,160
2853,1,0,160
2853,2,-1,-1
2853,3,-1,-1
2853,4,-1,-1
2853,5,-1,-1
2853,6,-1,-1
2853,7,-1,-1
2854,0,0,160
2854,1,0,160
2854,2,-1,-1
2854,3,-1,-1
2854,4,-1,-1
2854,5,-1,-1
2854,6,-1,-1
2854,7,-1,-1
2855,0,0,160
2855,1,0,160
2855,2,-1,-1
2855,3,-1,-1
2855,4,-1,-1
2855,5,-1,-1
2855,6,-1,-1
2855,7,-1,-1
2856,0,0,160
2856,1,0,160
2856,2,-1,-1
2856,3,-1,-1
2856,4,-1,-1
2856,5,-1,-1
2856,6,-1,-1
2856,7,-1,-1
2857,0,0,160
2857,1,0,160
2857,2,-1,-1
2857,3,-1,-1
2857,4,-1,-1
2857,5,-1,-1
2857,6,-1,-1
2857,7,-1,-1
2858,0,0,160
2858,1,0,160
2858,2,-1,-1
2858,3,-1,-1
2858,4,-1,-1
2858,5,-1,-1
2858,6,-1,-1
2858,7,-1,-1
2859,0,0,160
2859,1,0,160
2859,2,-1,-1
2859,3,-1,-1
2859,4,-1,-1
2859,5,-1,-1
2859,6,-1,-1
2859,7,-1,-1
2860,0,0,160
2860,1,0,160
2860,2,-1,-1
2860,3,-1,-1
2860,4,-1,-1
2860,5,-1,-1
2860,6,-1,-1
2860,7,-1,-1
2861,0,0,160
2861,1,0,160
2861,2,-1,-1
2861,3,-1,-1
2861,4,-1,-1
2861,5,-1,-1
2861,6,-1,-1
2861,7,-1,-1
2862,0,0,160
2862,1,0,160
2862,2,-1,-1
2862,3,-1,-1
2862,4,-1,-1
2862,5,-1,-1
2862,6,-1,-1
2862,7,-1,-1
2863,0,0,160
2863,1,0,160
2863,2,-1,-1
2863,3,-1,-1
2863,4,-1,-1
2863,5,-1,-1
2863,6,-1,-1
2863,7,-1,-1
2864,0,0,160
2864,1,0,160
2864,2,-1,-1
2864,3,-1,-1
2864,4,-1,-1
2864,5,-1,-1
2864,6,-1,-1
2864,7,-1,-1
2865,0,0,160
2865,1,0,160
2865,2,-1,-1
2865,3,-1,-1
2865,4,-1,-1
2865,5,-1,-1
2865,6,-1,-1
2865,7,-1,-1
2866,0,0,160
2866,1,0,160
2866,2,-1,-1
2866,3,-1,-1
2866,4,-1,-1
2866,5,-1,-1
2866,6,-1,-1
2866,7,-1,-1
2867,0,0,160
2867,1,0,160
2867,2,-1,-1
2867,3,-1,-1
2867,4,-1,-1
2867,5,-1,-1
2867,6,-1,-1
2867,7,-1,-1
2868,0,0,160
2868,1,0,160
2868,2,-1,-1
2868,3,-1,-1
2868,4,-1,-1
2868,5,-1,-1
2868,6,-1,-1
2868,7,-1,-1
2869,0,0,160
2869,1,0,160
2869,2,-1,-1
2869,3,-1,-1
2869,4,-1,-1
2869,5,-1,-1
2869,6,-1,-1
2869,7,-1,-1
2870,0,0,160
2870,1,0,160
2870,2,-1,-1
2870,3,-1,-1
2870,4,-1,-1
2870,5,-1,-1
2870,6,-1,-1
2870,7,-1,-1
2871,0,0,160
2871,1,0,160
2871,2,-1,-1
2871,3,-1,-1
2871,4,-1,-1
2871,5,-1,-1
2871,6,-1,-1
2871,7,-1,-1
2872,0,0,160
2872,1,0,160
2872,2,-1,-1
2872,3,-1,-1
2872,4,-1,-1
2872,5,-1,-1
2872,6,-1,-1
2872,7,-1,-1
2873,0,0,160
2873,1,0,160
2873,2,-1,-1
2873,3,-1,-1
2873,4,-1,-1
2873,5,-1,-1
2873,6,-1,-1
2873,7,-1,-1
2874,0,0,160
2874,1,0,160
2874,2,-1,-1
2874,3,-1,-1
2874,4,-1,-1
2874,5,-1,-1
2874,6,-1,-1
2874,7,-1,-1
2875,0,0,160
2875,1,0,160
2875,2,-1,-1
2875,3,-1,-1
2875,4,-1,-1
2875,5,-1,-1
2875,6,-1,-1
2875,7,-1,-1
2876,0,0,160
2876,1,0,160
2876,2,-1,-1
2876,3,-1,-1
2876,4,-1,-1
2876,5,-1,-1
2876,6,-1,-1
2876,7,-1,-1
2877,0,0,160
2877,1,0,160
2877,2,-1,-1
2877,3,-1,-1
2877,4,-1,-1
2877,5,-1,-1
2877,6,-1,-1
2877,7,-1,-1
2878,0,0,160
2878,1,0,160
2878,2,-1,-1
2878,3,-1,-1
2878,4,-1,-1
2878,5,-1,-1
2878,6,-1,-1
2878,7,-1,-1
2879,0,0,160
2879,1,0,160
2879,2,-1,-1
2879,3,-1,-1
2879,4,-1,-1
2879,5,-1,-1
2879,6,-1,-1
2879,7,-1,-1
2880,0,0,160
2880,1,0,160
2880,2,-1,-1
2880,3,-1,-1
2880,4,-1,-1
2880,5,-1,-1
2880,6,-1,-1
2880,7,-1,-1
2881,0,0,160
2881,1,0,160
2881,2,-1,-1
2881,3,-1,-1
2881,4,-1,-1
2881,5,-1,-1
2881,6,-1,-1
2881,7,-1,-1
2882,0,0,160
2882,1,0,160
2882,2,-1,-1
2882,3,-1,-1
2882,4,-1,-1
2882,5,-1,-1
2882,6,-1,-1
2882,7,-1,-1
2883,0,0,160
2883,1,0,160
2883,2,-1,-1
2883,3,-1,-1
2883,4,-1,-1
2883,5,-1,-1
2883,6,-1,-1
2883,7,-1,-1
2884,0,0,160
2884,1,0,160
2884,2,-1,-1
2884,3,-1,-1
2884,4,-1,-1
2884,5,-1,-1
2884,6,-1,-1
2884,7,-1,-1
2885,0,0,160
2885,1,0,160
2885,2,-1,-1
2885,3,-1,-1
2885,4,-1,-1
2885,5,-1,-1
2885,6,-1,-1
2885,7,-1,-1
2886,0,0,160
2886,1,0,160
2886,2,-1,-1
2886,3,-1,-1
2886,4,-1,-1
2886,5,-1,-1
2886,6,-1,-1
2886,7,-1,-1
2887,0,0,160
2887,1,0,160
2887,2,-1,-1
2887,3,-1,-1
2887,4,-1,-1
2887,5,-1,-1
2887,6,-1,-1
2887,7,-1,-1
2888,0,0,160
2888,1,0,160
2888,2,-1,-1
2888,3,-1,-1
2888,4,-1,-1
2888,5,-1,-1
2888,6,-1,-1
2888,7,-1,-1
2889,0,0,160
2889,1,0,160
2889,2,-1,-1
2889,3,-1,-1
2889,4,-1,-1
2889,5,-1,-1
2889,6,-1,-1
2889,7,-1,-1
2890,0,0,160
2890,1,0,160
2890,2,-1,-1
2890,3,-1,-1
2890,4,-1,-1
2890,5,-1,-1
2890,6,-1,-1
2890,7,-1,-1
2891,0,0,160
2891,1,0,160
2891,2,-1,-1
2891,3,-1,-1
2891,4,-1,-1
2891,5,-1,-1
2891,6,-1,-1
2891,7,-1,-1
2892,0,0,160
2892,1,0,160
2892,2,-1,-1
2892,3,-1,-1
2892,4,-1,-1
2892,5,-1,-1
2892,6,-1,-1
2892,7,-1,-1
2893,0,0,160
2893,1,0,160
2893,2,-1,-1
2893,3,-1,-1
2893,4,-1,-1
2893,5,-1,-1
2893,6,-1,-1
2893,7,-1,-1
2894,0,0,160
2894,1,0,160
2894,2,-1,-1
2894,3,-1,-1
2894,4,-1,-1
2894,5,-1,-1
2894,6,-1,-1
2894,7,-1,-1
2895,0,0,160
2895,1,0,160
2895,2,-1,-1
2895,3,-1,-1
2895,4,-1,-1
2895,5,-1,-1
2895,6,-1,-1
2895,7,-1,-1
2896,0,0,160
2896,1,0,160
2896,2,-1,-1
2896,3,-1,-1
2896,4,-1,-1
2896,5,-1,-1
2896,6,-1,-1
2896,7,-1,-1
2897,0,0,160
2897,1,0,160
2897,2,-1,-1
2897,3,-1,-1
2897,4,-1,-1
2897,5,-1,-1
2897,6,-1,-1
2897,7,-1,-1
2898,0,0,160
2898,1,0,160
2898,2,-1,-1
2898,3,-1,-1
2898,4,-1,-1
2898,5,-1,-1
2898,6,-1,-1
2898,7,-1,-1
2899,0,0,160
2899,1,0,160
2899,2,-1,-1
2899,3,-1,-1
2899,4,-1,-1
2899,5,-1,-1
2899,6,-1,-1
2899,7,-1,-1
2900,0,0,160
2900,1,0,160
2900,2,-1,-1
2900,3,-1,-1
2900,4,-1,-1
2900,5,-1,-1
2900,6,-1,-1
2900,7,-1,-1
2901,0,0,160
2901,1,0,160
2901,2,-1,-1
2901,3,-1,-1
2901,4,-1,-1
2901,5,-1,-1
2901,6,-1,-1
2901,7,-1,-1
2902,0,0,160
2902,1,0,160
2902,2,-1,-1
2902,3,-1,-1
2902,4,-1,-1
2902,5,-1,-1
2902,6,-1,-1
2902,7,-1,-1
2903,0,0,160
2903,1,0,160
2903,2,-1,-1
2903,3,-1,-1
2903,4,-1,-1
2903,5,-1,-1
2903,6,-1,-1
2903,7,-1,-1
2904,0,0,160
2904,1,0,160
2904,2,-1,-1
2904,3,-1,-1
2904,4,-1,-1
2904,5,-1,-1
2904,6,-1,-1
2904,7,-1,-1
2905,0,0,160
2905,1,0,160
2905,2,-1,-1
2905,3,-1,-1
2905,4,-1,-1
2905,5,-1,-1
2905,6,-1,-1
2905,7,-1,-1
2906,0,0,160
2906,1,0,160
2906,2,-1,-1
2906,3,-1,-1
2906,4,-1,-1
2906,5,-1,-1
2906,6,-1,-1
2906,7,-1,-1
2907,0,0,160
2907,1,0,160
2907,2,-1,-1
2907,3,-1,-1
2907,4,-1,-1
2907,5,-1,-1
2907,6,-1,-1
2907,7,-1,-1
2908,0,0,160
2908,1,0,160
2908,2,-1,-1
2908,3,-1,-1
2908,4,-1,-1
2908,5,-1,-1
2908,6,-1,-1
2908,7,-1,-1
2909,0,0,160
2909,1,0,160
2909,2,-1,-1
2909,3,-1,-1
2909,4,-1,-1
2909,5,-1,-1
2909,6,-1,-1
2909,7,-1,-1
2910,0,0,160
2910,1,0,160
2910,2,-1,-1
2910,3,-1,-1
2910,4,-1,-1
2910,5,-1,-1
2910,6,-1,-1
2910,7,-1,-1
2911,0,0,160
2911,1,0,160
2911,2,-1,-1
2911,3,-1,-1
2911,4,-1,-1
2911,5,-1,-1
2911,6,-1,-1
2911,7,-1,-1
2912,0,0,160
2912,1,0,160
2912,2,-1,-1
2912,3,-1,-1
2912,4,-1,-1
2912,5,-1,-1
2912,6,-1,-1
2912,7,-1,-1
2913,0,0,160
2913,1,0,160
2913,2,-1,-1
2913,3,-1,-1
2913,4,-1,-1
2913,5,-1,-1
2913,6,-1,-1
2913,7,-1,-1
2914,0,0,160
2914,1,0,160
2914,2,-1,-1
2914,3,-1,-1
2914,4,-1,-1
2914,5,-1,-1
2914,6,-1,-1
2914,7,-1,-1
2915,0,0,160
2915,1,0,160
2915,2,-1,-1
2915,3,-1,-1
2915,4,-1,-1
2915,5,-1,-1
2915,6,-1,-1
2915,7,-1,-1
2916,0,0,160
2916,1,0,160
2916,2,-1,-1
2916,3,-1,-1
2916,4,-1,-1
2916,5,-1,-1
2916,6,-1,-1
2916,7,-1,-1
2917,0,0,160
2917,1,0,160
2917,2,-1,-1
2917,3,-1,-1
2917,4,-1,-1
2917,5,-1,-1
2917,6,-1,-1
2917,7,-1,-1
2918,0,0,160
2918,1,0,160
2918,2,-1,-1
2918,3,-1,-1
2918,4,-1,-1
2918,5,-1,-1
2918,6,-1,-1
2918,7,-1,-1
2919,0,0,160
2919,1,0,160
2919,2,-1,-1
2919,3,-1,-1
2919,4,-1,-1
2919,5,-1,-1
2919,6,-1,-1
2919,7,-1,-1
2920,0,0,160
2920,1,0,160
2920,2,-1,-1
2920,3,-1,-1
2920,4,-1,-1
2920,5,-1,-1
2920,6,-1,-1
2920,7,-1,-1
2921,0,0,160
2921,1,0,160
2921,2,-1,-1
2921,3,-1,-1
2921,4,-1,-1
2921,5,-1,-1
2921,6,-1,-1
2921,7,-1,-1
2922,0,0,160
2922,1,0,160
2922,2,-1,-1
2922,3,-1,-1
2922,4,-1,-1
2922,5,-1,-1
2922,6,-1,-1
2922,7,-1,-1
2923,0,0,160
2923,1,0,160
2923,2,-1,-1
2923,3,-1,-1
2923,4,-1,-1
2923,5,-1,-1
2923,6,-1,-1
2923,7,-1,-1
2924,0,0,160
2924,1,0,160
2924,2,-1,-1
2924,3,-1,-1
2924,4,-1,-1
2924,5,-1,-1
2924,6,-1,-1
2924,7,-1,-1
2925,0,0,160
2925,1,0,160
2925,2,-1,-1
2925,3,-1,-1
2925,4,-1,-1
2925,5,-1,-1
2925,6,-1,-1
2925,7,-1,-1
2926,0,0,160
2926,1,0,160
2926,2,-1,-1
2926,3,-1,-1
2926,4,-1,-1
2926,5,-1,-1
2926,6,-1,-1
2926,7,-1,-1
2927,0,0,160
2927,1,0,160
2927,2,-1,-1
2927,3,-1,-1
2927,4,-1,-1
2927,5,-1,-1
2927,6,-1,-1
2927,7,-1,-1
2928,0,0,160
2928,1,0,160
2928,2,-1,-1
2928,3,-1,-1
2928,4,-1,-1
2928,5,-1,-1
2928,6,-1,-1
2928,7,-1,-1
2929,0,0,160
2929,1,0,160
2929,2,-1,-1
2929,3,-1,-1
2929,4,-1,-1
2929,5,-1,-1
2929,6,-1,-1
2929,7,-1,-1
2930,0,0,160
2930,1,0,160
2930,2,-1,-1
2930,3,-1,-1
2930,4,-1,-1
2930,5,-1,-1
2930,6,-1,-1
2930,7,-1,-1
2931,0,0,160
2931,1,0,160
2931,2,-1,-1
2931,3,-1,-1
2931,4,-1,-1
2931,5,-1,-1
2931,6,-1,-1
2931,7,-1,-1
2932,0,0,160
2932,1,0,160
2932,2,-1,-1
2932,3,-1,-1
2932,4,-1,-1
2932,5,-1,-1
2932,6,-1,-1
2932,7,-1,-1
2933,0,0,160
2933,1,0,160
2933,2,-1,-1
2933,3,-1,-1
2933,4,-1,-1
2933,5,-1,-1
2933,6,-1,-1
2933,7,-1,-1
2934,0,0,160
2934,1,0,160
2934,2,-1,-1
2934,3,-1,-1
2934,4,-1,-1
2934,5,-1,-1
2934,6,-1,-1
2934,7,-1,-1
2935,0,0,160
2935,1,0,160
2935,2,-1,-1
2935,3,-1,-1
2935,4,-1,-1
2935,5,-1,-1
2935,6,-1,-1
2935,7,-1,-1
2936,0,0,160
2936,1,0,160
2936,2,-1,-1
2936,3,-1,-1
2936,4,-1,-1
2936,5,-1,-1
2936,6,-1,-1
2936,7,-1,-1
2937,0,0,160
2937,1,0,160
2937,2,-1,-1
2937,3,-1,-1
2937,4,-1,-1
2937,5,-1,-1
2937,6,-1,-1
2937,7,-1,-1
2938,0,0,160
2938,1,0,160
2938,2,-1,-1
2938,3,-1,-1
2938,4,-1,-1
2938,5,-1,-1
2938,6,-1,-1
2938,7,-1,-1
2939,0,0,160
2939,1,0,160
2939,2,-1,-1
2939,3,-1,-1
2939,4,-1,-1
2939,5,-1,-1
2939,6,-1,-1
2939,7,-1,-1
2940,0,0,160
2940,1,0,160
2940,2,-1,-1
2940,3,-1,-1
2940,4,-1,-1
2940,5,-1,-1
2940,6,-1,-1
2940,7,-1,-1
2941,0,0,160
2941,1,0,160
2941,2,-1,-1
2941,3,-1,-1
2941,4,-1,-1
2941,5,-1,-1
2941,6,-1,-1
2941,7,-1,-1
2942,0,0,160
2942,1,0,160
2942,2,-1,-1
2942,3,-1,-1
2942,4,-1,-1
2942,5,-1,-1
2942,6,-1,-1
2942,7,-1,-1
2943,0,0,160
2943,1,0,160
2943,2,-1,-1
2943,3,-1,-1
2943,4,-1,-1
2943,5,-1,-1
2943,6,-1,-1
2943,7,-1,-1
2944,0,0,160
2944,1,0,160
2944,2,-1,-1
2944,3,-1,-1
2944,4,-1,-1
2944,5,-1,-1
2944,6,-1,-1
2944,7,-1,-1
2945,0,0,160
2945,1,0,160
2945,2,-1,-1
2945,3,-1,-1
2945,4,-1,-1
2945,5,-1,-1
2945,6,-1,-1
2945,7,-1,-1
2946,0,0,160
2946,1,0,160
2946,2,-1,-1
2946,3,-1,-1
2946,4,-1,-1
2946,5,-1,-1
2946,6,-1,-1
2946,7,-1,-1
2947,0,0,160
2947,1,0,160
2947,2,-1,-1
2947,3,-1,-1
2947,4,-1,-1
2947,5,-1,-1
2947,6,-1,-1
2947,7,-1,-1
2948,0,0,160
2948,1,0,160
2948,2,-1,-1
2948,3,-1,-1
2948,4,-1,-1
2948,5,-1,-1
2948,6,-1,-1
2948,7,-1,-1
2949,0,0,160
2949,1,0,160
2949,2,-1,-1
2949,3,-1,-1
2949,4,-1,-1
2949,5,-1,-1
2949,6,-1,-1
2949,7,-1,-1
2950,0,0,160
2950,1,0,160
2950,2,-1,-1
2950,3,-1,-1
2950,4,-1,-1
2950,5,-1,-1
2950,6,-1,-1
2950,7,-1,-1
2951,0,0,160
2951,1,0,160
2951,2,-1,-1
2951,3,-1,-1
2951,4,-1,-1
2951,5,-1,-1
2951,6,-1,-1
2951,7,-1,-1
2952,0,0,160
2952,1,0,160
2952,2,-1,-1
2952,3,-1,-1
2952,4,-1,-1
2952,5,-1,-1
2952,6,-1,-1
2952,7,-1,-1
2953,0,0,160
2953,1,0,160
2953,2,-1,-1
2953,3,-1,-1
2953,4,-1,-1
2953,5,-1,-1
2953,6,-1,-1
2953,7,-1,-1
2954,0,0,160
2954,1,0,160
2954,2,-1,-1
2954,3,-1,-1
2954,4,-1,-1
2954,5,-1,-1
2954,6,-1,-1
2954,7,-1,-1
2955,0,0,160
2955,1,0,160
2955,2,-1,-1
2955,3,-1,-1
2955,4,-1,-1
2955,5,-1,-1
2955,6,-1,-1
2955,7,-1,-1
2956,0,0,160
2956,1,0,160
2956,2,-1,-1
2956,3,-1,-1
2956,4,-1,-1
2956,5,-1,-1
2956,6,-1,-1
2956,7,-1,-1
2957,0,0,160
2957,1,0,160
2957,2,-1,-1
2957,3,-1,-1
2957,4,-1,-1
2957,5,-1,-1
2957,6,-1,-1
2957,7,-1,-1
2958,0,0,160
2958,1,0,160
2958,2,-1,-1
2958,3,-1,-1
2958,4,-1,-1
2958,5,-1,-1
2958,6,-1,-1
2958,7,-1,-1
2959,0,0,160
2959,1,0,160
2959,2,-1,-1
2959,3,-1,-1
2959,4,-1,-1
2959,5,-1,-1
2959,6,-1,-1
2959,7,-1,-1
2960,0,0,160
2960,1,0,160
2960,2,-1,-1
2960,3,-1,-1
2960,4,-1,-1
2960,5,-1,-1
2960,6,-1,-1
2960,7,-1,-1
2961,0,0,160
2961,1,0,160
2961,2,-1,-1
2961,3,-1,-1
2961,4,-1,-1
2961,5,-1,-1
2961,6,-1,-1
2961,7,-1,-1
2962,0,0,160
2962,1,0,160
2962,2,-1,-1
2962,3,-1,-1
2962,4,-1,-1
2962,5,-1,-1
2962,6,-1,-1
2962,7,-1,-1
2963,0,0,160
2963,1,0,160
2963,2,-1,-1
2963,3,-1,-1
2963,4,-1,-1
2963,5,-1,-1
2963,6,-1,-1
2963,7,-1,-1
2964,0,0,160
2964,1,0,160
2964,2,-1,-1
2964,3,-1,-1
2964,4,-1,-1
2964,5,-1,-1
2964,6,-1,-1
2964,7,-1,-1
2965,0,0,160
2965,1,0,160
2965,2,-1,-1
2965,3,-1,-1
2965,4,-1,-1
2965,5,-1,-1
2965,6,-1,-1
2965,7,-1,-1
2966,0,0,160
2966,1,0,160
2966,2,-1,-1
2966,3,-1,-1
2966,4,-1,-1
2966,5,-1,-1
2966,6,-1,-1
2966,7,-1,-1
2967,0,0,160
2967,1,0,160
2967,2,-1,-1
2967,3,-1,-1
2967,4,-1,-1
2967,5,-1,-1
2967,6,-1,-1
2967,7,-1,-1
2968,0,0,160
2968,1,0,160
2968,2,-1,-1
2968,3,-1,-1
2968,4,-1,-1
2968,5,-1,-1
2968,6,-1,-1
2968,7,-1,-1
2969,0,0,160
2969,1,0,160
2969,2,-1,-1
2969,3,-1,-1
2969,4,-1,-1
2969,5,-1,-1
2969,6,-1,-1
2969,7,-1,-1
2970,0,0,160
2970,1,0,160
2970,2,-1,-1
2970,3,-1,-1
2970,4,-1,-1
2970,5,-1,-1
2970,6,-1,-1
2970,7,-1,-1
2971,0,0,160
2971,1,0,160
2971,2,-1,-1
2971,3,-1,-1
2971,4,-1,-1
2971,5,-1,-1
2971,6,-1,-1
2971,7,-1,-1
2972,0,0,160
2972,1,0,160
2972,2,-1,-1
2972,3,-1,-1
2972,4,-1,-1
2972,5,-1,-1
2972,6,-1,-1
2972,7,-1,-1
2973,0,0,160
2973,1,0,160
2973,2,-1,-1
2973,3,-1,-1
2973,4,-1,-1
2973,5,-1,-1
2973,6,-1,-1
2973,7,-1,-1
2974,0,0,160
2974,1,0,160
2974,2,-1,-1
2974,3,-1,-1
2974,4,-1,-1
2974,5,-1,-1
2974,6,-1,-1
2974,7,-1,-1
2975,0,0,160
2975,1,0,160
2975,2,-1,-1
2975,3,-1,-1
2975,4,-1,-1
2975,5,-1,-1
2975,6,-1,-1
2975,7,-1,-1
2976,0,0,160
2976,1,0,160
2976,2,-1,-1
2976,3,-1,-1
2976,4,-1,-1
2976,5,-1,-1
2976,6,-1,-1
2976,7,-1,-1
2977,0,0,160
2977,1,0,160
2977,2,-1,-1
2977,3,-1,-1
2977,4,-1,-1
2977,5,-1,-1
2977,6,-1,-1
2977,7,-1,-1
2978,0,0,160
2978,1,0,160
2978,2,-1,-1
2978,3,-1,-1
2978,4,-1,-1
2978,5,-1,-1
2978,6,-1,-1
2978,7,-1,-1
2979,0,0,160
2979,1,0,160
2979,2,-1,-1
2979,3,-1,-1
2979,4,-1,-1
2979,5,-1,-1
2979,6,-1,-1
2979,7,-1,-1
2980,0,0,160
2980,1,0,160
2980,2,-1,-1
2980,3,-1,-1
2980,4,-1,-1
2980,5,-1,-1
2980,6,-1,-1
2980,7,-1,-1
2981,0,0,160
2981,1,0,160
2981,2,-1,-1
2981,3,-1,-1
2981,4,-1,-1
2981,5,-1,-1
2981,6,-1,-1
2981,7,-1,-1
2982,0,0,160
2982,1,0,160
2982,2,-1,-1
2982,3,-1,-1
2982,4,-1,-1
2982,5,-1,-1
2982,6,-1,-1
2982,7,-1,-1
2983,0,0,160
2983,1,0,160
2983,2,-1,-1
2983,3,-1,-1
2983,4,-1,-1
2983,5,-1,-1
2983,6,-1,-1
2983,7,-1,-1
2984,0,0,160
2984,1,0,160
2984,2,-1,-1
2984,3,-1,-1
2984,4,-1,-1
2984,5,-1,-1
2984,6,-1,-1
2984,7,-1,-1
2985,0,0,160
2985,1,0,160
2985,2,-1,-1
2985,3,-1,-1
2985,4,-1,-1
2985,5,-1,-1
2985,6,-1,-1
2985,7,-1,-1
2986,0,0,160
2986,1,0,160
2986,2,-1,-1
2986,3,-1,-1
2986,4,-1,-1
2986,5,-1,-1
2986,6,-1,-1
2986,7,-1,-1
2987,0,0,160
2987,1,0,160
2987,2,-1,-1
2987,3,-1,-1
2987,4,-1,-1
2987,5,-1,-1
2987,6,-1,-1
2987,7,-1,-1
2988,0,0,160
2988,1,0,160
2988,2,-1,-1
2988,3,-1,-1
2988,4,-1,-1
2988,5,-1,-1
2988,6,-1,-1
2988,7,-1,-1
2989,0,0,160
2989,1,0,160
2989,2,-1,-1
2989,3,-1,-1
2989,4,-1,-1
2989,5,-1,-1
2989,6,-1,-1
2989,7,-1,-1
2990,0,0,160
2990,1,0,160
2990,2,-1,-1
2990,3,-1,-1
2990,4,-1,-1
2990,5,-1,-1
2990,6,-1,-1
2990,7,-1,-1
2991,0,0,160
2991,1,0,160
2991,2,-1,-1
2991,3,-1,-1
2991,4,-1,-1
2991,5,-1,-1
2991,6,-1,-1
2991,7,-1,-1
2992,0,0,160
2992,1,0,160
2992,2,-1,-1
2992,3,-1,-1
2992,4,-1,-1
2992,5,-1,-1
2992,6,-1,-1
2992,7,-1,-1
2993,0,0,160
2993,1,0,160
2993,2,-1,-1
2993,3,-1,-1
2993,4,-1,-1
2993,5,-1,-1
2993,6,-1,-1
2993,7,-1,-1
2994,0,0,160
2994,1,0,160
2994,2,-1,-1
2994,3,-1,-1
2994,4,-1,-1
2994,5,-1,-1
2994,6,-1,-1
2994,7,-1,-1
2995,0,0,160
2995,1,0,160
2995,2,-1,-1
2995,3,-1,-1
2995,4,-1,-1
2995,5,-1,-1
2995,6,-1,-1
2995,7,-1,-1
2996,0,0,160
2996,1,0,160
2996,2,-1,-1
2996,3,-1,-1
2996,4,-1,-1
2996,5,-1,-1
2996,6,-1,-1
2996,7,-1,-1
2997,0,0,160
2997,1,0,160
2997,2,-1,-1
2997,3,-1,-1
2997,4,-1,-1
2997,5,-1,-1
2997,6,-1,-1
2997,7,-1,-1
2998,0,0,160
2998,1,0,160
2998,2,-1,-1
2998,3,-1,-1
2998,4,-1,-1
2998,5,-1,-1
2998,6,-1,-1
2998,7,-1,-1
2999,0,0,160
2999,1,0,160
2999,2,-1,-1
2999,3,-1,-1
2999,4,-1,-1
2999,5,-1,-1
2999,6,-1,-1
2999,7,-1,-1
3000,0,0,160
3000,1,0,160
3000,2,-1,-1
3000,3,-1,-1
3000,4,-1,-1
3000,5,-1,-1
3000,6,-1,-1
3000,7,-1,-1
3001,0,0,160
3001,1,0,160
3001,2,-1,-1
3001,3,-1,-1
3001,4,-1,-1
3001,5,-1,-1
3001,6,-1,-1
3001,7,-1,-1
3002,0,0,160
3002,1,0,160
3002,2,-1,-1
3002,3,-1,-1
3002,4,-1,-1
3002,5,-1,-1
3002,6,-1,-1
3002,7,-1,-1
3003,0,0,160
3003,1,0,160
3003,2,-1,-1
3003,3,-1,-1
3003,4,-1,-1
3003,5,-1,-1
3003,6,-1,-1
3003,7,-1,-1
3004,0,0,160
3004,1,0,160
3004,2,-1,-1
3004,3,-1,-1
3004,4,-1,-1
3004,5,-1,-1
3004,6,-1,-1
3004,7,-1,-1
3005,0,0,160
3005,1,0,160
3005,2,-1,-1
3005,3,-1,-1
3005,4,-1,-1
3005,5,-1,-1
3005,6,-1,-1
3005,7,-1,-1
3006,0,0,160
3006,1,0,160
3006,2,-1,-1
3006,3,-1,-1
3006,4,-1,-1
3006,5,-1,-1
3006,6,-1,-1
3006,7,-1,-1
3007,0,0,160
3007,1,0,160
3007,2,-1,-1
3007,3,-1,-1
3007,4,-1,-1
3007,5,-1,-1
3007,6,-1,-1
3007,7,-1,-1
3008,0,0,160
3008,1,0,160
3008,2,-1,-1
3008,3,-1,-1
3008,4,-1,-1
3008,5,-1,-1
3008,6,-1,-1
3008,7,-1,-1
3009,0,0,160
3009,1,0,160
3009,2,-1,-1
3009,3,-1,-1
3009,4,-1,-1
3009,5,-1,-1
3009,6,-1,-1
3009,7,-1,-1
3010,0,0,160
3010,1,0,160
3010,2,-1,-1
3010,3,-1,-1
3010,4,-1,-1
3010,5,-1,-1
3010,6,-1,-1
3010,7,-1,-1
3011,0,0,160
3011,1,0,160
3011,2,-1,-1
3011,3,-1,-1
3011,4,-1,-1
3011,5,-1,-1
3011,6,-1,-1
3011,7,-1,-1
3012,0,0,160
3012,1,0,160
3012,2,-1,-1
3012,3,-1,-1
3012,4,-1,-1
3012,5,-1,-1
3012,6,-1,-1
3012,7,-1,-1
3013,0,0,160
3013,1,0,160
3013,2,-1,-1
3013,3,-1,-1
3013,4,-1,-1
3013,5,-1,-1
3013,6,-1,-1
3013,7,-1,-1
3014,0,0,160
3014,1,0,160
3014,2,-1,-1
3014,3,-1,-1
3014,4,-1,-1
3014,5,-1,-1
3014,6,-1,-1
3014,7,-1,-1
3015,0,0,160
3015,1,0,160
3015,2,-1,-1
3015,3,-1,-1
3015,4,-1,-1
3015,5,-1,-1
3015,6,-1,-1
3015,7,-1,-1
3016,0,0,160
3016,1,0,160
3016,2,-1,-1
3016,3,-1,-1
3016,4,-1,-1
3016,5,-1,-1
3016,6,-1,-1
3016,7,-1,-1
3017,0,0,160
3017,1,0,160
3017,2,-1,-1
3017,3,-1,-1
3017,4,-1,-1
3017,5,-1,-1
3017,6,-1,-1
3017,7,-1,-1
3018,0,0,160
3018,1,0,160
3018,2,-1,-1
3018,3,-1,-1
3018,4,-1,-1
3018,5,-1,-1
3018,6,-1,-1
3018,7,-1,-1
3019,0,0,160
3019,1,0,160
3019,2,-1,-1
3019,3,-1,-1
3019,4,-1,-1
3019,5,-1,-1
3019,6,-1,-1
3019,7,-1,-1
3020,0,0,160
3020,1,0,160
3020,2,-1,-1
3020,3,-1,-1
3020,4,-1,-1
3020,5,-1,-1
3020,6,-1,-1
3020,7,-1,-1
3021,0,0,160
3021,1,0,160
3021,2,-1,-1
3021,3,-1,-1
3021,4,-1,-1
3021,5,-1,-1
3021,6,-1,-1
3021,7,-1,-1
3022,0,0,160
3022,1,0,160
3022,2,-1,-1
3022,3,-1,-1
3022,4,-1,-1
3022,5,-1,-1
3022,6,-1,-1
3022,7,-1,-1
3023,0,0,160
3023,1,0,160
3023,2,-1,-1
3023,3,-1,-1
3023,4,-1,-1
3023,5,-1,-1
3023,6,-1,-1
3023,7,-1,-1
3024,0,0,160
3024,1,0,160
3024,2,-1,-1
3024,3,-1,-1
3024,4,-1,-1
3024,5,-1,-1
3024,6,-1,-1
3024,7,-1,-1
3025,0,0,160
3025,1,0,160
3025,2,-1,-1
3025,3,-1,-1
3025,4,-1,-1
3025,5,-1,-1
3025,6,-1,-1
3025,7,-1,-1
3026,0,0,160
3026,1,0,160
3026,2,-1,-1
3026,3,-1,-1
3026,4,-1,-1
3026,5,-1,-1
3026,6,-1,-1
3026,7,-1,-1
3027,0,0,160
3027,1,0,160
3027,2,-1,-1
3027,3,-1,-1
3027,4,-1,-1
3027,5,-1,-1
3027,6,-1,-1
3027,7,-1,-1
3028,0,0,160
3028,1,0,160
3028,2,-1,-1
3028,3,-1,-1
3028,4,-1,-1
3028,5,-1,-1
3028,6,-1,-1
3028,7,-1,-1
3029,0,0,160
3029,1,0,160
3029,2,-1,-1
3029,3,-1,-1
3029,4,-1,-1
3029,5,-1,-1
3029,6,-1,-1
3029,7,-1,-1
3030,0,0,160
3030,1,0,160
3030,2,-1,-1
3030,3,-1,-1
3030,4,-1,-1
3030,5,-1,-1
3030,6,-1,-1
3030,7,-1,-1
3031,0,0,160
3031,1,0,160
3031,2,-1,-1
3031,3,-1,-1
3031,4,-1,-1
3031,5,-1,-1
3031,6,-1,-1
3031,7,-1,-1
3032,0,0,160
3032,1,0,160
3032,2,-1,-1
3032,3,-1,-1
3032,4,-1,-1
3032,5,-1,-1
3032,6,-1,-1
3032,7,-1,-1
3033,0,0,160
3033,1,0,160
3033,2,-1,-1
3033,3,-1,-1
3033,4,-1,-1
3033,5,-1,-1
3033,6,-1,-1
3033,7,-1,-1
3034,0,0,160
3034,1,0,160
3034,2,-1,-1
3034,3,-1,-1
3034,4,-1,-1
3034,5,-1,-1
3034,6,-1,-1
3034,7,-1,-1
3035,0,0,160
3035,1,0,160
3035,2,-1,-1
3035,3,-1,-1
3035,4,-1,-1
3035,5,-1,-1
3035,6,-1,-1
3035,7,-1,-1
3036,0,0,160
3036,1,0,160
3036,2,-1,-1
3036,3,-1,-1
3036,4,-1,-1
3036,5,-1,-1
3036,6,-1,-1
3036,7,-1,-1
3037,0,0,160
3037,1,0,160
3037,2,-1,-1
3037,3,-1,-1
3037,4,-1,-1
3037,5,-1,-1
3037,6,-1,-1
3037,7,-1,-1
3038,0,0,160
3038,1,0,160
3038,2,-1,-1
3038,3,-1,-1
3038,4,-1,-1
3038,5,-1,-1
3038,6,-1,-1
3038,7,-1,-1
3039,0,0,160
3039,1,0,160
3039,2,-1,-1
3039,3,-1,-1
3039,4,-1,-1
3039,5,-1,-1
3039,6,-1,-1
3039,7,-1,-1
3040,0,0,160
3040,1,0,160
3040,2,-1,-1
3040,3,-1,-1
3040,4,-1,-1
3040,5,-1,-1
3040,6,-1,-1
3040,7,-1,-1
3041,0,0,160
3041,1,0,160
3041,2,-1,-1
3041,3,-1,-1
3041,4,-1,-1
3041,5,-1,-1
3041,6,-1,-1
3041,7,-1,-1
3042,0,0,160
3042,1,0,160
3042,2,-1,-1
3042,3,-1,-1
3042,4,-1,-1
3042,5,-1,-1
3042,6,-1,-1
3042,7,-1,-1
3043,0,0,160
3043,1,0,160
3043,2,-1,-1
3043,3,-1,-1
3043,4,-1,-1
3043,5,-1,-1
3043,6,-1,-1
3043,7,-1,-1
3044,0,0,160
3044,1,0,160
3044,2,-1,-1
3044,3,-1,-1
3044,4,-1,-1
3044,5,-1,-1
3044,6,-1,-1
3044,7,-1,-1
3045,0,0,160
3045,1,0,160
3045,2,-1,-1
3045,3,-1,-1
3045,4,-1,-1
3045,5,-1,-1
3045,6,-1,-1
3045,7,-1,-1
3046,0,0,160
3046,1,0,160
3046,2,-1,-1
3046,3,-1,-1
3046,4,-1,-1
3046,5,-1,-1
3046,6,-1,-1
3046,7,-1,-1
3047,0,0,160
3047,1,0,160
3047,2,-1,-1
3047,3,-1,-1
3047,4,-1,-1
3047,5,-1,-1
3047,6,-1,-1
3047,7,-1,-1
3048,0,0,160
3048,1,0,160
3048,2,-1,-1
3048,3,-1,-1
3048,4,-1,-1
3048,5,-1,-1
3048,6,-1,-1
3048,7,-1,-1
3049,0,0,160
3049,1,0,160
3049,2,-1,-1
3049,3,-1,-1
3049,4,-1,-1
3049,5,-1,-1
3049,6,-1,-1
3049,7,-1,-1
3050,0,0,160
3050,1,0,160
3050,2,-1,-1
3050,3,-1,-1
3050,4,-1,-1
3050,5,-1,-1
3050,6,-1,-1
3050,7,-1,-1
3051,0,0,160
3051,1,0,160
3051,2,-1,-1
3051,3,-1,-1
3051,4,-1,-1
3051,5,-1,-1
3051,6,-1,-1
3051,7,-1,-1
3052,0,0,160
3052,1,0,160
3052,2,-1,-1
3052,3,-1,-1
3052,4,-1,-1
3052,5,-1,-1
3052,6,-1,-1
3052,7,-1,-1
3053,0,0,160
3053,1,0,160
3053,2,-1,-1
3053,3,-1,-1
3053,4,-1,-1
3053,5,-1,-1
3053,6,-1,-1
3053,7,-1,-1
3054,0,0,160
3054,1,0,160
3054,2,-1,-1
3054,3,-1,-1
3054,4,-1,-1
3054,5,-1,-1
3054,6,-1,-1
3054,7,-1,-1
3055,0,0,160
3055,1,0,160
3055,2,-1,-1
3055,3,-1,-1
3055,4,-1,-1
3055,5,-1,-1
3055,6,-1,-1
3055,7,-1,-1
3056,0,0,160
3056,1,0,160
3056,2,-1,-1
3056,3,-1,-1
3056,4,-1,-1
3056,5,-1,-1
3056,6,-1,-1
3056,7,-1,-1
3057,0,0,160
3057,1,0,160
3057,2,-1,-1
3057,3,-1,-1
3057,4,-1,-1
3057,5,-1,-1
3057,6,-1,-1
3057,7,-1,-1
3058,0,0,160
3058,1,0,160
3058,2,-1,-1
3058,3,-1,-1
3058,4,-1,-1
3058,5,-1,-1
3058,6,-1,-1
3058,7,-1,-1
3059,0,0,160
3059,1,0,160
3059,2,-1,-1
3059,3,-1,-1
3059,4,-1,-1
3059,5,-1,-1
3059,6,-1,-1
3059,7,-1,-1
3060,0,0,160
3060,1,0,160
3060,2,-1,-1
3060,3,-1,-1
3060,4,-1,-1
3060,5,-1,-1
3060,6,-1,-1
3060,7,-1,-1
3061,0,0,160
3061,1,0,160
3061,2,-1,-1
3061,3,-1,-1
3061,4,-1,-1
3061,5,-1,-1
3061,6,-1,-1
3061,7,-1,-1
3062,0,0,160
3062,1,0,160
3062,2,-1,-1
3062,3,-1,-1
3062,4,-1,-1
3062,5,-1,-1
3062,6,-1,-1
3062,7,-1,-1
3063,0,0,160
3063,1,0,160
3063,2,-1,-1
3063,3,-1,-1
3063,4,-1,-1
3063,5,-1,-1
3063,6,-1,-1
3063,7,-1,-1
3064,0,0,160
3064,1,0,160
3064,2,-1,-1
3064,3,-1,-1
3064,4,-1,-1
3064,5,-1,-1
3064,6,-1,-1
3064,7,-1,-1
3065,0,0,160
3065,1,0,160
3065,2,-1,-1
3065,3,-1,-1
3065,4,-1,-1
3065,5,-1,-1
3065,6,-1,-1
3065,7,-1,-1
3066,0,0,160
3066,1,0,160
3066,2,-1,-1
3066,3,-1,-1
3066,4,-1,-1
3066,5,-1,-1
3066,6,-1,-1
3066,7,-1,-1
3067,0,0,160
3067,1,0,160
3067,2,-1,-1
3067,3,-1,-1
3067,4,-1,-1
3067,5,-1,-1
3067,6,-1,-1
3067,7,-1,-1
3068,0,0,160
3068,1,0,160
3068,2,-1,-1
3068,3,-1,-1
3068,4,-1,-1
3068,5,-1,-1
3068,6,-1,-1
3068,7,-1,-1
3069,0,0,160
3069,1,0,160
3069,2,-1,-1
3069,3,-1,-1
3069,4,-1,-1
3069,5,-1,-1
3069,6,-1,-1
3069,7,-1,-1
3070,0,0,160
3070,1,0,160
3070,2,-1,-1
3070,3,-1,-1
3070,4,-1,-1
3070,5,-1,-1
3070,6,-1,-1
3070,7,-1,-1
3071,0,0,160
3071,1,0,160
3071,2,-1,-1
3071,3,-1,-1
3071,4,-1,-1
3071,5,-1,-1
3071,6,-1,-1
3071,7,-1,-1
3072,0,0,160
3072,1,0,160
3072,2,-1,-1
3072,3,-1,-1
3072,4,-1,-1
3072,5,-1,-1
3072,6,-1,-1
3072,7,-1,-1
3073,0,0,160
3073,1,0,160
3073,2,-1,-1
3073,3,-1,-1
3073,4,-1,-1
3073,5,-1,-1
3073,6,-1,-1
3073,7,-1,-1
3074,0,0,160
3074,1,0,160
3074,2,-1,-1
3074,3,-1,-1
3074,4,-1,-1
3074,5,-1,-1
3074,6,-1,-1
3074,7,-1,-1
3075,0,0,160
3075,1,0,160
3075,2,-1,-1
3075,3,-1,-1
3075,4,-1,-1
3075,5,-1,-1
3075,6,-1,-1
3075,7,-1,-1
3076,0,0,160
3076,1,0,160
3076,2,-1,-1
3076,3,-1,-1
3076,4,-1,-1
3076,5,-1,-1
3076,6,-1,-1
3076,7,-1,-1
3077,0,0,160
3077,1,0,160
3077,2,-1,-1
3077,3,-1,-1
3077,4,-1,-1
3077,5,-1,-1
3077,6,-1,-1
3077,7,-1,-1
3078,0,0,160
3078,1,0,160
3078,2,-1,-1
3078,3,-1,-1
3078,4,-1,-1
3078,5,-1,-1
3078,6,-1,-1
3078,7,-1,-1
3079,0,0,160
3079,1,0,160
3079,2,-1,-1
3079,3,-1,-1
3079,4,-1,-1
3079,5,-1,-1
3079,6,-1,-1
3079,7,-1,-1
3080,0,0,160
3080,1,0,160
3080,2,-1,-1
3080,3,-1,-1
3080,4,-1,-1
3080,5,-1,-1
3080,6,-1,-1
3080,7,-1,-1
3081,0,0,160
3081,1,0,160
3081,2,-1,-1
3081,3,-1,-1
3081,4,-1,-1
3081,5,-1,-1
3081,6,-1,-1
3081,7,-1,-1
3082,0,0,160
3082,1,0,160
3082,2,-1,-1
3082,3,-1,-1
3082,4,-1,-1
3082,5,-1,-1
3082,6,-1,-1
3082,7,-1,-1
3083,0,0,160
3083,1,0,160
3083,2,-1,-1
3083,3,-1,-1
3083,4,-1,-1
3083,5,-1,-1
3083,6,-1,-1
3083,7,-1,-1
3084,0,0,160
3084,1,0,160
3084,2,-1,-1
3084,3,-1,-1
3084,4,-1,-1
3084,5,-1,-1
3084,6,-1,-1
3084,7,-1,-1
3085,0,0,160
3085,1,0,160
3085,2,-1,-1
3085,3,-1,-1
3085,4,-1,-1
3085,5,-1,-1
3085,6,-1,-1
3085,7,-1,-1
3086,0,0,160
3086,1,0,160
3086,2,-1,-1
3086,3,-1,-1
3086,4,-1,-1
3086,5,-1,-1
3086,6,-1,-1
3086,7,-1,-1
3087,0,0,160
3087,1,0,160
3087,2,-1,-1
3087,3,-1,-1
3087,4,-1,-1
3087,5,-1,-1
3087,6,-1,-1
3087,7,-1,-1
3088,0,0,160
3088,1,0,160
3088,2,-1,-1
3088,3,-1,-1
3088,4,-1,-1
3088,5,-1,-1
3088,6,-1,-1
3088,7,-1,-1
3089,0,0,160
3089,1,0,160
3089,2,-1,-1
3089,3,-1,-1
3089,4,-1,-1
3089,5,-1,-1
3089,6,-1,-1
3089,7,-1,-1
3090,0,0,160
3090,1,0,160
3090,2,-1,-1
3090,3,-1,-1
3090,4,-1,-1
3090,5,-1,-1
3090,6,-1,-1
3090,7,-1,-1
3091,0,0,160
3091,1,0,160
3091,2,-1,-1
3091,3,-1,-1
3091,4,-1,-1
3091,5,-1,-1
3091,6,-1,-1
3091,7,-1,-1
3092,0,0,160
3092,1,0,160
3092,2,-1,-1
3092,3,-1,-1
3092,4,-1,-1
3092,5,-1,-1
3092,6,-1,-1
3092,7,-1,-1
3093,0,0,160
3093,1,0,160
3093,2,-1,-1
3093,3,-1,-1
3093,4,-1,-1
3093,5,-1,-1
3093,6,-1,-1
3093,7,-1,-1
3094,0,0,160
3094,1,0,160
3094,2,-1,-1
3094,3,-1,-1
3094,4,-1,-1
3094,5,-1,-1
3094,6,-1,-1
3094,7,-1,-1
3095,0,0,160
3095,1,0,160
3095,2,-1,-1
3095,3,-1,-1
3095,4,-1,-1
3095,5,-1,-1
3095,6,-1,-1
3095,7,-1,-1
3096,0,0,160
3096,1,0,160
3096,2,-1,-1
3096,3,-1,-1
3096,4,-1,-1
3096,5,-1,-1
3096,6,-1,-1
3096,7,-1,-1
3097,0,0,160
3097,1,0,160
3097,2,-1,-1
3097,3,-1,-1
3097,4,-1,-1
3097,5,-1,-1
3097,6,-1,-1
3097,7,-1,-1
3098,0,0,160
3098,1,0,160
3098,2,-1,-1
3098,3,-1,-1
3098,4,-1,-1
3098,5,-1,-1
3098,6,-1,-1
3098,7,-1,-1
3099,0,0,160
3099,1,0,160
3099,2,-1,-1
3099,3,-1,-1
3099,4,-1,-1
3099,5,-1,-1
3099,6,-1,-1
3099,7,-1,-1
3100,0,0,160
3100,1,0,160
3100,2,-1,-1
3100,3,-1,-1
3100,4,-1,-1
3100,5,-1,-1
3100,6,-1,-1
3100,7,-1,-1
3101,0,0,160
3101,1,0,160
3101,2,-1,-1
3101,3,-1,-1
3101,4,-1,-1
3101,5,-1,-1
3101,6,-1,-1
3101,7,-1,-1
3102,0,0,160
3102,1,0,160
3102,2,-1,-1
3102,3,-1,-1
3102,4,-1,-1
3102,5,-1,-1
3102,6,-1,-1
3102,7,-1,-1
3103,0,0,160
3103,1,0,160
3103,2,-1,-1
3103,3,-1,-1
3103,4,-1,-1
3103,5,-1,-1
3103,6,-1,-1
3103,7,-1,-1
3104,0,0,160
3104,1,0,160
3104,2,-1,-1
3104,3,-1,-1
3104,4,-1,-1
3104,5,-1,-1
3104,6,-1,-1
3104,7,-1,-1
3105,0,0,160
3105,1,0,160
3105,2,-1,-1
3105,3,-1,-1
3105,4,-1,-1
3105,5,-1,-1
3105,6,-1,-1
3105,7,-1,-1
3106,0,0,160
3106,1,0,160
3106,2,-1,-1
3106,3,-1,-1
3106,4,-1,-1
3106,5,-1,-1
3106,6,-1,-1
3106,7,-1,-1
3107,0,0,160
3107,1,0,160
3107,2,-1,-1
3107,3,-1,-1
3107,4,-1,-1
3107,5,-1,-1
3107,6,-1,-1
3107,7,-1,-1
3108,0,0,160
3108,1,0,160
3108,2,-1,-1
3108,3,-1,-1
3108,4,-1,-1
3108,5,-1,-1
3108,6,-1,-1
3108,7,-1,-1
3109,0,0,160
3109,1,0,160
3109,2,-1,-1
3109,3,-1,-1
3109,4,-1,-1
3109,5,-1,-1
3109,6,-1,-1
3109,7,-1,-1
3110,0,0,160
3110,1,0,160
3110,2,-1,-1
3110,3,-1,-1
3110,4,-1,-1
3110,5,-1,-1
3110,6,-1,-1
3110,7,-1,-1
3111,0,0,160
3111,1,0,160
3111,2,-1,-1
3111,3,-1,-1
3111,4,-1,-1
3111,5,-1,-1
3111,6,-1,-1
3111,7,-1,-1
3112,0,0,160
3112,1,0,160
3112,2,-1,-1
3112,3,-1,-1
3112,4,-1,-1
3112,5,-1,-1
3112,6,-1,-1
3112,7,-1,-1
3113,0,0,160
3113,1,0,160
3113,2,-1,-1
3113,3,-1,-1
3113,4,-1,-1
3113,5,-1,-1
3113,6,-1,-1
3113,7,-1,-1
3114,0,0,160
3114,1,0,160
3114,2,-1,-1
3114,3,-1,-1
3114,4,-1,-1
3114,5,-1,-1
3114,6,-1,-1
3114,7,-1,-1
3115,0,0,160
3115,1,0,160
3115,2,-1,-1
3115,3,-1,-1
3115,4,-1,-1
3115,5,-1,-1
3115,6,-1,-1
3115,7,-1,-1
3116,0,0,160
3116,1,0,160
3116,2,-1,-1
3116,3,-1,-1
3116,4,-1,-1
3116,5,-1,-1
3116,6,-1,-1
3116,7,-1,-1
3117,0,0,160
3117,1,0,160
3117,2,-1,-1
3117,3,-1,-1
3117,4,-1,-1
3117,5,-1,-1
3117,6,-1,-1
3117,7,-1,-1
3118,0,0,160
3118,1,0,160
3118,2,-1,-1
3118,3,-1,-1
3118,4,-1,-1
3118,5,-1,-1
3118,6,-1,-1
3118,7,-1,-1
3119,0,0,160
3119,1,0,160
3119,2,-1,-1
3119,3,-1,-1
3119,4,-1,-1
3119,5,-1,-1
3119,6,-1,-1
3119,7,-1,-1
3120,0,0,160
3120,1,0,160
3120,2,-1,-1
3120,3,-1,-1
3120,4,-1,-1
3120,5,-1,-1
3120,6,-1,-1
3120,7,-1,-1
3121,0,0,160
3121,1,0,160
3121,2,-1,-1
3121,3,-1,-1
3121,4,-1,-1
3121,5,-1,-1
3121,6,-1,-1
3121,7,-1,-1
3122,0,0,160
3122,1,0,160
3122,2,-1,-1
3122,3,-1,-1
3122,4,-1,-1
3122,5,-1,-1
3122,6,-1,-1
3122,7,-1,-1
3123,0,0,160
3123,1,0,160
3123,2,-1,-1
3123,3,-1,-1
3123,4,-1,-1
3123,5,-1,-1
3123,6,-1,-1
3123,7,-1,-1
3124,0,0,160
3124,1,0,160
3124,2,-1,-1
3124,3,-1,-1
3124,4,-1,-1
3124,5,-1,-1
3124,6,-1,-1
3124,7,-1,-1
3125,0,0,160
3125,1,0,160
3125,2,-1,-1
3125,3,-1,-1
3125,4,-1,-1
3125,5,-1,-1
3125,6,-1,-1
3125,7,-1,-1
3126,0,0,160
3126,1,0,160
3126,2,-1,-1
3126,3,-1,-1
3126,4,-1,-1
3126,5,-1,-1
3126,6,-1,-1
3126,7,-1,-1
3127,0,0,160
3127,1,0,160
3127,2,-1,-1
3127,3,-1,-1
3127,4,-1,-1
3127,5,-1,-1
3127,6,-1,-1
3127,7,-1,-1
3128,0,0,160
3128,1,0,160
3128,2,-1,-1
3128,3,-1,-1
3128,4,-1,-1
3128,5,-1,-1
3128,6,-1,-1
3128,7,-1,-1
3129,0,0,160
3129,1,0,160
3129,2,-1,-1
3129,3,-1,-1
3129,4,-1,-1
3129,5,-1,-1
3129,6,-1,-1
3129,7,-1,-1
3130,0,0,160
3130,1,0,160
3130,2,-1,-1
3130,3,-1,-1
3130,4,-1,-1
3130,5,-1,-1
3130,6,-1,-1
3130,7,-1,-1
3131,0,0,160
3131,1,0,160
3131,2,-1,-1
3131,3,-1,-1
3131,4,-1,-1
3131,5,-1,-1
3131,6,-1,-1
3131,7,-1,-1
3132,0,0,160
3132,1,0,160
3132,2,-1,-1
3132,3,-1,-1
3132,4,-1,-1
3132,5,-1,-1
3132,6,-1,-1
3132,7,-1,-1
3133,0,0,160
3133,1,0,160
3133,2,-1,-1
3133,3,-1,-1
3133,4,-1,-1
3133,5,-1,-1
3133,6,-1,-1
3133,7,-1,-1
3134,0,0,160
3134,1,0,160
3134,2,-1,-1
3134,3,-1,-1
3134,4,-1,-1
3134,5,-1,-1
3134,6,-1,-1
3134,7,-1,-1
3135,0,0,160
3135,1,0,160
3135,2,-1,-1
3135,3,-1,-1
3135,4,-1,-1
3135,5,-1,-1
3135,6,-1,-1
3135,7,-1,-1
3136,0,0,160
3136,1,0,160
3136,2,-1,-1
3136,3,-1,-1
3136,4,-1,-1
3136,5,-1,-1
3136,6,-1,-1
3136,7,-1,-1
3137,0,0,160
3137,1,0,160
3137,2,-1,-1
3137,3,-1,-1
3137,4,-1,-1
3137,5,-1,-1
3137,6,-1,-1
3137,7,-1,-1
3138,0,0,160
3138,1,0,160
3138,2,-1,-1
3138,3,-1,-1
3138,4,-1,-1
3138,5,-1,-1
3138,6,-1,-1
3138,7,-1,-1
3139,0,0,160
3139,1,0,160
3139,2,-1,-1
3139,3,-1,-1
3139,4,-1,-1
3139,5,-1,-1
3139,6,-1,-1
3139,7,-1,-1
3140,0,0,160
3140,1,0,160
3140,2,-1,-1
3140,3,-1,-1
3140,4,-1,-1
3140,5,-1,-1
3140,6,-1,-1
3140,7,-1,-1
3141,0,0,160
3141,1,0,160
3141,2,-1,-1
3141,3,-1,-1
3141,4,-1,-1
3141,5,-1,-1
3141,6,-1,-1
3141,7,-1,-1
3142,0,0,160
3142,1,0,160
3142,2,-1,-1
3142,3,-1,-1
3142,4,-1,-1
3142,5,-1,-1
3142,6,-1,-1
3142,7,-1,-1
3143,0,0,160
3143,1,0,160
3143,2,-1,-1
3143,3,-1,-1
3143,4,-1,-1
3143,5,-1,-1
3143,6,-1,-1
3143,7,-1,-1
3144,0,0,160
3144,1,0,160
3144,2,-1,-1
3144,3,-1,-1
3144,4,-1,-1
3144,5,-1,-1
3144,6,-1,-1
3144,7,-1,-1
3145,0,0,160
3145,1,0,160
3145,2,-1,-1
3145,3,-1,-1
3145,4,-1,-1
3145,5,-1,-1
3145,6,-1,-1
3145,7,-1,-1
3146,0,0,160
3146,1,0,160
3146,2,-1,-1
3146,3,-1,-1
3146,4,-1,-1
3146,5,-1,-1
3146,6,-1,-1
3146,7,-1,-1
3147,0,0,160
3147,1,0,160
3147,2,-1,-1
3147,3,-1,-1
3147,4,-1,-1
3147,5,-1,-1
3147,6,-1,-1
3147,7,-1,-1
3148,0,0,160
3148,1,0,160
3148,2,-1,-1
3148,3,-1,-1
3148,4,-1,-1
3148,5,-1,-1
3148,6,-1,-1
3148,7,-1,-1
3149,0,0,160
3149,1,0,160
3149,2,-1,-1
3149,3,-1,-1
3149,4,-1,-1
3149,5,-1,-1
3149,6,-1,-1
3149,7,-1,-1
3150,0,0,160
3150,1,0,160
3150,2,-1,-1
3150,3,-1,-1
3150,4,-1,-1
3150,5,-1,-1
3150,6,-1,-1
3150,7,-1,-1
3151,0,0,160
3151,1,0,160
3151,2,-1,-1
3151,3,-1,-1
3151,4,-1,-1
3151,5,-1,-1
3151,6,-1,-1
3151,7,-1,-1
3152,0,0,160
3152,1,0,160
3152,2,-1,-1
3152,3,-1,-1
3152,4,-1,-1
3152,5,-1,-1
3152,6,-1,-1
3152,7,-1,-1
3153,0,0,160
3153,1,0,160
3153,2,-1,-1
3153,3,-1,-1
3153,4,-1,-1
3153,5,-1,-1
3153,6,-1,-1
3153,7,-1,-1
3154,0,0,160
3154,1,0,160
3154,2,-1,-1
3154,3,-1,-1
3154,4,-1,-1
3154,5,-1,-1
3154,6,-1,-1
3154,7,-1,-1
3155,0,0,160
3155,1,0,160
3155,2,-1,-1
3155,3,-1,-1
3155,4,-1,-1
3155,5,-1,-1
3155,6,-1,-1
3155,7,-1,-1
3156,0,0,160
3156,1,0,160
3156,2,-1,-1
3156,3,-1,-1
3156,4,-1,-1
3156,5,-1,-1
3156,6,-1,-1
3156,7,-1,-1
3157,0,0,160
3157,1,0,160
3157,2,-1,-1
3157,3,-1,-1
3157,4,-1,-1
3157,5,-1,-1
3157,6,-1,-1
3157,7,-1,-1
3158,0,0,160
3158,1,0,160
3158,2,-1,-1
3158,3,-1,-1
3158,4,-1,-1
3158,5,-1,-1
3158,6,-1,-1
3158,7,-1,-1
3159,0,0,160
3159,1,0,160
3159,2,-1,-1
3159,3,-1,-1
3159,4,-1,-1
3159,5,-1,-1
3159,6,-1,-1
3159,7,-1,-1
3160,0,0,160
3160,1,0,160
3160,2,-1,-1
3160,3,-1,-1
3160,4,-1,-1
3160,5,-1,-1
3160,6,-1,-1
3160,7,-1,-1
3161,0,0,160
3161,1,0,160
3161,2,-1,-1
3161,3,-1,-1
3161,4,-1,-1
3161,5,-1,-1
3161,6,-1,-1
3161,7,-1,-1
3162,0,0,160
3162,1,0,160
3162,2,-1,-1
3162,3,-1,-1
3162,4,-1,-1
3162,5,-1,-1
3162,6,-1,-1
3162,7,-1,-1
3163,0,0,160
3163,1,0,160
3163,2,-1,-1
3163,3,-1,-1
3163,4,-1,-1
3163,5,-1,-1
3163,6,-1,-1
3163,7,-1,-1
3164,0,0,160
3164,1,0,160
3164,2,-1,-1
3164,3,-1,-1
3164,4,-1,-1
3164,5,-1,-1
3164,6,-1,-1
3164,7,-1,-1
3165,0,0,160
3165,1,0,160
3165,2,-1,-1
3165,3,-1,-1
3165,4,-1,-1
3165,5,-1,-1
3165,6,-1,-1
3165,7,-1,-1
3166,0,0,160
3166,1,0,160
3166,2,-1,-1
3166,3,-1,-1
3166,4,-1,-1
3166,5,-1,-1
3166,6,-1,-1
3166,7,-1,-1
3167,0,0,160
3167,1,0,160
3167,2,-1,-1
3167,3,-1,-1
3167,4,-1,-1
3167,5,-1,-1
3167,6,-1,-1
3167,7,-1,-1
3168,0,0,160
3168,1,0,160
3168,2,-1,-1
3168,3,-1,-1
3168,4,-1,-1
3168,5,-1,-1
3168,6,-1,-1
3168,7,-1,-1
3169,0,0,160
3169,1,0,160
3169,2,-1,-1
3169,3,-1,-1
3169,4,-1,-1
3169,5,-1,-1
3169,6,-1,-1
3169,7,-1,-1
3170,0,0,160
3170,1,0,160
3170,2,-1,-1
3170,3,-1,-1
3170,4,-1,-1
3170,5,-1,-1
3170,6,-1,-1
3170,7,-1,-1
3171,0,0,160
3171,1,0,160
3171,2,-1,-1
3171,3,-1,-1
3171,4,-1,-1
3171,5,-1,-1
3171,6,-1,-1
3171,7,-1,-1
3172,0,0,160
3172,1,0,160
3172,2,-1,-1
3172,3,-1,-1
3172,4,-1,-1
3172,5,-1,-1
3172,6,-1,-1
3172,7,-1,-1
3173,0,0,160
3173,1,0,160
3173,2,-1,-1
3173,3,-1,-1
3173,4,-1,-1
3173,5,-1,-1
3173,6,-1,-1
3173,7,-1,-1
3174,0,0,160
3174,1,0,160
3174,2,-1,-1
3174,3,-1,-1
3174,4,-1,-1
3174,5,-1,-1
3174,6,-1,-1
3174,7,-1,-1
3175,0,0,160
3175,1,0,160
3175,2,-1,-1
3175,3,-1,-1
3175,4,-1,-1
3175,5,-1,-1
3175,6,-1,-1
3175,7,-1,-1
3176,0,0,160
3176,1,0,160
3176,2,-1,-1
3176,3,-1,-1
3176,4,-1,-1
3176,5,-1,-1
3176,6,-1,-1
3176,7,-1,-1
3177,0,0,160
3177,1,0,160
3177,2,-1,-1
3177,3,-1,-1
3177,4,-1,-1
3177,5,-1,-1
3177,6,-1,-1
3177,7,-1,-1
3178,0,0,160
3178,1,0,160
3178,2,-1,-1
3178,3,-1,-1
3178,4,-1,-1
3178,5,-1,-1
3178,6,-1,-1
3178,7,-1,-1
3179,0,0,160
3179,1,0,160
3179,2,-1,-1
3179,3,-1,-1
3179,4,-1,-1
3179,5,-1,-1
3179,6,-1,-1
3179,7,-1,-1
3180,0,0,160
3180,1,0,160
3180,2,-1,-1
3180,3,-1,-1
3180,4,-1,-1
3180,5,-1,-1
3180,6,-1,-1
3180,7,-1,-1
3181,0,0,160
3181,1,0,160
3181,2,-1,-1
3181,3,-1,-1
3181,4,-1,-1
3181,5,-1,-1
3181,6,-1,-1
3181,7,-1,-1
3182,0,0,160
3182,1,0,160
3182,2,-1,-1
3182,3,-1,-1
3182,4,-1,-1
3182,5,-1,-1
3182,6,-1,-1
3182,7,-1,-1
3183,0,0,160
3183,1,0,160
3183,2,-1,-1
3183,3,-1,-1
3183,4,-1,-1
3183,5,-1,-1
3183,6,-1,-1
3183,7,-1,-1
3184,0,0,160
3184,1,0,160
3184,2,-1,-1
3184,3,-1,-1
3184,4,-1,-1
3184,5,-1,-1
3184,6,-1,-1
3184,7,-1,-1
3185,0,0,160
3185,1,0,160
3185,2,-1,-1
3185,3,-1,-1
3185,4,-1,-1
3185,5,-1,-1
3185,6,-1,-1
3185,7,-1,-1
3186,0,0,160
3186,1,0,160
3186,2,-1,-1
3186,3,-1,-1
3186,4,-1,-1
3186,5,-1,-1
3186,6,-1,-1
3186,7,-1,-1
3187,0,0,160
3187,1,0,160
3187,2,-1,-1
3187,3,-1,-1
3187,4,-1,-1
3187,5,-1,-1
3187,6,-1,-1
3187,7,-1,-1
3188,0,0,160
3188,1,0,160
3188,2,-1,-1
3188,3,-1,-1
3188,4,-1,-1
3188,5,-1,-1
3188,6,-1,-1
3188,7,-1,-1
3189,0,0,160
3189,1,0,160
3189,2,-1,-1
3189,3,-1,-1
3189,4,-1,-1
3189,5,-1,-1
3189,6,-1,-1
3189,7,-1,-1
3190,0,0,160
3190,1,0,160
3190,2,-1,-1
3190,3,-1,-1
3190,4,-1,-1
3190,5,-1,-1
3190,6,-1,-1
3190,7,-1,-1
3191,0,0,160
3191,1,0,160
3191,2,-1,-1
3191,3,-1,-1
3191,4,-1,-1
3191,5,-1,-1
3191,6,-1,-1
3191,7,-1,-1
3192,0,0,160
3192,1,0,160
3192,2,-1,-1
3192,3,-1,-1
3192,4,-1,-1
3192,5,-1,-1
3192,6,-1,-1
3192,7,-1,-1
3193,0,0,160
3193,1,0,160
3193,2,-1,-1
3193,3,-1,-1
3193,4,-1,-1
3193,5,-1,-1
3193,6,-1,-1
3193,7,-1,-1
3194,0,0,160
3194,1,0,160
3194,2,-1,-1
3194,3,-1,-1
3194,4,-1,-1
3194,5,-1,-1
3194,6,-1,-1
3194,7,-1,-1
3195,0,0,160
3195,1,0,160
3195,2,-1,-1
3195,3,-1,-1
3195,4,-1,-1
3195,5,-1,-1
3195,6,-1,-1
3195,7,-1,-1
3196,0,0,160
3196,1,0,160
3196,2,-1,-1
3196,3,-1,-1
3196,4,-1,-1
3196,5,-1,-1
3196,6,-1,-1
3196,7,-1,-1
3197,0,0,160
3197,1,0,160
3197,2,-1,-1
3197,3,-1,-1
3197,4,-1,-1
3197,5,-1,-1
3197,6,-1,-1
3197,7,-1,-1
3198,0,0,160
3198,1,0,160
3198,2,-1,-1
3198,3,-1,-1
3198,4,-1,-1
3198,5,-1,-1
3198,6,-1,-1
3198,7,-1,-1
3199,0,0,160
3199,1,0,160
3199,2,-1,-1
3199,3,-1,-1
3199,4,-1,-1
3199,5,-1,-1
3199,6,-1,-1
3199,7,-1,-1
3200,0,0,160
3200,1,0,160
3200,2,-1,-1
3200,3,-1,-1
3200,4,-1,-1
3200,5,-1,-1
3200,6,-1,-1
3200,7,-1,-1
3201,0,0,160
3201,1,0,160
3201,2,-1,-1
3201,3,-1,-1
3201,4,-1,-1
3201,5,-1,-1
3201,6,-1,-1
3201,7,-1,-1
3202,0,0,160
3202,1,0,160
3202,2,-1,-1
3202,3,-1,-1
3202,4,-1,-1
3202,5,-1,-1
3202,6,-1,-1
3202,7,-1,-1
3203,0,0,160
3203,1,0,160
3203,2,-1,-1
3203,3,-1,-1
3203,4,-1,-1
3203,5,-1,-1
3203,6,-1,-1
3203,7,-1,-1
3204,0,0,160
3204,1,0,160
3204,2,-1,-1
3204,3,-1,-1
3204,4,-1,-1
3204,5,-1,-1
3204,6,-1,-1
3204,7,-1,-1
3205,0,0,160
3205,1,0,160
3205,2,-1,-1
3205,3,-1,-1
3205,4,-1,-1
3205,5,-1,-1
3205,6,-1,-1
3205,7,-1,-1
3206,0,0,160
3206,1,0,160
3206,2,-1,-1
3206,3,-1,-1
3206,4,-1,-1
3206,5,-1,-1
3206,6,-1,-1
3206,7,-1,-1
3207,0,0,160
3207,1,0,160
3207,2,-1,-1
3207,3,-1,-1
3207,4,-1,-1
3207,5,-1,-1
3207,6,-1,-1
3207,7,-1,-1
3208,0,0,160
3208,1,0,160
3208,2,-1,-1
3208,3,-1,-1
3208,4,-1,-1
3208,5,-1,-1
3208,6,-1,-1
3208,7,-1,-1
3209,0,0,160
3209,1,0,160
3209,2,-1,-1
3209,3,-1,-1
3209,4,-1,-1
3209,5,-1,-1
3209,6,-1,-1
3209,7,-1,-1
3210,0,0,160
3210,1,0,160
3210,2,-1,-1
3210,3,-1,-1
3210,4,-1,-1
3210,5,-1,-1
3210,6,-1,-1
3210,7,-1,-1
3211,0,0,160
3211,1,0,160
3211,2,-1,-1
3211,3,-1,-1
3211,4,-1,-1
3211,5,-1,-1
3211,6,-1,-1
3211,7,-1,-1
3212,0,0,160
3212,1,0,160
3212,2,-1,-1
3212,3,-1,-1
3212,4,-1,-1
3212,5,-1,-1
3212,6,-1,-1
3212,7,-1,-1
3213,0,0,160
3213,1,0,160
3213,2,-1,-1
3213,3,-1,-1
3213,4,-1,-1
3213,5,-1,-1
3213,6,-1,-1
3213,7,-1,-1
3214,0,0,160
3214,1,0,160
3214,2,-1,-1
3214,3,-1,-1
3214,4,-1,-1
3214,5,-1,-1
3214,6,-1,-1
3214,7,-1,-1
3215,0,0,160
3215,1,0,160
3215,2,-1,-1
3215,3,-1,-1
3215,4,-1,-1
3215,5,-1,-1
3215,6,-1,-1
3215,7,-1,-1
3216,0,0,160
3216,1,0,160
3216,2,-1,-1
3216,3,-1,-1
3216,4,-1,-1
3216,5,-1,-1
3216,6,-1,-1
3216,7,-1,-1
3217,0,0,160
3217,1,0,160
3217,2,-1,-1
3217,3,-1,-1
3217,4,-1,-1
3217,5,-1,-1
3217,6,-1,-1
3217,7,-1,-1
3218,0,0,160
3218,1,0,160
3218,2,-1,-1
3218,3,-1,-1
3218,4,-1,-1
3218,5,-1,-1
3218,6,-1,-1
3218,7,-1,-1
3219,0,0,160
3219,1,0,160
3219,2,-1,-1
3219,3,-1,-1
3219,4,-1,-1
3219,5,-1,-1
3219,6,-1,-1
3219,7,-1,-1
3220,0,0,160
3220,1,0,160
3220,2,-1,-1
3220,3,-1,-1
3220,4,-1,-1
3220,5,-1,-1
3220,6,-1,-1
3220,7,-1,-1
3221,0,0,160
3221,1,0,160
3221,2,-1,-1
3221,3,-1,-1
3221,4,-1,-1
3221,5,-1,-1
3221,6,-1,-1
3221,7,-1,-1
3222,0,0,160
3222,1,0,160
3222,2,-1,-1
3222,3,-1,-1
3222,4,-1,-1
3222,5,-1,-1
3222,6,-1,-1
3222,7,-1,-1
3223,0,0,160
3223,1,0,160
3223,2,-1,-1
3223,3,-1,-1
3223,4,-1,-1
3223,5,-1,-1
3223,6,-1,-1
3223,7,-1,-1
3224,0,0,160
3224,1,0,160
3224,2,-1,-1
3224,3,-1,-1
3224,4,-1,-1
3224,5,-1,-1
3224,6,-1,-1
3224,7,-1,-1
3225,0,0,160
3225,1,0,160
3225,2,-1,-1
3225,3,-1,-1
3225,4,-1,-1
3225,5,-1,-1
3225,6,-1,-1
3225,7,-1,-1
3226,0,0,160
3226,1,0,160
3226,2,-1,-1
3226,3,-1,-1
3226,4,-1,-1
3226,5,-1,-1
3226,6,-1,-1
3226,7,-1,-1
3227,0,0,160
3227,1,0,160
3227,2,-1,-1
3227,3,-1,-1
3227,4,-1,-1
3227,5,-1,-1
3227,6,-1,-1
3227,7,-1,-1
3228,0,0,160
3228,1,0,160
3228,2,-1,-1
3228,3,-1,-1
3228,4,-1,-1
3228,5,-1,-1
3228,6,-1,-1
3228,7,-1,-1
3229,0,0,160
3229,1,0,160
3229,2,-1,-1
3229,3,-1,-1
3229,4,-1,-1
3229,5,-1,-1
3229,6,-1,-1
3229,7,-1,-1
3230,0,0,160
3230,1,0,160
3230,2,-1,-1
3230,3,-1,-1
3230,4,-1,-1
3230,5,-1,-1
3230,6,-1,-1
3230,7,-1,-1
3231,0,0,160
3231,1,0,160
3231,2,-1,-1
3231,3,-1,-1
3231,4,-1,-1
3231,5,-1,-1
3231,6,-1,-1
3231,7,-1,-1
3232,0,0,160
3232,1,0,160
3232,2,-1,-1
3232,3,-1,-1
3232,4,-1,-1
3232,5,-1,-1
3232,6,-1,-1
3232,7,-1,-1
3233,0,0,160
3233,1,0,160
3233,2,-1,-1
3233,3,-1,-1
3233,4,-1,-1
3233,5,-1,-1
3233,6,-1,-1
3233,7,-1,-1
3234,0,0,160
3234,1,0,160
3234,2,-1,-1
3234,3,-1,-1
3234,4,-1,-1
3234,5,-1,-1
3234,6,-1,-1
3234,7,-1,-1
3235,0,0,160
3235,1,0,160
3235,2,-1,-1
3235,3,-1,-1
3235,4,-1,-1
3235,5,-1,-1
3235,6,-1,-1
3235,7,-1,-1
3236,0,0,160
3236,1,0,160
3236,2,-1,-1
3236,3,-1,-1
3236,4,-1,-1
3236,5,-1,-1
3236,6,-1,-1
3236,7,-1,-1
3237,0,0,160
3237,1,0,160
3237,2,-1,-1
3237,3,-1,-1
3237,4,-1,-1
3237,5,-1,-1
3237,6,-1,-1
3237,7,-1,-1
3238,0,0,160
3238,1,0,160
3238,2,-1,-1
3238,3,-1,-1
3238,4,-1,-1
3238,5,-1,-1
3238,6,-1,-1
3238,7,-1,-1
3239,0,0,160
3239,1,0,160
3239,2,-1,-1
3239,3,-1,-1
3239,4,-1,-1
3239,5,-1,-1
3239,6,-1,-1
3239,7,-1,-1
3240,0,0,160
3240,1,0,160
3240,2,-1,-1
3240,3,-1,-1
3240,4,-1,-1
3240,5,-1,-1
3240,6,-1,-1
3240,7,-1,-1
3241,0,0,160
3241,1,0,160
3241,2,-1,-1
3241,3,-1,-1
3241,4,-1,-1
3241,5,-1,-1
3241,6,-1,-1
3241,7,-1,-1
3242,0,0,160
3242,1,0,160
3242,2,-1,-1
3242,3,-1,-1
3242,4,-1,-1
3242,5,-1,-1
3242,6,-1,-1
3242,7,-1,-1
3243,0,0,160
3243,1,0,160
3243,2,-1,-1
3243,3,-1,-1
3243,4,-1,-1
3243,5,-1,-1
3243,6,-1,-1
3243,7,-1,-1
3244,0,0,160
3244,1,0,160
3244,2,-1,-1
3244,3,-1,-1
3244,4,-1,-1
3244,5,-1,-1
3244,6,-1,-1
3244,7,-1,-1
3245,0,0,160
3245,1,0,160
3245,2,-1,-1
3245,3,-1,-1
3245,4,-1,-1
3245,5,-1,-1
3245,6,-1,-1
3245,7,-1,-1
3246,0,0,160
3246,1,0,160
3246,2,-1,-1
3246,3,-1,-1
3246,4,-1,-1
3246,5,-1,-1
3246,6,-1,-1
3246,7,-1,-1
3247,0,0,160
3247,1,0,160
3247,2,-1,-1
3247,3,-1,-1
3247,4,-1,-1
3247,5,-1,-1
3247,6,-1,-1
3247,7,-1,-1
3248,0,0,160
3248,1,0,160
3248,2,-1,-1
3248,3,-1,-1
3248,4,-1,-1
3248,5,-1,-1
3248,6,-1,-1
3248,7,-1,-1
3249,0,0,160
3249,1,0,160
3249,2,-1,-1
3249,3,-1,-1
3249,4,-1,-1
3249,5,-1,-1
3249,6,-1,-1
3249,7,-1,-1
3250,0,0,160
3250,1,0,160
3250,2,-1,-1
3250,3,-1,-1
3250,4,-1,-1
3250,5,-1,-1
3250,6,-1,-1
3250,7,-1,-1
3251,0,0,160
3251,1,0,160
3251,2,-1,-1
3251,3,-1,-1
3251,4,-1,-1
3251,5,-1,-1
3251,6,-1,-1
3251,7,-1,-1
3252,0,0,160
3252,1,0,160
3252,2,-1,-1
3252,3,-1,-1
3252,4,-1,-1
3252,5,-1,-1
3252,6,-1,-1
3252,7,-1,-1
3253,0,0,160
3253,1,0,160
3253,2,-1,-1
3253,3,-1,-1
3253,4,-1,-1
3253,5,-1,-1
3253,6,-1,-1
3253,7,-1,-1
3254,0,0,160
3254,1,0,160
3254,2,-1,-1
3254,3,-1,-1
3254,4,-1,-1
3254,5,-1,-1
3254,6,-1,-1
3254,7,-1,-1
3255,0,0,160
3255,1,0,160
3255,2,-1,-1
3255,3,-1,-1
3255,4,-1,-1
3255,5,-1,-1
3255,6,-1,-1
3255,7,-1,-1
3256,0,0,160
3256,1,0,160
3256,2,-1,-1
3256,3,-1,-1
3256,4,-1,-1
3256,5,-1,-1
3256,6,-1,-1
3256,7,-1,-1
3257,0,0,160
3257,1,0,160
3257,2,-1,-1
3257,3,-1,-1
3257,4,-1,-1
3257,5,-1,-1
3257,6,-1,-1
3257,7,-1,-1
3258,0,0,160
3258,1,0,160
3258,2,-1,-1
3258,3,-1,-1
3258,4,-1,-1
3258,5,-1,-1
3258,6,-1,-1
3258,7,-1,-1
3259,0,0,160
3259,1,0,160
3259,2,-1,-1
3259,3,-1,-1
3259,4,-1,-1
3259,5,-1,-1
3259,6,-1,-1
3259,7,-1,-1
3260,0,0,160
3260,1,0,160
3260,2,-1,-1
3260,3,-1,-1
3260,4,-1,-1
3260,5,-1,-1
3260,6,-1,-1
3260,7,-1,-1
3261,0,0,160
3261,1,0,160
3261,2,-1,-1
3261,3,-1,-1
3261,4,-1,-1
3261,5,-1,-1
3261,6,-1,-1
3261,7,-1,-1
3262,0,0,160
3262,1,0,160
3262,2,-1,-1
3262,3,-1,-1
3262,4,-1,-1
3262,5,-1,-1
3262,6,-1,-1
3262,7,-1,-1
3263,0,0,160
3263,1,0,160
3263,2,-1,-1
3263,3,-1,-1
3263,4,-1,-1
3263,5,-1,-1
3263,6,-1,-1
3263,7,-1,-1
3264,0,0,160
3264,1,0,160
3264,2,-1,-1
3264,3,-1,-1
3264,4,-1,-1
3264,5,-1,-1
3264,6,-1,-1
3264,7,-1,-1
3265,0,0,160
3265,1,0,160
3265,2,-1,-1
3265,3,-1,-1
3265,4,-1,-1
3265,5,-1,-1
3265,6,-1,-1
3265,7,-1,-1
3266,0,0,160
3266,1,0,160
3266,2,-1,-1
3266,3,-1,-1
3266,4,-1,-1
3266,5,-1,-1
3266,6,-1,-1
3266,7,-1,-1
3267,0,0,160
3267,1,0,160
3267,2,-1,-1
3267,3,-1,-1
3267,4,-1,-1
3267,5,-1,-1
3267,6,-1,-1
3267,7,-1,-1
3268,0,0,160
3268,1,0,160
3268,2,-1,-1
3268,3,-1,-1
3268,4,-1,-1
3268,5,-1,-1
3268,6,-1,-1
3268,7,-1,-1
3269,0,0,160
3269,1,0,160
3269,2,-1,-1
3269,3,-1,-1
3269,4,-1,-1
3269,5,-1,-1
3269,6,-1,-1
3269,7,-1,-1
3270,0,0,160
3270,1,0,160
3270,2,-1,-1
3270,3,-1,-1
3270,4,-1,-1
3270,5,-1,-1
3270,6,-1,-1
3270,7,-1,-1
3271,0,0,160
3271,1,0,160
3271,2,-1,-1
3271,3,-1,-1
3271,4,-1,-1
3271,5,-1,-1
3271,6,-1,-1
3271,7,-1,-1
3272,0,0,160
3272,1,0,160
3272,2,-1,-1
3272,3,-1,-1
3272,4,-1,-1
3272,5,-1,-1
3272,6,-1,-1
3272,7,-1,-1
3273,0,0,160
3273,1,0,160
3273,2,-1,-1
3273,3,-1,-1
3273,4,-1,-1
3273,5,-1,-1
3273,6,-1,-1
3273,7,-1,-1
3274,0,0,160
3274,1,0,160
3274,2,-1,-1
3274,3,-1,-1
3274,4,-1,-1
3274,5,-1,-1
3274,6,-1,-1
3274,7,-1,-1
3275,0,0,160
3275,1,0,160
3275,2,-1,-1
3275,3,-1,-1
3275,4,-1,-1
3275,5,-1,-1
3275,6,-1,-1
3275,7,-1,-1
3276,0,0,160
3276,1,0,160
3276,2,-1,-1
3276,3,-1,-1
3276,4,-1,-1
3276,5,-1,-1
3276,6,-1,-1
3276,7,-1,-1
3277,0,0,160
3277,1,0,160
3277,2,-1,-1
3277,3,-1,-1
3277,4,-1,-1
3277,5,-1,-1
3277,6,-1,-1
3277,7,-1,-1
3278,0,0,160
3278,1,0,160
3278,2,-1,-1
3278,3,-1,-1
3278,4,-1,-1
3278,5,-1,-1
3278,6,-1,-1
3278,7,-1,-1
3279,0,0,160
3279,1,0,160
3279,2,-1,-1
3279,3,-1,-1
3279,4,-1,-1
3279,5,-1,-1
3279,6,-1,-1
3279,7,-1,-1
3280,0,0,160
3280,1,0,160
3280,2,-1,-1
3280,3,-1,-1
3280,4,-1,-1
3280,5,-1,-1
3280,6,-1,-1
3280,7,-1,-1
3281,0,0,160
3281,1,0,160
3281,2,-1,-1
3281,3,-1,-1
3281,4,-1,-1
3281,5,-1,-1
3281,6,-1,-1
3281,7,-1,-1
3282,0,0,160
3282,1,0,160
3282,2,-1,-1
3282,3,-1,-1
3282,4,-1,-1
3282,5,-1,-1
3282,6,-1,-1
3282,7,-1,-1
3283,0,0,160
3283,1,0,160
3283,2,-1,-1
3283,3,-1,-1
3283,4,-1,-1
3283,5,-1,-1
3283,6,-1,-1
3283,7,-1,-1
3284,0,0,160
3284,1,0,160
3284,2,-1,-1
3284,3,-1,-1
3284,4,-1,-1
3284,5,-1,-1
3284,6,-1,-1
3284,7,-1,-1
3285,0,0,160
3285,1,0,160
3285,2,-1,-1
3285,3,-1,-1
3285,4,-1,-1
3285,5,-1,-1
3285,6,-1,-1
3285,7,-1,-1
3286,0,0,160
3286,1,0,160
3286,2,-1,-1
3286,3,-1,-1
3286,4,-1,-1
3286,5,-1,-1
3286,6,-1,-1
3286,7,-1,-1
3287,0,0,160
3287,1,0,160
3287,2,-1,-1
3287,3,-1,-1
3287,4,-1,-1
3287,5,-1,-1
3287,6,-1,-1
3287,7,-1,-1
3288,0,0,160
3288,1,0,160
3288,2,-1,-1
3288,3,-1,-1
3288,4,-1,-1
3288,5,-1,-1
3288,6,-1,-1
3288,7,-1,-1
3289,0,0,160
3289,1,0,160
3289,2,-1,-1
3289,3,-1,-1
3289,4,-1,-1
3289,5,-1,-1
3289,6,-1,-1
3289,7,-1,-1
3290,0,0,160
3290,1,0,160
3290,2,-1,-1
3290,3,-1,-1
3290,4,-1,-1
3290,5,-1,-1
3290,6,-1,-1
3290,7,-1,-1
3291,0,0,160
3291,1,0,160
3291,2,-1,-1
3291,3,-1,-1
3291,4,-1,-1
3291,5,-1,-1
3291,6,-1,-1
3291,7,-1,-1
3292,0,0,160
3292,1,0,160
3292,2,-1,-1
3292,3,-1,-1
3292,4,-1,-1
3292,5,-1,-1
3292,6,-1,-1
3292,7,-1,-1
3293,0,0,160
3293,1,0,160
3293,2,-1,-1
3293,3,-1,-1
3293,4,-1,-1
3293,5,-1,-1
3293,6,-1,-1
3293,7,-1,-1
3294,0,0,160
3294,1,0,160
3294,2,-1,-1
3294,3,-1,-1
3294,4,-1,-1
3294,5,-1,-1
3294,6,-1,-1
3294,7,-1,-1
3295,0,0,160
3295,1,0,160
3295,2,-1,-1
3295,3,-1,-1
3295,4,-1,-1
3295,5,-1,-1
3295,6,-1,-1
3295,7,-1,-1
3296,0,0,160
3296,1,0,160
3296,2,-1,-1
3296,3,-1,-1
3296,4,-1,-1
3296,5,-1,-1
3296,6,-1,-1
3296,7,-1,-1
3297,0,0,160
3297,1,0,160
3297,2,-1,-1
3297,3,-1,-1
3297,4,-1,-1
3297,5,-1,-1
3297,6,-1,-1
3297,7,-1,-1
3298,0,0,160
3298,1,0,160
3298,2,-1,-1
3298,3,-1,-1
3298,4,-1,-1
3298,5,-1,-1
3298,6,-1,-1
3298,7,-1,-1
3299,0,0,160
3299,1,0,160
3299,2,-1,-1
3299,3,-1,-1
3299,4,-1,-1
3299,5,-1,-1
3299,6,-1,-1
3299,7,-1,-1
3300,0,0,160
3300,1,0,160
3300,2,-1,-1
3300,3,-1,-1
3300,4,-1,-1
3300,5,-1,-1
3300,6,-1,-1
3300,7,-1,-1
3301,0,0,160
3301,1,0,160
3301,2,-1,-1
3301,3,-1,-1
3301,4,-1,-1
3301,5,-1,-1
3301,6,-1,-1
3301,7,-1,-1
3302,0,0,160
3302,1,0,160
3302,2,-1,-1
3302,3,-1,-1
3302,4,-1,-1
3302,5,-1,-1
3302,6,-1,-1
3302,7,-1,-1
3303,0,0,160
3303,1,0,160
3303,2,-1,-1
3303,3,-1,-1
3303,4,-1,-1
3303,5,-1,-1
3303,6,-1,-1
3303,7,-1,-1
3304,0,0,160
3304,1,0,160
3304,2,-1,-1
3304,3,-1,-1
3304,4,-1,-1
3304,5,-1,-1
3304,6,-1,-1
3304,7,-1,-1
3305,0,0,160
3305,1,0,160
3305,2,-1,-1
3305,3,-1,-1
3305,4,-1,-1
3305,5,-1,-1
3305,6,-1,-1
3305,7,-1,-1
3306,0,0,160
3306,1,0,160
3306,2,-1,-1
3306,3,-1,-1
3306,4,-1,-1
3306,5,-1,-1
3306,6,-1,-1
3306,7,-1,-1
3307,0,0,160
3307,1,0,160
3307,2,-1,-1
3307,3,-1,-1
3307,4,-1,-1
3307,5,-1,-1
3307,6,-1,-1
3307,7,-1,-1
3308,0,0,160
3308,1,0,160
3308,2,-1,-1
3308,3,-1,-1
3308,4,-1,-1
3308,5,-1,-1
3308,6,-1,-1
3308,7,-1,-1
3309,0,0,160
3309,1,0,160
3309,2,-1,-1
3309,3,-1,-1
3309,4,-1,-1
3309,5,-1,-1
3309,6,-1,-1
3309,7,-1,-1
3310,0,0,160
3310,1,0,160
3310,2,-1,-1
3310,3,-1,-1
3310,4,-1,-1
3310,5,-1,-1
3310,6,-1,-1
3310,7,-1,-1
3311,0,0,160
3311,1,0,160
3311,2,-1,-1
3311,3,-1,-1
3311,4,-1,-1
3311,5,-1,-1
3311,6,-1,-1
3311,7,-1,-1
3312,0,0,160
3312,1,0,160
3312,2,-1,-1
3312,3,-1,-1
3312,4,-1,-1
3312,5,-1,-1
3312,6,-1,-1
3312,7,-1,-1
3313,0,0,160
3313,1,0,160
3313,2,-1,-1
3313,3,-1,-1
3313,4,-1,-1
3313,5,-1,-1
3313,6,-1,-1
3313,7,-1,-1
3314,0,0,160
3314,1,0,160
3314,2,-1,-1
3314,3,-1,-1
3314,4,-1,-1
3314,5,-1,-1
3314,6,-1,-1
3314,7,-1,-1
3315,0,0,160
3315,1,0,160
3315,2,-1,-1
3315,3,-1,-1
3315,4,-1,-1
3315,5,-1,-1
3315,6,-1,-1
3315,7,-1,-1
3316,0,0,160
3316,1,0,160
3316,2,-1,-1
3316,3,-1,-1
3316,4,-1,-1
3316,5,-1,-1
3316,6,-1,-1
3316,7,-1,-1
3317,0,0,160
3317,1,0,160
3317,2,-1,-1
3317,3,-1,-1
3317,4,-1,-1
3317,5,-1,-1
3317,6,-1,-1
3317,7,-1,-1
3318,0,0,160
3318,1,0,160
3318,2,-1,-1
3318,3,-1,-1
3318,4,-1,-1
3318,5,-1,-1
3318,6,-1,-1
3318,7,-1,-1
3319,0,0,160
3319,1,0,160
3319,2,-1,-1
3319,3,-1,-1
3319,4,-1,-1
3319,5,-1,-1
3319,6,-1,-1
3319,7,-1,-1
3320,0,0,160
3320,1,0,160
3320,2,-1,-1
3320,3,-1,-1
3320,4,-1,-1
3320,5,-1,-1
3320,6,-1,-1
3320,7,-1,-1
3321,0,0,160
3321,1,0,160
3321,2,-1,-1
3321,3,-1,-1
3321,4,-1,-1
3321,5,-1,-1
3321,6,-1,-1
3321,7,-1,-1
3322,0,0,160
3322,1,0,160
3322,2,-1,-1
3322,3,-1,-1
3322,4,-1,-1
3322,5,-1,-1
3322,6,-1,-1
3322,7,-1,-1
3323,0,0,160
3323,1,0,160
3323,2,-1,-1
3323,3,-1,-1
3323,4,-1,-1
3323,5,-1,-1
3323,6,-1,-1
3323,7,-1,-1
3324,0,0,160
3324,1,0,160
3324,2,-1,-1
3324,3,-1,-1
3324,4,-1,-1
3324,5,-1,-1
3324,6,-1,-1
3324,7,-1,-1
3325,0,0,160
3325,1,0,160
3325,2,-1,-1
3325,3,-1,-1
3325,4,-1,-1
3325,5,-1,-1
3325,6,-1,-1
3325,7,-1,-1
3326,0,0,160
3326,1,0,160
3326,2,-1,-1
3326,3,-1,-1
3326,4,-1,-1
3326,5,-1,-1
3326,6,-1,-1
3326,7,-1,-1
3327,0,0,160
3327,1,0,160
3327,2,-1,-1
3327,3,-1,-1
3327,4,-1,-1
3327,5,-1,-1
3327,6,-1,-1
3327,7,-1,-1
3328,0,0,160
3328,1,0,160
3328,2,-1,-1
3328,3,-1,-1
3328,4,-1,-1
3328,5,-1,-1
3328,6,-1,-1
3328,7,-1,-1
3329,0,0,160
3329,1,0,160
3329,2,-1,-1
3329,3,-1,-1
3329,4,-1,-1
3329,5,-1,-1
3329,6,-1,-1
3329,7,-1,-1
3330,0,0,160
3330,1,0,160
3330,2,-1,-1
3330,3,-1,-1
3330,4,-1,-1
3330,5,-1,-1
3330,6,-1,-1
3330,7,-1,-1
3331,0,0,160
3331,1,0,160
3331,2,-1,-1
3331,3,-1,-1
3331,4,-1,-1
3331,5,-1,-1
3331,6,-1,-1
3331,7,-1,-1
3332,0,0,160
3332,1,0,160
3332,2,-1,-1
3332,3,-1,-1
3332,4,-1,-1
3332,5,-1,-1
3332,6,-1,-1
3332,7,-1,-1
3333,0,0,160
3333,1,0,160
3333,2,-1,-1
3333,3,-1,-1
3333,4,-1,-1
3333,5,-1,-1
3333,6,-1,-1
3333,7,-1,-1
3334,0,0,160
3334,1,0,160
3334,2,-1,-1
3334,3,-1,-1
3334,4,-1,-1
3334,5,-1,-1
3334,6,-1,-1
3334,7,-1,-1
3335,0,0,160
3335,1,0,160
3335,2,-1,-1
3335,3,-1,-1
3335,4,-1,-1
3335,5,-1,-1
3335,6,-1,-1
3335,7,-1,-1
3336,0,0,160
3336,1,0,160
3336,2,-1,-1
3336,3,-1,-1
3336,4,-1,-1
3336,5,-1,-1
3336,6,-1,-1
3336,7,-1,-1
3337,0,0,160
3337,1,0,160
3337,2,-1,-1
3337,3,-1,-1
3337,4,-1,-1
3337,5,-1,-1
3337,6,-1,-1
3337,7,-1,-1
3338,0,0,160
3338,1,0,160
3338,2,-1,-1
3338,3,-1,-1
3338,4,-1,-1
3338,5,-1,-1
3338,6,-1,-1
3338,7,-1,-1
3339,0,0,160
3339,1,0,160
3339,2,-1,-1
3339,3,-1,-1
3339,4,-1,-1
3339,5,-1,-1
3339,6,-1,-1
3339,7,-1,-1
3340,0,0,160
3340,1,0,160
3340,2,-1,-1
3340,3,-1,-1
3340,4,-1,-1
3340,5,-1,-1
3340,6,-1,-1
3340,7,-1,-1
3341,0,0,160
3341,1,0,160
3341,2,-1,-1
3341,3,-1,-1
3341,4,-1,-1
3341,5,-1,-1
3341,6,-1,-1
3341,7,-1,-1
3342,0,0,160
3342,1,0,160
3342,2,-1,-1
3342,3,-1,-1
3342,4,-1,-1
3342,5,-1,-1
3342,6,-1,-1
3342,7,-1,-1
3343,0,0,160
3343,1,0,160
3343,2,-1,-1
3343,3,-1,-1
3343,4,-1,-1
3343,5,-1,-1
3343,6,-1,-1
3343,7,-1,-1
3344,0,0,160
3344,1,0,160
3344,2,-1,-1
3344,3,-1,-1
3344,4,-1,-1
3344,5,-1,-1
3344,6,-1,-1
3344,7,-1,-1
3345,0,0,160
3345,1,0,160
3345,2,-1,-1
3345,3,-1,-1
3345,4,-1,-1
3345,5,-1,-1
3345,6,-1,-1
3345,7,-1,-1
3346,0,0,160
3346,1,0,160
3346,2,-1,-1
3346,3,-1,-1
3346,4,-1,-1
3346,5,-1,-1
3346,6,-1,-1
3346,7,-1,-1
3347,0,0,160
3347,1,0,160
3347,2,-1,-1
3347,3,-1,-1
3347,4,-1,-1
3347,5,-1,-1
3347,6,-1,-1
3347,7,-1,-1
3348,0,0,160
3348,1,0,160
3348,2,-1,-1
3348,3,-1,-1
3348,4,-1,-1
3348,5,-1,-1
3348,6,-1,-1
3348,7,-1,-1
3349,0,0,160
3349,1,0,160
3349,2,-1,-1
3349,3,-1,-1
3349,4,-1,-1
3349,5,-1,-1
3349,6,-1,-1
3349,7,-1,-1
3350,0,0,160
3350,1,0,160
3350,2,-1,-1
3350,3,-1,-1
3350,4,-1,-1
3350,5,-1,-1
3350,6,-1,-1
3350,7,-1,-1
3351,0,0,160
3351,1,0,160
3351,2,-1,-1
3351,3,-1,-1
3351,4,-1,-1
3351,5,-1,-1
3351,6,-1,-1
3351,7,-1,-1
3352,0,0,160
3352,1,0,160
3352,2,-1,-1
3352,3,-1,-1
3352,4,-1,-1
3352,5,-1,-1
3352,6,-1,-1
3352,7,-1,-1
3353,0,0,160
3353,1,0,160
3353,2,-1,-1
3353,3,-1,-1
3353,4,-1,-1
3353,5,-1,-1
3353,6,-1,-1
3353,7,-1,-1
3354,0,0,160
3354,1,0,160
3354,2,-1,-1
3354,3,-1,-1
3354,4,-1,-1
3354,5,-1,-1
3354,6,-1,-1
3354,7,-1,-1
3355,0,0,160
3355,1,0,160
3355,2,-1,-1
3355,3,-1,-1
3355,4,-1,-1
3355,5,-1,-1
3355,6,-1,-1
3355,7,-1,-1
3356,0,0,160
3356,1,0,160
3356,2,-1,-1
3356,3,-1,-1
3356,4,-1,-1
3356,5,-1,-1
3356,6,-1,-1
3356,7,-1,-1
3357,0,0,160
3357,1,0,160
3357,2,-1,-1
3357,3,-1,-1
3357,4,-1,-1
3357,5,-1,-1
3357,6,-1,-1
3357,7,-1,-1
3358,0,0,160
3358,1,0,160
3358,2,-1,-1
3358,3,-1,-1
3358,4,-1,-1
3358,5,-1,-1
3358,6,-1,-1
3358,7,-1,-1
3359,0,0,160
3359,1,0,160
3359,2,-1,-1
3359,3,-1,-1
3359,4,-1,-1
3359,5,-1,-1
3359,6,-1,-1
3359,7,-1,-1
3360,0,0,160
3360,1,0,160
3360,2,-1,-1
3360,3,-1,-1
3360,4,-1,-1
3360,5,-1,-1
3360,6,-1,-1
3360,7,-1,-1
3361,0,0,160
3361,1,0,160
3361,2,-1,-1
3361,3,-1,-1
3361,4,-1,-1
3361,5,-1,-1
3361,6,-1,-1
3361,7,-1,-1
3362,0,0,160
3362,1,0,160
3362,2,-1,-1
3362,3,-1,-1
3362,4,-1,-1
3362,5,-1,-1
3362,6,-1,-1
3362,7,-1,-1
3363,0,0,160
3363,1,0,160
3363,2,-1,-1
3363,3,-1,-1
3363,4,-1,-1
3363,5,-1,-1
3363,6,-1,-1
3363,7,-1,-1
3364,0,0,160
3364,1,0,160
3364,2,-1,-1
3364,3,-1,-1
3364,4,-1,-1
3364,5,-1,-1
3364,6,-1,-1
3364,7,-1,-1
3365,0,0,160
3365,1,0,160
3365,2,-1,-1
3365,3,-1,-1
3365,4,-1,-1
3365,5,-1,-1
3365,6,-1,-1
3365,7,-1,-1
3366,0,0,160
3366,1,0,160
3366,2,-1,-1
3366,3,-1,-1
3366,4,-1,-1
3366,5,-1,-1
3366,6,-1,-1
3366,7,-1,-1
3367,0,0,160
3367,1,0,160
3367,2,-1,-1
3367,3,-1,-1
3367,4,-1,-1
3367,5,-1,-1
3367,6,-1,-1
3367,7,-1,-1
3368,0,0,160
3368,1,0,160
3368,2,-1,-1
3368,3,-1,-1
3368,4,-1,-1
3368,5,-1,-1
3368,6,-1,-1
3368,7,-1,-1
3369,0,0,160
3369,1,0,160
3369,2,-1,-1
3369,3,-1,-1
3369,4,-1,-1
3369,5,-1,-1
3369,6,-1,-1
3369,7,-1,-1
3370,0,0,160
3370,1,0,160
3370,2,-1,-1
3370,3,-1,-1
3370,4,-1,-1
3370,5,-1,-1
3370,6,-1,-1
3370,7,-1,-1
3371,0,0,160
3371,1,0,160
3371,2,-1,-1
3371,3,-1,-1
3371,4,-1,-1
3371,5,-1,-1
3371,6,-1,-1
3371,7,-1,-1
3372,0,0,160
3372,1,0,160
3372,2,-1,-1
3372,3,-1,-1
3372,4,-1,-1
3372,5,-1,-1
3372,6,-1,-1
3372,7,-1,-1
3373,0,0,160
3373,1,0,160
3373,2,-1,-1
3373,3,-1,-1
3373,4,-1,-1
3373,5,-1,-1
3373,6,-1,-1
3373,7,-1,-1
3374,0,0,160
3374,1,0,160
3374,2,-1,-1
3374,3,-1,-1
3374,4,-1,-1
3374,5,-1,-1
3374,6,-1,-1
3374,7,-1,-1
3375,0,0,160
3375,1,0,160
3375,2,-1,-1
3375,3,-1,-1
3375,4,-1,-1
3375,5,-1,-1
3375,6,-1,-1
3375,7,-1,-1
3376,0,0,160
3376,1,0,160
3376,2,-1,-1
3376,3,-1,-1
3376,4,-1,-1
3376,5,-1,-1
3376,6,-1,-1
3376,7,-1,-1
3377,0,0,160
3377,1,0,160
3377,2,-1,-1
3377,3,-1,-1
3377,4,-1,-1
3377,5,-1,-1
3377,6,-1,-1
3377,7,-1,-1
3378,0,0,160
3378,1,0,160
3378,2,-1,-1
3378,3,-1,-1
3378,4,-1,-1
3378,5,-1,-1
3378,6,-1,-1
3378,7,-1,-1
3379,0,0,160
3379,1,0,160
3379,2,-1,-1
3379,3,-1,-1
3379,4,-1,-1
3379,5,-1,-1
3379,6,-1,-1
3379,7,-1,-1
3380,0,0,160
3380,1,0,160
3380,2,-1,-1
3380,3,-1,-1
3380,4,-1,-1
3380,5,-1,-1
3380,6,-1,-1
3380,7,-1,-1
3381,0,0,160
3381,1,0,160
3381,2,-1,-1
3381,3,-1,-1
3381,4,-1,-1
3381,5,-1,-1
3381,6,-1,-1
3381,7,-1,-1
3382,0,0,160
3382,1,0,160
3382,2,-1,-1
3382,3,-1,-1
3382,4,-1,-1
3382,5,-1,-1
3382,6,-1,-1
3382,7,-1,-1
3383,0,0,160
3383,1,0,160
3383,2,-1,-1
3383,3,-1,-1
3383,4,-1,-1
3383,5,-1,-1
3383,6,-1,-1
3383,7,-1,-1
3384,0,0,160
3384,1,0,160
3384,2,-1,-1
3384,3,-1,-1
3384,4,-1,-1
3384,5,-1,-1
3384,6,-1,-1
3384,7,-1,-1
3385,0,0,160
3385,1,0,160
3385,2,-1,-1
3385,3,-1,-1
3385,4,-1,-1
3385,5,-1,-1
3385,6,-1,-1
3385,7,-1,-1
3386,0,0,160
3386,1,0,160
3386,2,-1,-1
3386,3,-1,-1
3386,4,-1,-1
3386,5,-1,-1
3386,6,-1,-1
3386,7,-1,-1
3387,0,0,160
3387,1,0,160
3387,2,-1,-1
3387,3,-1,-1
3387,4,-1,-1
3387,5,-1,-1
3387,6,-1,-1
3387,7,-1,-1
3388,0,0,160
3388,1,0,160
3388,2,-1,-1
3388,3,-1,-1
3388,4,-1,-1
3388,5,-1,-1
3388,6,-1,-1
3388,7,-1,-1
3389,0,0,160
3389,1,0,160
3389,2,-1,-1
3389,3,-1,-1
3389,4,-1,-1
3389,5,-1,-1
3389,6,-1,-1
3389,7,-1,-1
3390,0,0,160
3390,1,0,160
3390,2,-1,-1
3390,3,-1,-1
3390,4,-1,-1
3390,5,-1,-1
3390,6,-1,-1
3390,7,-1,-1
3391,0,0,160
3391,1,0,160
3391,2,-1,-1
3391,3,-1,-1
3391,4,-1,-1
3391,5,-1,-1
3391,6,-1,-1
3391,7,-1,-1
3392,0,0,160
3392,1,0,160
3392,2,-1,-1
3392,3,-1,-1
3392,4,-1,-1
3392,5,-1,-1
3392,6,-1,-1
3392,7,-1,-1
3393,0,0,160
3393,1,0,160
3393,2,-1,-1
3393,3,-1,-1
3393,4,-1,-1
3393,5,-1,-1
3393,6,-1,-1
3393,7,-1,-1
3394,0,0,160
3394,1,0,160
3394,2,-1,-1
3394,3,-1,-1
3394,4,-1,-1
3394,5,-1,-1
3394,6,-1,-1
3394,7,-1,-1
3395,0,0,160
3395,1,0,160
3395,2,-1,-1
3395,3,-1,-1
3395,4,-1,-1
3395,5,-1,-1
3395,6,-1,-1
3395,7,-1,-1
3396,0,0,160
3396,1,0,160
3396,2,-1,-1
3396,3,-1,-1
3396,4,-1,-1
3396,5,-1,-1
3396,6,-1,-1
3396,7,-1,-1
3397,0,0,160
3397,1,0,160
3397,2,-1,-1
3397,3,-1,-1
3397,4,-1,-1
3397,5,-1,-1
3397,6,-1,-1
3397,7,-1,-1
3398,0,0,160
3398,1,0,160
3398,2,-1,-1
3398,3,-1,-1
3398,4,-1,-1
3398,5,-1,-1
3398,6,-1,-1
3398,7,-1,-1
3399,0,0,160
3399,1,0,160
3399,2,-1,-1
3399,3,-1,-1
3399,4,-1,-1
3399,5,-1,-1
3399,6,-1,-1
3399,7,-1,-1
3400,0,0,160
3400,1,0,160
3400,2,-1,-1
3400,3,-1,-1
3400,4,-1,-1
3400,5,-1,-1
3400,6,-1,-1
3400,7,-1,-1
3401,0,0,160
3401,1,0,160
3401,2,-1,-1
3401,3,-1,-1
3401,4,-1,-1
3401,5,-1,-1
3401,6,-1,-1
3401,7,-1,-1
3402,0,0,160
3402,1,0,160
3402,2,-1,-1
3402,3,-1,-1
3402,4,-1,-1
3402,5,-1,-1
3402,6,-1,-1
3402,7,-1,-1
3403,0,0,160
3403,1,0,160
3403,2,-1,-1
3403,3,-1,-1
3403,4,-1,-1
3403,5,-1,-1
3403,6,-1,-1
3403,7,-1,-1
3404,0,0,160
3404,1,0,160
3404,2,-1,-1
3404,3,-1,-1
3404,4,-1,-1
3404,5,-1,-1
3404,6,-1,-1
3404,7,-1,-1
3405,0,0,160
3405,1,0,160
3405,2,-1,-1
3405,3,-1,-1
3405,4,-1,-1
3405,5,-1,-1
3405,6,-1,-1
3405,7,-1,-1
3406,0,0,160
3406,1,0,160
3406,2,-1,-1
3406,3,-1,-1
3406,4,-1,-1
3406,5,-1,-1
3406,6,-1,-1
3406,7,-1,-1
3407,0,0,160
3407,1,0,160
3407,2,-1,-1
3407,3,-1,-1
3407,4,-1,-1
3407,5,-1,-1
3407,6,-1,-1
3407,7,-1,-1
3408,0,0,160
3408,1,0,160
3408,2,-1,-1
3408,3,-1,-1
3408,4,-1,-1
3408,5,-1,-1
3408,6,-1,-1
3408,7,-1,-1
3409,0,0,160
3409,1,0,160
3409,2,-1,-1
3409,3,-1,-1
3409,4,-1,-1
3409,5,-1,-1
3409,6,-1,-1
3409,7,-1,-1
3410,0,0,160
3410,1,0,160
3410,2,-1,-1
3410,3,-1,-1
3410,4,-1,-1
3410,5,-1,-1
3410,6,-1,-1
3410,7,-1,-1
3411,0,0,160
3411,1,0,160
3411,2,-1,-1
3411,3,-1,-1
3411,4,-1,-1
3411,5,-1,-1
3411,6,-1,-1
3411,7,-1,-1
3412,0,0,160
3412,1,0,160
3412,2,-1,-1
3412,3,-1,-1
3412,4,-1,-1
3412,5,-1,-1
3412,6,-1,-1
3412,7,-1,-1
3413,0,0,160
3413,1,0,160
3413,2,-1,-1
3413,3,-1,-1
3413,4,-1,-1
3413,5,-1,-1
3413,6,-1,-1
3413,7,-1,-1
3414,0,0,160
3414,1,0,160
3414,2,-1,-1
3414,3,-1,-1
3414,4,-1,-1
3414,5,-1,-1
3414,6,-1,-1
3414,7,-1,-1
3415,0,0,160
3415,1,0,160
3415,2,-1,-1
3415,3,-1,-1
3415,4,-1,-1
3415,5,-1,-1
3415,6,-1,-1
3415,7,-1,-1
3416,0,0,160
3416,1,0,160
3416,2,-1,-1
3416,3,-1,-1
3416,4,-1,-1
3416,5,-1,-1
3416,6,-1,-1
3416,7,-1,-1
3417,0,0,160
3417,1,0,160
3417,2,-1,-1
3417,3,-1,-1
3417,4,-1,-1
3417,5,-1,-1
3417,6,-1,-1
3417,7,-1,-1
3418,0,0,160
3418,1,0,160
3418,2,-1,-1
3418,3,-1,-1
3418,4,-1,-1
3418,5,-1,-1
3418,6,-1,-1
3418,7,-1,-1
3419,0,0,160
3419,1,0,160
3419,2,-1,-1
3419,3,-1,-1
3419,4,-1,-1
3419,5,-1,-1
3419,6,-1,-1
3419,7,-1,-1
3420,0,0,160
3420,1,0,160
3420,2,-1,-1
3420,3,-1,-1
3420,4,-1,-1
3420,5,-1,-1
3420,6,-1,-1
3420,7,-1,-1
3421,0,0,160
3421,1,0,160
3421,2,-1,-1
3421,3,-1,-1
3421,4,-1,-1
3421,5,-1,-1
3421,6,-1,-1
3421,7,-1,-1
3422,0,0,160
3422,1,0,160
3422,2,-1,-1
3422,3,-1,-1
3422,4,-1,-1
3422,5,-1,-1
3422,6,-1,-1
3422,7,-1,-1
3423,0,0,160
3423,1,0,160
3423,2,-1,-1
3423,3,-1,-1
3423,4,-1,-1
3423,5,-1,-1
3423,6,-1,-1
3423,7,-1,-1
3424,0,0,160
3424,1,0,160
3424,2,-1,-1
3424,3,-1,-1
3424,4,-1,-1
3424,5,-1,-1
3424,6,-1,-1
3424,7,-1,-1
3425,0,0,160
3425,1,0,160
3425,2,-1,-1
3425,3,-1,-1
3425,4,-1,-1
3425,5,-1,-1
3425,6,-1,-1
3425,7,-1,-1
3426,0,0,160
3426,1,0,160
3426,2,-1,-1
3426,3,-1,-1
3426,4,-1,-1
3426,5,-1,-1
3426,6,-1,-1
3426,7,-1,-1
3427,0,0,160
3427,1,0,160
3427,2,-1,-1
3427,3,-1,-1
3427,4,-1,-1
3427,5,-1,-1
3427,6,-1,-1
3427,7,-1,-1
3428,0,0,160
3428,1,0,160
3428,2,-1,-1
3428,3,-1,-1
3428,4,-1,-1
3428,5,-1,-1
3428,6,-1,-1
3428,7,-1,-1
3429,0,0,160
3429,1,0,160
3429,2,-1,-1
3429,3,-1,-1
3429,4,-1,-1
3429,5,-1,-1
3429,6,-1,-1
3429,7,-1,-1
3430,0,0,160
3430,1,0,160
3430,2,-1,-1
3430,3,-1,-1
3430,4,-1,-1
3430,5,-1,-1
3430,6,-1,-1
3430,7,-1,-1
3431,0,0,160
3431,1,0,160
3431,2,-1,-1
3431,3,-1,-1
3431,4,-1,-1
3431,5,-1,-1
3431,6,-1,-1
3431,7,-1,-1
3432,0,0,160
3432,1,0,160
3432,2,-1,-1
3432,3,-1,-1
3432,4,-1,-1
3432,5,-1,-1
3432,6,-1,-1
3432,7,-1,-1
3433,0,0,160
3433,1,0,160
3433,2,-1,-1
3433,3,-1,-1
3433,4,-1,-1
3433,5,-1,-1
3433,6,-1,-1
3433,7,-1,-1
3434,0,0,160
3434,1,0,160
3434,2,-1,-1
3434,3,-1,-1
3434,4,-1,-1
3434,5,-1,-1
3434,6,-1,-1
3434,7,-1,-1
3435,0,0,160
3435,1,0,160
3435,2,-1,-1
3435,3,-1,-1
3435,4,-1,-1
3435,5,-1,-1
3435,6,-1,-1
3435,7,-1,-1
3436,0,0,160
3436,1,0,160
3436,2,-1,-1
3436,3,-1,-1
3436,4,-1,-1
3436,5,-1,-1
3436,6,-1,-1
3436,7,-1,-1
3437,0,0,160
3437,1,0,160
3437,2,-1,-1
3437,3,-1,-1
3437,4,-1,-1
3437,5,-1,-1
3437,6,-1,-1
3437,7,-1,-1
3438,0,0,160
3438,1,0,160
3438,2,-1,-1
3438,3,-1,-1
3438,4,-1,-1
3438,5,-1,-1
3438,6,-1,-1
3438,7,-1,-1
3439,0,0,160
3439,1,0,160
3439,2,-1,-1
3439,3,-1,-1
3439,4,-1,-1
3439,5,-1,-1
3439,6,-1,-1
3439,7,-1,-1
3440,0,0,160
3440,1,0,160
3440,2,-1,-1
3440,3,-1,-1
3440,4,-1,-1
3440,5,-1,-1
3440,6,-1,-1
3440,7,-1,-1
3441,0,0,160
3441,1,0,160
3441,2,-1,-1
3441,3,-1,-1
3441,4,-1,-1
3441,5,-1,-1
3441,6,-1,-1
3441,7,-1,-1
3442,0,0,160
3442,1,0,160
3442,2,-1,-1
3442,3,-1,-1
3442,4,-1,-1
3442,5,-1,-1
3442,6,-1,-1
3442,7,-1,-1
3443,0,0,160
3443,1,0,160
3443,2,-1,-1
3443,3,-1,-1
3443,4,-1,-1
3443,5,-1,-1
3443,6,-1,-1
3443,7,-1,-1
3444,0,0,160
3444,1,0,160
3444,2,-1,-1
3444,3,-1,-1
3444,4,-1,-1
3444,5,-1,-1
3444,6,-1,-1
3444,7,-1,-1
3445,0,0,160
3445,1,0,160
3445,2,-1,-1
3445,3,-1,-1
3445,4,-1,-1
3445,5,-1,-1
3445,6,-1,-1
3445,7,-1,-1
3446,0,0,160
3446,1,0,160
3446,2,-1,-1
3446,3,-1,-1
3446,4,-1,-1
3446,5,-1,-1
3446,6,-1,-1
3446,7,-1,-1
3447,0,0,160
3447,1,0,160
3447,2,-1,-1
3447,3,-1,-1
3447,4,-1,-1
3447,5,-1,-1
3447,6,-1,-1
3447,7,-1,-1
3448,0,0,160
3448,1,0,160
3448,2,-1,-1
3448,3,-1,-1
3448,4,-1,-1
3448,5,-1,-1
3448,6,-1,-1
3448,7,-1,-1
3449,0,0,160
3449,1,0,160
3449,2,-1,-1
3449,3,-1,-1
3449,4,-1,-1
3449,5,-1,-1
3449,6,-1,-1
3449,7,-1,-1
3450,0,0,160
3450,1,0,160
3450,2,-1,-1
3450,3,-1,-1
3450,4,-1,-1
3450,5,-1,-1
3450,6,-1,-1
3450,7,-1,-1
3451,0,0,160
3451,1,0,160
3451,2,-1,-1
3451,3,-1,-1
3451,4,-1,-1
3451,5,-1,-1
3451,6,-1,-1
3451,7,-1,-1
3452,0,0,160
3452,1,0,160
3452,2,-1,-1
3452,3,-1,-1
3452,4,-1,-1
3452,5,-1,-1
3452,6,-1,-1
3452,7,-1,-1
3453,0,0,160
3453,1,0,160
3453,2,-1,-1
3453,3,-1,-1
3453,4,-1,-1
3453,5,-1,-1
3453,6,-1,-1
3453,7,-1,-1
3454,0,0,160
3454,1,0,160
3454,2,-1,-1
3454,3,-1,-1
3454,4,-1,-1
3454,5,-1,-1
3454,6,-1,-1
3454,7,-1,-1
3455,0,0,160
3455,1,0,160
3455,2,-1,-1
3455,3,-1,-1
3455,4,-1,-1
3455,5,-1,-1
3455,6,-1,-1
3455,7,-1,-1
3456,0,0,160
3456,1,0,160
3456,2,-1,-1
3456,3,-1,-1
3456,4,-1,-1
3456,5,-1,-1
3456,6,-1,-1
3456,7,-1,-1
3457,0,0,160
3457,1,0,160
3457,2,-1,-1
3457,3,-1,-1
3457,4,-1,-1
3457,5,-1,-1
3457,6,-1,-1
3457,7,-1,-1
3458,0,0,160
3458,1,0,160
3458,2,-1,-1
3458,3,-1,-1
3458,4,-1,-1
3458,5,-1,-1
3458,6,-1,-1
3458,7,-1,-1
3459,0,0,160
3459,1,0,160
3459,2,-1,-1
3459,3,-1,-1
3459,4,-1,-1
3459,5,-1,-1
3459,6,-1,-1
3459,7,-1,-1
3460,0,0,160
3460,1,0,160
3460,2,-1,-1
3460,3,-1,-1
3460,4,-1,-1
3460,5,-1,-1
3460,6,-1,-1
3460,7,-1,-1
3461,0,0,160
3461,1,0,160
3461,2,-1,-1
3461,3,-1,-1
3461,4,-1,-1
3461,5,-1,-1
3461,6,-1,-1
3461,7,-1,-1
3462,0,0,160
3462,1,0,160
3462,2,-1,-1
3462,3,-1,-1
3462,4,-1,-1
3462,5,-1,-1
3462,6,-1,-1
3462,7,-1,-1
3463,0,0,160
3463,1,0,160
3463,2,-1,-1
3463,3,-1,-1
3463,4,-1,-1
3463,5,-1,-1
3463,6,-1,-1
3463,7,-1,-1
3464,0,0,160
3464,1,0,160
3464,2,-1,-1
3464,3,-1,-1
3464,4,-1,-1
3464,5,-1,-1
3464,6,-1,-1
3464,7,-1,-1
3465,0,0,160
3465,1,0,160
3465,2,-1,-1
3465,3,-1,-1
3465,4,-1,-1
3465,5,-1,-1
3465,6,-1,-1
3465,7,-1,-1
3466,0,0,160
3466,1,0,160
3466,2,-1,-1
3466,3,-1,-1
3466,4,-1,-1
3466,5,-1,-1
3466,6,-1,-1
3466,7,-1,-1
3467,0,0,160
3467,1,0,160
3467,2,-1,-1
3467,3,-1,-1
3467,4,-1,-1
3467,5,-1,-1
3467,6,-1,-1
3467,7,-1,-1
3468,0,0,160
3468,1,0,160
3468,2,-1,-1
3468,3,-1,-1
3468,4,-1,-1
3468,5,-1,-1
3468,6,-1,-1
3468,7,-1,-1
3469,0,0,160
3469,1,0,160
3469,2,-1,-1
3469,3,-1,-1
3469,4,-1,-1
3469,5,-1,-1
3469,6,-1,-1
3469,7,-1,-1
3470,0,0,160
3470,1,0,160
3470,2,-1,-1
3470,3,-1,-1
3470,4,-1,-1
3470,5,-1,-1
3470,6,-1,-1
3470,7,-1,-1
3471,0,0,160
3471,1,0,160
3471,2,-1,-1
3471,3,-1,-1
3471,4,-1,-1
3471,5,-1,-1
3471,6,-1,-1
3471,7,-1,-1
3472,0,0,160
3472,1,0,160
3472,2,-1,-1
3472,3,-1,-1
3472,4,-1,-1
3472,5,-1,-1
3472,6,-1,-1
3472,7,-1,-1
3473,0,0,160
3473,1,0,160
3473,2,-1,-1
3473,3,-1,-1
3473,4,-1,-1
3473,5,-1,-1
3473,6,-1,-1
3473,7,-1,-1
3474,0,0,160
3474,1,0,160
3474,2,-1,-1
3474,3,-1,-1
3474,4,-1,-1
3474,5,-1,-1
3474,6,-1,-1
3474,7,-1,-1
3475,0,0,160
3475,1,0,160
3475,2,-1,-1
3475,3,-1,-1
3475,4,-1,-1
3475,5,-1,-1
3475,6,-1,-1
3475,7,-1,-1
3476,0,0,160
3476,1,0,160
3476,2,-1,-1
3476,3,-1,-1
3476,4,-1,-1
3476,5,-1,-1
3476,6,-1,-1
3476,7,-1,-1
3477,0,0,160
3477,1,0,160
3477,2,-1,-1
3477,3,-1,-1
3477,4,-1,-1
3477,5,-1,-1
3477,6,-1,-1
3477,7,-1,-1
3478,0,0,160
3478,1,0,160
3478,2,-1,-1
3478,3,-1,-1
3478,4,-1,-1
3478,5,-1,-1
3478,6,-1,-1
3478,7,-1,-1
3479,0,0,160
3479,1,0,160
3479,2,-1,-1
3479,3,-1,-1
3479,4,-1,-1
3479,5,-1,-1
3479,6,-1,-1
3479,7,-1,-1
3480,0,0,160
3480,1,0,160
3480,2,-1,-1
3480,3,-1,-1
3480,4,-1,-1
3480,5,-1,-1
3480,6,-1,-1
3480,7,-1,-1
3481,0,0,160
3481,1,0,160
3481,2,-1,-1
3481,3,-1,-1
3481,4,-1,-1
3481,5,-1,-1
3481,6,-1,-1
3481,7,-1,-1
3482,0,0,160
3482,1,0,160
3482,2,-1,-1
3482,3,-1,-1
3482,4,-1,-1
3482,5,-1,-1
3482,6,-1,-1
3482,7,-1,-1
3483,0,0,160
3483,1,0,160
3483,2,-1,-1
3483,3,-1,-1
3483,4,-1,-1
3483,5,-1,-1
3483,6,-1,-1
3483,7,-1,-1
3484,0,0,160
3484,1,0,160
3484,2,-1,-1
3484,3,-1,-1
3484,4,-1,-1
3484,5,-1,-1
3484,6,-1,-1
3484,7,-1,-1
3485,0,0,160
3485,1,0,160
3485,2,-1,-1
3485,3,-1,-1
3485,4,-1,-1
3485,5,-1,-1
3485,6,-1,-1
3485,7,-1,-1
3486,0,0,160
3486,1,0,160
3486,2,-1,-1
3486,3,-1,-1
3486,4,-1,-1
3486,5,-1,-1
3486,6,-1,-1
3486,7,-1,-1
3487,0,0,160
3487,1,0,160
3487,2,-1,-1
3487,3,-1,-1
3487,4,-1,-1
3487,5,-1,-1
3487,6,-1,-1
3487,7,-1,-1
3488,0,0,160
3488,1,0,160
3488,2,-1,-1
3488,3,-1,-1
3488,4,-1,-1
3488,5,-1,-1
3488,6,-1,-1
3488,7,-1,-1
3489,0,0,160
3489,1,0,160
3489,2,-1,-1
3489,3,-1,-1
3489,4,-1,-1
3489,5,-1,-1
3489,6,-1,-1
3489,7,-1,-1
3490,0,0,160
3490,1,0,160
3490,2,-1,-1
3490,3,-1,-1
3490,4,-1,-1
3490,5,-1,-1
3490,6,-1,-1
3490,7,-1,-1
3491,0,0,160
3491,1,0,160
3491,2,-1,-1
3491,3,-1,-1
3491,4,-1,-1
3491,5,-1,-1
3491,6,-1,-1
3491,7,-1,-1
3492,0,0,160
3492,1,0,160
3492,2,-1,-1
3492,3,-1,-1
3492,4,-1,-1
3492,5,-1,-1
3492,6,-1,-1
3492,7,-1,-1
3493,0,0,160
3493,1,0,160
3493,2,-1,-1
3493,3,-1,-1
3493,4,-1,-1
3493,5,-1,-1
3493,6,-1,-1
3493,7,-1,-1
3494,0,0,160
3494,1,0,160
3494,2,-1,-1
3494,3,-1,-1
3494,4,-1,-1
3494,5,-1,-1
3494,6,-1,-1
3494,7,-1,-1
3495,0,0,160
3495,1,0,160
3495,2,-1,-1
3495,3,-1,-1
3495,4,-1,-1
3495,5,-1,-1
3495,6,-1,-1
3495,7,-1,-1
3496,0,0,160
3496,1,0,160
3496,2,-1,-1
3496,3,-1,-1
3496,4,-1,-1
3496,5,-1,-1
3496,6,-1,-1
3496,7,-1,-1
3497,0,0,160
3497,1,0,160
3497,2,-1,-1
3497,3,-1,-1
3497,4,-1,-1
3497,5,-1,-1
3497,6,-1,-1
3497,7,-1,-1
3498,0,0,160
3498,1,0,160
3498,2,-1,-1
3498,3,-1,-1
3498,4,-1,-1
3498,5,-1,-1
3498,6,-1,-1
3498,7,-1,-1
3499,0,0,160
3499,1,0,160
3499,2,-1,-1
3499,3,-1,-1
3499,4,-1,-1
3499,5,-1,-1
3499,6,-1,-1
3499,7,-1,-1
3500,0,0,160
3500,1,0,160
3500,2,-1,-1
3500,3,-1,-1
3500,4,-1,-1
3500,5,-1,-1
3500,6,-1,-1
3500,7,-1,-1
3501,0,0,160
3501,1,0,160
3501,2,-1,-1
3501,3,-1,-1
3501,4,-1,-1
3501,5,-1,-1
3501,6,-1,-1
3501,7,-1,-1
3502,0,0,160
3502,1,0,160
3502,2,-1,-1
3502,3,-1,-1
3502,4,-1,-1
3502,5,-1,-1
3502,6,-1,-1
3502,7,-1,-1
3503,0,0,160
3503,1,0,160
3503,2,-1,-1
3503,3,-1,-1
3503,4,-1,-1
3503,5,-1,-1
3503,6,-1,-1
3503,7,-1,-1
3504,0,0,160
3504,1,0,160
3504,2,-1,-1
3504,3,-1,-1
3504,4,-1,-1
3504,5,-1,-1
3504,6,-1,-1
3504,7,-1,-1
3505,0,0,160
3505,1,0,160
3505,2,-1,-1
3505,3,-1,-1
3505,4,-1,-1
3505,5,-1,-1
3505,6,-1,-1
3505,7,-1,-1
3506,0,0,160
3506,1,0,160
3506,2,-1,-1
3506,3,-1,-1
3506,4,-1,-1
3506,5,-1,-1
3506,6,-1,-1
3506,7,-1,-1
3507,0,0,160
3507,1,0,160
3507,2,-1,-1
3507,3,-1,-1
3507,4,-1,-1
3507,5,-1,-1
3507,6,-1,-1
3507,7,-1,-1
3508,0,0,160
3508,1,0,160
3508,2,-1,-1
3508,3,-1,-1
3508,4,-1,-1
3508,5,-1,-1
3508,6,-1,-1
3508,7,-1,-1
3509,0,0,160
3509,1,0,160
3509,2,-1,-1
3509,3,-1,-1
3509,4,-1,-1
3509,5,-1,-1
3509,6,-1,-1
3509,7,-1,-1
3510,0,0,160
3510,1,0,160
3510,2,-1,-1
3510,3,-1,-1
3510,4,-1,-1
3510,5,-1,-1
3510,6,-1,-1
3510,7,-1,-1
3511,0,0,160
3511,1,0,160
3511,2,-1,-1
3511,3,-1,-1
3511,4,-1,-1
3511,5,-1,-1
3511,6,-1,-1
3511,7,-1,-1
3512,0,0,160
3512,1,0,160
3512,2,-1,-1
3512,3,-1,-1
3512,4,-1,-1
3512,5,-1,-1
3512,6,-1,-1
3512,7,-1,-1
3513,0,0,160
3513,1,0,160
3513,2,-1,-1
3513,3,-1,-1
3513,4,-1,-1
3513,5,-1,-1
3513,6,-1,-1
3513,7,-1,-1
3514,0,0,160
3514,1,0,160
3514,2,-1,-1
3514,3,-1,-1
3514,4,-1,-1
3514,5,-1,-1
3514,6,-1,-1
3514,7,-1,-1
3515,0,0,160
3515,1,0,160
3515,2,-1,-1
3515,3,-1,-1
3515,4,-1,-1
3515,5,-1,-1
3515,6,-1,-1
3515,7,-1,-1
3516,0,0,160
3516,1,0,160
3516,2,-1,-1
3516,3,-1,-1
3516,4,-1,-1
3516,5,-1,-1
3516,6,-1,-1
3516,7,-1,-1
3517,0,0,160
3517,1,0,160
3517,2,-1,-1
3517,3,-1,-1
3517,4,-1,-1
3517,5,-1,-1
3517,6,-1,-1
3517,7,-1,-1
3518,0,0,160
3518,1,0,160
3518,2,-1,-1
3518,3,-1,-1
3518,4,-1,-1
3518,5,-1,-1
3518,6,-1,-1
3518,7,-1,-1
3519,0,0,160
3519,1,0,160
3519,2,-1,-1
3519,3,-1,-1
3519,4,-1,-1
3519,5,-1,-1
3519,6,-1,-1
3519,7,-1,-1
3520,0,0,160
3520,1,0,160
3520,2,-1,-1
3520,3,-1,-1
3520,4,-1,-1
3520,5,-1,-1
3520,6,-1,-1
3520,7,-1,-1
3521,0,0,160
3521,1,0,160
3521,2,-1,-1
3521,3,-1,-1
3521,4,-1,-1
3521,5,-1,-1
3521,6,-1,-1
3521,7,-1,-1
3522,0,0,160
3522,1,0,160
3522,2,-1,-1
3522,3,-1,-1
3522,4,-1,-1
3522,5,-1,-1
3522,6,-1,-1
3522,7,-1,-1
3523,0,0,160
3523,1,0,160
3523,2,-1,-1
3523,3,-1,-1
3523,4,-1,-1
3523,5,-1,-1
3523,6,-1,-1
3523,7,-1,-1
3524,0,0,160
3524,1,0,160
3524,2,-1,-1
3524,3,-1,-1
3524,4,-1,-1
3524,5,-1,-1
3524,6,-1,-1
3524,7,-1,-1
3525,0,0,160
3525,1,0,160
3525,2,-1,-1
3525,3,-1,-1
3525,4,-1,-1
3525,5,-1,-1
3525,6,-1,-1
3525,7,-1,-1
3526,0,0,160
3526,1,0,160
3526,2,-1,-1
3526,3,-1,-1
3526,4,-1,-1
3526,5,-1,-1
3526,6,-1,-1
3526,7,-1,-1
3527,0,0,160
3527,1,0,160
3527,2,-1,-1
3527,3,-1,-1
3527,4,-1,-1
3527,5,-1,-1
3527,6,-1,-1
3527,7,-1,-1
3528,0,0,160
3528,1,0,160
3528,2,-1,-1
3528,3,-1,-1
3528,4,-1,-1
3528,5,-1,-1
3528,6,-1,-1
3528,7,-1,-1
3529,0,0,160
3529,1,0,160
3529,2,-1,-1
3529,3,-1,-1
3529,4,-1,-1
3529,5,-1,-1
3529,6,-1,-1
3529,7,-1,-1
3530,0,0,160
3530,1,0,160
3530,2,-1,-1
3530,3,-1,-1
3530,4,-1,-1
3530,5,-1,-1
3530,6,-1,-1
3530,7,-1,-1
3531,0,0,160
3531,1,0,160
3531,2,-1,-1
3531,3,-1,-1
3531,4,-1,-1
3531,5,-1,-1
3531,6,-1,-1
3531,7,-1,-1
3532,0,0,160
3532,1,0,160
3532,2,-1,-1
3532,3,-1,-1
3532,4,-1,-1
3532,5,-1,-1
3532,6,-1,-1
3532,7,-1,-1
3533,0,0,160
3533,1,0,160
3533,2,-1,-1
3533,3,-1,-1
3533,4,-1,-1
3533,5,-1,-1
3533,6,-1,-1
3533,7,-1,-1
3534,0,0,160
3534,1,0,160
3534,2,-1,-1
3534,3,-1,-1
3534,4,-1,-1
3534,5,-1,-1
3534,6,-1,-1
3534,7,-1,-1
3535,0,0,160
3535,1,0,160
3535,2,-1,-1
3535,3,-1,-1
3535,4,-1,-1
3535,5,-1,-1
3535,6,-1,-1
3535,7,-1,-1
3536,0,0,160
3536,1,0,160
3536,2,-1,-1
3536,3,-1,-1
3536,4,-1,-1
3536,5,-1,-1
3536,6,-1,-1
3536,7,-1,-1
3537,0,0,160
3537,1,0,160
3537,2,-1,-1
3537,3,-1,-1
3537,4,-1,-1
3537,5,-1,-1
3537,6,-1,-1
3537,7,-1,-1
3538,0,0,160
3538,1,0,160
3538,2,-1,-1
3538,3,-1,-1
3538,4,-1,-1
3538,5,-1,-1
3538,6,-1,-1
3538,7,-1,-1
3539,0,0,160
3539,1,0,160
3539,2,-1,-1
3539,3,-1,-1
3539,4,-1,-1
3539,5,-1,-1
3539,6,-1,-1
3539,7,-1,-1
3540,0,0,160
3540,1,0,160
3540,2,-1,-1
3540,3,-1,-1
3540,4,-1,-1
3540,5,-1,-1
3540,6,-1,-1
3540,7,-1,-1
3541,0,0,160
3541,1,0,160
3541,2,-1,-1
3541,3,-1,-1
3541,4,-1,-1
3541,5,-1,-1
3541,6,-1,-1
3541,7,-1,-1
3542,0,0,160
3542,1,0,160
3542,2,-1,-1
3542,3,-1,-1
3542,4,-1,-1
3542,5,-1,-1
3542,6,-1,-1
3542,7,-1,-1
3543,0,0,160
3543,1,0,160
3543,2,-1,-1
3543,3,-1,-1
3543,4,-1,-1
3543,5,-1,-1
3543,6,-1,-1
3543,7,-1,-1
3544,0,0,160
3544,1,0,160
3544,2,-1,-1
3544,3,-1,-1
3544,4,-1,-1
3544,5,-1,-1
3544,6,-1,-1
3544,7,-1,-1
3545,0,0,160
3545,1,0,160
3545,2,-1,-1
3545,3,-1,-1
3545,4,-1,-1
3545,5,-1,-1
3545,6,-1,-1
3545,7,-1,-1
3546,0,0,160
3546,1,0,160
3546,2,-1,-1
3546,3,-1,-1
3546,4,-1,-1
3546,5,-1,-1
3546,6,-1,-1
3546,7,-1,-1
3547,0,0,160
3547,1,0,160
3547,2,-1,-1
3547,3,-1,-1
3547,4,-1,-1
3547,5,-1,-1
3547,6,-1,-1
3547,7,-1,-1
3548,0,0,160
3548,1,0,160
3548,2,-1,-1
3548,3,-1,-1
3548,4,-1,-1
3548,5,-1,-1
3548,6,-1,-1
3548,7,-1,-1
3549,0,0,160
3549,1,0,160
3549,2,-1,-1
3549,3,-1,-1
3549,4,-1,-1
3549,5,-1,-1
3549,6,-1,-1
3549,7,-1,-1
3550,0,0,160
3550,1,0,160
3550,2,-1,-1
3550,3,-1,-1
3550,4,-1,-1
3550,5,-1,-1
3550,6,-1,-1
3550,7,-1,-1
3551,0,0,160
3551,1,0,160
3551,2,-1,-1
3551,3,-1,-1
3551,4,-1,-1
3551,5,-1,-1
3551,6,-1,-1
3551,7,-1,-1
3552,0,0,160
3552,1,0,160
3552,2,-1,-1
3552,3,-1,-1
3552,4,-1,-1
3552,5,-1,-1
3552,6,-1,-1
3552,7,-1,-1
3553,0,0,160
3553,1,0,160
3553,2,-1,-1
3553,3,-1,-1
3553,4,-1,-1
3553,5,-1,-1
3553,6,-1,-1
3553,7,-1,-1
3554,0,0,160
3554,1,0,160
3554,2,-1,-1
3554,3,-1,-1
3554,4,-1,-1
3554,5,-1,-1
3554,6,-1,-1
3554,7,-1,-1
3555,0,0,160
3555,1,0,160
3555,2,-1,-1
3555,3,-1,-1
3555,4,-1,-1
3555,5,-1,-1
3555,6,-1,-1
3555,7,-1,-1
3556,0,0,160
3556,1,0,160
3556,2,-1,-1
3556,3,-1,-1
3556,4,-1,-1
3556,5,-1,-1
3556,6,-1,-1
3556,7,-1,-1
3557,0,0,160
3557,1,0,160
3557,2,-1,-1
3557,3,-1,-1
3557,4,-1,-1
3557,5,-1,-1
3557,6,-1,-1
3557,7,-1,-1
3558,0,0,160
3558,1,0,160
3558,2,-1,-1
3558,3,-1,-1
3558,4,-1,-1
3558,5,-1,-1
3558,6,-1,-1
3558,7,-1,-1
3559,0,0,160
3559,1,0,160
3559,2,-1,-1
3559,3,-1,-1
3559,4,-1,-1
3559,5,-1,-1
3559,6,-1,-1
3559,7,-1,-1
3560,0,0,160
3560,1,0,160
3560,2,-1,-1
3560,3,-1,-1
3560,4,-1,-1
3560,5,-1,-1
3560,6,-1,-1
3560,7,-1,-1
3561,0,0,160
3561,1,0,160
3561,2,-1,-1
3561,3,-1,-1
3561,4,-1,-1
3561,5,-1,-1
3561,6,-1,-1
3561,7,-1,-1
3562,0,0,160
3562,1,0,160
3562,2,-1,-1
3562,3,-1,-1
3562,4,-1,-1
3562,5,-1,-1
3562,6,-1,-1
3562,7,-1,-1
3563,0,0,160
3563,1,0,160
3563,2,-1,-1
3563,3,-1,-1
3563,4,-1,-1
3563,5,-1,-1
3563,6,-1,-1
3563,7,-1,-1
3564,0,0,160
3564,1,0,160
3564,2,-1,-1
3564,3,-1,-1
3564,4,-1,-1
3564,5,-1,-1
3564,6,-1,-1
3564,7,-1,-1
3565,0,0,160
3565,1,0,160
3565,2,-1,-1
3565,3,-1,-1
3565,4,-1,-1
3565,5,-1,-1
3565,6,-1,-1
3565,7,-1,-1
3566,0,0,160
3566,1,0,160
3566,2,-1,-1
3566,3,-1,-1
3566,4,-1,-1
3566,5,-1,-1
3566,6,-1,-1
3566,7,-1,-1
3567,0,0,160
3567,1,0,160
3567,2,-1,-1
3567,3,-1,-1
3567,4,-1,-1
3567,5,-1,-1
3567,6,-1,-1
3567,7,-1,-1
3568,0,0,160
3568,1,0,160
3568,2,-1,-1
3568,3,-1,-1
3568,4,-1,-1
3568,5,-1,-1
3568,6,-1,-1
3568,7,-1,-1
3569,0,0,160
3569,1,0,160
3569,2,-1,-1
3569,3,-1,-1
3569,4,-1,-1
3569,5,-1,-1
3569,6,-1,-1
3569,7,-1,-1
3570,0,0,160
3570,1,0,160
3570,2,-1,-1
3570,3,-1,-1
3570,4,-1,-1
3570,5,-1,-1
3570,6,-1,-1
3570,7,-1,-1
3571,0,0,160
3571,1,0,160
3571,2,-1,-1
3571,3,-1,-1
3571,4,-1,-1
3571,5,-1,-1
3571,6,-1,-1
3571,7,-1,-1
3572,0,0,160
3572,1,0,160
3572,2,-1,-1
3572,3,-1,-1
3572,4,-1,-1
3572,5,-1,-1
3572,6,-1,-1
3572,7,-1,-1
3573,0,0,160
3573,1,0,160
3573,2,-1,-1
3573,3,-1,-1
3573,4,-1,-1
3573,5,-1,-1
3573,6,-1,-1
3573,7,-1,-1
3574,0,0,160
3574,1,0,160
3574,2,-1,-1
3574,3,-1,-1
3574,4,-1,-1
3574,5,-1,-1
3574,6,-1,-1
3574,7,-1,-1
3575,0,0,160
3575,1,0,160
3575,2,-1,-1
3575,3,-1,-1
3575,4,-1,-1
3575,5,-1,-1
3575,6,-1,-1
3575,7,-1,-1
3576,0,0,160
3576,1,0,160
3576,2,-1,-1
3576,3,-1,-1
3576,4,-1,-1
3576,5,-1,-1
3576,6,-1,-1
3576,7,-1,-1
3577,0,0,160
3577,1,0,160
3577,2,-1,-1
3577,3,-1,-1
3577,4,-1,-1
3577,5,-1,-1
3577,6,-1,-1
3577,7,-1,-1
3578,0,0,160
3578,1,0,160
3578,2,-1,-1
3578,3,-1,-1
3578,4,-1,-1
3578,5,-1,-1
3578,6,-1,-1
3578,7,-1,-1
3579,0,0,160
3579,1,0,160
3579,2,-1,-1
3579,3,-1,-1
3579,4,-1,-1
3579,5,-1,-1
3579,6,-1,-1
3579,7,-1,-1
3580,0,0,160
3580,1,0,160
3580,2,-1,-1
3580,3,-1,-1
3580,4,-1,-1
3580,5,-1,-1
3580,6,-1,-1
3580,7,-1,-1
3581,0,0,160
3581,1,0,160
3581,2,-1,-1
3581,3,-1,-1
3581,4,-1,-1
3581,5,-1,-1
3581,6,-1,-1
3581,7,-1,-1
3582,0,0,160
3582,1,0,160
3582,2,-1,-1
3582,3,-1,-1
3582,4,-1,-1
3582,5,-1,-1
3582,6,-1,-1
3582,7,-1,-1
3583,0,0,160
3583,1,0,160
3583,2,-1,-1
3583,3,-1,-1
3583,4,-1,-1
3583,5,-1,-1
3583,6,-1,-1
3583,7,-1,-1
3584,0,0,160
3584,1,0,160
3584,2,-1,-1
3584,3,-1,-1
3584,4,-1,-1
3584,5,-1,-1
3584,6,-1,-1
3584,7,-1,-1
3585,0,0,160
3585,1,0,160
3585,2,-1,-1
3585,3,-1,-1
3585,4,-1,-1
3585,5,-1,-1
3585,6,-1,-1
3585,7,-1,-1
3586,0,0,160
3586,1,0,160
3586,2,-1,-1
3586,3,-1,-1
3586,4,-1,-1
3586,5,-1,-1
3586,6,-1,-1
3586,7,-1,-1
3587,0,0,160
3587,1,0,160
3587,2,-1,-1
3587,3,-1,-1
3587,4,-1,-1
3587,5,-1,-1
3587,6,-1,-1
3587,7,-1,-1
3588,0,0,160
3588,1,0,160
3588,2,-1,-1
3588,3,-1,-1
3588,4,-1,-1
3588,5,-1,-1
3588,6,-1,-1
3588,7,-1,-1
3589,0,0,160
3589,1,0,160
3589,2,-1,-1
3589,3,-1,-1
3589,4,-1,-1
3589,5,-1,-1
3589,6,-1,-1
3589,7,-1,-1
3590,0,0,160
3590,1,0,160
3590,2,-1,-1
3590,3,-1,-1
3590,4,-1,-1
3590,5,-1,-1
3590,6,-1,-1
3590,7,-1,-1
3591,0,0,160
3591,1,0,160
3591,2,-1,-1
3591,3,-1,-1
3591,4,-1,-1
3591,5,-1,-1
3591,6,-1,-1
3591,7,-1,-1
3592,0,0,160
3592,1,0,160
3592,2,-1,-1
3592,3,-1,-1
3592,4,-1,-1
3592,5,-1,-1
3592,6,-1,-1
3592,7,-1,-1
3593,0,0,160
3593,1,0,160
3593,2,-1,-1
3593,3,-1,-1
3593,4,-1,-1
3593,5,-1,-1
3593,6,-1,-1
3593,7,-1,-1
3594,0,0,160
3594,1,0,160
3594,2,-1,-1
3594,3,-1,-1
3594,4,-1,-1
3594,5,-1,-1
3594,6,-1,-1
3594,7,-1,-1
3595,0,0,160
3595,1,0,160
3595,2,-1,-1
3595,3,-1,-1
3595,4,-1,-1
3595,5,-1,-1
3595,6,-1,-1
3595,7,-1,-1
3596,0,0,160
3596,1,0,160
3596,2,-1,-1
3596,3,-1,-1
3596,4,-1,-1
3596,5,-1,-1
3596,6,-1,-1
3596,7,-1,-1
3597,0,0,160
3597,1,0,160
3597,2,-1,-1
3597,3,-1,-1
3597,4,-1,-1
3597,5,-1,-1
3597,6,-1,-1
3597,7,-1,-1
3598,0,0,160
3598,1,0,160
3598,2,-1,-1
3598,3,-1,-1
3598,4,-1,-1
3598,5,-1,-1
3598,6,-1,-1
3598,7,-1,-1
3599,0,0,160
3599,1,0,160
3599,2,-1,-1
3599,3,-1,-1
3599,4,-1,-1
3599,5,-1,-1
3599,6,-1,-1
3599,7,-1,-1
3600,0,0,160
3600,1,0,160
3600,2,-1,-1
3600,3,-1,-1
3600,4,-1,-1
3600,5,-1,-1
3600,6,-1,-1
3600,7,-1,-1
3601,0,0,160
3601,1,0,160
3601,2,-1,-1
3601,3,-1,-1
3601,4,-1,-1
3601,5,-1,-1
3601,6,-1,-1
3601,7,-1,-1
3602,0,0,160
3602,1,0,160
3602,2,-1,-1
3602,3,-1,-1
3602,4,-1,-1
3602,5,-1,-1
3602,6,-1,-1
3602,7,-1,-1
3603,0,0,160
3603,1,0,160
3603,2,-1,-1
3603,3,-1,-1
3603,4,-1,-1
3603,5,-1,-1
3603,6,-1,-1
3603,7,-1,-1
3604,0,0,160
3604,1,0,160
3604,2,-1,-1
3604,3,-1,-1
3604,4,-1,-1
3604,5,-1,-1
3604,6,-1,-1
3604,7,-1,-1
3605,0,0,160
3605,1,0,160
3605,2,-1,-1
3605,3,-1,-1
3605,4,-1,-1
3605,5,-1,-1
3605,6,-1,-1
3605,7,-1,-1
3606,0,0,160
3606,1,0,160
3606,2,-1,-1
3606,3,-1,-1
3606,4,-1,-1
3606,5,-1,-1
3606,6,-1,-1
3606,7,-1,-1
3607,0,0,160
3607,1,0,160
3607,2,-1,-1
3607,3,-1,-1
3607,4,-1,-1
3607,5,-1,-1
3607,6,-1,-1
3607,7,-1,-1
3608,0,0,160
3608,1,0,160
3608,2,-1,-1
3608,3,-1,-1
3608,4,-1,-1
3608,5,-1,-1
3608,6,-1,-1
3608,7,-1,-1
3609,0,0,160
3609,1,0,160
3609,2,-1,-1
3609,3,-1,-1
3609,4,-1,-1
3609,5,-1,-1
3609,6,-1,-1
3609,7,-1,-1
3610,0,0,160
3610,1,0,160
3610,2,-1,-1
3610,3,-1,-1
3610,4,-1,-1
3610,5,-1,-1
3610,6,-1,-1
3610,7,-1,-1
3611,0,0,160
3611,1,0,160
3611,2,-1,-1
3611,3,-1,-1
3611,4,-1,-1
3611,5,-1,-1
3611,6,-1,-1
3611,7,-1,-1
3612,0,0,160
3612,1,0,160
3612,2,-1,-1
3612,3,-1,-1
3612,4,-1,-1
3612,5,-1,-1
3612,6,-1,-1
3612,7,-1,-1
3613,0,0,160
3613,1,0,160
3613,2,-1,-1
3613,3,-1,-1
3613,4,-1,-1
3613,5,-1,-1
3613,6,-1,-1
3613,7,-1,-1
3614,0,0,160
3614,1,0,160
3614,2,-1,-1
3614,3,-1,-1
3614,4,-1,-1
3614,5,-1,-1
3614,6,-1,-1
3614,7,-1,-1
3615,0,0,160
3615,1,0,160
3615,2,-1,-1
3615,3,-1,-1
3615,4,-1,-1
3615,5,-1,-1
3615,6,-1,-1
3615,7,-1,-1
3616,0,0,160
3616,1,0,160
3616,2,-1,-1
3616,3,-1,-1
3616,4,-1,-1
3616,5,-1,-1
3616,6,-1,-1
3616,7,-1,-1
3617,0,0,160
3617,1,0,160
3617,2,-1,-1
3617,3,-1,-1
3617,4,-1,-1
3617,5,-1,-1
3617,6,-1,-1
3617,7,-1,-1
3618,0,0,160
3618,1,0,160
3618,2,-1,-1
3618,3,-1,-1
3618,4,-1,-1
3618,5,-1,-1
3618,6,-1,-1
3618,7,-1,-1
3619,0,0,160
3619,1,0,160
3619,2,-1,-1
3619,3,-1,-1
3619,4,-1,-1
3619,5,-1,-1
3619,6,-1,-1
3619,7,-1,-1
3620,0,0,160
3620,1,0,160
3620,2,-1,-1
3620,3,-1,-1
3620,4,-1,-1
3620,5,-1,-1
3620,6,-1,-1
3620,7,-1,-1
3621,0,0,160
3621,1,0,160
3621,2,-1,-1
3621,3,-1,-1
3621,4,-1,-1
3621,5,-1,-1
3621,6,-1,-1
3621,7,-1,-1
3622,0,0,160
3622,1,0,160
3622,2,-1,-1
3622,3,-1,-1
3622,4,-1,-1
3622,5,-1,-1
3622,6,-1,-1
3622,7,-1,-1
3623,0,0,160
3623,1,0,160
3623,2,-1,-1
3623,3,-1,-1
3623,4,-1,-1
3623,5,-1,-1
3623,6,-1,-1
3623,7,-1,-1
3624,0,0,160
3624,1,0,160
3624,2,-1,-1
3624,3,-1,-1
3624,4,-1,-1
3624,5,-1,-1
3624,6,-1,-1
3624,7,-1,-1
3625,0,0,160
3625,1,0,160
3625,2,-1,-1
3625,3,-1,-1
3625,4,-1,-1
3625,5,-1,-1
3625,6,-1,-1
3625,7,-1,-1
3626,0,0,160
3626,1,0,160
3626,2,-1,-1
3626,3,-1,-1
3626,4,-1,-1
3626,5,-1,-1
3626,6,-1,-1
3626,7,-1,-1
3627,0,0,160
3627,1,0,160
3627,2,-1,-1
3627,3,-1,-1
3627,4,-1,-1
3627,5,-1,-1
3627,6,-1,-1
3627,7,-1,-1
3628,0,0,160
3628,1,0,160
3628,2,-1,-1
3628,3,-1,-1
3628,4,-1,-1
3628,5,-1,-1
3628,6,-1,-1
3628,7,-1,-1
3629,0,0,160
3629,1,0,160
3629,2,-1,-1
3629,3,-1,-1
3629,4,-1,-1
3629,5,-1,-1
3629,6,-1,-1
3629,7,-1,-1
3630,0,0,160
3630,1,0,160
3630,2,-1,-1
3630,3,-1,-1
3630,4,-1,-1
3630,5,-1,-1
3630,6,-1,-1
3630,7,-1,-1
3631,0,0,160
3631,1,0,160
3631,2,-1,-1
3631,3,-1,-1
3631,4,-1,-1
3631,5,-1,-1
3631,6,-1,-1
3631,7,-1,-1
3632,0,0,160
3632,1,0,160
3632,2,-1,-1
3632,3,-1,-1
3632,4,-1,-1
3632,5,-1,-1
3632,6,-1,-1
3632,7,-1,-1
3633,0,0,160
3633,1,0,160
3633,2,-1,-1
3633,3,-1,-1
3633,4,-1,-1
3633,5,-1,-1
3633,6,-1,-1
3633,7,-1,-1
3634,0,0,160
3634,1,0,160
3634,2,-1,-1
3634,3,-1,-1
3634,4,-1,-1
3634,5,-1,-1
3634,6,-1,-1
3634,7,-1,-1
3635,0,0,160
3635,1,0,160
3635,2,-1,-1
3635,3,-1,-1
3635,4,-1,-1
3635,5,-1,-1
3635,6,-1,-1
3635,7,-1,-1
3636,0,0,160
3636,1,0,160
3636,2,-1,-1
3636,3,-1,-1
3636,4,-1,-1
3636,5,-1,-1
3636,6,-1,-1
3636,7,-1,-1
3637,0,0,160
3637,1,0,160
3637,2,-1,-1
3637,3,-1,-1
3637,4,-1,-1
3637,5,-1,-1
3637,6,-1,-1
3637,7,-1,-1
3638,0,0,160
3638,1,0,160
3638,2,-1,-1
3638,3,-1,-1
3638,4,-1,-1
3638,5,-1,-1
3638,6,-1,-1
3638,7,-1,-1
3639,0,0,160
3639,1,0,160
3639,2,-1,-1
3639,3,-1,-1
3639,4,-1,-1
3639,5,-1,-1
3639,6,-1,-1
3639,7,-1,-1
3640,0,0,160
3640,1,0,160
3640,2,-1,-1
3640,3,-1,-1
3640,4,-1,-1
3640,5,-1,-1
3640,6,-1,-1
3640,7,-1,-1
3641,0,0,160
3641,1,0,160
3641,2,-1,-1
3641,3,-1,-1
3641,4,-1,-1
3641,5,-1,-1
3641,6,-1,-1
3641,7,-1,-1
3642,0,0,160
3642,1,0,160
3642,2,-1,-1
3642,3,-1,-1
3642,4,-1,-1
3642,5,-1,-1
3642,6,-1,-1
3642,7,-1,-1
3643,0,0,160
3643,1,0,160
3643,2,-1,-1
3643,3,-1,-1
3643,4,-1,-1
3643,5,-1,-1
3643,6,-1,-1
3643,7,-1,-1
3644,0,0,160
3644,1,0,160
3644,2,-1,-1
3644,3,-1,-1
3644,4,-1,-1
3644,5,-1,-1
3644,6,-1,-1
3644,7,-1,-1
3645,0,0,160
3645,1,0,160
3645,2,-1,-1
3645,3,-1,-1
3645,4,-1,-1
3645,5,-1,-1
3645,6,-1,-1
3645,7,-1,-1
3646,0,0,160
3646,1,0,160
3646,2,-1,-1
3646,3,-1,-1
3646,4,-1,-1
3646,5,-1,-1
3646,6,-1,-1
3646,7,-1,-1
3647,0,0,160
3647,1,0,160
3647,2,-1,-1
3647,3,-1,-1
3647,4,-1,-1
3647,5,-1,-1
3647,6,-1,-1
3647,7,-1,-1
3648,0,0,160
3648,1,0,160
3648,2,-1,-1
3648,3,-1,-1
3648,4,-1,-1
3648,5,-1,-1
3648,6,-1,-1
3648,7,-1,-1
3649,0,0,160
3649,1,0,160
3649,2,-1,-1
3649,3,-1,-1
3649,4,-1,-1
3649,5,-1,-1
3649,6,-1,-1
3649,7,-1,-1
3650,0,0,160
3650,1,0,160
3650,2,-1,-1
3650,3,-1,-1
3650,4,-1,-1
3650,5,-1,-1
3650,6,-1,-1
3650,7,-1,-1
3651,0,0,160
3651,1,0,160
3651,2,-1,-1
3651,3,-1,-1
3651,4,-1,-1
3651,5,-1,-1
3651,6,-1,-1
3651,7,-1,-1
3652,0,0,160
3652,1,0,160
3652,2,-1,-1
3652,3,-1,-1
3652,4,-1,-1
3652,5,-1,-1
3652,6,-1,-1
3652,7,-1,-1
3653,0,0,160
3653,1,0,160
3653,2,-1,-1
3653,3,-1,-1
3653,4,-1,-1
3653,5,-1,-1
3653,6,-1,-1
3653,7,-1,-1
3654,0,0,160
3654,1,0,160
3654,2,-1,-1
3654,3,-1,-1
3654,4,-1,-1
3654,5,-1,-1
3654,6,-1,-1
3654,7,-1,-1
3655,0,0,160
3655,1,0,160
3655,2,-1,-1
3655,3,-1,-1
3655,4,-1,-1
3655,5,-1,-1
3655,6,-1,-1
3655,7,-1,-1
3656,0,0,160
3656,1,0,160
3656,2,-1,-1
3656,3,-1,-1
3656,4,-1,-1
3656,5,-1,-1
3656,6,-1,-1
3656,7,-1,-1
3657,0,0,160
3657,1,0,160
3657,2,-1,-1
3657,3,-1,-1
3657,4,-1,-1
3657,5,-1,-1
3657,6,-1,-1
3657,7,-1,-1
3658,0,0,160
3658,1,0,160
3658,2,-1,-1
3658,3,-1,-1
3658,4,-1,-1
3658,5,-1,-1
3658,6,-1,-1
3658,7,-1,-1
3659,0,0,160
3659,1,0,160
3659,2,-1,-1
3659,3,-1,-1
3659,4,-1,-1
3659,5,-1,-1
3659,6,-1,-1
3659,7,-1,-1
3660,0,0,160
3660,1,0,160
3660,2,-1,-1
3660,3,-1,-1
3660,4,-1,-1
3660,5,-1,-1
3660,6,-1,-1
3660,7,-1,-1
3661,0,0,160
3661,1,0,160
3661,2,-1,-1
3661,3,-1,-1
3661,4,-1,-1
3661,5,-1,-1
3661,6,-1,-1
3661,7,-1,-1
3662,0,0,160
3662,1,0,160
3662,2,-1,-1
3662,3,-1,-1
3662,4,-1,-1
3662,5,-1,-1
3662,6,-1,-1
3662,7,-1,-1
3663,0,0,160
3663,1,0,160
3663,2,-1,-1
3663,3,-1,-1
3663,4,-1,-1
3663,5,-1,-1
3663,6,-1,-1
3663,7,-1,-1
3664,0,0,160
3664,1,0,160
3664,2,-1,-1
3664,3,-1,-1
3664,4,-1,-1
3664,5,-1,-1
3664,6,-1,-1
3664,7,-1,-1
3665,0,0,160
3665,1,0,160
3665,2,-1,-1
3665,3,-1,-1
3665,4,-1,-1
3665,5,-1,-1
3665,6,-1,-1
3665,7,-1,-1
3666,0,0,160
3666,1,0,160
3666,2,-1,-1
3666,3,-1,-1
3666,4,-1,-1
3666,5,-1,-1
3666,6,-1,-1
3666,7,-1,-1
3667,0,0,160
3667,1,0,160
3667,2,-1,-1
3667,3,-1,-1
3667,4,-1,-1
3667,5,-1,-1
3667,6,-1,-1
3667,7,-1,-1
3668,0,0,160
3668,1,0,160
3668,2,-1,-1
3668,3,-1,-1
3668,4,-1,-1
3668,5,-1,-1
3668,6,-1,-1
3668,7,-1,-1
3669,0,0,160
3669,1,0,160
3669,2,-1,-1
3669,3,-1,-1
3669,4,-1,-1
3669,5,-1,-1
3669,6,-1,-1
3669,7,-1,-1
3670,0,0,160
3670,1,0,160
3670,2,-1,-1
3670,3,-1,-1
3670,4,-1,-1
3670,5,-1,-1
3670,6,-1,-1
3670,7,-1,-1
3671,0,0,160
3671,1,0,160
3671,2,-1,-1
3671,3,-1,-1
3671,4,-1,-1
3671,5,-1,-1
3671,6,-1,-1
3671,7,-1,-1
3672,0,0,160
3672,1,0,160
3672,2,-1,-1
3672,3,-1,-1
3672,4,-1,-1
3672,5,-1,-1
3672,6,-1,-1
3672,7,-1,-1
3673,0,0,160
3673,1,0,160
3673,2,-1,-1
3673,3,-1,-1
3673,4,-1,-1
3673,5,-1,-1
3673,6,-1,-1
3673,7,-1,-1
3674,0,0,160
3674,1,0,160
3674,2,-1,-1
3674,3,-1,-1
3674,4,-1,-1
3674,5,-1,-1
3674,6,-1,-1
3674,7,-1,-1
3675,0,0,160
3675,1,0,160
3675,2,-1,-1
3675,3,-1,-1
3675,4,-1,-1
3675,5,-1,-1
3675,6,-1,-1
3675,7,-1,-1
3676,0,0,160
3676,1,0,160
3676,2,-1,-1
3676,3,-1,-1
3676,4,-1,-1
3676,5,-1,-1
3676,6,-1,-1
3676,7,-1,-1
3677,0,0,160
3677,1,0,160
3677,2,-1,-1
3677,3,-1,-1
3677,4,-1,-1
3677,5,-1,-1
3677,6,-1,-1
3677,7,-1,-1
3678,0,0,160
3678,1,0,160
3678,2,-1,-1
3678,3,-1,-1
3678,4,-1,-1
3678,5,-1,-1
3678,6,-1,-1
3678,7,-1,-1
3679,0,0,160
3679,1,0,160
3679,2,-1,-1
3679,3,-1,-1
3679,4,-1,-1
3679,5,-1,-1
3679,6,-1,-1
3679,7,-1,-1
3680,0,0,160
3680,1,0,160
3680,2,-1,-1
3680,3,-1,-1
3680,4,-1,-1
3680,5,-1,-1
3680,6,-1,-1
3680,7,-1,-1
3681,0,0,160
3681,1,0,160
3681,2,-1,-1
3681,3,-1,-1
3681,4,-1,-1
3681,5,-1,-1
3681,6,-1,-1
3681,7,-1,-1
3682,0,0,160
3682,1,0,160
3682,2,-1,-1
3682,3,-1,-1
3682,4,-1,-1
3682,5,-1,-1
3682,6,-1,-1
3682,7,-1,-1
3683,0,0,160
3683,1,0,160
3683,2,-1,-1
3683,3,-1,-1
3683,4,-1,-1
3683,5,-1,-1
3683,6,-1,-1
3683,7,-1,-1
3684,0,0,160
3684,1,0,160
3684,2,-1,-1
3684,3,-1,-1
3684,4,-1,-1
3684,5,-1,-1
3684,6,-1,-1
3684,7,-1,-1
3685,0,0,160
3685,1,0,160
3685,2,-1,-1
3685,3,-1,-1
3685,4,-1,-1
3685,5,-1,-1
3685,6,-1,-1
3685,7,-1,-1
3686,0,0,160
3686,1,0,160
3686,2,-1,-1
3686,3,-1,-1
3686,4,-1,-1
3686,5,-1,-1
3686,6,-1,-1
3686,7,-1,-1
3687,0,0,160
3687,1,0,160
3687,2,-1,-1
3687,3,-1,-1
3687,4,-1,-1
3687,5,-1,-1
3687,6,-1,-1
3687,7,-1,-1
3688,0,0,160
3688,1,0,160
3688,2,-1,-1
3688,3,-1,-1
3688,4,-1,-1
3688,5,-1,-1
3688,6,-1,-1
3688,7,-1,-1
3689,0,0,160
3689,1,0,160
3689,2,-1,-1
3689,3,-1,-1
3689,4,-1,-1
3689,5,-1,-1
3689,6,-1,-1
3689,7,-1,-1
3690,0,0,160
3690,1,0,160
3690,2,-1,-1
3690,3,-1,-1
3690,4,-1,-1
3690,5,-1,-1
3690,6,-1,-1
3690,7,-1,-1
3691,0,0,160
3691,1,0,160
3691,2,-1,-1
3691,3,-1,-1
3691,4,-1,-1
3691,5,-1,-1
3691,6,-1,-1
3691,7,-1,-1
3692,0,0,160
3692,1,0,160
3692,2,-1,-1
3692,3,-1,-1
3692,4,-1,-1
3692,5,-1,-1
3692,6,-1,-1
3692,7,-1,-1
3693,0,0,160
3693,1,0,160
3693,2,-1,-1
3693,3,-1,-1
3693,4,-1,-1
3693,5,-1,-1
3693,6,-1,-1
3693,7,-1,-1
3694,0,0,160
3694,1,0,160
3694,2,-1,-1
3694,3,-1,-1
3694,4,-1,-1
3694,5,-1,-1
3694,6,-1,-1
3694,7,-1,-1
3695,0,0,160
3695,1,0,160
3695,2,-1,-1
3695,3,-1,-1
3695,4,-1,-1
3695,5,-1,-1
3695,6,-1,-1
3695,7,-1,-1
3696,0,0,160
3696,1,0,160
3696,2,-1,-1
3696,3,-1,-1
3696,4,-1,-1
3696,5,-1,-1
3696,6,-1,-1
3696,7,-1,-1
3697,0,0,160
3697,1,0,160
3697,2,-1,-1
3697,3,-1,-1
3697,4,-1,-1
3697,5,-1,-1
3697,6,-1,-1
3697,7,-1,-1
3698,0,0,160
3698,1,0,160
3698,2,-1,-1
3698,3,-1,-1
3698,4,-1,-1
3698,5,-1,-1
3698,6,-1,-1
3698,7,-1,-1
3699,0,0,160
3699,1,0,160
3699,2,-1,-1
3699,3,-1,-1
3699,4,-1,-1
3699,5,-1,-1
3699,6,-1,-1
3699,7,-1,-1
3700,0,0,160
3700,1,0,160
3700,2,-1,-1
3700,3,-1,-1
3700,4,-1,-1
3700,5,-1,-1
3700,6,-1,-1
3700,7,-1,-1
3701,0,0,160
3701,1,0,160
3701,2,-1,-1
3701,3,-1,-1
3701,4,-1,-1
3701,5,-1,-1
3701,6,-1,-1
3701,7,-1,-1
3702,0,0,160
3702,1,0,160
3702,2,-1,-1
3702,3,-1,-1
3702,4,-1,-1
3702,5,-1,-1
3702,6,-1,-1
3702,7,-1,-1
3703,0,0,160
3703,1,0,160
3703,2,-1,-1
3703,3,-1,-1
3703,4,-1,-1
3703,5,-1,-1
3703,6,-1,-1
3703,7,-1,-1
3704,0,0,160
3704,1,0,160
3704,2,-1,-1
3704,3,-1,-1
3704,4,-1,-1
3704,5,-1,-1
3704,6,-1,-1
3704,7,-1,-1
3705,0,0,160
3705,1,0,160
3705,2,-1,-1
3705,3,-1,-1
3705,4,-1,-1
3705,5,-1,-1
3705,6,-1,-1
3705,7,-1,-1
3706,0,0,160
3706,1,0,160
3706,2,-1,-1
3706,3,-1,-1
3706,4,-1,-1
3706,5,-1,-1
3706,6,-1,-1
3706,7,-1,-1
3707,0,0,160
3707,1,0,160
3707,2,-1,-1
3707,3,-1,-1
3707,4,-1,-1
3707,5,-1,-1
3707,6,-1,-1
3707,7,-1,-1
3708,0,0,160
3708,1,0,160
3708,2,-1,-1
3708,3,-1,-1
3708,4,-1,-1
3708,5,-1,-1
3708,6,-1,-1
3708,7,-1,-1
3709,0,0,160
3709,1,0,160
3709,2,-1,-1
3709,3,-1,-1
3709,4,-1,-1
3709,5,-1,-1
3709,6,-1,-1
3709,7,-1,-1
3710,0,0,160
3710,1,0,160
3710,2,-1,-1
3710,3,-1,-1
3710,4,-1,-1
3710,5,-1,-1
3710,6,-1,-1
3710,7,-1,-1
3711,0,0,160
3711,1,0,160
3711,2,-1,-1
3711,3,-1,-1
3711,4,-1,-1
3711,5,-1,-1
3711,6,-1,-1
3711,7,-1,-1
3712,0,0,160
3712,1,0,160
3712,2,-1,-1
3712,3,-1,-1
3712,4,-1,-1
3712,5,-1,-1
3712,6,-1,-1
3712,7,-1,-1
3713,0,0,160
3713,1,0,160
3713,2,-1,-1
3713,3,-1,-1
3713,4,-1,-1
3713,5,-1,-1
3713,6,-1,-1
3713,7,-1,-1
3714,0,0,160
3714,1,0,160
3714,2,-1,-1
3714,3,-1,-1
3714,4,-1,-1
3714,5,-1,-1
3714,6,-1,-1
3714,7,-1,-1
3715,0,0,160
3715,1,0,160
3715,2,-1,-1
3715,3,-1,-1
3715,4,-1,-1
3715,5,-1,-1
3715,6,-1,-1
3715,7,-1,-1
3716,0,0,160
3716,1,0,160
3716,2,-1,-1
3716,3,-1,-1
3716,4,-1,-1
3716,5,-1,-1
3716,6,-1,-1
3716,7,-1,-1
3717,0,0,160
3717,1,0,160
3717,2,-1,-1
3717,3,-1,-1
3717,4,-1,-1
3717,5,-1,-1
3717,6,-1,-1
3717,7,-1,-1
3718,0,0,160
3718,1,0,160
3718,2,-1,-1
3718,3,-1,-1
3718,4,-1,-1
3718,5,-1,-1
3718,6,-1,-1
3718,7,-1,-1
3719,0,0,160
3719,1,0,160
3719,2,-1,-1
3719,3,-1,-1
3719,4,-1,-1
3719,5,-1,-1
3719,6,-1,-1
3719,7,-1,-1
3720,0,0,160
3720,1,0,160
3720,2,-1,-1
3720,3,-1,-1
3720,4,-1,-1
3720,5,-1,-1
3720,6,-1,-1
3720,7,-1,-1
3721,0,0,160
3721,1,0,160
3721,2,-1,-1
3721,3,-1,-1
3721,4,-1,-1
3721,5,-1,-1
3721,6,-1,-1
3721,7,-1,-1
3722,0,0,160
3722,1,0,160
3722,2,-1,-1
3722,3,-1,-1
3722,4,-1,-1
3722,5,-1,-1
3722,6,-1,-1
3722,7,-1,-1
3723,0,0,160
3723,1,0,160
3723,2,-1,-1
3723,3,-1,-1
3723,4,-1,-1
3723,5,-1,-1
3723,6,-1,-1
3723,7,-1,-1
3724,0,0,160
3724,1,0,160
3724,2,-1,-1
3724,3,-1,-1
3724,4,-1,-1
3724,5,-1,-1
3724,6,-1,-1
3724,7,-1,-1
3725,0,0,160
3725,1,0,160
3725,2,-1,-1
3725,3,-1,-1
3725,4,-1,-1
3725,5,-1,-1
3725,6,-1,-1
3725,7,-1,-1
3726,0,0,160
3726,1,0,160
3726,2,-1,-1
3726,3,-1,-1
3726,4,-1,-1
3726,5,-1,-1
3726,6,-1,-1
3726,7,-1,-1
3727,0,0,160
3727,1,0,160
3727,2,-1,-1
3727,3,-1,-1
3727,4,-1,-1
3727,5,-1,-1
3727,6,-1,-1
3727,7,-1,-1
3728,0,0,160
3728,1,0,160
3728,2,-1,-1
3728,3,-1,-1
3728,4,-1,-1
3728,5,-1,-1
3728,6,-1,-1
3728,7,-1,-1
3729,0,0,160
3729,1,0,160
3729,2,-1,-1
3729,3,-1,-1
3729,4,-1,-1
3729,5,-1,-1
3729,6,-1,-1
3729,7,-1,-1
3730,0,0,160
3730,1,0,160
3730,2,-1,-1
3730,3,-1,-1
3730,4,-1,-1
3730,5,-1,-1
3730,6,-1,-1
3730,7,-1,-1
3731,0,0,160
3731,1,0,160
3731,2,-1,-1
3731,3,-1,-1
3731,4,-1,-1
3731,5,-1,-1
3731,6,-1,-1
3731,7,-1,-1
3732,0,0,160
3732,1,0,160
3732,2,-1,-1
3732,3,-1,-1
3732,4,-1,-1
3732,5,-1,-1
3732,6,-1,-1
3732,7,-1,-1
3733,0,0,160
3733,1,0,160
3733,2,-1,-1
3733,3,-1,-1
3733,4,-1,-1
3733,5,-1,-1
3733,6,-1,-1
3733,7,-1,-1
3734,0,0,160
3734,1,0,160
3734,2,-1,-1
3734,3,-1,-1
3734,4,-1,-1
3734,5,-1,-1
3734,6,-1,-1
3734,7,-1,-1
3735,0,0,160
3735,1,0,160
3735,2,-1,-1
3735,3,-1,-1
3735,4,-1,-1
3735,5,-1,-1
3735,6,-1,-1
3735,7,-1,-1
3736,0,0,160
3736,1,0,160
3736,2,-1,-1
3736,3,-1,-1
3736,4,-1,-1
3736,5,-1,-1
3736,6,-1,-1
3736,7,-1,-1
3737,0,0,160
3737,1,0,160
3737,2,-1,-1
3737,3,-1,-1
3737,4,-1,-1
3737,5,-1,-1
3737,6,-1,-1
3737,7,-1,-1
3738,0,0,160
3738,1,0,160
3738,2,-1,-1
3738,3,-1,-1
3738,4,-1,-1
3738,5,-1,-1
3738,6,-1,-1
3738,7,-1,-1
3739,0,0,160
3739,1,0,160
3739,2,-1,-1
3739,3,-1,-1
3739,4,-1,-1
3739,5,-1,-1
3739,6,-1,-1
3739,7,-1,-1
3740,0,0,160
3740,1,0,160
3740,2,-1,-1
3740,3,-1,-1
3740,4,-1,-1
3740,5,-1,-1
3740,6,-1,-1
3740,7,-1,-1
3741,0,0,160
3741,1,0,160
3741,2,-1,-1
3741,3,-1,-1
3741,4,-1,-1
3741,5,-1,-1
3741,6,-1,-1
3741,7,-1,-1
3742,0,0,160
3742,1,0,160
3742,2,-1,-1
3742,3,-1,-1
3742,4,-1,-1
3742,5,-1,-1
3742,6,-1,-1
3742,7,-1,-1
3743,0,0,160
3743,1,0,160
3743,2,-1,-1
3743,3,-1,-1
3743,4,-1,-1
3743,5,-1,-1
3743,6,-1,-1
3743,7,-1,-1
3744,0,0,160
3744,1,0,160
3744,2,-1,-1
3744,3,-1,-1
3744,4,-1,-1
3744,5,-1,-1
3744,6,-1,-1
3744,7,-1,-1
3745,0,0,160
3745,1,0,160
3745,2,-1,-1
3745,3,-1,-1
3745,4,-1,-1
3745,5,-1,-1
3745,6,-1,-1
3745,7,-1,-1
3746,0,0,160
3746,1,0,160
3746,2,-1,-1
3746,3,-1,-1
3746,4,-1,-1
3746,5,-1,-1
3746,6,-1,-1
3746,7,-1,-1
3747,0,0,160
3747,1,0,160
3747,2,-1,-1
3747,3,-1,-1
3747,4,-1,-1
3747,5,-1,-1
3747,6,-1,-1
3747,7,-1,-1
3748,0,0,160
3748,1,0,160
3748,2,-1,-1
3748,3,-1,-1
3748,4,-1,-1
3748,5,-1,-1
3748,6,-1,-1
3748,7,-1,-1
3749,0,0,160
3749,1,0,160
3749,2,-1,-1
3749,3,-1,-1
3749,4,-1,-1
3749,5,-1,-1
3749,6,-1,-1
3749,7,-1,-1
3750,0,0,160
3750,1,0,160
3750,2,-1,-1
3750,3,-1,-1
3750,4,-1,-1
3750,5,-1,-1
3750,6,-1,-1
3750,7,-1,-1
3751,0,0,160
3751,1,0,160
3751,2,-1,-1
3751,3,-1,-1
3751,4,-1,-1
3751,5,-1,-1
3751,6,-1,-1
3751,7,-1,-1
3752,0,0,160
3752,1,0,160
3752,2,-1,-1
3752,3,-1,-1
3752,4,-1,-1
3752,5,-1,-1
3752,6,-1,-1
3752,7,-1,-1
3753,0,0,160
3753,1,0,160
3753,2,-1,-1
3753,3,-1,-1
3753,4,-1,-1
3753,5,-1,-1
3753,6,-1,-1
3753,7,-1,-1
3754,0,0,160
3754,1,0,160
3754,2,-1,-1
3754,3,-1,-1
3754,4,-1,-1
3754,5,-1,-1
3754,6,-1,-1
3754,7,-1,-1
3755,0,0,160
3755,1,0,160
3755,2,-1,-1
3755,3,-1,-1
3755,4,-1,-1
3755,5,-1,-1
3755,6,-1,-1
3755,7,-1,-1
3756,0,0,160
3756,1,0,160
3756,2,-1,-1
3756,3,-1,-1
3756,4,-1,-1
3756,5,-1,-1
3756,6,-1,-1
3756,7,-1,-1
3757,0,0,160
3757,1,0,160
3757,2,-1,-1
3757,3,-1,-1
3757,4,-1,-1
3757,5,-1,-1
3757,6,-1,-1
3757,7,-1,-1
3758,0,0,160
3758,1,0,160
3758,2,-1,-1
3758,3,-1,-1
3758,4,-1,-1
3758,5,-1,-1
3758,6,-1,-1
3758,7,-1,-1
3759,0,0,160
3759,1,0,160
3759,2,-1,-1
3759,3,-1,-1
3759,4,-1,-1
3759,5,-1,-1
3759,6,-1,-1
3759,7,-1,-1
3760,0,0,160
3760,1,0,160
3760,2,-1,-1
3760,3,-1,-1
3760,4,-1,-1
3760,5,-1,-1
3760,6,-1,-1
3760,7,-1,-1
3761,0,0,160
3761,1,0,160
3761,2,-1,-1
3761,3,-1,-1
3761,4,-1,-1
3761,5,-1,-1
3761,6,-1,-1
3761,7,-1,-1
3762,0,0,160
3762,1,0,160
3762,2,-1,-1
3762,3,-1,-1
3762,4,-1,-1
3762,5,-1,-1
3762,6,-1,-1
3762,7,-1,-1
3763,0,0,160
3763,1,0,160
3763,2,-1,-1
3763,3,-1,-1
3763,4,-1,-1
3763,5,-1,-1
3763,6,-1,-1
3763,7,-1,-1
3764,0,0,160
3764,1,0,160
3764,2,-1,-1
3764,3,-1,-1
3764,4,-1,-1
3764,5,-1,-1
3764,6,-1,-1
3764,7,-1,-1
3765,0,0,160
3765,1,0,160
3765,2,-1,-1
3765,3,-1,-1
3765,4,-1,-1
3765,5,-1,-1
3765,6,-1,-1
3765,7,-1,-1
3766,0,0,160
3766,1,0,160
3766,2,-1,-1
3766,3,-1,-1
3766,4,-1,-1
3766,5,-1,-1
3766,6,-1,-1
3766,7,-1,-1
3767,0,0,160
3767,1,0,160
3767,2,-1,-1
3767,3,-1,-1
3767,4,-1,-1
3767,5,-1,-1
3767,6,-1,-1
3767,7,-1,-1
3768,0,0,160
3768,1,0,160
3768,2,-1,-1
3768,3,-1,-1
3768,4,-1,-1
3768,5,-1,-1
3768,6,-1,-1
3768,7,-1,-1
3769,0,0,160
3769,1,0,160
3769,2,-1,-1
3769,3,-1,-1
3769,4,-1,-1
3769,5,-1,-1
3769,6,-1,-1
3769,7,-1,-1
3770,0,0,160
3770,1,0,160
3770,2,-1,-1
3770,3,-1,-1
3770,4,-1,-1
3770,5,-1,-1
3770,6,-1,-1
3770,7,-1,-1
3771,0,0,160
3771,1,0,160
3771,2,-1,-1
3771,3,-1,-1
3771,4,-1,-1
3771,5,-1,-1
3771,6,-1,-1
3771,7,-1,-1
3772,0,0,160
3772,1,0,160
3772,2,-1,-1
3772,3,-1,-1
3772,4,-1,-1
3772,5,-1,-1
3772,6,-1,-1
3772,7,-1,-1
3773,0,0,160
3773,1,0,160
3773,2,-1,-1
3773,3,-1,-1
3773,4,-1,-1
3773,5,-1,-1
3773,6,-1,-1
3773,7,-1,-1
3774,0,0,160
3774,1,0,160
3774,2,-1,-1
3774,3,-1,-1
3774,4,-1,-1
3774,5,-1,-1
3774,6,-1,-1
3774,7,-1,-1
3775,0,0,160
3775,1,0,160
3775,2,-1,-1
3775,3,-1,-1
3775,4,-1,-1
3775,5,-1,-1
3775,6,-1,-1
3775,7,-1,-1
3776,0,0,160
3776,1,0,160
3776,2,-1,-1
3776,3,-1,-1
3776,4,-1,-1
3776,5,-1,-1
3776,6,-1,-1
3776,7,-1,-1
3777,0,0,160
3777,1,0,160
3777,2,-1,-1
3777,3,-1,-1
3777,4,-1,-1
3777,5,-1,-1
3777,6,-1,-1
3777,7,-1,-1
3778,0,0,160
3778,1,0,160
3778,2,-1,-1
3778,3,-1,-1
3778,4,-1,-1
3778,5,-1,-1
3778,6,-1,-1
3778,7,-1,-1
3779,0,0,160
3779,1,0,160
3779,2,-1,-1
3779,3,-1,-1
3779,4,-1,-1
3779,5,-1,-1
3779,6,-1,-1
3779,7,-1,-1
3780,0,0,160
3780,1,0,160
3780,2,-1,-1
3780,3,-1,-1
3780,4,-1,-1
3780,5,-1,-1
3780,6,-1,-1
3780,7,-1,-1
3781,0,0,160
3781,1,0,160
3781,2,-1,-1
3781,3,-1,-1
3781,4,-1,-1
3781,5,-1,-1
3781,6,-1,-1
3781,7,-1,-1
3782,0,0,160
3782,1,0,160
3782,2,-1,-1
3782,3,-1,-1
3782,4,-1,-1
3782,5,-1,-1
3782,6,-1,-1
3782,7,-1,-1
3783,0,0,160
3783,1,0,160
3783,2,-1,-1
3783,3,-1,-1
3783,4,-1,-1
3783,5,-1,-1
3783,6,-1,-1
3783,7,-1,-1
3784,0,0,160
3784,1,0,160
3784,2,-1,-1
3784,3,-1,-1
3784,4,-1,-1
3784,5,-1,-1
3784,6,-1,-1
3784,7,-1,-1
3785,0,0,160
3785,1,0,160
3785,2,-1,-1
3785,3,-1,-1
3785,4,-1,-1
3785,5,-1,-1
3785,6,-1,-1
3785,7,-1,-1
3786,0,0,160
3786,1,0,160
3786,2,-1,-1
3786,3,-1,-1
3786,4,-1,-1
3786,5,-1,-1
3786,6,-1,-1
3786,7,-1,-1
3787,0,0,160
3787,1,0,160
3787,2,-1,-1
3787,3,-1,-1
3787,4,-1,-1
3787,5,-1,-1
3787,6,-1,-1
3787,7,-1,-1
3788,0,0,160
3788,1,0,160
3788,2,-1,-1
3788,3,-1,-1
3788,4,-1,-1
3788,5,-1,-1
3788,6,-1,-1
3788,7,-1,-1
3789,0,0,160
3789,1,0,160
3789,2,-1,-1
3789,3,-1,-1
3789,4,-1,-1
3789,5,-1,-1
3789,6,-1,-1
3789,7,-1,-1
3790,0,0,160
3790,1,0,160
3790,2,-1,-1
3790,3,-1,-1
3790,4,-1,-1
3790,5,-1,-1
3790,6,-1,-1
3790,7,-1,-1
3791,0,0,160
3791,1,0,160
3791,2,-1,-1
3791,3,-1,-1
3791,4,-1,-1
3791,5,-1,-1
3791,6,-1,-1
3791,7,-1,-1
3792,0,0,160
3792,1,0,160
3792,2,-1,-1
3792,3,-1,-1
3792,4,-1,-1
3792,5,-1,-1
3792,6,-1,-1
3792,7,-1,-1
3793,0,0,160
3793,1,0,160
3793,2,-1,-1
3793,3,-1,-1
3793,4,-1,-1
3793,5,-1,-1
3793,6,-1,-1
3793,7,-1,-1
3794,0,0,160
3794,1,0,160
3794,2,-1,-1
3794,3,-1,-1
3794,4,-1,-1
3794,5,-1,-1
3794,6,-1,-1
3794,7,-1,-1
3795,0,0,160
3795,1,0,160
3795,2,-1,-1
3795,3,-1,-1
3795,4,-1,-1
3795,5,-1,-1
3795,6,-1,-1
3795,7,-1,-1
3796,0,0,160
3796,1,0,160
3796,2,-1,-1
3796,3,-1,-1
3796,4,-1,-1
3796,5,-1,-1
3796,6,-1,-1
3796,7,-1,-1
3797,0,0,160
3797,1,0,160
3797,2,-1,-1
3797,3,-1,-1
3797,4,-1,-1
3797,5,-1,-1
3797,6,-1,-1
3797,7,-1,-1
3798,0,0,160
3798,1,0,160
3798,2,-1,-1
3798,3,-1,-1
3798,4,-1,-1
3798,5,-1,-1
3798,6,-1,-1
3798,7,-1,-1
3799,0,0,160
3799,1,0,160
3799,2,-1,-1
3799,3,-1,-1
3799,4,-1,-1
3799,5,-1,-1
3799,6,-1,-1
3799,7,-1,-1
3800,0,0,160
3800,1,0,160
3800,2,-1,-1
3800,3,-1,-1
3800,4,-1,-1
3800,5,-1,-1
3800,6,-1,-1
3800,7,-1,-1
3801,0,0,160
3801,1,0,160
3801,2,-1,-1
3801,3,-1,-1
3801,4,-1,-1
3801,5,-1,-1
3801,6,-1,-1
3801,7,-1,-1
3802,0,0,160
3802,1,0,160
3802,2,-1,-1
3802,3,-1,-1
3802,4,-1,-1
3802,5,-1,-1
3802,6,-1,-1
3802,7,-1,-1
3803,0,0,160
3803,1,0,160
3803,2,-1,-1
3803,3,-1,-1
3803,4,-1,-1
3803,5,-1,-1
3803,6,-1,-1
3803,7,-1,-1
3804,0,0,160
3804,1,0,160
3804,2,-1,-1
3804,3,-1,-1
3804,4,-1,-1
3804,5,-1,-1
3804,6,-1,-1
3804,7,-1,-1
3805,0,0,160
3805,1,0,160
3805,2,-1,-1
3805,3,-1,-1
3805,4,-1,-1
3805,5,-1,-1
3805,6,-1,-1
3805,7,-1,-1
3806,0,0,160
3806,1,0,160
3806,2,-1,-1
3806,3,-1,-1
3806,4,-1,-1
3806,5,-1,-1
3806,6,-1,-1
3806,7,-1,-1
3807,0,0,160
3807,1,0,160
3807,2,-1,-1
3807,3,-1,-1
3807,4,-1,-1
3807,5,-1,-1
3807,6,-1,-1
3807,7,-1,-1
3808,0,0,160
3808,1,0,160
3808,2,-1,-1
3808,3,-1,-1
3808,4,-1,-1
3808,5,-1,-1
3808,6,-1,-1
3808,7,-1,-1
3809,0,0,160
3809,1,0,160
3809,2,-1,-1
3809,3,-1,-1
3809,4,-1,-1
3809,5,-1,-1
3809,6,-1,-1
3809,7,-1,-1
3810,0,0,160
3810,1,0,160
3810,2,-1,-1
3810,3,-1,-1
3810,4,-1,-1
3810,5,-1,-1
3810,6,-1,-1
3810,7,-1,-1
3811,0,0,160
3811,1,0,160
3811,2,-1,-1
3811,3,-1,-1
3811,4,-1,-1
3811,5,-1,-1
3811,6,-1,-1
3811,7,-1,-1
3812,0,0,160
3812,1,0,160
3812,2,-1,-1
3812,3,-1,-1
3812,4,-1,-1
3812,5,-1,-1
3812,6,-1,-1
3812,7,-1,-1
3813,0,0,160
3813,1,0,160
3813,2,-1,-1
3813,3,-1,-1
3813,4,-1,-1
3813,5,-1,-1
3813,6,-1,-1
3813,7,-1,-1
3814,0,0,160
3814,1,0,160
3814,2,-1,-1
3814,3,-1,-1
3814,4,-1,-1
3814,5,-1,-1
3814,6,-1,-1
3814,7,-1,-1
3815,0,0,160
3815,1,0,160
3815,2,-1,-1
3815,3,-1,-1
3815,4,-1,-1
3815,5,-1,-1
3815,6,-1,-1
3815,7,-1,-1
3816,0,0,160
3816,1,0,160
3816,2,-1,-1
3816,3,-1,-1
3816,4,-1,-1
3816,5,-1,-1
3816,6,-1,-1
3816,7,-1,-1
3817,0,0,160
3817,1,0,160
3817,2,-1,-1
3817,3,-1,-1
3817,4,-1,-1
3817,5,-1,-1
3817,6,-1,-1
3817,7,-1,-1
3818,0,0,160
3818,1,0,160
3818,2,-1,-1
3818,3,-1,-1
3818,4,-1,-1
3818,5,-1,-1
3818,6,-1,-1
3818,7,-1,-1
3819,0,0,160
3819,1,0,160
3819,2,-1,-1
3819,3,-1,-1
3819,4,-1,-1
3819,5,-1,-1
3819,6,-1,-1
3819,7,-1,-1
3820,0,0,160
3820,1,0,160
3820,2,-1,-1
3820,3,-1,-1
3820,4,-1,-1
3820,5,-1,-1
3820,6,-1,-1
3820,7,-1,-1
3821,0,0,160
3821,1,0,160
3821,2,-1,-1
3821,3,-1,-1
3821,4,-1,-1
3821,5,-1,-1
3821,6,-1,-1
3821,7,-1,-1
3822,0,0,160
3822,1,0,160
3822,2,-1,-1
3822,3,-1,-1
3822,4,-1,-1
3822,5,-1,-1
3822,6,-1,-1
3822,7,-1,-1
3823,0,0,160
3823,1,0,160
3823,2,-1,-1
3823,3,-1,-1
3823,4,-1,-1
3823,5,-1,-1
3823,6,-1,-1
3823,7,-1,-1
3824,0,0,160
3824,1,0,160
3824,2,-1,-1
3824,3,-1,-1
3824,4,-1,-1
3824,5,-1,-1
3824,6,-1,-1
3824,7,-1,-1
3825,0,0,160
3825,1,0,160
3825,2,-1,-1
3825,3,-1,-1
3825,4,-1,-1
3825,5,-1,-1
3825,6,-1,-1
3825,7,-1,-1
3826,0,0,160
3826,1,0,160
3826,2,-1,-1
3826,3,-1,-1
3826,4,-1,-1
3826,5,-1,-1
3826,6,-1,-1
3826,7,-1,-1
3827,0,0,160
3827,1,0,160
3827,2,-1,-1
3827,3,-1,-1
3827,4,-1,-1
3827,5,-1,-1
3827,6,-1,-1
3827,7,-1,-1
3828,0,0,160
3828,1,0,160
3828,2,-1,-1
3828,3,-1,-1
3828,4,-1,-1
3828,5,-1,-1
3828,6,-1,-1
3828,7,-1,-1
3829,0,0,160
3829,1,0,160
3829,2,-1,-1
3829,3,-1,-1
3829,4,-1,-1
3829,5,-1,-1
3829,6,-1,-1
3829,7,-1,-1
3830,0,0,160
3830,1,0,160
3830,2,-1,-1
3830,3,-1,-1
3830,4,-1,-1
3830,5,-1,-1
3830,6,-1,-1
3830,7,-1,-1
3831,0,0,160
3831,1,0,160
3831,2,-1,-1
3831,3,-1,-1
3831,4,-1,-1
3831,5,-1,-1
3831,6,-1,-1
3831,7,-1,-1
3832,0,0,160
3832,1,0,160
3832,2,-1,-1
3832,3,-1,-1
3832,4,-1,-1
3832,5,-1,-1
3832,6,-1,-1
3832,7,-1,-1
3833,0,0,160
3833,1,0,160
3833,2,-1,-1
3833,3,-1,-1
3833,4,-1,-1
3833,5,-1,-1
3833,6,-1,-1
3833,7,-1,-1
3834,0,0,160
3834,1,0,160
3834,2,-1,-1
3834,3,-1,-1
3834,4,-1,-1
3834,5,-1,-1
3834,6,-1,-1
3834,7,-1,-1
3835,0,0,160
3835,1,0,160
3835,2,-1,-1
3835,3,-1,-1
3835,4,-1,-1
3835,5,-1,-1
3835,6,-1,-1
3835,7,-1,-1
3836,0,0,160
3836,1,0,160
3836,2,-1,-1
3836,3,-1,-1
3836,4,-1,-1
3836,5,-1,-1
3836,6,-1,-1
3836,7,-1,-1
3837,0,0,160
3837,1,0,160
3837,2,-1,-1
3837,3,-1,-1
3837,4,-1,-1
3837,5,-1,-1
3837,6,-1,-1
3837,7,-1,-1
3838,0,0,160
3838,1,0,160
3838,2,-1,-1
3838,3,-1,-1
3838,4,-1,-1
3838,5,-1,-1
3838,6,-1,-1
3838,7,-1,-1
3839,0,0,160
3839,1,0,160
3839,2,-1,-1
3839,3,-1,-1
3839,4,-1,-1
3839,5,-1,-1
3839,6,-1,-1
3839,7,-1,-1
3840,0,0,160
3840,1,0,160
3840,2,-1,-1
3840,3,-1,-1
3840,4,-1,-1
3840,5,-1,-1
3840,6,-1,-1
3840,7,-1,-1
3841,0,0,160
3841,1,0,160
3841,2,-1,-1
3841,3,-1,-1
3841,4,-1,-1
3841,5,-1,-1
3841,6,-1,-1
3841,7,-1,-1
3842,0,0,160
3842,1,0,160
3842,2,-1,-1
3842,3,-1,-1
3842,4,-1,-1
3842,5,-1,-1
3842,6,-1,-1
3842,7,-1,-1
3843,0,0,160
3843,1,0,160
3843,2,-1,-1
3843,3,-1,-1
3843,4,-1,-1
3843,5,-1,-1
3843,6,-1,-1
3843,7,-1,-1
3844,0,0,160
3844,1,0,160
3844,2,-1,-1
3844,3,-1,-1
3844,4,-1,-1
3844,5,-1,-1
3844,6,-1,-1
3844,7,-1,-1
3845,0,0,160
3845,1,0,160
3845,2,-1,-1
3845,3,-1,-1
3845,4,-1,-1
3845,5,-1,-1
3845,6,-1,-1
3845,7,-1,-1
3846,0,0,160
3846,1,0,160
3846,2,-1,-1
3846,3,-1,-1
3846,4,-1,-1
3846,5,-1,-1
3846,6,-1,-1
3846,7,-1,-1
3847,0,0,160
3847,1,0,160
3847,2,-1,-1
3847,3,-1,-1
3847,4,-1,-1
3847,5,-1,-1
3847,6,-1,-1
3847,7,-1,-1
3848,0,0,160
3848,1,0,160
3848,2,-1,-1
3848,3,-1,-1
3848,4,-1,-1
3848,5,-1,-1
3848,6,-1,-1
3848,7,-1,-1
3849,0,0,160
3849,1,0,160
3849,2,-1,-1
3849,3,-1,-1
3849,4,-1,-1
3849,5,-1,-1
3849,6,-1,-1
3849,7,-1,-1
3850,0,0,160
3850,1,0,160
3850,2,-1,-1
3850,3,-1,-1
3850,4,-1,-1
3850,5,-1,-1
3850,6,-1,-1
3850,7,-1,-1
3851,0,0,160
3851,1,0,160
3851,2,-1,-1
3851,3,-1,-1
3851,4,-1,-1
3851,5,-1,-1
3851,6,-1,-1
3851,7,-1,-1
3852,0,0,160
3852,1,0,160
3852,2,-1,-1
3852,3,-1,-1
3852,4,-1,-1
3852,5,-1,-1
3852,6,-1,-1
3852,7,-1,-1
3853,0,0,160
3853,1,0,160
3853,2,-1,-1
3853,3,-1,-1
3853,4,-1,-1
3853,5,-1,-1
3853,6,-1,-1
3853,7,-1,-1
3854,0,0,160
3854,1,0,160
3854,2,-1,-1
3854,3,-1,-1
3854,4,-1,-1
3854,5,-1,-1
3854,6,-1,-1
3854,7,-1,-1
3855,0,0,160
3855,1,0,160
3855,2,-1,-1
3855,3,-1,-1
3855,4,-1,-1
3855,5,-1,-1
3855,6,-1,-1
3855,7,-1,-1
3856,0,0,160
3856,1,0,160
3856,2,-1,-1
3856,3,-1,-1
3856,4,-1,-1
3856,5,-1,-1
3856,6,-1,-1
3856,7,-1,-1
3857,0,0,160
3857,1,0,160
3857,2,-1,-1
3857,3,-1,-1
3857,4,-1,-1
3857,5,-1,-1
3857,6,-1,-1
3857,7,-1,-1
3858,0,0,160
3858,1,0,160
3858,2,-1,-1
3858,3,-1,-1
3858,4,-1,-1
3858,5,-1,-1
3858,6,-1,-1
3858,7,-1,-1
3859,0,0,160
3859,1,0,160
3859,2,-1,-1
3859,3,-1,-1
3859,4,-1,-1
3859,5,-1,-1
3859,6,-1,-1
3859,7,-1,-1
3860,0,0,160
3860,1,0,160
3860,2,-1,-1
3860,3,-1,-1
3860,4,-1,-1
3860,5,-1,-1
3860,6,-1,-1
3860,7,-1,-1
3861,0,0,160
3861,1,0,160
3861,2,-1,-1
3861,3,-1,-1
3861,4,-1,-1
3861,5,-1,-1
3861,6,-1,-1
3861,7,-1,-1
3862,0,0,160
3862,1,0,160
3862,2,-1,-1
3862,3,-1,-1
3862,4,-1,-1
3862,5,-1,-1
3862,6,-1,-1
3862,7,-1,-1
3863,0,0,160
3863,1,0,160
3863,2,-1,-1
3863,3,-1,-1
3863,4,-1,-1
3863,5,-1,-1
3863,6,-1,-1
3863,7,-1,-1
3864,0,0,160
3864,1,0,160
3864,2,-1,-1
3864,3,-1,-1
3864,4,-1,-1
3864,5,-1,-1
3864,6,-1,-1
3864,7,-1,-1
3865,0,0,160
3865,1,0,160
3865,2,-1,-1
3865,3,-1,-1
3865,4,-1,-1
3865,5,-1,-1
3865,6,-1,-1
3865,7,-1,-1
3866,0,0,160
3866,1,0,160
3866,2,-1,-1
3866,3,-1,-1
3866,4,-1,-1
3866,5,-1,-1
3866,6,-1,-1
3866,7,-1,-1
3867,0,0,160
3867,1,0,160
3867,2,-1,-1
3867,3,-1,-1
3867,4,-1,-1
3867,5,-1,-1
3867,6,-1,-1
3867,7,-1,-1
3868,0,0,160
3868,1,0,160
3868,2,-1,-1
3868,3,-1,-1
3868,4,-1,-1
3868,5,-1,-1
3868,6,-1,-1
3868,7,-1,-1
3869,0,0,160
3869,1,0,160
3869,2,-1,-1
3869,3,-1,-1
3869,4,-1,-1
3869,5,-1,-1
3869,6,-1,-1
3869,7,-1,-1
3870,0,0,160
3870,1,0,160
3870,2,-1,-1
3870,3,-1,-1
3870,4,-1,-1
3870,5,-1,-1
3870,6,-1,-1
3870,7,-1,-1
3871,0,0,160
3871,1,0,160
3871,2,-1,-1
3871,3,-1,-1
3871,4,-1,-1
3871,5,-1,-1
3871,6,-1,-1
3871,7,-1,-1
3872,0,0,160
3872,1,0,160
3872,2,-1,-1
3872,3,-1,-1
3872,4,-1,-1
3872,5,-1,-1
3872,6,-1,-1
3872,7,-1,-1
3873,0,0,160
3873,1,0,160
3873,2,-1,-1
3873,3,-1,-1
3873,4,-1,-1
3873,5,-1,-1
3873,6,-1,-1
3873,7,-1,-1
3874,0,0,160
3874,1,0,160
3874,2,-1,-1
3874,3,-1,-1
3874,4,-1,-1
3874,5,-1,-1
3874,6,-1,-1
3874,7,-1,-1
3875,0,0,160
3875,1,0,160
3875,2,-1,-1
3875,3,-1,-1
3875,4,-1,-1
3875,5,-1,-1
3875,6,-1,-1
3875,7,-1,-1
3876,0,0,160
3876,1,0,160
3876,2,-1,-1
3876,3,-1,-1
3876,4,-1,-1
3876,5,-1,-1
3876,6,-1,-1
3876,7,-1,-1
3877,0,0,160
3877,1,0,160
3877,2,-1,-1
3877,3,-1,-1
3877,4,-1,-1
3877,5,-1,-1
3877,6,-1,-1
3877,7,-1,-1
3878,0,0,160
3878,1,0,160
3878,2,-1,-1
3878,3,-1,-1
3878,4,-1,-1
3878,5,-1,-1
3878,6,-1,-1
3878,7,-1,-1
3879,0,0,160
3879,1,0,160
3879,2,-1,-1
3879,3,-1,-1
3879,4,-1,-1
3879,5,-1,-1
3879,6,-1,-1
3879,7,-1,-1
3880,0,0,160
3880,1,0,160
3880,2,-1,-1
3880,3,-1,-1
3880,4,-1,-1
3880,5,-1,-1
3880,6,-1,-1
3880,7,-1,-1
3881,0,0,160
3881,1,0,160
3881,2,-1,-1
3881,3,-1,-1
3881,4,-1,-1
3881,5,-1,-1
3881,6,-1,-1
3881,7,-1,-1
3882,0,0,160
3882,1,0,160
3882,2,-1,-1
3882,3,-1,-1
3882,4,-1,-1
3882,5,-1,-1
3882,6,-1,-1
3882,7,-1,-1
3883,0,0,160
3883,1,0,160
3883,2,-1,-1
3883,3,-1,-1
3883,4,-1,-1
3883,5,-1,-1
3883,6,-1,-1
3883,7,-1,-1
3884,0,0,160
3884,1,0,160
3884,2,-1,-1
3884,3,-1,-1
3884,4,-1,-1
3884,5,-1,-1
3884,6,-1,-1
3884,7,-1,-1
3885,0,0,160
3885,1,0,160
3885,2,-1,-1
3885,3,-1,-1
3885,4,-1,-1
3885,5,-1,-1
3885,6,-1,-1
3885,7,-1,-1
3886,0,0,160
3886,1,0,160
3886,2,-1,-1
3886,3,-1,-1
3886,4,-1,-1
3886,5,-1,-1
3886,6,-1,-1
3886,7,-1,-1
3887,0,0,160
3887,1,0,160
3887,2,-1,-1
3887,3,-1,-1
3887,4,-1,-1
3887,5,-1,-1
3887,6,-1,-1
3887,7,-1,-1
3888,0,0,160
3888,1,0,160
3888,2,-1,-1
3888,3,-1,-1
3888,4,-1,-1
3888,5,-1,-1
3888,6,-1,-1
3888,7,-1,-1
3889,0,0,160
3889,1,0,160
3889,2,-1,-1
3889,3,-1,-1
3889,4,-1,-1
3889,5,-1,-1
3889,6,-1,-1
3889,7,-1,-1
3890,0,0,160
3890,1,0,160
3890,2,-1,-1
3890,3,-1,-1
3890,4,-1,-1
3890,5,-1,-1
3890,6,-1,-1
3890,7,-1,-1
3891,0,0,160
3891,1,0,160
3891,2,-1,-1
3891,3,-1,-1
3891,4,-1,-1
3891,5,-1,-1
3891,6,-1,-1
3891,7,-1,-1
3892,0,0,160
3892,1,0,160
3892,2,-1,-1
3892,3,-1,-1
3892,4,-1,-1
3892,5,-1,-1
3892,6,-1,-1
3892,7,-1,-1
3893,0,0,160
3893,1,0,160
3893,2,-1,-1
3893,3,-1,-1
3893,4,-1,-1
3893,5,-1,-1
3893,6,-1,-1
3893,7,-1,-1
3894,0,0,160
3894,1,0,160
3894,2,-1,-1
3894,3,-1,-1
3894,4,-1,-1
3894,5,-1,-1
3894,6,-1,-1
3894,7,-1,-1
3895,0,0,160
3895,1,0,160
3895,2,-1,-1
3895,3,-1,-1
3895,4,-1,-1
3895,5,-1,-1
3895,6,-1,-1
3895,7,-1,-1
3896,0,0,160
3896,1,0,160
3896,2,-1,-1
3896,3,-1,-1
3896,4,-1,-1
3896,5,-1,-1
3896,6,-1,-1
3896,7,-1,-1
3897,0,0,160
3897,1,0,160
3897,2,-1,-1
3897,3,-1,-1
3897,4,-1,-1
3897,5,-1,-1
3897,6,-1,-1
3897,7,-1,-1
3898,0,0,160
3898,1,0,160
3898,2,-1,-1
3898,3,-1,-1
3898,4,-1,-1
3898,5,-1,-1
3898,6,-1,-1
3898,7,-1,-1
3899,0,0,160
3899,1,0,160
3899,2,-1,-1
3899,3,-1,-1
3899,4,-1,-1
3899,5,-1,-1
3899,6,-1,-1
3899,7,-1,-1
3900,0,0,160
3900,1,0,160
3900,2,-1,-1
3900,3,-1,-1
3900,4,-1,-1
3900,5,-1,-1
3900,6,-1,-1
3900,7,-1,-1
3901,0,0,160
3901,1,0,160
3901,2,-1,-1
3901,3,-1,-1
3901,4,-1,-1
3901,5,-1,-1
3901,6,-1,-1
3901,7,-1,-1
3902,0,0,160
3902,1,0,160
3902,2,-1,-1
3902,3,-1,-1
3902,4,-1,-1
3902,5,-1,-1
3902,6,-1,-1
3902,7,-1,-1
3903,0,0,160
3903,1,0,160
3903,2,-1,-1
3903,3,-1,-1
3903,4,-1,-1
3903,5,-1,-1
3903,6,-1,-1
3903,7,-1,-1
3904,0,0,160
3904,1,0,160
3904,2,-1,-1
3904,3,-1,-1
3904,4,-1,-1
3904,5,-1,-1
3904,6,-1,-1
3904,7,-1,-1
3905,0,0,160
3905,1,0,160
3905,2,-1,-1
3905,3,-1,-1
3905,4,-1,-1
3905,5,-1,-1
3905,6,-1,-1
3905,7,-1,-1
3906,0,0,160
3906,1,0,160
3906,2,-1,-1
3906,3,-1,-1
3906,4,-1,-1
3906,5,-1,-1
3906,6,-1,-1
3906,7,-1,-1
3907,0,0,160
3907,1,0,160
3907,2,-1,-1
3907,3,-1,-1
3907,4,-1,-1
3907,5,-1,-1
3907,6,-1,-1
3907,7,-1,-1
3908,0,0,160
3908,1,0,160
3908,2,-1,-1
3908,3,-1,-1
3908,4,-1,-1
3908,5,-1,-1
3908,6,-1,-1
3908,7,-1,-1
3909,0,0,160
3909,1,0,160
3909,2,-1,-1
3909,3,-1,-1
3909,4,-1,-1
3909,5,-1,-1
3909,6,-1,-1
3909,7,-1,-1
3910,0,0,160
3910,1,0,160
3910,2,-1,-1
3910,3,-1,-1
3910,4,-1,-1
3910,5,-1,-1
3910,6,-1,-1
3910,7,-1,-1
3911,0,0,160
3911,1,0,160
3911,2,-1,-1
3911,3,-1,-1
3911,4,-1,-1
3911,5,-1,-1
3911,6,-1,-1
3911,7,-1,-1
3912,0,0,160
3912,1,0,160
3912,2,-1,-1
3912,3,-1,-1
3912,4,-1,-1
3912,5,-1,-1
3912,6,-1,-1
3912,7,-1,-1
3913,0,0,160
3913,1,0,160
3913,2,-1,-1
3913,3,-1,-1
3913,4,-1,-1
3913,5,-1,-1
3913,6,-1,-1
3913,7,-1,-1
3914,0,0,160
3914,1,0,160
3914,2,-1,-1
3914,3,-1,-1
3914,4,-1,-1
3914,5,-1,-1
3914,6,-1,-1
3914,7,-1,-1
3915,0,0,160
3915,1,0,160
3915,2,-1,-1
3915,3,-1,-1
3915,4,-1,-1
3915,5,-1,-1
3915,6,-1,-1
3915,7,-1,-1
3916,0,0,160
3916,1,0,160
3916,2,-1,-1
3916,3,-1,-1
3916,4,-1,-1
3916,5,-1,-1
3916,6,-1,-1
3916,7,-1,-1
3917,0,0,160
3917,1,0,160
3917,2,-1,-1
3917,3,-1,-1
3917,4,-1,-1
3917,5,-1,-1
3917,6,-1,-1
3917,7,-1,-1
3918,0,0,160
3918,1,0,160
3918,2,-1,-1
3918,3,-1,-1
3918,4,-1,-1
3918,5,-1,-1
3918,6,-1,-1
3918,7,-1,-1
3919,0,0,160
3919,1,0,160
3919,2,-1,-1
3919,3,-1,-1
3919,4,-1,-1
3919,5,-1,-1
3919,6,-1,-1
3919,7,-1,-1
3920,0,0,160
3920,1,0,160
3920,2,-1,-1
3920,3,-1,-1
3920,4,-1,-1
3920,5,-1,-1
3920,6,-1,-1
3920,7,-1,-1
3921,0,0,160
3921,1,0,160
3921,2,-1,-1
3921,3,-1,-1
3921,4,-1,-1
3921,5,-1,-1
3921,6,-1,-1
3921,7,-1,-1
3922,0,0,160
3922,1,0,160
3922,2,-1,-1
3922,3,-1,-1
3922,4,-1,-1
3922,5,-1,-1
3922,6,-1,-1
3922,7,-1,-1
3923,0,0,160
3923,1,0,160
3923,2,-1,-1
3923,3,-1,-1
3923,4,-1,-1
3923,5,-1,-1
3923,6,-1,-1
3923,7,-1,-1
3924,0,0,160
3924,1,0,160
3924,2,-1,-1
3924,3,-1,-1
3924,4,-1,-1
3924,5,-1,-1
3924,6,-1,-1
3924,7,-1,-1
3925,0,0,160
3925,1,0,160
3925,2,-1,-1
3925,3,-1,-1
3925,4,-1,-1
3925,5,-1,-1
3925,6,-1,-1
3925,7,-1,-1
3926,0,0,160
3926,1,0,160
3926,2,-1,-1
3926,3,-1,-1
3926,4,-1,-1
3926,5,-1,-1
3926,6,-1,-1
3926,7,-1,-1
3927,0,0,160
3927,1,0,160
3927,2,-1,-1
3927,3,-1,-1
3927,4,-1,-1
3927,5,-1,-1
3927,6,-1,-1
3927,7,-1,-1
3928,0,0,160
3928,1,0,160
3928,2,-1,-1
3928,3,-1,-1
3928,4,-1,-1
3928,5,-1,-1
3928,6,-1,-1
3928,7,-1,-1
3929,0,0,160
3929,1,0,160
3929,2,-1,-1
3929,3,-1,-1
3929,4,-1,-1
3929,5,-1,-1
3929,6,-1,-1
3929,7,-1,-1
3930,0,0,160
3930,1,0,160
3930,2,-1,-1
3930,3,-1,-1
3930,4,-1,-1
3930,5,-1,-1
3930,6,-1,-1
3930,7,-1,-1
3931,0,0,160
3931,1,0,160
3931,2,-1,-1
3931,3,-1,-1
3931,4,-1,-1
3931,5,-1,-1
3931,6,-1,-1
3931,7,-1,-1
3932,0,0,160
3932,1,0,160
3932,2,-1,-1
3932,3,-1,-1
3932,4,-1,-1
3932,5,-1,-1
3932,6,-1,-1
3932,7,-1,-1
3933,0,0,160
3933,1,0,160
3933,2,-1,-1
3933,3,-1,-1
3933,4,-1,-1
3933,5,-1,-1
3933,6,-1,-1
3933,7,-1,-1
3934,0,0,160
3934,1,0,160
3934,2,-1,-1
3934,3,-1,-1
3934,4,-1,-1
3934,5,-1,-1
3934,6,-1,-1
3934,7,-1,-1
3935,0,0,160
3935,1,0,160
3935,2,-1,-1
3935,3,-1,-1
3935,4,-1,-1
3935,5,-1,-1
3935,6,-1,-1
3935,7,-1,-1
3936,0,0,160
3936,1,0,160
3936,2,-1,-1
3936,3,-1,-1
3936,4,-1,-1
3936,5,-1,-1
3936,6,-1,-1
3936,7,-1,-1
3937,0,0,160
3937,1,0,160
3937,2,-1,-1
3937,3,-1,-1
3937,4,-1,-1
3937,5,-1,-1
3937,6,-1,-1
3937,7,-1,-1
3938,0,0,160
3938,1,0,160
3938,2,-1,-1
3938,3,-1,-1
3938,4,-1,-1
3938,5,-1,-1
3938,6,-1,-1
3938,7,-1,-1
3939,0,0,160
3939,1,0,160
3939,2,-1,-1
3939,3,-1,-1
3939,4,-1,-1
3939,5,-1,-1
3939,6,-1,-1
3939,7,-1,-1
3940,0,0,160
3940,1,0,160
3940,2,-1,-1
3940,3,-1,-1
3940,4,-1,-1
3940,5,-1,-1
3940,6,-1,-1
3940,7,-1,-1
3941,0,0,160
3941,1,0,160
3941,2,-1,-1
3941,3,-1,-1
3941,4,-1,-1
3941,5,-1,-1
3941,6,-1,-1
3941,7,-1,-1
3942,0,0,160
3942,1,0,160
3942,2,-1,-1
3942,3,-1,-1
3942,4,-1,-1
3942,5,-1,-1
3942,6,-1,-1
3942,7,-1,-1
3943,0,0,160
3943,1,0,160
3943,2,-1,-1
3943,3,-1,-1
3943,4,-1,-1
3943,5,-1,-1
3943,6,-1,-1
3943,7,-1,-1
3944,0,0,160
3944,1,0,160
3944,2,-1,-1
3944,3,-1,-1
3944,4,-1,-1
3944,5,-1,-1
3944,6,-1,-1
3944,7,-1,-1
3945,0,0,160
3945,1,0,160
3945,2,-1,-1
3945,3,-1,-1
3945,4,-1,-1
3945,5,-1,-1
3945,6,-1,-1
3945,7,-1,-1
3946,0,0,160
3946,1,0,160
3946,2,-1,-1
3946,3,-1,-1
3946,4,-1,-1
3946,5,-1,-1
3946,6,-1,-1
3946,7,-1,-1
3947,0,0,160
3947,1,0,160
3947,2,-1,-1
3947,3,-1,-1
3947,4,-1,-1
3947,5,-1,-1
3947,6,-1,-1
3947,7,-1,-1
3948,0,0,160
3948,1,0,160
3948,2,-1,-1
3948,3,-1,-1
3948,4,-1,-1
3948,5,-1,-1
3948,6,-1,-1
3948,7,-1,-1
3949,0,0,160
3949,1,0,160
3949,2,-1,-1
3949,3,-1,-1
3949,4,-1,-1
3949,5,-1,-1
3949,6,-1,-1
3949,7,-1,-1
3950,0,0,160
3950,1,0,160
3950,2,-1,-1
3950,3,-1,-1
3950,4,-1,-1
3950,5,-1,-1
3950,6,-1,-1
3950,7,-1,-1
3951,0,0,160
3951,1,0,160
3951,2,-1,-1
3951,3,-1,-1
3951,4,-1,-1
3951,5,-1,-1
3951,6,-1,-1
3951,7,-1,-1
3952,0,0,160
3952,1,0,160
3952,2,-1,-1
3952,3,-1,-1
3952,4,-1,-1
3952,5,-1,-1
3952,6,-1,-1
3952,7,-1,-1
3953,0,0,160
3953,1,0,160
3953,2,-1,-1
3953,3,-1,-1
3953,4,-1,-1
3953,5,-1,-1
3953,6,-1,-1
3953,7,-1,-1
3954,0,0,160
3954,1,0,160
3954,2,-1,-1
3954,3,-1,-1
3954,4,-1,-1
3954,5,-1,-1
3954,6,-1,-1
3954,7,-1,-1
3955,0,0,160
3955,1,0,160
3955,2,-1,-1
3955,3,-1,-1
3955,4,-1,-1
3955,5,-1,-1
3955,6,-1,-1
3955,7,-1,-1
3956,0,0,160
3956,1,0,160
3956,2,-1,-1
3956,3,-1,-1
3956,4,-1,-1
3956,5,-1,-1
3956,6,-1,-1
3956,7,-1,-1
3957,0,0,160
3957,1,0,160
3957,2,-1,-1
3957,3,-1,-1
3957,4,-1,-1
3957,5,-1,-1
3957,6,-1,-1
3957,7,-1,-1
3958,0,0,160
3958,1,0,160
3958,2,-1,-1
3958,3,-1,-1
3958,4,-1,-1
3958,5,-1,-1
3958,6,-1,-1
3958,7,-1,-1
3959,0,0,160
3959,1,0,160
3959,2,-1,-1
3959,3,-1,-1
3959,4,-1,-1
3959,5,-1,-1
3959,6,-1,-1
3959,7,-1,-1
3960,0,0,160
3960,1,0,160
3960,2,-1,-1
3960,3,-1,-1
3960,4,-1,-1
3960,5,-1,-1
3960,6,-1,-1
3960,7,-1,-1
3961,0,0,160
3961,1,0,160
3961,2,-1,-1
3961,3,-1,-1
3961,4,-1,-1
3961,5,-1,-1
3961,6,-1,-1
3961,7,-1,-1
3962,0,0,160
3962,1,0,160
3962,2,-1,-1
3962,3,-1,-1
3962,4,-1,-1
3962,5,-1,-1
3962,6,-1,-1
3962,7,-1,-1
3963,0,0,160
3963,1,0,160
3963,2,-1,-1
3963,3,-1,-1
3963,4,-1,-1
3963,5,-1,-1
3963,6,-1,-1
3963,7,-1,-1
3964,0,0,160
3964,1,0,160
3964,2,-1,-1
3964,3,-1,-1
3964,4,-1,-1
3964,5,-1,-1
3964,6,-1,-1
3964,7,-1,-1
3965,0,0,160
3965,1,0,160
3965,2,-1,-1
3965,3,-1,-1
3965,4,-1,-1
3965,5,-1,-1
3965,6,-1,-1
3965,7,-1,-1
3966,0,0,160
3966,1,0,160
3966,2,-1,-1
3966,3,-1,-1
3966,4,-1,-1
3966,5,-1,-1
3966,6,-1,-1
3966,7,-1,-1
3967,0,0,160
3967,1,0,160
3967,2,-1,-1
3967,3,-1,-1
3967,4,-1,-1
3967,5,-1,-1
3967,6,-1,-1
3967,7,-1,-1
3968,0,0,160
3968,1,0,160
3968,2,-1,-1
3968,3,-1,-1
3968,4,-1,-1
3968,5,-1,-1
3968,6,-1,-1
3968,7,-1,-1
3969,0,0,160
3969,1,0,160
3969,2,-1,-1
3969,3,-1,-1
3969,4,-1,-1
3969,5,-1,-1
3969,6,-1,-1
3969,7,-1,-1
3970,0,0,160
3970,1,0,160
3970,2,-1,-1
3970,3,-1,-1
3970,4,-1,-1
3970,5,-1,-1
3970,6,-1,-1
3970,7,-1,-1
3971,0,0,160
3971,1,0,160
3971,2,-1,-1
3971,3,-1,-1
3971,4,-1,-1
3971,5,-1,-1
3971,6,-1,-1
3971,7,-1,-1
3972,0,0,160
3972,1,0,160
3972,2,-1,-1
3972,3,-1,-1
3972,4,-1,-1
3972,5,-1,-1
3972,6,-1,-1
3972,7,-1,-1
3973,0,0,160
3973,1,0,160
3973,2,-1,-1
3973,3,-1,-1
3973,4,-1,-1
3973,5,-1,-1
3973,6,-1,-1
3973,7,-1,-1
3974,0,0,160
3974,1,0,160
3974,2,-1,-1
3974,3,-1,-1
3974,4,-1,-1
3974,5,-1,-1
3974,6,-1,-1
3974,7,-1,-1
3975,0,0,160
3975,1,0,160
3975,2,-1,-1
3975,3,-1,-1
3975,4,-1,-1
3975,5,-1,-1
3975,6,-1,-1
3975,7,-1,-1
3976,0,0,160
3976,1,0,160
3976,2,-1,-1
3976,3,-1,-1
3976,4,-1,-1
3976,5,-1,-1
3976,6,-1,-1
3976,7,-1,-1
3977,0,0,160
3977,1,0,160
3977,2,-1,-1
3977,3,-1,-1
3977,4,-1,-1
3977,5,-1,-1
3977,6,-1,-1
3977,7,-1,-1
3978,0,0,160
3978,1,0,160
3978,2,-1,-1
3978,3,-1,-1
3978,4,-1,-1
3978,5,-1,-1
3978,6,-1,-1
3978,7,-1,-1
3979,0,0,160
3979,1,0,160
3979,2,-1,-1
3979,3,-1,-1
3979,4,-1,-1
3979,5,-1,-1
3979,6,-1,-1
3979,7,-1,-1
3980,0,0,160
3980,1,0,160
3980,2,-1,-1
3980,3,-1,-1
3980,4,-1,-1
3980,5,-1,-1
3980,6,-1,-1
3980,7,-1,-1
3981,0,0,160
3981,1,0,160
3981,2,-1,-1
3981,3,-1,-1
3981,4,-1,-1
3981,5,-1,-1
3981,6,-1,-1
3981,7,-1,-1
3982,0,0,160
3982,1,0,160
3982,2,-1,-1
3982,3,-1,-1
3982,4,-1,-1
3982,5,-1,-1
3982,6,-1,-1
3982,7,-1,-1
3983,0,0,160
3983,1,0,160
3983,2,-1,-1
3983,3,-1,-1
3983,4,-1,-1
3983,5,-1,-1
3983,6,-1,-1
3983,7,-1,-1
3984,0,0,160
3984,1,0,160
3984,2,-1,-1
3984,3,-1,-1
3984,4,-1,-1
3984,5,-1,-1
3984,6,-1,-1
3984,7,-1,-1
3985,0,0,160
3985,1,0,160
3985,2,-1,-1
3985,3,-1,-1
3985,4,-1,-1
3985,5,-1,-1
3985,6,-1,-1
3985,7,-1,-1
3986,0,0,160
3986,1,0,160
3986,2,-1,-1
3986,3,-1,-1
3986,4,-1,-1
3986,5,-1,-1
3986,6,-1,-1
3986,7,-1,-1
3987,0,0,160
3987,1,0,160
3987,2,-1,-1
3987,3,-1,-1
3987,4,-1,-1
3987,5,-1,-1
3987,6,-1,-1
3987,7,-1,-1
3988,0,0,160
3988,1,0,160
3988,2,-1,-1
3988,3,-1,-1
3988,4,-1,-1
3988,5,-1,-1
3988,6,-1,-1
3988,7,-1,-1
3989,0,0,160
3989,1,0,160
3989,2,-1,-1
3989,3,-1,-1
3989,4,-1,-1
3989,5,-1,-1
3989,6,-1,-1
3989,7,-1,-1
3990,0,0,160
3990,1,0,160
3990,2,-1,-1
3990,3,-1,-1
3990,4,-1,-1
3990,5,-1,-1
3990,6,-1,-1
3990,7,-1,-1
3991,0,0,160
3991,1,0,160
3991,2,-1,-1
3991,3,-1,-1
3991,4,-1,-1
3991,5,-1,-1
3991,6,-1,-1
3991,7,-1,-1
3992,0,0,160
3992,1,0,160
3992,2,-1,-1
3992,3,-1,-1
3992,4,-1,-1
3992,5,-1,-1
3992,6,-1,-1
3992,7,-1,-1
3993,0,0,160
3993,1,0,160
3993,2,-1,-1
3993,3,-1,-1
3993,4,-1,-1
3993,5,-1,-1
3993,6,-1,-1
3993,7,-1,-1
3994,0,0,160
3994,1,0,160
3994,2,-1,-1
3994,3,-1,-1
3994,4,-1,-1
3994,5,-1,-1
3994,6,-1,-1
3994,7,-1,-1
3995,0,0,160
3995,1,0,160
3995,2,-1,-1
3995,3,-1,-1
3995,4,-1,-1
3995,5,-1,-1
3995,6,-1,-1
3995,7,-1,-1
3996,0,0,160
3996,1,0,160
3996,2,-1,-1
3996,3,-1,-1
3996,4,-1,-1
3996,5,-1,-1
3996,6,-1,-1
3996,7,-1,-1
3997,0,0,160
3997,1,0,160
3997,2,-1,-1
3997,3,-1,-1
3997,4,-1,-1
3997,5,-1,-1
3997,6,-1,-1
3997,7,-1,-1
3998,0,0,160
3998,1,0,160
3998,2,-1,-1
3998,3,-1,-1
3998,4,-1,-1
3998,5,-1,-1
3998,6,-1,-1
3998,7,-1,-1
3999,0,0,160
3999,1,0,160
3999,2,-1,-1
3999,3,-1,-1
3999,4,-1,-1
3999,5,-1,-1
3999,6,-1,-1
3999,7,-1,-1
4000,0,0,160
4000,1,0,160
4000,2,-1,-1
4000,3,-1,-1
4000,4,-1,-1
4000,5,-1,-1
4000,6,-1,-1
4000,7,-1,-1
4001,0,0,160
4001,1,0,160
4001,2,-1,-1
4001,3,-1,-1
4001,4,-1,-1
4001,5,-1,-1
4001,6,-1,-1
4001,7,-1,-1
4002,0,0,160
4002,1,0,160
4002,2,-1,-1
4002,3,-1,-1
4002,4,-1,-1
4002,5,-1,-1
4002,6,-1,-1
4002,7,-1,-1
4003,0,0,160
4003,1,0,160
4003,2,-1,-1
4003,3,-1,-1
4003,4,-1,-1
4003,5,-1,-1
4003,6,-1,-1
4003,7,-1,-1
4004,0,0,160
4004,1,0,160
4004,2,-1,-1
4004,3,-1,-1
4004,4,-1,-1
4004,5,-1,-1
4004,6,-1,-1
4004,7,-1,-1
4005,0,0,160
4005,1,0,160
4005,2,-1,-1
4005,3,-1,-1
4005,4,-1,-1
4005,5,-1,-1
4005,6,-1,-1
4005,7,-1,-1
4006,0,0,160
4006,1,0,160
4006,2,-1,-1
4006,3,-1,-1
4006,4,-1,-1
4006,5,-1,-1
4006,6,-1,-1
4006,7,-1,-1
4007,0,0,160
4007,1,0,160
4007,2,-1,-1
4007,3,-1,-1
4007,4,-1,-1
4007,5,-1,-1
4007,6,-1,-1
4007,7,-1,-1
4008,0,0,160
4008,1,0,160
4008,2,-1,-1
4008,3,-1,-1
4008,4,-1,-1
4008,5,-1,-1
4008,6,-1,-1
4008,7,-1,-1
4009,0,0,160
4009,1,0,160
4009,2,-1,-1
4009,3,-1,-1
4009,4,-1,-1
4009,5,-1,-1
4009,6,-1,-1
4009,7,-1,-1
4010,0,0,160
4010,1,0,160
4010,2,-1,-1
4010,3,-1,-1
4010,4,-1,-1
4010,5,-1,-1
4010,6,-1,-1
4010,7,-1,-1
4011,0,0,160
4011,1,0,160
4011,2,-1,-1
4011,3,-1,-1
4011,4,-1,-1
4011,5,-1,-1
4011,6,-1,-1
4011,7,-1,-1
4012,0,0,160
4012,1,0,160
4012,2,-1,-1
4012,3,-1,-1
4012,4,-1,-1
4012,5,-1,-1
4012,6,-1,-1
4012,7,-1,-1
4013,0,0,160
4013,1,0,160
4013,2,-1,-1
4013,3,-1,-1
4013,4,-1,-1
4013,5,-1,-1
4013,6,-1,-1
4013,7,-1,-1
4014,0,0,160
4014,1,0,160
4014,2,-1,-1
4014,3,-1,-1
4014,4,-1,-1
4014,5,-1,-1
4014,6,-1,-1
4014,7,-1,-1
4015,0,0,160
4015,1,0,160
4015,2,-1,-1
4015,3,-1,-1
4015,4,-1,-1
4015,5,-1,-1
4015,6,-1,-1
4015,7,-1,-1
4016,0,0,160
4016,1,0,160
4016,2,-1,-1
4016,3,-1,-1
4016,4,-1,-1
4016,5,-1,-1
4016,6,-1,-1
4016,7,-1,-1
4017,0,0,160
4017,1,0,160
4017,2,-1,-1
4017,3,-1,-1
4017,4,-1,-1
4017,5,-1,-1
4017,6,-1,-1
4017,7,-1,-1
4018,0,0,160
4018,1,0,160
4018,2,-1,-1
4018,3,-1,-1
4018,4,-1,-1
4018,5,-1,-1
4018,6,-1,-1
4018,7,-1,-1
4019,0,0,160
4019,1,0,160
4019,2,-1,-1
4019,3,-1,-1
4019,4,-1,-1
4019,5,-1,-1
4019,6,-1,-1
4019,7,-1,-1
4020,0,0,160
4020,1,0,160
4020,2,-1,-1
4020,3,-1,-1
4020,4,-1,-1
4020,5,-1,-1
4020,6,-1,-1
4020,7,-1,-1
4021,0,0,160
4021,1,0,160
4021,2,-1,-1
4021,3,-1,-1
4021,4,-1,-1
4021,5,-1,-1
4021,6,-1,-1
4021,7,-1,-1
4022,0,0,160
4022,1,0,160
4022,2,-1,-1
4022,3,-1,-1
4022,4,-1,-1
4022,5,-1,-1
4022,6,-1,-1
4022,7,-1,-1
4023,0,0,160
4023,1,0,160
4023,2,-1,-1
4023,3,-1,-1
4023,4,-1,-1
4023,5,-1,-1
4023,6,-1,-1
4023,7,-1,-1
4024,0,0,160
4024,1,0,160
4024,2,-1,-1
4024,3,-1,-1
4024,4,-1,-1
4024,5,-1,-1
4024,6,-1,-1
4024,7,-1,-1
4025,0,0,160
4025,1,0,160
4025,2,-1,-1
4025,3,-1,-1
4025,4,-1,-1
4025,5,-1,-1
4025,6,-1,-1
4025,7,-1,-1
4026,0,0,160
4026,1,0,160
4026,2,-1,-1
4026,3,-1,-1
4026,4,-1,-1
4026,5,-1,-1
4026,6,-1,-1
4026,7,-1,-1
4027,0,0,160
4027,1,0,160
4027,2,-1,-1
4027,3,-1,-1
4027,4,-1,-1
4027,5,-1,-1
4027,6,-1,-1
4027,7,-1,-1
4028,0,0,160
4028,1,0,160
4028,2,-1,-1
4028,3,-1,-1
4028,4,-1,-1
4028,5,-1,-1
4028,6,-1,-1
4028,7,-1,-1
4029,0,0,160
4029,1,0,160
4029,2,-1,-1
4029,3,-1,-1
4029,4,-1,-1
4029,5,-1,-1
4029,6,-1,-1
4029,7,-1,-1
4030,0,0,160
4030,1,0,160
4030,2,-1,-1
4030,3,-1,-1
4030,4,-1,-1
4030,5,-1,-1
4030,6,-1,-1
4030,7,-1,-1
4031,0,0,160
4031,1,0,160
4031,2,-1,-1
4031,3,-1,-1
4031,4,-1,-1
4031,5,-1,-1
4031,6,-1,-1
4031,7,-1,-1
4032,0,0,160
4032,1,0,160
4032,2,-1,-1
4032,3,-1,-1
4032,4,-1,-1
4032,5,-1,-1
4032,6,-1,-1
4032,7,-1,-1
4033,0,0,160
4033,1,0,160
4033,2,-1,-1
4033,3,-1,-1
4033,4,-1,-1
4033,5,-1,-1
4033,6,-1,-1
4033,7,-1,-1
4034,0,0,160
4034,1,0,160
4034,2,-1,-1
4034,3,-1,-1
4034,4,-1,-1
4034,5,-1,-1
4034,6,-1,-1
4034,7,-1,-1
4035,0,0,160
4035,1,0,160
4035,2,-1,-1
4035,3,-1,-1
4035,4,-1,-1
4035,5,-1,-1
4035,6,-1,-1
4035,7,-1,-1
4036,0,0,160
4036,1,0,160
4036,2,-1,-1
4036,3,-1,-1
4036,4,-1,-1
4036,5,-1,-1
4036,6,-1,-1
4036,7,-1,-1
4037,0,0,160
4037,1,0,160
4037,2,-1,-1
4037,3,-1,-1
4037,4,-1,-1
4037,5,-1,-1
4037,6,-1,-1
4037,7,-1,-1
4038,0,0,160
4038,1,0,160
4038,2,-1,-1
4038,3,-1,-1
4038,4,-1,-1
4038,5,-1,-1
4038,6,-1,-1
4038,7,-1,-1
4039,0,0,160
4039,1,0,160
4039,2,-1,-1
4039,3,-1,-1
4039,4,-1,-1
4039,5,-1,-1
4039,6,-1,-1
4039,7,-1,-1
4040,0,0,160
4040,1,0,160
4040,2,-1,-1
4040,3,-1,-1
4040,4,-1,-1
4040,5,-1,-1
4040,6,-1,-1
4040,7,-1,-1
4041,0,0,160
4041,1,0,160
4041,2,-1,-1
4041,3,-1,-1
4041,4,-1,-1
4041,5,-1,-1
4041,6,-1,-1
4041,7,-1,-1
4042,0,0,160
4042,1,0,160
4042,2,-1,-1
4042,3,-1,-1
4042,4,-1,-1
4042,5,-1,-1
4042,6,-1,-1
4042,7,-1,-1
4043,0,0,160
4043,1,0,160
4043,2,-1,-1
4043,3,-1,-1
4043,4,-1,-1
4043,5,-1,-1
4043,6,-1,-1
4043,7,-1,-1
4044,0,0,160
4044,1,0,160
4044,2,-1,-1
4044,3,-1,-1
4044,4,-1,-1
4044,5,-1,-1
4044,6,-1,-1
4044,7,-1,-1
4045,0,0,160
4045,1,0,160
4045,2,-1,-1
4045,3,-1,-1
4045,4,-1,-1
4045,5,-1,-1
4045,6,-1,-1
4045,7,-1,-1
4046,0,0,160
4046,1,0,160
4046,2,-1,-1
4046,3,-1,-1
4046,4,-1,-1
4046,5,-1,-1
4046,6,-1,-1
4046,7,-1,-1
4047,0,0,160
4047,1,0,160
4047,2,-1,-1
4047,3,-1,-1
4047,4,-1,-1
4047,5,-1,-1
4047,6,-1,-1
4047,7,-1,-1
4048,0,0,160
4048,1,0,160
4048,2,-1,-1
4048,3,-1,-1
4048,4,-1,-1
4048,5,-1,-1
4048,6,-1,-1
4048,7,-1,-1
4049,0,0,160
4049,1,0,160
4049,2,-1,-1
4049,3,-1,-1
4049,4,-1,-1
4049,5,-1,-1
4049,6,-1,-1
4049,7,-1,-1
4050,0,0,160
4050,1,0,160
4050,2,-1,-1
4050,3,-1,-1
4050,4,-1,-1
4050,5,-1,-1
4050,6,-1,-1
4050,7,-1,-1
4051,0,0,160
4051,1,0,160
4051,2,-1,-1
4051,3,-1,-1
4051,4,-1,-1
4051,5,-1,-1
4051,6,-1,-1
4051,7,-1,-1
4052,0,0,160
4052,1,0,160
4052,2,-1,-1
4052,3,-1,-1
4052,4,-1,-1
4052,5,-1,-1
4052,6,-1,-1
4052,7,-1,-1
4053,0,0,160
4053,1,0,160
4053,2,-1,-1
4053,3,-1,-1
4053,4,-1,-1
4053,5,-1,-1
4053,6,-1,-1
4053,7,-1,-1
4054,0,0,160
4054,1,0,160
4054,2,-1,-1
4054,3,-1,-1
4054,4,-1,-1
4054,5,-1,-1
4054,6,-1,-1
4054,7,-1,-1
4055,0,0,160
4055,1,0,160
4055,2,-1,-1
4055,3,-1,-1
4055,4,-1,-1
4055,5,-1,-1
4055,6,-1,-1
4055,7,-1,-1
4056,0,0,160
4056,1,0,160
4056,2,-1,-1
4056,3,-1,-1
4056,4,-1,-1
4056,5,-1,-1
4056,6,-1,-1
4056,7,-1,-1
4057,0,0,160
4057,1,0,160
4057,2,-1,-1
4057,3,-1,-1
4057,4,-1,-1
4057,5,-1,-1
4057,6,-1,-1
4057,7,-1,-1
4058,0,0,160
4058,1,0,160
4058,2,-1,-1
4058,3,-1,-1
4058,4,-1,-1
4058,5,-1,-1
4058,6,-1,-1
4058,7,-1,-1
4059,0,0,160
4059,1,0,160
4059,2,-1,-1
4059,3,-1,-1
4059,4,-1,-1
4059,5,-1,-1
4059,6,-1,-1
4059,7,-1,-1
4060,0,0,160
4060,1,0,160
4060,2,-1,-1
4060,3,-1,-1
4060,4,-1,-1
4060,5,-1,-1
4060,6,-1,-1
4060,7,-1,-1
4061,0,0,160
4061,1,0,160
4061,2,-1,-1
4061,3,-1,-1
4061,4,-1,-1
4061,5,-1,-1
4061,6,-1,-1
4061,7,-1,-1
4062,0,0,160
4062,1,0,160
4062,2,-1,-1
4062,3,-1,-1
4062,4,-1,-1
4062,5,-1,-1
4062,6,-1,-1
4062,7,-1,-1
4063,0,0,160
4063,1,0,160
4063,2,-1,-1
4063,3,-1,-1
4063,4,-1,-1
4063,5,-1,-1
4063,6,-1,-1
4063,7,-1,-1
4064,0,0,160
4064,1,0,160
4064,2,-1,-1
4064,3,-1,-1
4064,4,-1,-1
4064,5,-1,-1
4064,6,-1,-1
4064,7,-1,-1
4065,0,0,160
4065,1,0,160
4065,2,-1,-1
4065,3,-1,-1
4065,4,-1,-1
4065,5,-1,-1
4065,6,-1,-1
4065,7,-1,-1
4066,0,0,160
4066,1,0,160
4066,2,-1,-1
4066,3,-1,-1
4066,4,-1,-1
4066,5,-1,-1
4066,6,-1,-1
4066,7,-1,-1
4067,0,0,160
4067,1,0,160
4067,2,-1,-1
4067,3,-1,-1
4067,4,-1,-1
4067,5,-1,-1
4067,6,-1,-1
4067,7,-1,-1
4068,0,0,160
4068,1,0,160
4068,2,-1,-1
4068,3,-1,-1
4068,4,-1,-1
4068,5,-1,-1
4068,6,-1,-1
4068,7,-1,-1
4069,0,0,160
4069,1,0,160
4069,2,-1,-1
4069,3,-1,-1
4069,4,-1,-1
4069,5,-1,-1
4069,6,-1,-1
4069,7,-1,-1
4070,0,0,160
4070,1,0,160
4070,2,-1,-1
4070,3,-1,-1
4070,4,-1,-1
4070,5,-1,-1
4070,6,-1,-1
4070,7,-1,-1
4071,0,0,160
4071,1,0,160
4071,2,-1,-1
4071,3,-1,-1
4071,4,-1,-1
4071,5,-1,-1
4071,6,-1,-1
4071,7,-1,-1
4072,0,0,160
4072,1,0,160
4072,2,-1,-1
4072,3,-1,-1
4072,4,-1,-1
4072,5,-1,-1
4072,6,-1,-1
4072,7,-1,-1
4073,0,0,160
4073,1,0,160
4073,2,-1,-1
4073,3,-1,-1
4073,4,-1,-1
4073,5,-1,-1
4073,6,-1,-1
4073,7,-1,-1
4074,0,0,160
4074,1,0,160
4074,2,-1,-1
4074,3,-1,-1
4074,4,-1,-1
4074,5,-1,-1
4074,6,-1,-1
4074,7,-1,-1
4075,0,0,160
4075,1,0,160
4075,2,-1,-1
4075,3,-1,-1
4075,4,-1,-1
4075,5,-1,-1
4075,6,-1,-1
4075,7,-1,-1
4076,0,0,160
4076,1,0,160
4076,2,-1,-1
4076,3,-1,-1
4076,4,-1,-1
4076,5,-1,-1
4076,6,-1,-1
4076,7,-1,-1
4077,0,0,160
4077,1,0,160
4077,2,-1,-1
4077,3,-1,-1
4077,4,-1,-1
4077,5,-1,-1
4077,6,-1,-1
4077,7,-1,-1
4078,0,0,160
4078,1,0,160
4078,2,-1,-1
4078,3,-1,-1
4078,4,-1,-1
4078,5,-1,-1
4078,6,-1,-1
4078,7,-1,-1
4079,0,0,160
4079,1,0,160
4079,2,-1,-1
4079,3,-1,-1
4079,4,-1,-1
4079,5,-1,-1
4079,6,-1,-1
4079,7,-1,-1
4080,0,0,160
4080,1,0,160
4080,2,-1,-1
4080,3,-1,-1
4080,4,-1,-1
4080,5,-1,-1
4080,6,-1,-1
4080,7,-1,-1
4081,0,0,160
4081,1,0,160
4081,2,-1,-1
4081,3,-1,-1
4081,4,-1,-1
4081,5,-1,-1
4081,6,-1,-1
4081,7,-1,-1
4082,0,0,160
4082,1,0,160
4082,2,-1,-1
4082,3,-1,-1
4082,4,-1,-1
4082,5,-1,-1
4082,6,-1,-1
4082,7,-1,-1
4083,0,0,160
4083,1,0,160
4083,2,-1,-1
4083,3,-1,-1
4083,4,-1,-1
4083,5,-1,-1
4083,6,-1,-1
4083,7,-1,-1
4084,0,0,160
4084,1,0,160
4084,2,-1,-1
4084,3,-1,-1
4084,4,-1,-1
4084,5,-1,-1
4084,6,-1,-1
4084,7,-1,-1
4085,0,0,160
4085,1,0,160
4085,2,-1,-1
4085,3,-1,-1
4085,4,-1,-1
4085,5,-1,-1
4085,6,-1,-1
4085,7,-1,-1
4086,0,0,160
4086,1,0,160
4086,2,-1,-1
4086,3,-1,-1
4086,4,-1,-1
4086,5,-1,-1
4086,6,-1,-1
4086,7,-1,-1
4087,0,0,160
4087,1,0,160
4087,2,-1,-1
4087,3,-1,-1
4087,4,-1,-1
4087,5,-1,-1
4087,6,-1,-1
4087,7,-1,-1
4088,0,0,160
4088,1,0,160
4088,2,-1,-1
4088,3,-1,-1
4088,4,-1,-1
4088,5,-1,-1
4088,6,-1,-1
4088,7,-1,-1
4089,0,0,160
4089,1,0,160
4089,2,-1,-1
4089,3,-1,-1
4089,4,-1,-1
4089,5,-1,-1
4089,6,-1,-1
4089,7,-1,-1
4090,0,0,160
4090,1,0,160
4090,2,-1,-1
4090,3,-1,-1
4090,4,-1,-1
4090,5,-1,-1
4090,6,-1,-1
4090,7,-1,-1
4091,0,0,160
4091,1,0,160
4091,2,-1,-1
4091,3,-1,-1
4091,4,-1,-1
4091,5,-1,-1
4091,6,-1,-1
4091,7,-1,-1
4092,0,0,160
4092,1,0,160
4092,2,-1,-1
4092,3,-1,-1
4092,4,-1,-1
4092,5,-1,-1
4092,6,-1,-1
4092,7,-1,-1
4093,0,0,160
4093,1,0,160
4093,2,-1,-1
4093,3,-1,-1
4093,4,-1,-1
4093,5,-1,-1
4093,6,-1,-1
4093,7,-1,-1
4094,0,0,160
4094,1,0,160
4094,2,-1,-1
4094,3,-1,-1
4094,4,-1,-1
4094,5,-1,-1
4094,6,-1,-1
4094,7,-1,-1
4095,0,0,160
4095,1,0,160
4095,2,-1,-1
4095,3,-1,-1
4095,4,-1,-1
4095,5,-1,-1
4095,6,-1,-1
4095,7,-1,-1
4096,0,0,160
4096,1,0,160
4096,2,-1,-1
4096,3,-1,-1
4096,4,-1,-1
4096,5,-1,-1
4096,6,-1,-1
4096,7,-1,-1
4097,0,0,160
4097,1,0,160
4097,2,-1,-1
4097,3,-1,-1
4097,4,-1,-1
4097,5,-1,-1
4097,6,-1,-1
4097,7,-1,-1
4098,0,0,160
4098,1,0,160
4098,2,-1,-1
4098,3,-1,-1
4098,4,-1,-1
4098,5,-1,-1
4098,6,-1,-1
4098,7,-1,-1
4099,0,0,160
4099,1,0,160
4099,2,-1,-1
4099,3,-1,-1
4099,4,-1,-1
4099,5,-1,-1
4099,6,-1,-1
4099,7,-1,-1
4100,0,0,160
4100,1,0,160
4100,2,-1,-1
4100,3,-1,-1
4100,4,-1,-1
4100,5,-1,-1
4100,6,-1,-1
4100,7,-1,-1
4101,0,0,160
4101,1,0,160
4101,2,-1,-1
4101,3,-1,-1
4101,4,-1,-1
4101,5,-1,-1
4101,6,-1,-1
4101,7,-1,-1
4102,0,0,160
4102,1,0,160
4102,2,-1,-1
4102,3,-1,-1
4102,4,-1,-1
4102,5,-1,-1
4102,6,-1,-1
4102,7,-1,-1
4103,0,0,160
4103,1,0,160
4103,2,-1,-1
4103,3,-1,-1
4103,4,-1,-1
4103,5,-1,-1
4103,6,-1,-1
4103,7,-1,-1
4104,0,0,160
4104,1,0,160
4104,2,-1,-1
4104,3,-1,-1
4104,4,-1,-1
4104,5,-1,-1
4104,6,-1,-1
4104,7,-1,-1
4105,0,0,160
4105,1,0,160
4105,2,-1,-1
4105,3,-1,-1
4105,4,-1,-1
4105,5,-1,-1
4105,6,-1,-1
4105,7,-1,-1
4106,0,0,160
4106,1,0,160
4106,2,-1,-1
4106,3,-1,-1
4106,4,-1,-1
4106,5,-1,-1
4106,6,-1,-1
4106,7,-1,-1
4107,0,0,160
4107,1,0,160
4107,2,-1,-1
4107,3,-1,-1
4107,4,-1,-1
4107,5,-1,-1
4107,6,-1,-1
4107,7,-1,-1
4108,0,0,160
4108,1,0,160
4108,2,-1,-1
4108,3,-1,-1
4108,4,-1,-1
4108,5,-1,-1
4108,6,-1,-1
4108,7,-1,-1
4109,0,0,160
4109,1,0,160
4109,2,-1,-1
4109,3,-1,-1
4109,4,-1,-1
4109,5,-1,-1
4109,6,-1,-1
4109,7,-1,-1
4110,0,0,160
4110,1,0,160
4110,2,-1,-1
4110,3,-1,-1
4110,4,-1,-1
4110,5,-1,-1
4110,6,-1,-1
4110,7,-1,-1
4111,0,0,160
4111,1,0,160
4111,2,-1,-1
4111,3,-1,-1
4111,4,-1,-1
4111,5,-1,-1
4111,6,-1,-1
4111,7,-1,-1
4112,0,0,160
4112,1,0,160
4112,2,-1,-1
4112,3,-1,-1
4112,4,-1,-1
4112,5,-1,-1
4112,6,-1,-1
4112,7,-1,-1
4113,0,0,160
4113,1,0,160
4113,2,-1,-1
4113,3,-1,-1
4113,4,-1,-1
4113,5,-1,-1
4113,6,-1,-1
4113,7,-1,-1
4114,0,0,160
4114,1,0,160
4114,2,-1,-1
4114,3,-1,-1
4114,4,-1,-1
4114,5,-1,-1
4114,6,-1,-1
4114,7,-1,-1
4115,0,0,160
4115,1,0,160
4115,2,-1,-1
4115,3,-1,-1
4115,4,-1,-1
4115,5,-1,-1
4115,6,-1,-1
4115,7,-1,-1
4116,0,0,160
4116,1,0,160
4116,2,-1,-1
4116,3,-1,-1
4116,4,-1,-1
4116,5,-1,-1
4116,6,-1,-1
4116,7,-1,-1
4117,0,0,160
4117,1,0,160
4117,2,-1,-1
4117,3,-1,-1
4117,4,-1,-1
4117,5,-1,-1
4117,6,-1,-1
4117,7,-1,-1
4118,0,0,160
4118,1,0,160
4118,2,-1,-1
4118,3,-1,-1
4118,4,-1,-1
4118,5,-1,-1
4118,6,-1,-1
4118,7,-1,-1
4119,0,0,160
4119,1,0,160
4119,2,-1,-1
4119,3,-1,-1
4119,4,-1,-1
4119,5,-1,-1
4119,6,-1,-1
4119,7,-1,-1
4120,0,0,160
4120,1,0,160
4120,2,-1,-1
4120,3,-1,-1
4120,4,-1,-1
4120,5,-1,-1
4120,6,-1,-1
4120,7,-1,-1
4121,0,0,160
4121,1,0,160
4121,2,-1,-1
4121,3,-1,-1
4121,4,-1,-1
4121,5,-1,-1
4121,6,-1,-1
4121,7,-1,-1
4122,0,0,160
4122,1,0,160
4122,2,-1,-1
4122,3,-1,-1
4122,4,-1,-1
4122,5,-1,-1
4122,6,-1,-1
4122,7,-1,-1
4123,0,0,160
4123,1,0,160
4123,2,-1,-1
4123,3,-1,-1
4123,4,-1,-1
4123,5,-1,-1
4123,6,-1,-1
4123,7,-1,-1
4124,0,0,160
4124,1,0,160
4124,2,-1,-1
4124,3,-1,-1
4124,4,-1,-1
4124,5,-1,-1
4124,6,-1,-1
4124,7,-1,-1
4125,0,0,160
4125,1,0,160
4125,2,-1,-1
4125,3,-1,-1
4125,4,-1,-1
4125,5,-1,-1
4125,6,-1,-1
4125,7,-1,-1
4126,0,0,160
4126,1,0,160
4126,2,-1,-1
4126,3,-1,-1
4126,4,-1,-1
4126,5,-1,-1
4126,6,-1,-1
4126,7,-1,-1
4127,0,0,160
4127,1,0,160
4127,2,-1,-1
4127,3,-1,-1
4127,4,-1,-1
4127,5,-1,-1
4127,6,-1,-1
4127,7,-1,-1
4128,0,0,160
4128,1,0,160
4128,2,-1,-1
4128,3,-1,-1
4128,4,-1,-1
4128,5,-1,-1
4128,6,-1,-1
4128,7,-1,-1
4129,0,0,160
4129,1,0,160
4129,2,-1,-1
4129,3,-1,-1
4129,4,-1,-1
4129,5,-1,-1
4129,6,-1,-1
4129,7,-1,-1
4130,0,0,160
4130,1,0,160
4130,2,-1,-1
4130,3,-1,-1
4130,4,-1,-1
4130,5,-1,-1
4130,6,-1,-1
4130,7,-1,-1
4131,0,0,160
4131,1,0,160
4131,2,-1,-1
4131,3,-1,-1
4131,4,-1,-1
4131,5,-1,-1
4131,6,-1,-1
4131,7,-1,-1
4132,0,0,160
4132,1,0,160
4132,2,-1,-1
4132,3,-1,-1
4132,4,-1,-1
4132,5,-1,-1
4132,6,-1,-1
4132,7,-1,-1
4133,0,0,160
4133,1,0,160
4133,2,-1,-1
4133,3,-1,-1
4133,4,-1,-1
4133,5,-1,-1
4133,6,-1,-1
4133,7,-1,-1
4134,0,0,160
4134,1,0,160
4134,2,-1,-1
4134,3,-1,-1
4134,4,-1,-1
4134,5,-1,-1
4134,6,-1,-1
4134,7,-1,-1
4135,0,0,160
4135,1,0,160
4135,2,-1,-1
4135,3,-1,-1
4135,4,-1,-1
4135,5,-1,-1
4135,6,-1,-1
4135,7,-1,-1
4136,0,0,160
4136,1,0,160
4136,2,-1,-1
4136,3,-1,-1
4136,4,-1,-1
4136,5,-1,-1
4136,6,-1,-1
4136,7,-1,-1
4137,0,0,160
4137,1,0,160
4137,2,-1,-1
4137,3,-1,-1
4137,4,-1,-1
4137,5,-1,-1
4137,6,-1,-1
4137,7,-1,-1
4138,0,0,160
4138,1,0,160
4138,2,-1,-1
4138,3,-1,-1
4138,4,-1,-1
4138,5,-1,-1
4138,6,-1,-1
4138,7,-1,-1
4139,0,0,160
4139,1,0,160
4139,2,-1,-1
4139,3,-1,-1
4139,4,-1,-1
4139,5,-1,-1
4139,6,-1,-1
4139,7,-1,-1
4140,0,0,160
4140,1,0,160
4140,2,-1,-1
4140,3,-1,-1
4140,4,-1,-1
4140,5,-1,-1
4140,6,-1,-1
4140,7,-1,-1
4141,0,0,160
4141,1,0,160
4141,2,-1,-1
4141,3,-1,-1
4141,4,-1,-1
4141,5,-1,-1
4141,6,-1,-1
4141,7,-1,-1
4142,0,0,160
4142,1,0,160
4142,2,-1,-1
4142,3,-1,-1
4142,4,-1,-1
4142,5,-1,-1
4142,6,-1,-1
4142,7,-1,-1
4143,0,0,160
4143,1,0,160
4143,2,-1,-1
4143,3,-1,-1
4143,4,-1,-1
4143,5,-1,-1
4143,6,-1,-1
4143,7,-1,-1
4144,0,0,160
4144,1,0,160
4144,2,-1,-1
4144,3,-1,-1
4144,4,-1,-1
4144,5,-1,-1
4144,6,-1,-1
4144,7,-1,-1
4145,0,0,160
4145,1,0,160
4145,2,-1,-1
4145,3,-1,-1
4145,4,-1,-1
4145,5,-1,-1
4145,6,-1,-1
4145,7,-1,-1
4146,0,0,160
4146,1,0,160
4146,2,-1,-1
4146,3,-1,-1
4146,4,-1,-1
4146,5,-1,-1
4146,6,-1,-1
4146,7,-1,-1
4147,0,0,160
4147,1,0,160
4147,2,-1,-1
4147,3,-1,-1
4147,4,-1,-1
4147,5,-1,-1
4147,6,-1,-1
4147,7,-1,-1
4148,0,0,160
4148,1,0,160
4148,2,-1,-1
4148,3,-1,-1
4148,4,-1,-1
4148,5,-1,-1
4148,6,-1,-1
4148,7,-1,-1
4149,0,0,160
4149,1,0,160
4149,2,-1,-1
4149,3,-1,-1
4149,4,-1,-1
4149,5,-1,-1
4149,6,-1,-1
4149,7,-1,-1
4150,0,0,160
4150,1,0,160
4150,2,-1,-1
4150,3,-1,-1
4150,4,-1,-1
4150,5,-1,-1
4150,6,-1,-1
4150,7,-1,-1
4151,0,0,160
4151,1,0,160
4151,2,-1,-1
4151,3,-1,-1
4151,4,-1,-1
4151,5,-1,-1
4151,6,-1,-1
4151,7,-1,-1
4152,0,0,160
4152,1,0,160
4152,2,-1,-1
4152,3,-1,-1
4152,4,-1,-1
4152,5,-1,-1
4152,6,-1,-1
4152,7,-1,-1
4153,0,0,160
4153,1,0,160
4153,2,-1,-1
4153,3,-1,-1
4153,4,-1,-1
4153,5,-1,-1
4153,6,-1,-1
4153,7,-1,-1
4154,0,0,160
4154,1,0,160
4154,2,-1,-1
4154,3,-1,-1
4154,4,-1,-1
4154,5,-1,-1
4154,6,-1,-1
4154,7,-1,-1
4155,0,0,160
4155,1,0,160
4155,2,-1,-1
4155,3,-1,-1
4155,4,-1,-1
4155,5,-1,-1
4155,6,-1,-1
4155,7,-1,-1
4156,0,0,160
4156,1,0,160
4156,2,-1,-1
4156,3,-1,-1
4156,4,-1,-1
4156,5,-1,-1
4156,6,-1,-1
4156,7,-1,-1
4157,0,0,160
4157,1,0,160
4157,2,-1,-1
4157,3,-1,-1
4157,4,-1,-1
4157,5,-1,-1
4157,6,-1,-1
4157,7,-1,-1
4158,0,0,160
4158,1,0,160
4158,2,-1,-1
4158,3,-1,-1
4158,4,-1,-1
4158,5,-1,-1
4158,6,-1,-1
4158,7,-1,-1
4159,0,0,160
4159,1,0,160
4159,2,-1,-1
4159,3,-1,-1
4159,4,-1,-1
4159,5,-1,-1
4159,6,-1,-1
4159,7,-1,-1
4160,0,0,160
4160,1,0,160
4160,2,-1,-1
4160,3,-1,-1
4160,4,-1,-1
4160,5,-1,-1
4160,6,-1,-1
4160,7,-1,-1
4161,0,0,160
4161,1,0,160
4161,2,-1,-1
4161,3,-1,-1
4161,4,-1,-1
4161,5,-1,-1
4161,6,-1,-1
4161,7,-1,-1
4162,0,0,160
4162,1,0,160
4162,2,-1,-1
4162,3,-1,-1
4162,4,-1,-1
4162,5,-1,-1
4162,6,-1,-1
4162,7,-1,-1
4163,0,0,160
4163,1,0,160
4163,2,-1,-1
4163,3,-1,-1
4163,4,-1,-1
4163,5,-1,-1
4163,6,-1,-1
4163,7,-1,-1
4164,0,0,160
4164,1,0,160
4164,2,-1,-1
4164,3,-1,-1
4164,4,-1,-1
4164,5,-1,-1
4164,6,-1,-1
4164,7,-1,-1
4165,0,0,160
4165,1,0,160
4165,2,-1,-1
4165,3,-1,-1
4165,4,-1,-1
4165,5,-1,-1
4165,6,-1,-1
4165,7,-1,-1
4166,0,0,160
4166,1,0,160
4166,2,-1,-1
4166,3,-1,-1
4166,4,-1,-1
4166,5,-1,-1
4166,6,-1,-1
4166,7,-1,-1
4167,0,0,160
4167,1,0,160
4167,2,-1,-1
4167,3,-1,-1
4167,4,-1,-1
4167,5,-1,-1
4167,6,-1,-1
4167,7,-1,-1
4168,0,0,160
4168,1,0,160
4168,2,-1,-1
4168,3,-1,-1
4168,4,-1,-1
4168,5,-1,-1
4168,6,-1,-1
4168,7,-1,-1
4169,0,0,160
4169,1,0,160
4169,2,-1,-1
4169,3,-1,-1
4169,4,-1,-1
4169,5,-1,-1
4169,6,-1,-1
4169,7,-1,-1
4170,0,0,160
4170,1,0,160
4170,2,-1,-1
4170,3,-1,-1
4170,4,-1,-1
4170,5,-1,-1
4170,6,-1,-1
4170,7,-1,-1
4171,0,0,160
4171,1,0,160
4171,2,-1,-1
4171,3,-1,-1
4171,4,-1,-1
4171,5,-1,-1
4171,6,-1,-1
4171,7,-1,-1
4172,0,0,160
4172,1,0,160
4172,2,-1,-1
4172,3,-1,-1
4172,4,-1,-1
4172,5,-1,-1
4172,6,-1,-1
4172,7,-1,-1
4173,0,0,160
4173,1,0,160
4173,2,-1,-1
4173,3,-1,-1
4173,4,-1,-1
4173,5,-1,-1
4173,6,-1,-1
4173,7,-1,-1
4174,0,0,160
4174,1,0,160
4174,2,-1,-1
4174,3,-1,-1
4174,4,-1,-1
4174,5,-1,-1
4174,6,-1,-1
4174,7,-1,-1
4175,0,0,160
4175,1,0,160
4175,2,-1,-1
4175,3,-1,-1
4175,4,-1,-1
4175,5,-1,-1
4175,6,-1,-1
4175,7,-1,-1
4176,0,0,160
4176,1,0,160
4176,2,-1,-1
4176,3,-1,-1
4176,4,-1,-1
4176,5,-1,-1
4176,6,-1,-1
4176,7,-1,-1
4177,0,0,160
4177,1,0,160
4177,2,-1,-1
4177,3,-1,-1
4177,4,-1,-1
4177,5,-1,-1
4177,6,-1,-1
4177,7,-1,-1
4178,0,0,160
4178,1,0,160
4178,2,-1,-1
4178,3,-1,-1
4178,4,-1,-1
4178,5,-1,-1
4178,6,-1,-1
4178,7,-1,-1
4179,0,0,160
4179,1,0,160
4179,2,-1,-1
4179,3,-1,-1
4179,4,-1,-1
4179,5,-1,-1
4179,6,-1,-1
4179,7,-1,-1
4180,0,0,160
4180,1,0,160
4180,2,-1,-1
4180,3,-1,-1
4180,4,-1,-1
4180,5,-1,-1
4180,6,-1,-1
4180,7,-1,-1
4181,0,0,160
4181,1,0,160
4181,2,-1,-1
4181,3,-1,-1
4181,4,-1,-1
4181,5,-1,-1
4181,6,-1,-1
4181,7,-1,-1
4182,0,0,160
4182,1,0,160
4182,2,-1,-1
4182,3,-1,-1
4182,4,-1,-1
4182,5,-1,-1
4182,6,-1,-1
4182,7,-1,-1
4183,0,0,160
4183,1,0,160
4183,2,-1,-1
4183,3,-1,-1
4183,4,-1,-1
4183,5,-1,-1
4183,6,-1,-1
4183,7,-1,-1
4184,0,0,160
4184,1,0,160
4184,2,-1,-1
4184,3,-1,-1
4184,4,-1,-1
4184,5,-1,-1
4184,6,-1,-1
4184,7,-1,-1
4185,0,0,160
4185,1,0,160
4185,2,-1,-1
4185,3,-1,-1
4185,4,-1,-1
4185,5,-1,-1
4185,6,-1,-1
4185,7,-1,-1
4186,0,0,160
4186,1,0,160
4186,2,-1,-1
4186,3,-1,-1
4186,4,-1,-1
4186,5,-1,-1
4186,6,-1,-1
4186,7,-1,-1
4187,0,0,160
4187,1,0,160
4187,2,-1,-1
4187,3,-1,-1
4187,4,-1,-1
4187,5,-1,-1
4187,6,-1,-1
4187,7,-1,-1
4188,0,0,160
4188,1,0,160
4188,2,-1,-1
4188,3,-1,-1
4188,4,-1,-1
4188,5,-1,-1
4188,6,-1,-1
4188,7,-1,-1
4189,0,0,160
4189,1,0,160
4189,2,-1,-1
4189,3,-1,-1
4189,4,-1,-1
4189,5,-1,-1
4189,6,-1,-1
4189,7,-1,-1
4190,0,0,160
4190,1,0,160
4190,2,-1,-1
4190,3,-1,-1
4190,4,-1,-1
4190,5,-1,-1
4190,6,-1,-1
4190,7,-1,-1
4191,0,0,160
4191,1,0,160
4191,2,-1,-1
4191,3,-1,-1
4191,4,-1,-1
4191,5,-1,-1
4191,6,-1,-1
4191,7,-1,-1
4192,0,0,160
4192,1,0,160
4192,2,-1,-1
4192,3,-1,-1
4192,4,-1,-1
4192,5,-1,-1
4192,6,-1,-1
4192,7,-1,-1
4193,0,0,160
4193,1,0,160
4193,2,-1,-1
4193,3,-1,-1
4193,4,-1,-1
4193,5,-1,-1
4193,6,-1,-1
4193,7,-1,-1
4194,0,0,160
4194,1,0,160
4194,2,-1,-1
4194,3,-1,-1
4194,4,-1,-1
4194,5,-1,-1
4194,6,-1,-1
4194,7,-1,-1
4195,0,0,160
4195,1,0,160
4195,2,-1,-1
4195,3,-1,-1
4195,4,-1,-1
4195,5,-1,-1
4195,6,-1,-1
4195,7,-1,-1
4196,0,0,160
4196,1,0,160
4196,2,-1,-1
4196,3,-1,-1
4196,4,-1,-1
4196,5,-1,-1
4196,6,-1,-1
4196,7,-1,-1
4197,0,0,160
4197,1,0,160
4197,2,-1,-1
4197,3,-1,-1
4197,4,-1,-1
4197,5,-1,-1
4197,6,-1,-1
4197,7,-1,-1
4198,0,0,160
4198,1,0,160
4198,2,-1,-1
4198,3,-1,-1
4198,4,-1,-1
4198,5,-1,-1
4198,6,-1,-1
4198,7,-1,-1
4199,0,0,160
4199,1,0,160
4199,2,-1,-1
4199,3,-1,-1
4199,4,-1,-1
4199,5,-1,-1
4199,6,-1,-1
4199,7,-1,-1
4200,0,0,160
4200,1,0,160
4200,2,-1,-1
4200,3,-1,-1
4200,4,-1,-1
4200,5,-1,-1
4200,6,-1,-1
4200,7,-1,-1
4201,0,0,160
4201,1,0,160
4201,2,-1,-1
4201,3,-1,-1
4201,4,-1,-1
4201,5,-1,-1
4201,6,-1,-1
4201,7,-1,-1
4202,0,0,160
4202,1,0,160
4202,2,-1,-1
4202,3,-1,-1
4202,4,-1,-1
4202,5,-1,-1
4202,6,-1,-1
4202,7,-1,-1
4203,0,0,160
4203,1,0,160
4203,2,-1,-1
4203,3,-1,-1
4203,4,-1,-1
4203,5,-1,-1
4203,6,-1,-1
4203,7,-1,-1
4204,0,0,160
4204,1,0,160
4204,2,-1,-1
4204,3,-1,-1
4204,4,-1,-1
4204,5,-1,-1
4204,6,-1,-1
4204,7,-1,-1
4205,0,0,160
4205,1,0,160
4205,2,-1,-1
4205,3,-1,-1
4205,4,-1,-1
4205,5,-1,-1
4205,6,-1,-1
4205,7,-1,-1
4206,0,0,160
4206,1,0,160
4206,2,-1,-1
4206,3,-1,-1
4206,4,-1,-1
4206,5,-1,-1
4206,6,-1,-1
4206,7,-1,-1
4207,0,0,160
4207,1,0,160
4207,2,-1,-1
4207,3,-1,-1
4207,4,-1,-1
4207,5,-1,-1
4207,6,-1,-1
4207,7,-1,-1
4208,0,0,160
4208,1,0,160
4208,2,-1,-1
4208,3,-1,-1
4208,4,-1,-1
4208,5,-1,-1
4208,6,-1,-1
4208,7,-1,-1
4209,0,0,160
4209,1,0,160
4209,2,-1,-1
4209,3,-1,-1
4209,4,-1,-1
4209,5,-1,-1
4209,6,-1,-1
4209,7,-1,-1
4210,0,0,160
4210,1,0,160
4210,2,-1,-1
4210,3,-1,-1
4210,4,-1,-1
4210,5,-1,-1
4210,6,-1,-1
4210,7,-1,-1
4211,0,0,160
4211,1,0,160
4211,2,-1,-1
4211,3,-1,-1
4211,4,-1,-1
4211,5,-1,-1
4211,6,-1,-1
4211,7,-1,-1
4212,0,0,160
4212,1,0,160
4212,2,-1,-1
4212,3,-1,-1
4212,4,-1,-1
4212,5,-1,-1
4212,6,-1,-1
4212,7,-1,-1
4213,0,0,160
4213,1,0,160
4213,2,-1,-1
4213,3,-1,-1
4213,4,-1,-1
4213,5,-1,-1
4213,6,-1,-1
4213,7,-1,-1
4214,0,0,160
4214,1,0,160
4214,2,-1,-1
4214,3,-1,-1
4214,4,-1,-1
4214,5,-1,-1
4214,6,-1,-1
4214,7,-1,-1
4215,0,0,160
4215,1,0,160
4215,2,-1,-1
4215,3,-1,-1
4215,4,-1,-1
4215,5,-1,-1
4215,6,-1,-1
4215,7,-1,-1
4216,0,0,160
4216,1,0,160
4216,2,-1,-1
4216,3,-1,-1
4216,4,-1,-1
4216,5,-1,-1
4216,6,-1,-1
4216,7,-1,-1
4217,0,0,160
4217,1,0,160
4217,2,-1,-1
4217,3,-1,-1
4217,4,-1,-1
4217,5,-1,-1
4217,6,-1,-1
4217,7,-1,-1
4218,0,0,160
4218,1,0,160
4218,2,-1,-1
4218,3,-1,-1
4218,4,-1,-1
4218,5,-1,-1
4218,6,-1,-1
4218,7,-1,-1
4219,0,0,160
4219,1,0,160
4219,2,-1,-1
4219,3,-1,-1
4219,4,-1,-1
4219,5,-1,-1
4219,6,-1,-1
4219,7,-1,-1
4220,0,0,160
4220,1,0,160
4220,2,-1,-1
4220,3,-1,-1
4220,4,-1,-1
4220,5,-1,-1
4220,6,-1,-1
4220,7,-1,-1
4221,0,0,160
4221,1,0,160
4221,2,-1,-1
4221,3,-1,-1
4221,4,-1,-1
4221,5,-1,-1
4221,6,-1,-1
4221,7,-1,-1
4222,0,0,160
4222,1,0,160
4222,2,-1,-1
4222,3,-1,-1
4222,4,-1,-1
4222,5,-1,-1
4222,6,-1,-1
4222,7,-1,-1
4223,0,0,160
4223,1,0,160
4223,2,-1,-1
4223,3,-1,-1
4223,4,-1,-1
4223,5,-1,-1
4223,6,-1,-1
4223,7,-1,-1
4224,0,0,160
4224,1,0,160
4224,2,-1,-1
4224,3,-1,-1
4224,4,-1,-1
4224,5,-1,-1
4224,6,-1,-1
4224,7,-1,-1
4225,0,0,160
4225,1,0,160
4225,2,-1,-1
4225,3,-1,-1
4225,4,-1,-1
4225,5,-1,-1
4225,6,-1,-1
4225,7,-1,-1
4226,0,0,160
4226,1,0,160
4226,2,-1,-1
4226,3,-1,-1
4226,4,-1,-1
4226,5,-1,-1
4226,6,-1,-1
4226,7,-1,-1
4227,0,0,160
4227,1,0,160
4227,2,-1,-1
4227,3,-1,-1
4227,4,-1,-1
4227,5,-1,-1
4227,6,-1,-1
4227,7,-1,-1
4228,0,0,160
4228,1,0,160
4228,2,-1,-1
4228,3,-1,-1
4228,4,-1,-1
4228,5,-1,-1
4228,6,-1,-1
4228,7,-1,-1
4229,0,0,160
4229,1,0,160
4229,2,-1,-1
4229,3,-1,-1
4229,4,-1,-1
4229,5,-1,-1
4229,6,-1,-1
4229,7,-1,-1
4230,0,0,160
4230,1,0,160
4230,2,-1,-1
4230,3,-1,-1
4230,4,-1,-1
4230,5,-1,-1
4230,6,-1,-1
4230,7,-1,-1
4231,0,0,160
4231,1,0,160
4231,2,-1,-1
4231,3,-1,-1
4231,4,-1,-1
4231,5,-1,-1
4231,6,-1,-1
4231,7,-1,-1
4232,0,0,160
4232,1,0,160
4232,2,-1,-1
4232,3,-1,-1
4232,4,-1,-1
4232,5,-1,-1
4232,6,-1,-1
4232,7,-1,-1
4233,0,0,160
4233,1,0,160
4233,2,-1,-1
4233,3,-1,-1
4233,4,-1,-1
4233,5,-1,-1
4233,6,-1,-1
4233,7,-1,-1
4234,0,0,160
4234,1,0,160
4234,2,-1,-1
4234,3,-1,-1
4234,4,-1,-1
4234,5,-1,-1
4234,6,-1,-1
4234,7,-1,-1
4235,0,0,160
4235,1,0,160
4235,2,-1,-1
4235,3,-1,-1
4235,4,-1,-1
4235,5,-1,-1
4235,6,-1,-1
4235,7,-1,-1
4236,0,0,160
4236,1,0,160
4236,2,-1,-1
4236,3,-1,-1
4236,4,-1,-1
4236,5,-1,-1
4236,6,-1,-1
4236,7,-1,-1
4237,0,0,160
4237,1,0,160
4237,2,-1,-1
4237,3,-1,-1
4237,4,-1,-1
4237,5,-1,-1
4237,6,-1,-1
4237,7,-1,-1
4238,0,0,160
4238,1,0,160
4238,2,-1,-1
4238,3,-1,-1
4238,4,-1,-1
4238,5,-1,-1
4238,6,-1,-1
4238,7,-1,-1
4239,0,0,160
4239,1,0,160
4239,2,-1,-1
4239,3,-1,-1
4239,4,-1,-1
4239,5,-1,-1
4239,6,-1,-1
4239,7,-1,-1
4240,0,0,160
4240,1,0,160
4240,2,-1,-1
4240,3,-1,-1
4240,4,-1,-1
4240,5,-1,-1
4240,6,-1,-1
4240,7,-1,-1
4241,0,0,160
4241,1,0,160
4241,2,-1,-1
4241,3,-1,-1
4241,4,-1,-1
4241,5,-1,-1
4241,6,-1,-1
4241,7,-1,-1
4242,0,0,160
4242,1,0,160
4242,2,-1,-1
4242,3,-1,-1
4242,4,-1,-1
4242,5,-1,-1
4242,6,-1,-1
4242,7,-1,-1
4243,0,0,160
4243,1,0,160
4243,2,-1,-1
4243,3,-1,-1
4243,4,-1,-1
4243,5,-1,-1
4243,6,-1,-1
4243,7,-1,-1
4244,0,0,160
4244,1,0,160
4244,2,-1,-1
4244,3,-1,-1
4244,4,-1,-1
4244,5,-1,-1
4244,6,-1,-1
4244,7,-1,-1
4245,0,0,160
4245,1,0,160
4245,2,-1,-1
4245,3,-1,-1
4245,4,-1,-1
4245,5,-1,-1
4245,6,-1,-1
4245,7,-1,-1
4246,0,0,160
4246,1,0,160
4246,2,-1,-1
4246,3,-1,-1
4246,4,-1,-1
4246,5,-1,-1
4246,6,-1,-1
4246,7,-1,-1
4247,0,0,160
4247,1,0,160
4247,2,-1,-1
4247,3,-1,-1
4247,4,-1,-1
4247,5,-1,-1
4247,6,-1,-1
4247,7,-1,-1
4248,0,0,160
4248,1,0,160
4248,2,-1,-1
4248,3,-1,-1
4248,4,-1,-1
4248,5,-1,-1
4248,6,-1,-1
4248,7,-1,-1
4249,0,0,160
4249,1,0,160
4249,2,-1,-1
4249,3,-1,-1
4249,4,-1,-1
4249,5,-1,-1
4249,6,-1,-1
4249,7,-1,-1
4250,0,0,160
4250,1,0,160
4250,2,-1,-1
4250,3,-1,-1
4250,4,-1,-1
4250,5,-1,-1
4250,6,-1,-1
4250,7,-1,-1
4251,0,0,160
4251,1,0,160
4251,2,-1,-1
4251,3,-1,-1
4251,4,-1,-1
4251,5,-1,-1
4251,6,-1,-1
4251,7,-1,-1
4252,0,0,160
4252,1,0,160
4252,2,-1,-1
4252,3,-1,-1
4252,4,-1,-1
4252,5,-1,-1
4252,6,-1,-1
4252,7,-1,-1
4253,0,0,160
4253,1,0,160
4253,2,-1,-1
4253,3,-1,-1
4253,4,-1,-1
4253,5,-1,-1
4253,6,-1,-1
4253,7,-1,-1
4254,0,0,160
4254,1,0,160
4254,2,-1,-1
4254,3,-1,-1
4254,4,-1,-1
4254,5,-1,-1
4254,6,-1,-1
4254,7,-1,-1
4255,0,0,160
4255,1,0,160
4255,2,-1,-1
4255,3,-1,-1
4255,4,-1,-1
4255,5,-1,-1
4255,6,-1,-1
4255,7,-1,-1
4256,0,0,160
4256,1,0,160
4256,2,-1,-1
4256,3,-1,-1
4256,4,-1,-1
4256,5,-1,-1
4256,6,-1,-1
4256,7,-1,-1
4257,0,0,160
4257,1,0,160
4257,2,-1,-1
4257,3,-1,-1
4257,4,-1,-1
4257,5,-1,-1
4257,6,-1,-1
4257,7,-1,-1
4258,0,0,160
4258,1,0,160
4258,2,-1,-1
4258,3,-1,-1
4258,4,-1,-1
4258,5,-1,-1
4258,6,-1,-1
4258,7,-1,-1
4259,0,0,160
4259,1,0,160
4259,2,-1,-1
4259,3,-1,-1
4259,4,-1,-1
4259,5,-1,-1
4259,6,-1,-1
4259,7,-1,-1
4260,0,0,160
4260,1,0,160
4260,2,-1,-1
4260,3,-1,-1
4260,4,-1,-1
4260,5,-1,-1
4260,6,-1,-1
4260,7,-1,-1
4261,0,0,160
4261,1,0,160
4261,2,-1,-1
4261,3,-1,-1
4261,4,-1,-1
4261,5,-1,-1
4261,6,-1,-1
4261,7,-1,-1
4262,0,0,160
4262,1,0,160
4262,2,-1,-1
4262,3,-1,-1
4262,4,-1,-1
4262,5,-1,-1
4262,6,-1,-1
4262,7,-1,-1
4263,0,0,160
4263,1,0,160
4263,2,-1,-1
4263,3,-1,-1
4263,4,-1,-1
4263,5,-1,-1
4263,6,-1,-1
4263,7,-1,-1
4264,0,0,160
4264,1,0,160
4264,2,-1,-1
4264,3,-1,-1
4264,4,-1,-1
4264,5,-1,-1
4264,6,-1,-1
4264,7,-1,-1
4265,0,0,160
4265,1,0,160
4265,2,-1,-1
4265,3,-1,-1
4265,4,-1,-1
4265,5,-1,-1
4265,6,-1,-1
4265,7,-1,-1
4266,0,0,160
4266,1,0,160
4266,2,-1,-1
4266,3,-1,-1
4266,4,-1,-1
4266,5,-1,-1
4266,6,-1,-1
4266,7,-1,-1
4267,0,0,160
4267,1,0,160
4267,2,-1,-1
4267,3,-1,-1
4267,4,-1,-1
4267,5,-1,-1
4267,6,-1,-1
4267,7,-1,-1
4268,0,0,160
4268,1,0,160
4268,2,-1,-1
4268,3,-1,-1
4268,4,-1,-1
4268,5,-1,-1
4268,6,-1,-1
4268,7,-1,-1
4269,0,0,160
4269,1,0,160
4269,2,-1,-1
4269,3,-1,-1
4269,4,-1,-1
4269,5,-1,-1
4269,6,-1,-1
4269,7,-1,-1
4270,0,0,160
4270,1,0,160
4270,2,-1,-1
4270,3,-1,-1
4270,4,-1,-1
4270,5,-1,-1
4270,6,-1,-1
4270,7,-1,-1
4271,0,0,160
4271,1,0,160
4271,2,-1,-1
4271,3,-1,-1
4271,4,-1,-1
4271,5,-1,-1
4271,6,-1,-1
4271,7,-1,-1
4272,0,0,160
4272,1,0,160
4272,2,-1,-1
4272,3,-1,-1
4272,4,-1,-1
4272,5,-1,-1
4272,6,-1,-1
4272,7,-1,-1
4273,0,0,160
4273,1,0,160
4273,2,-1,-1
4273,3,-1,-1
4273,4,-1,-1
4273,5,-1,-1
4273,6,-1,-1
4273,7,-1,-1
4274,0,0,160
4274,1,0,160
4274,2,-1,-1
4274,3,-1,-1
4274,4,-1,-1
4274,5,-1,-1
4274,6,-1,-1
4274,7,-1,-1
4275,0,0,160
4275,1,0,160
4275,2,-1,-1
4275,3,-1,-1
4275,4,-1,-1
4275,5,-1,-1
4275,6,-1,-1
4275,7,-1,-1
4276,0,0,160
4276,1,0,160
4276,2,-1,-1
4276,3,-1,-1
4276,4,-1,-1
4276,5,-1,-1
4276,6,-1,-1
4276,7,-1,-1
4277,0,0,160
4277,1,0,160
4277,2,-1,-1
4277,3,-1,-1
4277,4,-1,-1
4277,5,-1,-1
4277,6,-1,-1
4277,7,-1,-1
4278,0,0,160
4278,1,0,160
4278,2,-1,-1
4278,3,-1,-1
4278,4,-1,-1
4278,5,-1,-1
4278,6,-1,-1
4278,7,-1,-1
4279,0,0,160
4279,1,0,160
4279,2,-1,-1
4279,3,-1,-1
4279,4,-1,-1
4279,5,-1,-1
4279,6,-1,-1
4279,7,-1,-1
4280,0,0,160
4280,1,0,160
4280,2,-1,-1
4280,3,-1,-1
4280,4,-1,-1
4280,5,-1,-1
4280,6,-1,-1
4280,7,-1,-1
4281,0,0,160
4281,1,0,160
4281,2,-1,-1
4281,3,-1,-1
4281,4,-1,-1
4281,5,-1,-1
4281,6,-1,-1
4281,7,-1,-1
4282,0,0,160
4282,1,0,160
4282,2,-1,-1
4282,3,-1,-1
4282,4,-1,-1
4282,5,-1,-1
4282,6,-1,-1
4282,7,-1,-1
4283,0,0,160
4283,1,0,160
4283,2,-1,-1
4283,3,-1,-1
4283,4,-1,-1
4283,5,-1,-1
4283,6,-1,-1
4283,7,-1,-1
4284,0,0,160
4284,1,0,160
4284,2,-1,-1
4284,3,-1,-1
4284,4,-1,-1
4284,5,-1,-1
4284,6,-1,-1
4284,7,-1,-1
4285,0,0,160
4285,1,0,160
4285,2,-1,-1
4285,3,-1,-1
4285,4,-1,-1
4285,5,-1,-1
4285,6,-1,-1
4285,7,-1,-1
4286,0,0,160
4286,1,0,160
4286,2,-1,-1
4286,3,-1,-1
4286,4,-1,-1
4286,5,-1,-1
4286,6,-1,-1
4286,7,-1,-1
4287,0,0,160
4287,1,0,160
4287,2,-1,-1
4287,3,-1,-1
4287,4,-1,-1
4287,5,-1,-1
4287,6,-1,-1
4287,7,-1,-1
4288,0,0,160
4288,1,0,160
4288,2,-1,-1
4288,3,-1,-1
4288,4,-1,-1
4288,5,-1,-1
4288,6,-1,-1
4288,7,-1,-1
4289,0,0,160
4289,1,0,160
4289,2,-1,-1
4289,3,-1,-1
4289,4,-1,-1
4289,5,-1,-1
4289,6,-1,-1
4289,7,-1,-1
4290,0,0,160
4290,1,0,160
4290,2,-1,-1
4290,3,-1,-1
4290,4,-1,-1
4290,5,-1,-1
4290,6,-1,-1
4290,7,-1,-1
4291,0,0,160
4291,1,0,160
4291,2,-1,-1
4291,3,-1,-1
4291,4,-1,-1
4291,5,-1,-1
4291,6,-1,-1
4291,7,-1,-1
4292,0,0,160
4292,1,0,160
4292,2,-1,-1
4292,3,-1,-1
4292,4,-1,-1
4292,5,-1,-1
4292,6,-1,-1
4292,7,-1,-1
4293,0,0,160
4293,1,0,160
4293,2,-1,-1
4293,3,-1,-1
4293,4,-1,-1
4293,5,-1,-1
4293,6,-1,-1
4293,7,-1,-1
4294,0,0,160
4294,1,0,160
4294,2,-1,-1
4294,3,-1,-1
4294,4,-1,-1
4294,5,-1,-1
4294,6,-1,-1
4294,7,-1,-1
4295,0,0,160
4295,1,0,160
4295,2,-1,-1
4295,3,-1,-1
4295,4,-1,-1
4295,5,-1,-1
4295,6,-1,-1
4295,7,-1,-1
4296,0,0,160
4296,1,0,160
4296,2,-1,-1
4296,3,-1,-1
4296,4,-1,-1
4296,5,-1,-1
4296,6,-1,-1
4296,7,-1,-1
4297,0,0,160
4297,1,0,160
4297,2,-1,-1
4297,3,-1,-1
4297,4,-1,-1
4297,5,-1,-1
4297,6,-1,-1
4297,7,-1,-1
4298,0,0,160
4298,1,0,160
4298,2,-1,-1
4298,3,-1,-1
4298,4,-1,-1
4298,5,-1,-1
4298,6,-1,-1
4298,7,-1,-1
4299,0,0,160
4299,1,0,160
4299,2,-1,-1
4299,3,-1,-1
4299,4,-1,-1
4299,5,-1,-1
4299,6,-1,-1
4299,7,-1,-1
4300,0,0,160
4300,1,0,160
4300,2,-1,-1
4300,3,-1,-1
4300,4,-1,-1
4300,5,-1,-1
4300,6,-1,-1
4300,7,-1,-1
4301,0,0,160
4301,1,0,160
4301,2,-1,-1
4301,3,-1,-1
4301,4,-1,-1
4301,5,-1,-1
4301,6,-1,-1
4301,7,-1,-1
4302,0,0,160
4302,1,0,160
4302,2,-1,-1
4302,3,-1,-1
4302,4,-1,-1
4302,5,-1,-1
4302,6,-1,-1
4302,7,-1,-1
4303,0,0,160
4303,1,0,160
4303,2,-1,-1
4303,3,-1,-1
4303,4,-1,-1
4303,5,-1,-1
4303,6,-1,-1
4303,7,-1,-1
4304,0,0,160
4304,1,0,160
4304,2,-1,-1
4304,3,-1,-1
4304,4,-1,-1
4304,5,-1,-1
4304,6,-1,-1
4304,7,-1,-1
4305,0,0,160
4305,1,0,160
4305,2,-1,-1
4305,3,-1,-1
4305,4,-1,-1
4305,5,-1,-1
4305,6,-1,-1
4305,7,-1,-1
4306,0,0,160
4306,1,0,160
4306,2,-1,-1
4306,3,-1,-1
4306,4,-1,-1
4306,5,-1,-1
4306,6,-1,-1
4306,7,-1,-1
4307,0,0,160
4307,1,0,160
4307,2,-1,-1
4307,3,-1,-1
4307,4,-1,-1
4307,5,-1,-1
4307,6,-1,-1
4307,7,-1,-1
4308,0,0,160
4308,1,0,160
4308,2,-1,-1
4308,3,-1,-1
4308,4,-1,-1
4308,5,-1,-1
4308,6,-1,-1
4308,7,-1,-1
4309,0,0,160
4309,1,0,160
4309,2,-1,-1
4309,3,-1,-1
4309,4,-1,-1
4309,5,-1,-1
4309,6,-1,-1
4309,7,-1,-1
4310,0,0,160
4310,1,0,160
4310,2,-1,-1
4310,3,-1,-1
4310,4,-1,-1
4310,5,-1,-1
4310,6,-1,-1
4310,7,-1,-1
4311,0,0,160
4311,1,0,160
4311,2,-1,-1
4311,3,-1,-1
4311,4,-1,-1
4311,5,-1,-1
4311,6,-1,-1
4311,7,-1,-1
4312,0,0,160
4312,1,0,160
4312,2,-1,-1
4312,3,-1,-1
4312,4,-1,-1
4312,5,-1,-1
4312,6,-1,-1
4312,7,-1,-1
4313,0,0,160
4313,1,0,160
4313,2,-1,-1
4313,3,-1,-1
4313,4,-1,-1
4313,5,-1,-1
4313,6,-1,-1
4313,7,-1,-1
4314,0,0,160
4314,1,0,160
4314,2,-1,-1
4314,3,-1,-1
4314,4,-1,-1
4314,5,-1,-1
4314,6,-1,-1
4314,7,-1,-1
4315,0,0,160
4315,1,0,160
4315,2,-1,-1
4315,3,-1,-1
4315,4,-1,-1
4315,5,-1,-1
4315,6,-1,-1
4315,7,-1,-1
4316,0,0,160
4316,1,0,160
4316,2,-1,-1
4316,3,-1,-1
4316,4,-1,-1
4316,5,-1,-1
4316,6,-1,-1
4316,7,-1,-1
4317,0,0,160
4317,1,0,160
4317,2,-1,-1
4317,3,-1,-1
4317,4,-1,-1
4317,5,-1,-1
4317,6,-1,-1
4317,7,-1,-1
4318,0,0,160
4318,1,0,160
4318,2,-1,-1
4318,3,-1,-1
4318,4,-1,-1
4318,5,-1,-1
4318,6,-1,-1
4318,7,-1,-1
4319,0,0,160
4319,1,0,160
4319,2,-1,-1
4319,3,-1,-1
4319,4,-1,-1
4319,5,-1,-1
4319,6,-1,-1
4319,7,-1,-1
4320,0,0,160
4320,1,0,160
4320,2,-1,-1
4320,3,-1,-1
4320,4,-1,-1
4320,5,-1,-1
4320,6,-1,-1
4320,7,-1,-1
4321,0,0,160
4321,1,0,160
4321,2,-1,-1
4321,3,-1,-1
4321,4,-1,-1
4321,5,-1,-1
4321,6,-1,-1
4321,7,-1,-1
4322,0,0,160
4322,1,0,160
4322,2,-1,-1
4322,3,-1,-1
4322,4,-1,-1
4322,5,-1,-1
4322,6,-1,-1
4322,7,-1,-1
4323,0,0,160
4323,1,0,160
4323,2,-1,-1
4323,3,-1,-1
4323,4,-1,-1
4323,5,-1,-1
4323,6,-1,-1
4323,7,-1,-1
4324,0,0,160
4324,1,0,160
4324,2,-1,-1
4324,3,-1,-1
4324,4,-1,-1
4324,5,-1,-1
4324,6,-1,-1
4324,7,-1,-1
4325,0,0,160
4325,1,0,160
4325,2,-1,-1
4325,3,-1,-1
4325,4,-1,-1
4325,5,-1,-1
4325,6,-1,-1
4325,7,-1,-1
4326,0,0,160
4326,1,0,160
4326,2,-1,-1
4326,3,-1,-1
4326,4,-1,-1
4326,5,-1,-1
4326,6,-1,-1
4326,7,-1,-1
4327,0,0,160
4327,1,0,160
4327,2,-1,-1
4327,3,-1,-1
4327,4,-1,-1
4327,5,-1,-1
4327,6,-1,-1
4327,7,-1,-1
4328,0,0,160
4328,1,0,160
4328,2,-1,-1
4328,3,-1,-1
4328,4,-1,-1
4328,5,-1,-1
4328,6,-1,-1
4328,7,-1,-1
4329,0,0,160
4329,1,0,160
4329,2,-1,-1
4329,3,-1,-1
4329,4,-1,-1
4329,5,-1,-1
4329,6,-1,-1
4329,7,-1,-1
4330,0,0,160
4330,1,0,160
4330,2,-1,-1
4330,3,-1,-1
4330,4,-1,-1
4330,5,-1,-1
4330,6,-1,-1
4330,7,-1,-1
4331,0,0,160
4331,1,0,160
4331,2,-1,-1
4331,3,-1,-1
4331,4,-1,-1
4331,5,-1,-1
4331,6,-1,-1
4331,7,-1,-1
4332,0,0,160
4332,1,0,160
4332,2,-1,-1
4332,3,-1,-1
4332,4,-1,-1
4332,5,-1,-1
4332,6,-1,-1
4332,7,-1,-1
4333,0,0,160
4333,1,0,160
4333,2,-1,-1
4333,3,-1,-1
4333,4,-1,-1
4333,5,-1,-1
4333,6,-1,-1
4333,7,-1,-1
4334,0,0,160
4334,1,0,160
4334,2,-1,-1
4334,3,-1,-1
4334,4,-1,-1
4334,5,-1,-1
4334,6,-1,-1
4334,7,-1,-1
4335,0,0,160
4335,1,0,160
4335,2,-1,-1
4335,3,-1,-1
4335,4,-1,-1
4335,5,-1,-1
4335,6,-1,-1
4335,7,-1,-1
4336,0,0,160
4336,1,0,160
4336,2,-1,-1
4336,3,-1,-1
4336,4,-1,-1
4336,5,-1,-1
4336,6,-1,-1
4336,7,-1,-1
4337,0,0,160
4337,1,0,160
4337,2,-1,-1
4337,3,-1,-1
4337,4,-1,-1
4337,5,-1,-1
4337,6,-1,-1
4337,7,-1,-1
4338,0,0,160
4338,1,0,160
4338,2,-1,-1
4338,3,-1,-1
4338,4,-1,-1
4338,5,-1,-1
4338,6,-1,-1
4338,7,-1,-1
4339,0,0,160
4339,1,0,160
4339,2,-1,-1
4339,3,-1,-1
4339,4,-1,-1
4339,5,-1,-1
4339,6,-1,-1
4339,7,-1,-1
4340,0,0,160
4340,1,0,160
4340,2,-1,-1
4340,3,-1,-1
4340,4,-1,-1
4340,5,-1,-1
4340,6,-1,-1
4340,7,-1,-1
4341,0,0,160
4341,1,0,160
4341,2,-1,-1
4341,3,-1,-1
4341,4,-1,-1
4341,5,-1,-1
4341,6,-1,-1
4341,7,-1,-1
4342,0,0,160
4342,1,0,160
4342,2,-1,-1
4342,3,-1,-1
4342,4,-1,-1
4342,5,-1,-1
4342,6,-1,-1
4342,7,-1,-1
4343,0,0,160
4343,1,0,160
4343,2,-1,-1
4343,3,-1,-1
4343,4,-1,-1
4343,5,-1,-1
4343,6,-1,-1
4343,7,-1,-1
4344,0,0,160
4344,1,0,160
4344,2,-1,-1
4344,3,-1,-1
4344,4,-1,-1
4344,5,-1,-1
4344,6,-1,-1
4344,7,-1,-1
4345,0,0,160
4345,1,0,160
4345,2,-1,-1
4345,3,-1,-1
4345,4,-1,-1
4345,5,-1,-1
4345,6,-1,-1
4345,7,-1,-1
4346,0,0,160
4346,1,0,160
4346,2,-1,-1
4346,3,-1,-1
4346,4,-1,-1
4346,5,-1,-1
4346,6,-1,-1
4346,7,-1,-1
4347,0,0,160
4347,1,0,160
4347,2,-1,-1
4347,3,-1,-1
4347,4,-1,-1
4347,5,-1,-1
4347,6,-1,-1
4347,7,-1,-1
4348,0,0,160
4348,1,0,160
4348,2,-1,-1
4348,3,-1,-1
4348,4,-1,-1
4348,5,-1,-1
4348,6,-1,-1
4348,7,-1,-1
4349,0,0,160
4349,1,0,160
4349,2,-1,-1
4349,3,-1,-1
4349,4,-1,-1
4349,5,-1,-1
4349,6,-1,-1
4349,7,-1,-1
4350,0,0,160
4350,1,0,160
4350,2,-1,-1
4350,3,-1,-1
4350,4,-1,-1
4350,5,-1,-1
4350,6,-1,-1
4350,7,-1,-1
4351,0,0,160
4351,1,0,160
4351,2,-1,-1
4351,3,-1,-1
4351,4,-1,-1
4351,5,-1,-1
4351,6,-1,-1
4351,7,-1,-1
4352,0,0,160
4352,1,0,160
4352,2,-1,-1
4352,3,-1,-1
4352,4,-1,-1
4352,5,-1,-1
4352,6,-1,-1
4352,7,-1,-1
4353,0,0,160
4353,1,0,160
4353,2,-1,-1
4353,3,-1,-1
4353,4,-1,-1
4353,5,-1,-1
4353,6,-1,-1
4353,7,-1,-1
4354,0,0,160
4354,1,0,160
4354,2,-1,-1
4354,3,-1,-1
4354,4,-1,-1
4354,5,-1,-1
4354,6,-1,-1
4354,7,-1,-1
4355,0,0,160
4355,1,0,160
4355,2,-1,-1
4355,3,-1,-1
4355,4,-1,-1
4355,5,-1,-1
4355,6,-1,-1
4355,7,-1,-1
4356,0,0,160
4356,1,0,160
4356,2,-1,-1
4356,3,-1,-1
4356,4,-1,-1
4356,5,-1,-1
4356,6,-1,-1
4356,7,-1,-1
4357,0,0,160
4357,1,0,160
4357,2,-1,-1
4357,3,-1,-1
4357,4,-1,-1
4357,5,-1,-1
4357,6,-1,-1
4357,7,-1,-1
4358,0,0,160
4358,1,0,160
4358,2,-1,-1
4358,3,-1,-1
4358,4,-1,-1
4358,5,-1,-1
4358,6,-1,-1
4358,7,-1,-1
4359,0,0,160
4359,1,0,160
4359,2,-1,-1
4359,3,-1,-1
4359,4,-1,-1
4359,5,-1,-1
4359,6,-1,-1
4359,7,-1,-1
4360,0,0,160
4360,1,0,160
4360,2,-1,-1
4360,3,-1,-1
4360,4,-1,-1
4360,5,-1,-1
4360,6,-1,-1
4360,7,-1,-1
4361,0,0,160
4361,1,0,160
4361,2,-1,-1
4361,3,-1,-1
4361,4,-1,-1
4361,5,-1,-1
4361,6,-1,-1
4361,7,-1,-1
4362,0,0,160
4362,1,0,160
4362,2,-1,-1
4362,3,-1,-1
4362,4,-1,-1
4362,5,-1,-1
4362,6,-1,-1
4362,7,-1,-1
4363,0,0,160
4363,1,0,160
4363,2,-1,-1
4363,3,-1,-1
4363,4,-1,-1
4363,5,-1,-1
4363,6,-1,-1
4363,7,-1,-1
4364,0,0,160
4364,1,0,160
4364,2,-1,-1
4364,3,-1,-1
4364,4,-1,-1
4364,5,-1,-1
4364,6,-1,-1
4364,7,-1,-1
4365,0,0,160
4365,1,0,160
4365,2,-1,-1
4365,3,-1,-1
4365,4,-1,-1
4365,5,-1,-1
4365,6,-1,-1
4365,7,-1,-1
4366,0,0,160
4366,1,0,160
4366,2,-1,-1
4366,3,-1,-1
4366,4,-1,-1
4366,5,-1,-1
4366,6,-1,-1
4366,7,-1,-1
4367,0,0,160
4367,1,0,160
4367,2,-1,-1
4367,3,-1,-1
4367,4,-1,-1
4367,5,-1,-1
4367,6,-1,-1
4367,7,-1,-1
4368,0,0,160
4368,1,0,160
4368,2,-1,-1
4368,3,-1,-1
4368,4,-1,-1
4368,5,-1,-1
4368,6,-1,-1
4368,7,-1,-1
4369,0,0,160
4369,1,0,160
4369,2,-1,-1
4369,3,-1,-1
4369,4,-1,-1
4369,5,-1,-1
4369,6,-1,-1
4369,7,-1,-1
4370,0,0,160
4370,1,0,160
4370,2,-1,-1
4370,3,-1,-1
4370,4,-1,-1
4370,5,-1,-1
4370,6,-1,-1
4370,7,-1,-1
4371,0,0,160
4371,1,0,160
4371,2,-1,-1
4371,3,-1,-1
4371,4,-1,-1
4371,5,-1,-1
4371,6,-1,-1
4371,7,-1,-1
4372,0,0,160
4372,1,0,160
4372,2,-1,-1
4372,3,-1,-1
4372,4,-1,-1
4372,5,-1,-1
4372,6,-1,-1
4372,7,-1,-1
4373,0,0,160
4373,1,0,160
4373,2,-1,-1
4373,3,-1,-1
4373,4,-1,-1
4373,5,-1,-1
4373,6,-1,-1
4373,7,-1,-1
4374,0,0,160
4374,1,0,160
4374,2,-1,-1
4374,3,-1,-1
4374,4,-1,-1
4374,5,-1,-1
4374,6,-1,-1
4374,7,-1,-1
4375,0,0,160
4375,1,0,160
4375,2,-1,-1
4375,3,-1,-1
4375,4,-1,-1
4375,5,-1,-1
4375,6,-1,-1
4375,7,-1,-1
4376,0,0,160
4376,1,0,160
4376,2,-1,-1
4376,3,-1,-1
4376,4,-1,-1
4376,5,-1,-1
4376,6,-1,-1
4376,7,-1,-1
4377,0,0,160
4377,1,0,160
4377,2,-1,-1
4377,3,-1,-1
4377,4,-1,-1
4377,5,-1,-1
4377,6,-1,-1
4377,7,-1,-1
4378,0,0,160
4378,1,0,160
4378,2,-1,-1
4378,3,-1,-1
4378,4,-1,-1
4378,5,-1,-1
4378,6,-1,-1
4378,7,-1,-1
4379,0,0,160
4379,1,0,160
4379,2,-1,-1
4379,3,-1,-1
4379,4,-1,-1
4379,5,-1,-1
4379,6,-1,-1
4379,7,-1,-1
4380,0,0,160
4380,1,0,160
4380,2,-1,-1
4380,3,-1,-1
4380,4,-1,-1
4380,5,-1,-1
4380,6,-1,-1
4380,7,-1,-1
4381,0,0,160
4381,1,0,160
4381,2,-1,-1
4381,3,-1,-1
4381,4,-1,-1
4381,5,-1,-1
4381,6,-1,-1
4381,7,-1,-1
4382,0,0,160
4382,1,0,160
4382,2,-1,-1
4382,3,-1,-1
4382,4,-1,-1
4382,5,-1,-1
4382,6,-1,-1
4382,7,-1,-1
4383,0,0,160
4383,1,0,160
4383,2,-1,-1
4383,3,-1,-1
4383,4,-1,-1
4383,5,-1,-1
4383,6,-1,-1
4383,7,-1,-1
4384,0,0,160
4384,1,0,160
4384,2,-1,-1
4384,3,-1,-1
4384,4,-1,-1
4384,5,-1,-1
4384,6,-1,-1
4384,7,-1,-1
4385,0,0,160
4385,1,0,160
4385,2,-1,-1
4385,3,-1,-1
4385,4,-1,-1
4385,5,-1,-1
4385,6,-1,-1
4385,7,-1,-1
4386,0,0,160
4386,1,0,160
4386,2,-1,-1
4386,3,-1,-1
4386,4,-1,-1
4386,5,-1,-1
4386,6,-1,-1
4386,7,-1,-1
4387,0,0,160
4387,1,0,160
4387,2,-1,-1
4387,3,-1,-1
4387,4,-1,-1
4387,5,-1,-1
4387,6,-1,-1
4387,7,-1,-1
4388,0,0,160
4388,1,0,160
4388,2,-1,-1
4388,3,-1,-1
4388,4,-1,-1
4388,5,-1,-1
4388,6,-1,-1
4388,7,-1,-1
4389,0,0,160
4389,1,0,160
4389,2,-1,-1
4389,3,-1,-1
4389,4,-1,-1
4389,5,-1,-1
4389,6,-1,-1
4389,7,-1,-1
4390,0,0,160
4390,1,0,160
4390,2,-1,-1
4390,3,-1,-1
4390,4,-1,-1
4390,5,-1,-1
4390,6,-1,-1
4390,7,-1,-1
4391,0,0,160
4391,1,0,160
4391,2,-1,-1
4391,3,-1,-1
4391,4,-1,-1
4391,5,-1,-1
4391,6,-1,-1
4391,7,-1,-1
4392,0,0,160
4392,1,0,160
4392,2,-1,-1
4392,3,-1,-1
4392,4,-1,-1
4392,5,-1,-1
4392,6,-1,-1
4392,7,-1,-1
4393,0,0,160
4393,1,0,160
4393,2,-1,-1
4393,3,-1,-1
4393,4,-1,-1
4393,5,-1,-1
4393,6,-1,-1
4393,7,-1,-1
4394,0,0,160
4394,1,0,160
4394,2,-1,-1
4394,3,-1,-1
4394,4,-1,-1
4394,5,-1,-1
4394,6,-1,-1
4394,7,-1,-1
4395,0,0,160
4395,1,0,160
4395,2,-1,-1
4395,3,-1,-1
4395,4,-1,-1
4395,5,-1,-1
4395,6,-1,-1
4395,7,-1,-1
4396,0,0,160
4396,1,0,160
4396,2,-1,-1
4396,3,-1,-1
4396,4,-1,-1
4396,5,-1,-1
4396,6,-1,-1
4396,7,-1,-1
4397,0,0,160
4397,1,0,160
4397,2,-1,-1
4397,3,-1,-1
4397,4,-1,-1
4397,5,-1,-1
4397,6,-1,-1
4397,7,-1,-1
4398,0,0,160
4398,1,0,160
4398,2,-1,-1
4398,3,-1,-1
4398,4,-1,-1
4398,5,-1,-1
4398,6,-1,-1
4398,7,-1,-1
4399,0,0,160
4399,1,0,160
4399,2,-1,-1
4399,3,-1,-1
4399,4,-1,-1
4399,5,-1,-1
4399,6,-1,-1
4399,7,-1,-1
4400,0,0,160
4400,1,0,160
4400,2,-1,-1
4400,3,-1,-1
4400,4,-1,-1
4400,5,-1,-1
4400,6,-1,-1
4400,7,-1,-1
4401,0,0,160
4401,1,0,160
4401,2,-1,-1
4401,3,-1,-1
4401,4,-1,-1
4401,5,-1,-1
4401,6,-1,-1
4401,7,-1,-1
4402,0,0,160
4402,1,0,160
4402,2,-1,-1
4402,3,-1,-1
4402,4,-1,-1
4402,5,-1,-1
4402,6,-1,-1
4402,7,-1,-1
4403,0,0,160
4403,1,0,160
4403,2,-1,-1
4403,3,-1,-1
4403,4,-1,-1
4403,5,-1,-1
4403,6,-1,-1
4403,7,-1,-1
4404,0,0,160
4404,1,0,160
4404,2,-1,-1
4404,3,-1,-1
4404,4,-1,-1
4404,5,-1,-1
4404,6,-1,-1
4404,7,-1,-1
4405,0,0,160
4405,1,0,160
4405,2,-1,-1
4405,3,-1,-1
4405,4,-1,-1
4405,5,-1,-1
4405,6,-1,-1
4405,7,-1,-1
4406,0,0,160
4406,1,0,160
4406,2,-1,-1
4406,3,-1,-1
4406,4,-1,-1
4406,5,-1,-1
4406,6,-1,-1
4406,7,-1,-1
4407,0,0,160
4407,1,0,160
4407,2,-1,-1
4407,3,-1,-1
4407,4,-1,-1
4407,5,-1,-1
4407,6,-1,-1
4407,7,-1,-1
4408,0,0,160
4408,1,0,160
4408,2,-1,-1
4408,3,-1,-1
4408,4,-1,-1
4408,5,-1,-1
4408,6,-1,-1
4408,7,-1,-1
4409,0,0,160
4409,1,0,160
4409,2,-1,-1
4409,3,-1,-1
4409,4,-1,-1
4409,5,-1,-1
4409,6,-1,-1
4409,7,-1,-1
4410,0,0,160
4410,1,0,160
4410,2,-1,-1
4410,3,-1,-1
4410,4,-1,-1
4410,5,-1,-1
4410,6,-1,-1
4410,7,-1,-1
4411,0,0,160
4411,1,0,160
4411,2,-1,-1
4411,3,-1,-1
4411,4,-1,-1
4411,5,-1,-1
4411,6,-1,-1
4411,7,-1,-1
4412,0,0,160
4412,1,0,160
4412,2,-1,-1
4412,3,-1,-1
4412,4,-1,-1
4412,5,-1,-1
4412,6,-1,-1
4412,7,-1,-1
4413,0,0,160
4413,1,0,160
4413,2,-1,-1
4413,3,-1,-1
4413,4,-1,-1
4413,5,-1,-1
4413,6,-1,-1
4413,7,-1,-1
4414,0,0,160
4414,1,0,160
4414,2,-1,-1
4414,3,-1,-1
4414,4,-1,-1
4414,5,-1,-1
4414,6,-1,-1
4414,7,-1,-1
4415,0,0,160
4415,1,0,160
4415,2,-1,-1
4415,3,-1,-1
4415,4,-1,-1
4415,5,-1,-1
4415,6,-1,-1
4415,7,-1,-1
4416,0,0,160
4416,1,0,160
4416,2,-1,-1
4416,3,-1,-1
4416,4,-1,-1
4416,5,-1,-1
4416,6,-1,-1
4416,7,-1,-1
4417,0,0,160
4417,1,0,160
4417,2,-1,-1
4417,3,-1,-1
4417,4,-1,-1
4417,5,-1,-1
4417,6,-1,-1
4417,7,-1,-1
4418,0,0,160
4418,1,0,160
4418,2,-1,-1
4418,3,-1,-1
4418,4,-1,-1
4418,5,-1,-1
4418,6,-1,-1
4418,7,-1,-1
4419,0,0,160
4419,1,0,160
4419,2,-1,-1
4419,3,-1,-1
4419,4,-1,-1
4419,5,-1,-1
4419,6,-1,-1
4419,7,-1,-1
4420,0,0,160
4420,1,0,160
4420,2,-1,-1
4420,3,-1,-1
4420,4,-1,-1
4420,5,-1,-1
4420,6,-1,-1
4420,7,-1,-1
4421,0,0,160
4421,1,0,160
4421,2,-1,-1
4421,3,-1,-1
4421,4,-1,-1
4421,5,-1,-1
4421,6,-1,-1
4421,7,-1,-1
4422,0,0,160
4422,1,0,160
4422,2,-1,-1
4422,3,-1,-1
4422,4,-1,-1
4422,5,-1,-1
4422,6,-1,-1
4422,7,-1,-1
4423,0,0,160
4423,1,0,160
4423,2,-1,-1
4423,3,-1,-1
4423,4,-1,-1
4423,5,-1,-1
4423,6,-1,-1
4423,7,-1,-1
4424,0,0,160
4424,1,0,160
4424,2,-1,-1
4424,3,-1,-1
4424,4,-1,-1
4424,5,-1,-1
4424,6,-1,-1
4424,7,-1,-1
4425,0,0,160
4425,1,0,160
4425,2,-1,-1
4425,3,-1,-1
4425,4,-1,-1
4425,5,-1,-1
4425,6,-1,-1
4425,7,-1,-1
4426,0,0,160
4426,1,0,160
4426,2,-1,-1
4426,3,-1,-1
4426,4,-1,-1
4426,5,-1,-1
4426,6,-1,-1
4426,7,-1,-1
4427,0,0,160
4427,1,0,160
4427,2,-1,-1
4427,3,-1,-1
4427,4,-1,-1
4427,5,-1,-1
4427,6,-1,-1
4427,7,-1,-1
4428,0,0,160
4428,1,0,160
4428,2,-1,-1
4428,3,-1,-1
4428,4,-1,-1
4428,5,-1,-1
4428,6,-1,-1
4428,7,-1,-1
4429,0,0,160
4429,1,0,160
4429,2,-1,-1
4429,3,-1,-1
4429,4,-1,-1
4429,5,-1,-1
4429,6,-1,-1
4429,7,-1,-1
4430,0,0,160
4430,1,0,160
4430,2,-1,-1
4430,3,-1,-1
4430,4,-1,-1
4430,5,-1,-1
4430,6,-1,-1
4430,7,-1,-1
4431,0,0,160
4431,1,0,160
4431,2,-1,-1
4431,3,-1,-1
4431,4,-1,-1
4431,5,-1,-1
4431,6,-1,-1
4431,7,-1,-1
4432,0,0,160
4432,1,0,160
4432,2,-1,-1
4432,3,-1,-1
4432,4,-1,-1
4432,5,-1,-1
4432,6,-1,-1
4432,7,-1,-1
4433,0,0,160
4433,1,0,160
4433,2,-1,-1
4433,3,-1,-1
4433,4,-1,-1
4433,5,-1,-1
4433,6,-1,-1
4433,7,-1,-1
4434,0,0,160
4434,1,0,160
4434,2,-1,-1
4434,3,-1,-1
4434,4,-1,-1
4434,5,-1,-1
4434,6,-1,-1
4434,7,-1,-1
4435,0,0,160
4435,1,0,160
4435,2,-1,-1
4435,3,-1,-1
4435,4,-1,-1
4435,5,-1,-1
4435,6,-1,-1
4435,7,-1,-1
4436,0,0,160
4436,1,0,160
4436,2,-1,-1
4436,3,-1,-1
4436,4,-1,-1
4436,5,-1,-1
4436,6,-1,-1
4436,7,-1,-1
4437,0,0,160
4437,1,0,160
4437,2,-1,-1
4437,3,-1,-1
4437,4,-1,-1
4437,5,-1,-1
4437,6,-1,-1
4437,7,-1,-1
4438,0,0,160
4438,1,0,160
4438,2,-1,-1
4438,3,-1,-1
4438,4,-1,-1
4438,5,-1,-1
4438,6,-1,-1
4438,7,-1,-1
4439,0,0,160
4439,1,0,160
4439,2,-1,-1
4439,3,-1,-1
4439,4,-1,-1
4439,5,-1,-1
4439,6,-1,-1
4439,7,-1,-1
4440,0,0,160
4440,1,0,160
4440,2,-1,-1
4440,3,-1,-1
4440,4,-1,-1
4440,5,-1,-1
4440,6,-1,-1
4440,7,-1,-1
4441,0,0,160
4441,1,0,160
4441,2,-1,-1
4441,3,-1,-1
4441,4,-1,-1
4441,5,-1,-1
4441,6,-1,-1
4441,7,-1,-1
4442,0,0,160
4442,1,0,160
4442,2,-1,-1
4442,3,-1,-1
4442,4,-1,-1
4442,5,-1,-1
4442,6,-1,-1
4442,7,-1,-1
4443,0,0,160
4443,1,0,160
4443,2,-1,-1
4443,3,-1,-1
4443,4,-1,-1
4443,5,-1,-1
4443,6,-1,-1
4443,7,-1,-1
4444,0,0,160
4444,1,0,160
4444,2,-1,-1
4444,3,-1,-1
4444,4,-1,-1
4444,5,-1,-1
4444,6,-1,-1
4444,7,-1,-1
4445,0,0,160
4445,1,0,160
4445,2,-1,-1
4445,3,-1,-1
4445,4,-1,-1
4445,5,-1,-1
4445,6,-1,-1
4445,7,-1,-1
4446,0,0,160
4446,1,0,160
4446,2,-1,-1
4446,3,-1,-1
4446,4,-1,-1
4446,5,-1,-1
4446,6,-1,-1
4446,7,-1,-1
4447,0,0,160
4447,1,0,160
4447,2,-1,-1
4447,3,-1,-1
4447,4,-1,-1
4447,5,-1,-1
4447,6,-1,-1
4447,7,-1,-1
4448,0,0,160
4448,1,0,160
4448,2,-1,-1
4448,3,-1,-1
4448,4,-1,-1
4448,5,-1,-1
4448,6,-1,-1
4448,7,-1,-1
4449,0,0,160
4449,1,0,160
4449,2,-1,-1
4449,3,-1,-1
4449,4,-1,-1
4449,5,-1,-1
4449,6,-1,-1
4449,7,-1,-1
4450,0,0,160
4450,1,0,160
4450,2,-1,-1
4450,3,-1,-1
4450,4,-1,-1
4450,5,-1,-1
4450,6,-1,-1
4450,7,-1,-1
4451,0,0,160
4451,1,0,160
4451,2,-1,-1
4451,3,-1,-1
4451,4,-1,-1
4451,5,-1,-1
4451,6,-1,-1
4451,7,-1,-1
4452,0,0,160
4452,1,0,160
4452,2,-1,-1
4452,3,-1,-1
4452,4,-1,-1
4452,5,-1,-1
4452,6,-1,-1
4452,7,-1,-1
4453,0,0,160
4453,1,0,160
4453,2,-1,-1
4453,3,-1,-1
4453,4,-1,-1
4453,5,-1,-1
4453,6,-1,-1
4453,7,-1,-1
4454,0,0,160
4454,1,0,160
4454,2,-1,-1
4454,3,-1,-1
4454,4,-1,-1
4454,5,-1,-1
4454,6,-1,-1
4454,7,-1,-1
4455,0,0,160
4455,1,0,160
4455,2,-1,-1
4455,3,-1,-1
4455,4,-1,-1
4455,5,-1,-1
4455,6,-1,-1
4455,7,-1,-1
4456,0,0,160
4456,1,0,160
4456,2,-1,-1
4456,3,-1,-1
4456,4,-1,-1
4456,5,-1,-1
4456,6,-1,-1
4456,7,-1,-1
4457,0,0,160
4457,1,0,160
4457,2,-1,-1
4457,3,-1,-1
4457,4,-1,-1
4457,5,-1,-1
4457,6,-1,-1
4457,7,-1,-1
4458,0,0,160
4458,1,0,160
4458,2,-1,-1
4458,3,-1,-1
4458,4,-1,-1
4458,5,-1,-1
4458,6,-1,-1
4458,7,-1,-1
4459,0,0,160
4459,1,0,160
4459,2,-1,-1
4459,3,-1,-1
4459,4,-1,-1
4459,5,-1,-1
4459,6,-1,-1
4459,7,-1,-1
4460,0,0,160
4460,1,0,160
4460,2,-1,-1
4460,3,-1,-1
4460,4,-1,-1
4460,5,-1,-1
4460,6,-1,-1
4460,7,-1,-1
4461,0,0,160
4461,1,0,160
4461,2,-1,-1
4461,3,-1,-1
4461,4,-1,-1
4461,5,-1,-1
4461,6,-1,-1
4461,7,-1,-1
4462,0,0,160
4462,1,0,160
4462,2,-1,-1
4462,3,-1,-1
4462,4,-1,-1
4462,5,-1,-1
4462,6,-1,-1
4462,7,-1,-1
4463,0,0,160
4463,1,0,160
4463,2,-1,-1
4463,3,-1,-1
4463,4,-1,-1
4463,5,-1,-1
4463,6,-1,-1
4463,7,-1,-1
4464,0,0,160
4464,1,0,160
4464,2,-1,-1
4464,3,-1,-1
4464,4,-1,-1
4464,5,-1,-1
4464,6,-1,-1
4464,7,-1,-1
4465,0,0,160
4465,1,0,160
4465,2,-1,-1
4465,3,-1,-1
4465,4,-1,-1
4465,5,-1,-1
4465,6,-1,-1
4465,7,-1,-1
4466,0,0,160
4466,1,0,160
4466,2,-1,-1
4466,3,-1,-1
4466,4,-1,-1
4466,5,-1,-1
4466,6,-1,-1
4466,7,-1,-1
4467,0,0,160
4467,1,0,160
4467,2,-1,-1
4467,3,-1,-1
4467,4,-1,-1
4467,5,-1,-1
4467,6,-1,-1
4467,7,-1,-1
4468,0,0,160
4468,1,0,160
4468,2,-1,-1
4468,3,-1,-1
4468,4,-1,-1
4468,5,-1,-1
4468,6,-1,-1
4468,7,-1,-1
4469,0,0,160
4469,1,0,160
4469,2,-1,-1
4469,3,-1,-1
4469,4,-1,-1
4469,5,-1,-1
4469,6,-1,-1
4469,7,-1,-1
4470,0,0,160
4470,1,0,160
4470,2,-1,-1
4470,3,-1,-1
4470,4,-1,-1
4470,5,-1,-1
4470,6,-1,-1
4470,7,-1,-1
4471,0,0,160
4471,1,0,160
4471,2,-1,-1
4471,3,-1,-1
4471,4,-1,-1
4471,5,-1,-1
4471,6,-1,-1
4471,7,-1,-1
4472,0,0,160
4472,1,0,160
4472,2,-1,-1
4472,3,-1,-1
4472,4,-1,-1
4472,5,-1,-1
4472,6,-1,-1
4472,7,-1,-1
4473,0,0,160
4473,1,0,160
4473,2,-1,-1
4473,3,-1,-1
4473,4,-1,-1
4473,5,-1,-1
4473,6,-1,-1
4473,7,-1,-1
4474,0,0,160
4474,1,0,160
4474,2,-1,-1
4474,3,-1,-1
4474,4,-1,-1
4474,5,-1,-1
4474,6,-1,-1
4474,7,-1,-1
4475,0,0,160
4475,1,0,160
4475,2,-1,-1
4475,3,-1,-1
4475,4,-1,-1
4475,5,-1,-1
4475,6,-1,-1
4475,7,-1,-1
4476,0,0,160
4476,1,0,160
4476,2,-1,-1
4476,3,-1,-1
4476,4,-1,-1
4476,5,-1,-1
4476,6,-1,-1
4476,7,-1,-1
4477,0,0,160
4477,1,0,160
4477,2,-1,-1
4477,3,-1,-1
4477,4,-1,-1
4477,5,-1,-1
4477,6,-1,-1
4477,7,-1,-1
4478,0,0,160
4478,1,0,160
4478,2,-1,-1
4478,3,-1,-1
4478,4,-1,-1
4478,5,-1,-1
4478,6,-1,-1
4478,7,-1,-1
4479,0,0,160
4479,1,0,160
4479,2,-1,-1
4479,3,-1,-1
4479,4,-1,-1
4479,5,-1,-1
4479,6,-1,-1
4479,7,-1,-1
4480,0,0,160
4480,1,0,160
4480,2,-1,-1
4480,3,-1,-1
4480,4,-1,-1
4480,5,-1,-1
4480,6,-1,-1
4480,7,-1,-1
4481,0,0,160
4481,1,0,160
4481,2,-1,-1
4481,3,-1,-1
4481,4,-1,-1
4481,5,-1,-1
4481,6,-1,-1
4481,7,-1,-1
4482,0,0,160
4482,1,0,160
4482,2,-1,-1
4482,3,-1,-1
4482,4,-1,-1
4482,5,-1,-1
4482,6,-1,-1
4482,7,-1,-1
4483,0,0,160
4483,1,0,160
4483,2,-1,-1
4483,3,-1,-1
4483,4,-1,-1
4483,5,-1,-1
4483,6,-1,-1
4483,7,-1,-1
4484,0,0,160
4484,1,0,160
4484,2,-1,-1
4484,3,-1,-1
4484,4,-1,-1
4484,5,-1,-1
4484,6,-1,-1
4484,7,-1,-1
4485,0,0,160
4485,1,0,160
4485,2,-1,-1
4485,3,-1,-1
4485,4,-1,-1
4485,5,-1,-1
4485,6,-1,-1
4485,7,-1,-1
4486,0,0,160
4486,1,0,160
4486,2,-1,-1
4486,3,-1,-1
4486,4,-1,-1
4486,5,-1,-1
4486,6,-1,-1
4486,7,-1,-1
4487,0,0,160
4487,1,0,160
4487,2,-1,-1
4487,3,-1,-1
4487,4,-1,-1
4487,5,-1,-1
4487,6,-1,-1
4487,7,-1,-1
4488,0,0,160
4488,1,0,160
4488,2,-1,-1
4488,3,-1,-1
4488,4,-1,-1
4488,5,-1,-1
4488,6,-1,-1
4488,7,-1,-1
4489,0,0,160
4489,1,0,160
4489,2,-1,-1
4489,3,-1,-1
4489,4,-1,-1
4489,5,-1,-1
4489,6,-1,-1
4489,7,-1,-1
4490,0,0,160
4490,1,0,160
4490,2,-1,-1
4490,3,-1,-1
4490,4,-1,-1
4490,5,-1,-1
4490,6,-1,-1
4490,7,-1,-1
4491,0,0,160
4491,1,0,160
4491,2,-1,-1
4491,3,-1,-1
4491,4,-1,-1
4491,5,-1,-1
4491,6,-1,-1
4491,7,-1,-1
4492,0,0,160
4492,1,0,160
4492,2,-1,-1
4492,3,-1,-1
4492,4,-1,-1
4492,5,-1,-1
4492,6,-1,-1
4492,7,-1,-1
4493,0,0,160
4493,1,0,160
4493,2,-1,-1
4493,3,-1,-1
4493,4,-1,-1
4493,5,-1,-1
4493,6,-1,-1
4493,7,-1,-1
4494,0,0,160
4494,1,0,160
4494,2,-1,-1
4494,3,-1,-1
4494,4,-1,-1
4494,5,-1,-1
4494,6,-1,-1
4494,7,-1,-1
4495,0,0,160
4495,1,0,160
4495,2,-1,-1
4495,3,-1,-1
4495,4,-1,-1
4495,5,-1,-1
4495,6,-1,-1
4495,7,-1,-1
4496,0,0,160
4496,1,0,160
4496,2,-1,-1
4496,3,-1,-1
4496,4,-1,-1
4496,5,-1,-1
4496,6,-1,-1
4496,7,-1,-1
4497,0,0,160
4497,1,0,160
4497,2,-1,-1
4497,3,-1,-1
4497,4,-1,-1
4497,5,-1,-1
4497,6,-1,-1
4497,7,-1,-1
4498,0,0,160
4498,1,0,160
4498,2,-1,-1
4498,3,-1,-1
4498,4,-1,-1
4498,5,-1,-1
4498,6,-1,-1
4498,7,-1,-1
4499,0,0,160
4499,1,0,160
4499,2,-1,-1
4499,3,-1,-1
4499,4,-1,-1
4499,5,-1,-1
4499,6,-1,-1
4499,7,-1,-1
4500,0,0,160
4500,1,0,160
4500,2,-1,-1
4500,3,-1,-1
4500,4,-1,-1
4500,5,-1,-1
4500,6,-1,-1
4500,7,-1,-1
4501,0,0,160
4501,1,0,160
4501,2,-1,-1
4501,3,-1,-1
4501,4,-1,-1
4501,5,-1,-1
4501,6,-1,-1
4501,7,-1,-1
4502,0,0,160
4502,1,0,160
4502,2,-1,-1
4502,3,-1,-1
4502,4,-1,-1
4502,5,-1,-1
4502,6,-1,-1
4502,7,-1,-1
4503,0,0,160
4503,1,0,160
4503,2,-1,-1
4503,3,-1,-1
4503,4,-1,-1
4503,5,-1,-1
4503,6,-1,-1
4503,7,-1,-1
4504,0,0,160
4504,1,0,160
4504,2,-1,-1
4504,3,-1,-1
4504,4,-1,-1
4504,5,-1,-1
4504,6,-1,-1
4504,7,-1,-1
4505,0,0,160
4505,1,0,160
4505,2,-1,-1
4505,3,-1,-1
4505,4,-1,-1
4505,5,-1,-1
4505,6,-1,-1
4505,7,-1,-1
4506,0,0,160
4506,1,0,160
4506,2,-1,-1
4506,3,-1,-1
4506,4,-1,-1
4506,5,-1,-1
4506,6,-1,-1
4506,7,-1,-1
4507,0,0,160
4507,1,0,160
4507,2,-1,-1
4507,3,-1,-1
4507,4,-1,-1
4507,5,-1,-1
4507,6,-1,-1
4507,7,-1,-1
4508,0,0,160
4508,1,0,160
4508,2,-1,-1
4508,3,-1,-1
4508,4,-1,-1
4508,5,-1,-1
4508,6,-1,-1
4508,7,-1,-1
4509,0,0,160
4509,1,0,160
4509,2,-1,-1
4509,3,-1,-1
4509,4,-1,-1
4509,5,-1,-1
4509,6,-1,-1
4509,7,-1,-1
4510,0,0,160
4510,1,0,160
4510,2,-1,-1
4510,3,-1,-1
4510,4,-1,-1
4510,5,-1,-1
4510,6,-1,-1
4510,7,-1,-1
4511,0,0,160
4511,1,0,160
4511,2,-1,-1
4511,3,-1,-1
4511,4,-1,-1
4511,5,-1,-1
4511,6,-1,-1
4511,7,-1,-1
4512,0,0,160
4512,1,0,160
4512,2,-1,-1
4512,3,-1,-1
4512,4,-1,-1
4512,5,-1,-1
4512,6,-1,-1
4512,7,-1,-1
4513,0,0,160
4513,1,0,160
4513,2,-1,-1
4513,3,-1,-1
4513,4,-1,-1
4513,5,-1,-1
4513,6,-1,-1
4513,7,-1,-1
4514,0,0,160
4514,1,0,160
4514,2,-1,-1
4514,3,-1,-1
4514,4,-1,-1
4514,5,-1,-1
4514,6,-1,-1
4514,7,-1,-1
4515,0,0,160
4515,1,0,160
4515,2,-1,-1
4515,3,-1,-1
4515,4,-1,-1
4515,5,-1,-1
4515,6,-1,-1
4515,7,-1,-1
4516,0,0,160
4516,1,0,160
4516,2,-1,-1
4516,3,-1,-1
4516,4,-1,-1
4516,5,-1,-1
4516,6,-1,-1
4516,7,-1,-1
4517,0,0,160
4517,1,0,160
4517,2,-1,-1
4517,3,-1,-1
4517,4,-1,-1
4517,5,-1,-1
4517,6,-1,-1
4517,7,-1,-1
4518,0,0,160
4518,1,0,160
4518,2,-1,-1
4518,3,-1,-1
4518,4,-1,-1
4518,5,-1,-1
4518,6,-1,-1
4518,7,-1,-1
4519,0,0,160
4519,1,0,160
4519,2,-1,-1
4519,3,-1,-1
4519,4,-1,-1
4519,5,-1,-1
4519,6,-1,-1
4519,7,-1,-1
4520,0,0,160
4520,1,0,160
4520,2,-1,-1
4520,3,-1,-1
4520,4,-1,-1
4520,5,-1,-1
4520,6,-1,-1
4520,7,-1,-1
4521,0,0,160
4521,1,0,160
4521,2,-1,-1
4521,3,-1,-1
4521,4,-1,-1
4521,5,-1,-1
4521,6,-1,-1
4521,7,-1,-1
4522,0,0,160
4522,1,0,160
4522,2,-1,-1
4522,3,-1,-1
4522,4,-1,-1
4522,5,-1,-1
4522,6,-1,-1
4522,7,-1,-1
4523,0,0,160
4523,1,0,160
4523,2,-1,-1
4523,3,-1,-1
4523,4,-1,-1
4523,5,-1,-1
4523,6,-1,-1
4523,7,-1,-1
4524,0,0,160
4524,1,0,160
4524,2,-1,-1
4524,3,-1,-1
4524,4,-1,-1
4524,5,-1,-1
4524,6,-1,-1
4524,7,-1,-1
4525,0,0,160
4525,1,0,160
4525,2,-1,-1
4525,3,-1,-1
4525,4,-1,-1
4525,5,-1,-1
4525,6,-1,-1
4525,7,-1,-1
4526,0,0,160
4526,1,0,160
4526,2,-1,-1
4526,3,-1,-1
4526,4,-1,-1
4526,5,-1,-1
4526,6,-1,-1
4526,7,-1,-1
4527,0,0,160
4527,1,0,160
4527,2,-1,-1
4527,3,-1,-1
4527,4,-1,-1
4527,5,-1,-1
4527,6,-1,-1
4527,7,-1,-1
4528,0,0,160
4528,1,0,160
4528,2,-1,-1
4528,3,-1,-1
4528,4,-1,-1
4528,5,-1,-1
4528,6,-1,-1
4528,7,-1,-1
4529,0,0,160
4529,1,0,160
4529,2,-1,-1
4529,3,-1,-1
4529,4,-1,-1
4529,5,-1,-1
4529,6,-1,-1
4529,7,-1,-1
4530,0,0,160
4530,1,0,160
4530,2,-1,-1
4530,3,-1,-1
4530,4,-1,-1
4530,5,-1,-1
4530,6,-1,-1
4530,7,-1,-1
4531,0,0,160
4531,1,0,160
4531,2,-1,-1
4531,3,-1,-1
4531,4,-1,-1
4531,5,-1,-1
4531,6,-1,-1
4531,7,-1,-1
4532,0,0,160
4532,1,0,160
4532,2,-1,-1
4532,3,-1,-1
4532,4,-1,-1
4532,5,-1,-1
4532,6,-1,-1
4532,7,-1,-1
4533,0,0,160
4533,1,0,160
4533,2,-1,-1
4533,3,-1,-1
4533,4,-1,-1
4533,5,-1,-1
4533,6,-1,-1
4533,7,-1,-1
4534,0,0,160
4534,1,0,160
4534,2,-1,-1
4534,3,-1,-1
4534,4,-1,-1
4534,5,-1,-1
4534,6,-1,-1
4534,7,-1,-1
4535,0,0,160
4535,1,0,160
4535,2,-1,-1
4535,3,-1,-1
4535,4,-1,-1
4535,5,-1,-1
4535,6,-1,-1
4535,7,-1,-1
4536,0,0,160
4536,1,0,160
4536,2,-1,-1
4536,3,-1,-1
4536,4,-1,-1
4536,5,-1,-1
4536,6,-1,-1
4536,7,-1,-1
4537,0,0,160
4537,1,0,160
4537,2,-1,-1
4537,3,-1,-1
4537,4,-1,-1
4537,5,-1,-1
4537,6,-1,-1
4537,7,-1,-1
4538,0,0,160
4538,1,0,160
4538,2,-1,-1
4538,3,-1,-1
4538,4,-1,-1
4538,5,-1,-1
4538,6,-1,-1
4538,7,-1,-1
4539,0,0,160
4539,1,0,160
4539,2,-1,-1
4539,3,-1,-1
4539,4,-1,-1
4539,5,-1,-1
4539,6,-1,-1
4539,7,-1,-1
4540,0,0,160
4540,1,0,160
4540,2,-1,-1
4540,3,-1,-1
4540,4,-1,-1
4540,5,-1,-1
4540,6,-1,-1
4540,7,-1,-1
4541,0,0,160
4541,1,0,160
4541,2,-1,-1
4541,3,-1,-1
4541,4,-1,-1
4541,5,-1,-1
4541,6,-1,-1
4541,7,-1,-1
4542,0,0,160
4542,1,0,160
4542,2,-1,-1
4542,3,-1,-1
4542,4,-1,-1
4542,5,-1,-1
4542,6,-1,-1
4542,7,-1,-1
4543,0,0,160
4543,1,0,160
4543,2,-1,-1
4543,3,-1,-1
4543,4,-1,-1
4543,5,-1,-1
4543,6,-1,-1
4543,7,-1,-1
4544,0,0,160
4544,1,0,160
4544,2,-1,-1
4544,3,-1,-1
4544,4,-1,-1
4544,5,-1,-1
4544,6,-1,-1
4544,7,-1,-1
4545,0,0,160
4545,1,0,160
4545,2,-1,-1
4545,3,-1,-1
4545,4,-1,-1
4545,5,-1,-1
4545,6,-1,-1
4545,7,-1,-1
4546,0,0,160
4546,1,0,160
4546,2,-1,-1
4546,3,-1,-1
4546,4,-1,-1
4546,5,-1,-1
4546,6,-1,-1
4546,7,-1,-1
4547,0,0,160
4547,1,0,160
4547,2,-1,-1
4547,3,-1,-1
4547,4,-1,-1
4547,5,-1,-1
4547,6,-1,-1
4547,7,-1,-1
4548,0,0,160
4548,1,0,160
4548,2,-1,-1
4548,3,-1,-1
4548,4,-1,-1
4548,5,-1,-1
4548,6,-1,-1
4548,7,-1,-1
4549,0,0,160
4549,1,0,160
4549,2,-1,-1
4549,3,-1,-1
4549,4,-1,-1
4549,5,-1,-1
4549,6,-1,-1
4549,7,-1,-1
4550,0,0,160
4550,1,0,160
4550,2,-1,-1
4550,3,-1,-1
4550,4,-1,-1
4550,5,-1,-1
4550,6,-1,-1
4550,7,-1,-1
4551,0,0,160
4551,1,0,160
4551,2,-1,-1
4551,3,-1,-1
4551,4,-1,-1
4551,5,-1,-1
4551,6,-1,-1
4551,7,-1,-1
4552,0,0,160
4552,1,0,160
4552,2,-1,-1
4552,3,-1,-1
4552,4,-1,-1
4552,5,-1,-1
4552,6,-1,-1
4552,7,-1,-1
4553,0,0,160
4553,1,0,160
4553,2,-1,-1
4553,3,-1,-1
4553,4,-1,-1
4553,5,-1,-1
4553,6,-1,-1
4553,7,-1,-1
4554,0,0,160
4554,1,0,160
4554,2,-1,-1
4554,3,-1,-1
4554,4,-1,-1
4554,5,-1,-1
4554,6,-1,-1
4554,7,-1,-1
4555,0,0,160
4555,1,0,160
4555,2,-1,-1
4555,3,-1,-1
4555,4,-1,-1
4555,5,-1,-1
4555,6,-1,-1
4555,7,-1,-1
4556,0,0,160
4556,1,0,160
4556,2,-1,-1
4556,3,-1,-1
4556,4,-1,-1
4556,5,-1,-1
4556,6,-1,-1
4556,7,-1,-1
4557,0,0,160
4557,1,0,160
4557,2,-1,-1
4557,3,-1,-1
4557,4,-1,-1
4557,5,-1,-1
4557,6,-1,-1
4557,7,-1,-1
4558,0,0,160
4558,1,0,160
4558,2,-1,-1
4558,3,-1,-1
4558,4,-1,-1
4558,5,-1,-1
4558,6,-1,-1
4558,7,-1,-1
4559,0,0,160
4559,1,0,160
4559,2,-1,-1
4559,3,-1,-1
4559,4,-1,-1
4559,5,-1,-1
4559,6,-1,-1
4559,7,-1,-1
4560,0,0,160
4560,1,0,160
4560,2,-1,-1
4560,3,-1,-1
4560,4,-1,-1
4560,5,-1,-1
4560,6,-1,-1
4560,7,-1,-1
4561,0,0,160
4561,1,0,160
4561,2,-1,-1
4561,3,-1,-1
4561,4,-1,-1
4561,5,-1,-1
4561,6,-1,-1
4561,7,-1,-1
4562,0,0,160
4562,1,0,160
4562,2,-1,-1
4562,3,-1,-1
4562,4,-1,-1
4562,5,-1,-1
4562,6,-1,-1
4562,7,-1,-1
4563,0,0,160
4563,1,0,160
4563,2,-1,-1
4563,3,-1,-1
4563,4,-1,-1
4563,5,-1,-1
4563,6,-1,-1
4563,7,-1,-1
4564,0,0,160
4564,1,0,160
4564,2,-1,-1
4564,3,-1,-1
4564,4,-1,-1
4564,5,-1,-1
4564,6,-1,-1
4564,7,-1,-1
4565,0,0,160
4565,1,0,160
4565,2,-1,-1
4565,3,-1,-1
4565,4,-1,-1
4565,5,-1,-1
4565,6,-1,-1
4565,7,-1,-1
4566,0,0,160
4566,1,0,160
4566,2,-1,-1
4566,3,-1,-1
4566,4,-1,-1
4566,5,-1,-1
4566,6,-1,-1
4566,7,-1,-1
4567,0,0,160
4567,1,0,160
4567,2,-1,-1
4567,3,-1,-1
4567,4,-1,-1
4567,5,-1,-1
4567,6,-1,-1
4567,7,-1,-1
4568,0,0,160
4568,1,0,160
4568,2,-1,-1
4568,3,-1,-1
4568,4,-1,-1
4568,5,-1,-1
4568,6,-1,-1
4568,7,-1,-1
4569,0,0,160
4569,1,0,160
4569,2,-1,-1
4569,3,-1,-1
4569,4,-1,-1
4569,5,-1,-1
4569,6,-1,-1
4569,7,-1,-1
4570,0,0,160
4570,1,0,160
4570,2,-1,-1
4570,3,-1,-1
4570,4,-1,-1
4570,5,-1,-1
4570,6,-1,-1
4570,7,-1,-1
4571,0,0,160
4571,1,0,160
4571,2,-1,-1
4571,3,-1,-1
4571,4,-1,-1
4571,5,-1,-1
4571,6,-1,-1
4571,7,-1,-1
4572,0,0,160
4572,1,0,160
4572,2,-1,-1
4572,3,-1,-1
4572,4,-1,-1
4572,5,-1,-1
4572,6,-1,-1
4572,7,-1,-1
4573,0,0,160
4573,1,0,160
4573,2,-1,-1
4573,3,-1,-1
4573,4,-1,-1
4573,5,-1,-1
4573,6,-1,-1
4573,7,-1,-1
4574,0,0,160
4574,1,0,160
4574,2,-1,-1
4574,3,-1,-1
4574,4,-1,-1
4574,5,-1,-1
4574,6,-1,-1
4574,7,-1,-1
4575,0,0,160
4575,1,0,160
4575,2,-1,-1
4575,3,-1,-1
4575,4,-1,-1
4575,5,-1,-1
4575,6,-1,-1
4575,7,-1,-1
4576,0,0,160
4576,1,0,160
4576,2,-1,-1
4576,3,-1,-1
4576,4,-1,-1
4576,5,-1,-1
4576,6,-1,-1
4576,7,-1,-1
4577,0,0,160
4577,1,0,160
4577,2,-1,-1
4577,3,-1,-1
4577,4,-1,-1
4577,5,-1,-1
4577,6,-1,-1
4577,7,-1,-1
4578,0,0,160
4578,1,0,160
4578,2,-1,-1
4578,3,-1,-1
4578,4,-1,-1
4578,5,-1,-1
4578,6,-1,-1
4578,7,-1,-1
4579,0,0,160
4579,1,0,160
4579,2,-1,-1
4579,3,-1,-1
4579,4,-1,-1
4579,5,-1,-1
4579,6,-1,-1
4579,7,-1,-1
4580,0,0,160
4580,1,0,160
4580,2,-1,-1
4580,3,-1,-1
4580,4,-1,-1
4580,5,-1,-1
4580,6,-1,-1
4580,7,-1,-1
4581,0,0,160
4581,1,0,160
4581,2,-1,-1
4581,3,-1,-1
4581,4,-1,-1
4581,5,-1,-1
4581,6,-1,-1
4581,7,-1,-1
4582,0,0,160
4582,1,0,160
4582,2,-1,-1
4582,3,-1,-1
4582,4,-1,-1
4582,5,-1,-1
4582,6,-1,-1
4582,7,-1,-1
4583,0,0,160
4583,1,0,160
4583,2,-1,-1
4583,3,-1,-1
4583,4,-1,-1
4583,5,-1,-1
4583,6,-1,-1
4583,7,-1,-1
4584,0,0,160
4584,1,0,160
4584,2,-1,-1
4584,3,-1,-1
4584,4,-1,-1
4584,5,-1,-1
4584,6,-1,-1
4584,7,-1,-1
4585,0,0,160
4585,1,0,160
4585,2,-1,-1
4585,3,-1,-1
4585,4,-1,-1
4585,5,-1,-1
4585,6,-1,-1
4585,7,-1,-1
4586,0,0,160
4586,1,0,160
4586,2,-1,-1
4586,3,-1,-1
4586,4,-1,-1
4586,5,-1,-1
4586,6,-1,-1
4586,7,-1,-1
4587,0,0,160
4587,1,0,160
4587,2,-1,-1
4587,3,-1,-1
4587,4,-1,-1
4587,5,-1,-1
4587,6,-1,-1
4587,7,-1,-1
4588,0,0,160
4588,1,0,160
4588,2,-1,-1
4588,3,-1,-1
4588,4,-1,-1
4588,5,-1,-1
4588,6,-1,-1
4588,7,-1,-1
4589,0,0,160
4589,1,0,160
4589,2,-1,-1
4589,3,-1,-1
4589,4,-1,-1
4589,5,-1,-1
4589,6,-1,-1
4589,7,-1,-1
4590,0,0,160
4590,1,0,160
4590,2,-1,-1
4590,3,-1,-1
4590,4,-1,-1
4590,5,-1,-1
4590,6,-1,-1
4590,7,-1,-1
4591,0,0,160
4591,1,0,160
4591,2,-1,-1
4591,3,-1,-1
4591,4,-1,-1
4591,5,-1,-1
4591,6,-1,-1
4591,7,-1,-1
4592,0,0,160
4592,1,0,160
4592,2,-1,-1
4592,3,-1,-1
4592,4,-1,-1
4592,5,-1,-1
4592,6,-1,-1
4592,7,-1,-1
4593,0,0,160
4593,1,0,160
4593,2,-1,-1
4593,3,-1,-1
4593,4,-1,-1
4593,5,-1,-1
4593,6,-1,-1
4593,7,-1,-1
4594,0,0,160
4594,1,0,160
4594,2,-1,-1
4594,3,-1,-1
4594,4,-1,-1
4594,5,-1,-1
4594,6,-1,-1
4594,7,-1,-1
4595,0,0,160
4595,1,0,160
4595,2,-1,-1
4595,3,-1,-1
4595,4,-1,-1
4595,5,-1,-1
4595,6,-1,-1
4595,7,-1,-1
4596,0,0,160
4596,1,0,160
4596,2,-1,-1
4596,3,-1,-1
4596,4,-1,-1
4596,5,-1,-1
4596,6,-1,-1
4596,7,-1,-1
4597,0,0,160
4597,1,0,160
4597,2,-1,-1
4597,3,-1,-1
4597,4,-1,-1
4597,5,-1,-1
4597,6,-1,-1
4597,7,-1,-1
4598,0,0,160
4598,1,0,160
4598,2,-1,-1
4598,3,-1,-1
4598,4,-1,-1
4598,5,-1,-1
4598,6,-1,-1
4598,7,-1,-1
4599,0,0,160
4599,1,0,160
4599,2,-1,-1
4599,3,-1,-1
4599,4,-1,-1
4599,5,-1,-1
4599,6,-1,-1
4599,7,-1,-1
4600,0,0,160
4600,1,0,160
4600,2,-1,-1
4600,3,-1,-1
4600,4,-1,-1
4600,5,-1,-1
4600,6,-1,-1
4600,7,-1,-1
4601,0,0,160
4601,1,0,160
4601,2,-1,-1
4601,3,-1,-1
4601,4,-1,-1
4601,5,-1,-1
4601,6,-1,-1
4601,7,-1,-1
4602,0,0,160
4602,1,0,160
4602,2,-1,-1
4602,3,-1,-1
4602,4,-1,-1
4602,5,-1,-1
4602,6,-1,-1
4602,7,-1,-1
4603,0,0,160
4603,1,0,160
4603,2,-1,-1
4603,3,-1,-1
4603,4,-1,-1
4603,5,-1,-1
4603,6,-1,-1
4603,7,-1,-1
4604,0,0,160
4604,1,0,160
4604,2,-1,-1
4604,3,-1,-1
4604,4,-1,-1
4604,5,-1,-1
4604,6,-1,-1
4604,7,-1,-1
4605,0,0,160
4605,1,0,160
4605,2,-1,-1
4605,3,-1,-1
4605,4,-1,-1
4605,5,-1,-1
4605,6,-1,-1
4605,7,-1,-1
4606,0,0,160
4606,1,0,160
4606,2,-1,-1
4606,3,-1,-1
4606,4,-1,-1
4606,5,-1,-1
4606,6,-1,-1
4606,7,-1,-1
4607,0,0,160
4607,1,0,160
4607,2,-1,-1
4607,3,-1,-1
4607,4,-1,-1
4607,5,-1,-1
4607,6,-1,-1
4607,7,-1,-1
4608,0,0,160
4608,1,0,160
4608,2,-1,-1
4608,3,-1,-1
4608,4,-1,-1
4608,5,-1,-1
4608,6,-1,-1
4608,7,-1,-1
4609,0,0,160
4609,1,0,160
4609,2,-1,-1
4609,3,-1,-1
4609,4,-1,-1
4609,5,-1,-1
4609,6,-1,-1
4609,7,-1,-1
4610,0,0,160
4610,1,0,160
4610,2,-1,-1
4610,3,-1,-1
4610,4,-1,-1
4610,5,-1,-1
4610,6,-1,-1
4610,7,-1,-1
4611,0,0,160
4611,1,0,160
4611,2,-1,-1
4611,3,-1,-1
4611,4,-1,-1
4611,5,-1,-1
4611,6,-1,-1
4611,7,-1,-1
4612,0,0,160
4612,1,0,160
4612,2,-1,-1
4612,3,-1,-1
4612,4,-1,-1
4612,5,-1,-1
4612,6,-1,-1
4612,7,-1,-1
4613,0,0,160
4613,1,0,160
4613,2,-1,-1
4613,3,-1,-1
4613,4,-1,-1
4613,5,-1,-1
4613,6,-1,-1
4613,7,-1,-1
4614,0,0,160
4614,1,0,160
4614,2,-1,-1
4614,3,-1,-1
4614,4,-1,-1
4614,5,-1,-1
4614,6,-1,-1
4614,7,-1,-1
4615,0,0,160
4615,1,0,160
4615,2,-1,-1
4615,3,-1,-1
4615,4,-1,-1
4615,5,-1,-1
4615,6,-1,-1
4615,7,-1,-1
4616,0,0,160
4616,1,0,160
4616,2,-1,-1
4616,3,-1,-1
4616,4,-1,-1
4616,5,-1,-1
4616,6,-1,-1
4616,7,-1,-1
4617,0,0,160
4617,1,0,160
4617,2,-1,-1
4617,3,-1,-1
4617,4,-1,-1
4617,5,-1,-1
4617,6,-1,-1
4617,7,-1,-1
4618,0,0,160
4618,1,0,160
4618,2,-1,-1
4618,3,-1,-1
4618,4,-1,-1
4618,5,-1,-1
4618,6,-1,-1
4618,7,-1,-1
4619,0,0,160
4619,1,0,160
4619,2,-1,-1
4619,3,-1,-1
4619,4,-1,-1
4619,5,-1,-1
4619,6,-1,-1
4619,7,-1,-1
4620,0,0,160
4620,1,0,160
4620,2,-1,-1
4620,3,-1,-1
4620,4,-1,-1
4620,5,-1,-1
4620,6,-1,-1
4620,7,-1,-1
4621,0,0,160
4621,1,0,160
4621,2,-1,-1
4621,3,-1,-1
4621,4,-1,-1
4621,5,-1,-1
4621,6,-1,-1
4621,7,-1,-1
4622,0,0,160
4622,1,0,160
4622,2,-1,-1
4622,3,-1,-1
4622,4,-1,-1
4622,5,-1,-1
4622,6,-1,-1
4622,7,-1,-1
4623,0,0,160
4623,1,0,160
4623,2,-1,-1
4623,3,-1,-1
4623,4,-1,-1
4623,5,-1,-1
4623,6,-1,-1
4623,7,-1,-1
4624,0,0,160
4624,1,0,160
4624,2,-1,-1
4624,3,-1,-1
4624,4,-1,-1
4624,5,-1,-1
4624,6,-1,-1
4624,7,-1,-1
4625,0,0,160
4625,1,0,160
4625,2,-1,-1
4625,3,-1,-1
4625,4,-1,-1
4625,5,-1,-1
4625,6,-1,-1
4625,7,-1,-1
4626,0,0,160
4626,1,0,160
4626,2,-1,-1
4626,3,-1,-1
4626,4,-1,-1
4626,5,-1,-1
4626,6,-1,-1
4626,7,-1,-1
4627,0,0,160
4627,1,0,160
4627,2,-1,-1
4627,3,-1,-1
4627,4,-1,-1
4627,5,-1,-1
4627,6,-1,-1
4627,7,-1,-1
4628,0,0,160
4628,1,0,160
4628,2,-1,-1
4628,3,-1,-1
4628,4,-1,-1
4628,5,-1,-1
4628,6,-1,-1
4628,7,-1,-1
4629,0,0,160
4629,1,0,160
4629,2,-1,-1
4629,3,-1,-1
4629,4,-1,-1
4629,5,-1,-1
4629,6,-1,-1
4629,7,-1,-1
4630,0,0,160
4630,1,0,160
4630,2,-1,-1
4630,3,-1,-1
4630,4,-1,-1
4630,5,-1,-1
4630,6,-1,-1
4630,7,-1,-1
4631,0,0,160
4631,1,0,160
4631,2,-1,-1
4631,3,-1,-1
4631,4,-1,-1
4631,5,-1,-1
4631,6,-1,-1
4631,7,-1,-1
4632,0,0,160
4632,1,0,160
4632,2,-1,-1
4632,3,-1,-1
4632,4,-1,-1
4632,5,-1,-1
4632,6,-1,-1
4632,7,-1,-1
4633,0,0,160
4633,1,0,160
4633,2,-1,-1
4633,3,-1,-1
4633,4,-1,-1
4633,5,-1,-1
4633,6,-1,-1
4633,7,-1,-1
4634,0,0,160
4634,1,0,160
4634,2,-1,-1
4634,3,-1,-1
4634,4,-1,-1
4634,5,-1,-1
4634,6,-1,-1
4634,7,-1,-1
4635,0,0,160
4635,1,0,160
4635,2,-1,-1
4635,3,-1,-1
4635,4,-1,-1
4635,5,-1,-1
4635,6,-1,-1
4635,7,-1,-1
4636,0,0,160
4636,1,0,160
4636,2,-1,-1
4636,3,-1,-1
4636,4,-1,-1
4636,5,-1,-1
4636,6,-1,-1
4636,7,-1,-1
4637,0,0,160
4637,1,0,160
4637,2,-1,-1
4637,3,-1,-1
4637,4,-1,-1
4637,5,-1,-1
4637,6,-1,-1
4637,7,-1,-1
4638,0,0,160
4638,1,0,160
4638,2,-1,-1
4638,3,-1,-1
4638,4,-1,-1
4638,5,-1,-1
4638,6,-1,-1
4638,7,-1,-1
4639,0,0,160
4639,1,0,160
4639,2,-1,-1
4639,3,-1,-1
4639,4,-1,-1
4639,5,-1,-1
4639,6,-1,-1
4639,7,-1,-1
4640,0,0,160
4640,1,0,160
4640,2,-1,-1
4640,3,-1,-1
4640,4,-1,-1
4640,5,-1,-1
4640,6,-1,-1
4640,7,-1,-1
4641,0,0,160
4641,1,0,160
4641,2,-1,-1
4641,3,-1,-1
4641,4,-1,-1
4641,5,-1,-1
4641,6,-1,-1
4641,7,-1,-1
4642,0,0,160
4642,1,0,160
4642,2,-1,-1
4642,3,-1,-1
4642,4,-1,-1
4642,5,-1,-1
4642,6,-1,-1
4642,7,-1,-1
4643,0,0,160
4643,1,0,160
4643,2,-1,-1
4643,3,-1,-1
4643,4,-1,-1
4643,5,-1,-1
4643,6,-1,-1
4643,7,-1,-1
4644,0,0,160
4644,1,0,160
4644,2,-1,-1
4644,3,-1,-1
4644,4,-1,-1
4644,5,-1,-1
4644,6,-1,-1
4644,7,-1,-1
4645,0,0,160
4645,1,0,160
4645,2,-1,-1
4645,3,-1,-1
4645,4,-1,-1
4645,5,-1,-1
4645,6,-1,-1
4645,7,-1,-1
4646,0,0,160
4646,1,0,160
4646,2,-1,-1
4646,3,-1,-1
4646,4,-1,-1
4646,5,-1,-1
4646,6,-1,-1
4646,7,-1,-1
4647,0,0,160
4647,1,0,160
4647,2,-1,-1
4647,3,-1,-1
4647,4,-1,-1
4647,5,-1,-1
4647,6,-1,-1
4647,7,-1,-1
4648,0,0,160
4648,1,0,160
4648,2,-1,-1
4648,3,-1,-1
4648,4,-1,-1
4648,5,-1,-1
4648,6,-1,-1
4648,7,-1,-1
4649,0,0,160
4649,1,0,160
4649,2,-1,-1
4649,3,-1,-1
4649,4,-1,-1
4649,5,-1,-1
4649,6,-1,-1
4649,7,-1,-1
4650,0,0,160
4650,1,0,160
4650,2,-1,-1
4650,3,-1,-1
4650,4,-1,-1
4650,5,-1,-1
4650,6,-1,-1
4650,7,-1,-1
4651,0,0,160
4651,1,0,160
4651,2,-1,-1
4651,3,-1,-1
4651,4,-1,-1
4651,5,-1,-1
4651,6,-1,-1
4651,7,-1,-1
4652,0,0,160
4652,1,0,160
4652,2,-1,-1
4652,3,-1,-1
4652,4,-1,-1
4652,5,-1,-1
4652,6,-1,-1
4652,7,-1,-1
4653,0,0,160
4653,1,0,160
4653,2,-1,-1
4653,3,-1,-1
4653,4,-1,-1
4653,5,-1,-1
4653,6,-1,-1
4653,7,-1,-1
4654,0,0,160
4654,1,0,160
4654,2,-1,-1
4654,3,-1,-1
4654,4,-1,-1
4654,5,-1,-1
4654,6,-1,-1
4654,7,-1,-1
4655,0,0,160
4655,1,0,160
4655,2,-1,-1
4655,3,-1,-1
4655,4,-1,-1
4655,5,-1,-1
4655,6,-1,-1
4655,7,-1,-1
4656,0,0,160
4656,1,0,160
4656,2,-1,-1
4656,3,-1,-1
4656,4,-1,-1
4656,5,-1,-1
4656,6,-1,-1
4656,7,-1,-1
4657,0,0,160
4657,1,0,160
4657,2,-1,-1
4657,3,-1,-1
4657,4,-1,-1
4657,5,-1,-1
4657,6,-1,-1
4657,7,-1,-1
4658,0,0,160
4658,1,0,160
4658,2,-1,-1
4658,3,-1,-1
4658,4,-1,-1
4658,5,-1,-1
4658,6,-1,-1
4658,7,-1,-1
4659,0,0,160
4659,1,0,160
4659,2,-1,-1
4659,3,-1,-1
4659,4,-1,-1
4659,5,-1,-1
4659,6,-1,-1
4659,7,-1,-1
4660,0,0,160
4660,1,0,160
4660,2,-1,-1
4660,3,-1,-1
4660,4,-1,-1
4660,5,-1,-1
4660,6,-1,-1
4660,7,-1,-1
4661,0,0,160
4661,1,0,160
4661,2,-1,-1
4661,3,-1,-1
4661,4,-1,-1
4661,5,-1,-1
4661,6,-1,-1
4661,7,-1,-1
4662,0,0,160
4662,1,0,160
4662,2,-1,-1
4662,3,-1,-1
4662,4,-1,-1
4662,5,-1,-1
4662,6,-1,-1
4662,7,-1,-1
4663,0,0,160
4663,1,0,160
4663,2,-1,-1
4663,3,-1,-1
4663,4,-1,-1
4663,5,-1,-1
4663,6,-1,-1
4663,7,-1,-1
4664,0,0,160
4664,1,0,160
4664,2,-1,-1
4664,3,-1,-1
4664,4,-1,-1
4664,5,-1,-1
4664,6,-1,-1
4664,7,-1,-1
4665,0,0,160
4665,1,0,160
4665,2,-1,-1
4665,3,-1,-1
4665,4,-1,-1
4665,5,-1,-1
4665,6,-1,-1
4665,7,-1,-1
4666,0,0,160
4666,1,0,160
4666,2,-1,-1
4666,3,-1,-1
4666,4,-1,-1
4666,5,-1,-1
4666,6,-1,-1
4666,7,-1,-1
4667,0,0,160
4667,1,0,160
4667,2,-1,-1
4667,3,-1,-1
4667,4,-1,-1
4667,5,-1,-1
4667,6,-1,-1
4667,7,-1,-1
4668,0,0,160
4668,1,0,160
4668,2,-1,-1
4668,3,-1,-1
4668,4,-1,-1
4668,5,-1,-1
4668,6,-1,-1
4668,7,-1,-1
4669,0,0,160
4669,1,0,160
4669,2,-1,-1
4669,3,-1,-1
4669,4,-1,-1
4669,5,-1,-1
4669,6,-1,-1
4669,7,-1,-1
4670,0,0,160
4670,1,0,160
4670,2,-1,-1
4670,3,-1,-1
4670,4,-1,-1
4670,5,-1,-1
4670,6,-1,-1
4670,7,-1,-1
4671,0,0,160
4671,1,0,160
4671,2,-1,-1
4671,3,-1,-1
4671,4,-1,-1
4671,5,-1,-1
4671,6,-1,-1
4671,7,-1,-1
4672,0,0,160
4672,1,0,160
4672,2,-1,-1
4672,3,-1,-1
4672,4,-1,-1
4672,5,-1,-1
4672,6,-1,-1
4672,7,-1,-1
4673,0,0,160
4673,1,0,160
4673,2,-1,-1
4673,3,-1,-1
4673,4,-1,-1
4673,5,-1,-1
4673,6,-1,-1
4673,7,-1,-1
4674,0,0,160
4674,1,0,160
4674,2,-1,-1
4674,3,-1,-1
4674,4,-1,-1
4674,5,-1,-1
4674,6,-1,-1
4674,7,-1,-1
4675,0,0,160
4675,1,0,160
4675,2,-1,-1
4675,3,-1,-1
4675,4,-1,-1
4675,5,-1,-1
4675,6,-1,-1
4675,7,-1,-1
4676,0,0,160
4676,1,0,160
4676,2,-1,-1
4676,3,-1,-1
4676,4,-1,-1
4676,5,-1,-1
4676,6,-1,-1
4676,7,-1,-1
4677,0,0,160
4677,1,0,160
4677,2,-1,-1
4677,3,-1,-1
4677,4,-1,-1
4677,5,-1,-1
4677,6,-1,-1
4677,7,-1,-1
4678,0,0,160
4678,1,0,160
4678,2,-1,-1
4678,3,-1,-1
4678,4,-1,-1
4678,5,-1,-1
4678,6,-1,-1
4678,7,-1,-1
4679,0,0,160
4679,1,0,160
4679,2,-1,-1
4679,3,-1,-1
4679,4,-1,-1
4679,5,-1,-1
4679,6,-1,-1
4679,7,-1,-1
4680,0,0,160
4680,1,0,160
4680,2,-1,-1
4680,3,-1,-1
4680,4,-1,-1
4680,5,-1,-1
4680,6,-1,-1
4680,7,-1,-1
4681,0,0,160
4681,1,0,160
4681,2,-1,-1
4681,3,-1,-1
4681,4,-1,-1
4681,5,-1,-1
4681,6,-1,-1
4681,7,-1,-1
4682,0,0,160
4682,1,0,160
4682,2,-1,-1
4682,3,-1,-1
4682,4,-1,-1
4682,5,-1,-1
4682,6,-1,-1
4682,7,-1,-1
4683,0,0,160
4683,1,0,160
4683,2,-1,-1
4683,3,-1,-1
4683,4,-1,-1
4683,5,-1,-1
4683,6,-1,-1
4683,7,-1,-1
4684,0,0,160
4684,1,0,160
4684,2,-1,-1
4684,3,-1,-1
4684,4,-1,-1
4684,5,-1,-1
4684,6,-1,-1
4684,7,-1,-1
4685,0,0,160
4685,1,0,160
4685,2,-1,-1
4685,3,-1,-1
4685,4,-1,-1
4685,5,-1,-1
4685,6,-1,-1
4685,7,-1,-1
4686,0,0,160
4686,1,0,160
4686,2,-1,-1
4686,3,-1,-1
4686,4,-1,-1
4686,5,-1,-1
4686,6,-1,-1
4686,7,-1,-1
4687,0,0,160
4687,1,0,160
4687,2,-1,-1
4687,3,-1,-1
4687,4,-1,-1
4687,5,-1,-1
4687,6,-1,-1
4687,7,-1,-1
4688,0,0,160
4688,1,0,160
4688,2,-1,-1
4688,3,-1,-1
4688,4,-1,-1
4688,5,-1,-1
4688,6,-1,-1
4688,7,-1,-1
4689,0,0,160
4689,1,0,160
4689,2,-1,-1
4689,3,-1,-1
4689,4,-1,-1
4689,5,-1,-1
4689,6,-1,-1
4689,7,-1,-1
4690,0,0,160
4690,1,0,160
4690,2,-1,-1
4690,3,-1,-1
4690,4,-1,-1
4690,5,-1,-1
4690,6,-1,-1
4690,7,-1,-1
4691,0,0,160
4691,1,0,160
4691,2,-1,-1
4691,3,-1,-1
4691,4,-1,-1
4691,5,-1,-1
4691,6,-1,-1
4691,7,-1,-1
4692,0,0,160
4692,1,0,160
4692,2,-1,-1
4692,3,-1,-1
4692,4,-1,-1
4692,5,-1,-1
4692,6,-1,-1
4692,7,-1,-1
4693,0,0,160
4693,1,0,160
4693,2,-1,-1
4693,3,-1,-1
4693,4,-1,-1
4693,5,-1,-1
4693,6,-1,-1
4693,7,-1,-1
4694,0,0,160
4694,1,0,160
4694,2,-1,-1
4694,3,-1,-1
4694,4,-1,-1
4694,5,-1,-1
4694,6,-1,-1
4694,7,-1,-1
4695,0,0,160
4695,1,0,160
4695,2,-1,-1
4695,3,-1,-1
4695,4,-1,-1
4695,5,-1,-1
4695,6,-1,-1
4695,7,-1,-1
4696,0,0,160
4696,1,0,160
4696,2,-1,-1
4696,3,-1,-1
4696,4,-1,-1
4696,5,-1,-1
4696,6,-1,-1
4696,7,-1,-1
4697,0,0,160
4697,1,0,160
4697,2,-1,-1
4697,3,-1,-1
4697,4,-1,-1
4697,5,-1,-1
4697,6,-1,-1
4697,7,-1,-1
4698,0,0,160
4698,1,0,160
4698,2,-1,-1
4698,3,-1,-1
4698,4,-1,-1
4698,5,-1,-1
4698,6,-1,-1
4698,7,-1,-1
4699,0,0,160
4699,1,0,160
4699,2,-1,-1
4699,3,-1,-1
4699,4,-1,-1
4699,5,-1,-1
4699,6,-1,-1
4699,7,-1,-1
4700,0,0,160
4700,1,0,160
4700,2,-1,-1
4700,3,-1,-1
4700,4,-1,-1
4700,5,-1,-1
4700,6,-1,-1
4700,7,-1,-1
4701,0,0,160
4701,1,0,160
4701,2,-1,-1
4701,3,-1,-1
4701,4,-1,-1
4701,5,-1,-1
4701,6,-1,-1
4701,7,-1,-1
4702,0,0,160
4702,1,0,160
4702,2,-1,-1
4702,3,-1,-1
4702,4,-1,-1
4702,5,-1,-1
4702,6,-1,-1
4702,7,-1,-1
4703,0,0,160
4703,1,0,160
4703,2,-1,-1
4703,3,-1,-1
4703,4,-1,-1
4703,5,-1,-1
4703,6,-1,-1
4703,7,-1,-1
4704,0,0,160
4704,1,0,160
4704,2,-1,-1
4704,3,-1,-1
4704,4,-1,-1
4704,5,-1,-1
4704,6,-1,-1
4704,7,-1,-1
4705,0,0,160
4705,1,0,160
4705,2,-1,-1
4705,3,-1,-1
4705,4,-1,-1
4705,5,-1,-1
4705,6,-1,-1
4705,7,-1,-1
4706,0,0,160
4706,1,0,160
4706,2,-1,-1
4706,3,-1,-1
4706,4,-1,-1
4706,5,-1,-1
4706,6,-1,-1
4706,7,-1,-1
4707,0,0,160
4707,1,0,160
4707,2,-1,-1
4707,3,-1,-1
4707,4,-1,-1
4707,5,-1,-1
4707,6,-1,-1
4707,7,-1,-1
4708,0,0,160
4708,1,0,160
4708,2,-1,-1
4708,3,-1,-1
4708,4,-1,-1
4708,5,-1,-1
4708,6,-1,-1
4708,7,-1,-1
4709,0,0,160
4709,1,0,160
4709,2,-1,-1
4709,3,-1,-1
4709,4,-1,-1
4709,5,-1,-1
4709,6,-1,-1
4709,7,-1,-1
4710,0,0,160
4710,1,0,160
4710,2,-1,-1
4710,3,-1,-1
4710,4,-1,-1
4710,5,-1,-1
4710,6,-1,-1
4710,7,-1,-1
4711,0,0,160
4711,1,0,160
4711,2,-1,-1
4711,3,-1,-1
4711,4,-1,-1
4711,5,-1,-1
4711,6,-1,-1
4711,7,-1,-1
4712,0,0,160
4712,1,0,160
4712,2,-1,-1
4712,3,-1,-1
4712,4,-1,-1
4712,5,-1,-1
4712,6,-1,-1
4712,7,-1,-1
4713,0,0,160
4713,1,0,160
4713,2,-1,-1
4713,3,-1,-1
4713,4,-1,-1
4713,5,-1,-1
4713,6,-1,-1
4713,7,-1,-1
4714,0,0,160
4714,1,0,160
4714,2,-1,-1
4714,3,-1,-1
4714,4,-1,-1
4714,5,-1,-1
4714,6,-1,-1
4714,7,-1,-1
4715,0,0,160
4715,1,0,160
4715,2,-1,-1
4715,3,-1,-1
4715,4,-1,-1
4715,5,-1,-1
4715,6,-1,-1
4715,7,-1,-1
4716,0,0,160
4716,1,0,160
4716,2,-1,-1
4716,3,-1,-1
4716,4,-1,-1
4716,5,-1,-1
4716,6,-1,-1
4716,7,-1,-1
4717,0,0,160
4717,1,0,160
4717,2,-1,-1
4717,3,-1,-1
4717,4,-1,-1
4717,5,-1,-1
4717,6,-1,-1
4717,7,-1,-1
4718,0,0,160
4718,1,0,160
4718,2,-1,-1
4718,3,-1,-1
4718,4,-1,-1
4718,5,-1,-1
4718,6,-1,-1
4718,7,-1,-1
4719,0,0,160
4719,1,0,160
4719,2,-1,-1
4719,3,-1,-1
4719,4,-1,-1
4719,5,-1,-1
4719,6,-1,-1
4719,7,-1,-1
4720,0,0,160
4720,1,0,160
4720,2,-1,-1
4720,3,-1,-1
4720,4,-1,-1
4720,5,-1,-1
4720,6,-1,-1
4720,7,-1,-1
4721,0,0,160
4721,1,0,160
4721,2,-1,-1
4721,3,-1,-1
4721,4,-1,-1
4721,5,-1,-1
4721,6,-1,-1
4721,7,-1,-1
4722,0,0,160
4722,1,0,160
4722,2,-1,-1
4722,3,-1,-1
4722,4,-1,-1
4722,5,-1,-1
4722,6,-1,-1
4722,7,-1,-1
4723,0,0,160
4723,1,0,160
4723,2,-1,-1
4723,3,-1,-1
4723,4,-1,-1
4723,5,-1,-1
4723,6,-1,-1
4723,7,-1,-1
4724,0,0,160
4724,1,0,160
4724,2,-1,-1
4724,3,-1,-1
4724,4,-1,-1
4724,5,-1,-1
4724,6,-1,-1
4724,7,-1,-1
4725,0,0,160
4725,1,0,160
4725,2,-1,-1
4725,3,-1,-1
4725,4,-1,-1
4725,5,-1,-1
4725,6,-1,-1
4725,7,-1,-1
4726,0,0,160
4726,1,0,160
4726,2,-1,-1
4726,3,-1,-1
4726,4,-1,-1
4726,5,-1,-1
4726,6,-1,-1
4726,7,-1,-1
4727,0,0,160
4727,1,0,160
4727,2,-1,-1
4727,3,-1,-1
4727,4,-1,-1
4727,5,-1,-1
4727,6,-1,-1
4727,7,-1,-1
4728,0,0,160
4728,1,0,160
4728,2,-1,-1
4728,3,-1,-1
4728,4,-1,-1
4728,5,-1,-1
4728,6,-1,-1
4728,7,-1,-1
4729,0,0,160
4729,1,0,160
4729,2,-1,-1
4729,3,-1,-1
4729,4,-1,-1
4729,5,-1,-1
4729,6,-1,-1
4729,7,-1,-1
4730,0,0,160
4730,1,0,160
4730,2,-1,-1
4730,3,-1,-1
4730,4,-1,-1
4730,5,-1,-1
4730,6,-1,-1
4730,7,-1,-1
4731,0,0,160
4731,1,0,160
4731,2,-1,-1
4731,3,-1,-1
4731,4,-1,-1
4731,5,-1,-1
4731,6,-1,-1
4731,7,-1,-1
4732,0,0,160
4732,1,0,160
4732,2,-1,-1
4732,3,-1,-1
4732,4,-1,-1
4732,5,-1,-1
4732,6,-1,-1
4732,7,-1,-1
4733,0,0,160
4733,1,0,160
4733,2,-1,-1
4733,3,-1,-1
4733,4,-1,-1
4733,5,-1,-1
4733,6,-1,-1
4733,7,-1,-1
4734,0,0,160
4734,1,0,160
4734,2,-1,-1
4734,3,-1,-1
4734,4,-1,-1
4734,5,-1,-1
4734,6,-1,-1
4734,7,-1,-1
4735,0,0,160
4735,1,0,160
4735,2,-1,-1
4735,3,-1,-1
4735,4,-1,-1
4735,5,-1,-1
4735,6,-1,-1
4735,7,-1,-1
4736,0,0,160
4736,1,0,160
4736,2,-1,-1
4736,3,-1,-1
4736,4,-1,-1
4736,5,-1,-1
4736,6,-1,-1
4736,7,-1,-1
4737,0,0,160
4737,1,0,160
4737,2,-1,-1
4737,3,-1,-1
4737,4,-1,-1
4737,5,-1,-1
4737,6,-1,-1
4737,7,-1,-1
4738,0,0,160
4738,1,0,160
4738,2,-1,-1
4738,3,-1,-1
4738,4,-1,-1
4738,5,-1,-1
4738,6,-1,-1
4738,7,-1,-1
4739,0,0,160
4739,1,0,160
4739,2,-1,-1
4739,3,-1,-1
4739,4,-1,-1
4739,5,-1,-1
4739,6,-1,-1
4739,7,-1,-1
4740,0,0,160
4740,1,0,160
4740,2,-1,-1
4740,3,-1,-1
4740,4,-1,-1
4740,5,-1,-1
4740,6,-1,-1
4740,7,-1,-1
4741,0,0,160
4741,1,0,160
4741,2,-1,-1
4741,3,-1,-1
4741,4,-1,-1
4741,5,-1,-1
4741,6,-1,-1
4741,7,-1,-1
4742,0,0,160
4742,1,0,160
4742,2,-1,-1
4742,3,-1,-1
4742,4,-1,-1
4742,5,-1,-1
4742,6,-1,-1
4742,7,-1,-1
4743,0,0,160
4743,1,0,160
4743,2,-1,-1
4743,3,-1,-1
4743,4,-1,-1
4743,5,-1,-1
4743,6,-1,-1
4743,7,-1,-1
4744,0,0,160
4744,1,0,160
4744,2,-1,-1
4744,3,-1,-1
4744,4,-1,-1
4744,5,-1,-1
4744,6,-1,-1
4744,7,-1,-1
4745,0,0,160
4745,1,0,160
4745,2,-1,-1
4745,3,-1,-1
4745,4,-1,-1
4745,5,-1,-1
4745,6,-1,-1
4745,7,-1,-1
4746,0,0,160
4746,1,0,160
4746,2,-1,-1
4746,3,-1,-1
4746,4,-1,-1
4746,5,-1,-1
4746,6,-1,-1
4746,7,-1,-1
4747,0,0,160
4747,1,0,160
4747,2,-1,-1
4747,3,-1,-1
4747,4,-1,-1
4747,5,-1,-1
4747,6,-1,-1
4747,7,-1,-1
4748,0,0,160
4748,1,0,160
4748,2,-1,-1
4748,3,-1,-1
4748,4,-1,-1
4748,5,-1,-1
4748,6,-1,-1
4748,7,-1,-1
4749,0,0,160
4749,1,0,160
4749,2,-1,-1
4749,3,-1,-1
4749,4,-1,-1
4749,5,-1,-1
4749,6,-1,-1
4749,7,-1,-1
4750,0,0,160
4750,1,0,160
4750,2,-1,-1
4750,3,-1,-1
4750,4,-1,-1
4750,5,-1,-1
4750,6,-1,-1
4750,7,-1,-1
4751,0,0,160
4751,1,0,160
4751,2,-1,-1
4751,3,-1,-1
4751,4,-1,-1
4751,5,-1,-1
4751,6,-1,-1
4751,7,-1,-1
4752,0,0,160
4752,1,0,160
4752,2,-1,-1
4752,3,-1,-1
4752,4,-1,-1
4752,5,-1,-1
4752,6,-1,-1
4752,7,-1,-1
4753,0,0,160
4753,1,0,160
4753,2,-1,-1
4753,3,-1,-1
4753,4,-1,-1
4753,5,-1,-1
4753,6,-1,-1
4753,7,-1,-1
4754,0,0,160
4754,1,0,160
4754,2,-1,-1
4754,3,-1,-1
4754,4,-1,-1
4754,5,-1,-1
4754,6,-1,-1
4754,7,-1,-1
4755,0,0,160
4755,1,0,160
4755,2,-1,-1
4755,3,-1,-1
4755,4,-1,-1
4755,5,-1,-1
4755,6,-1,-1
4755,7,-1,-1
4756,0,0,160
4756,1,0,160
4756,2,-1,-1
4756,3,-1,-1
4756,4,-1,-1
4756,5,-1,-1
4756,6,-1,-1
4756,7,-1,-1
4757,0,0,160
4757,1,0,160
4757,2,-1,-1
4757,3,-1,-1
4757,4,-1,-1
4757,5,-1,-1
4757,6,-1,-1
4757,7,-1,-1
4758,0,0,160
4758,1,0,160
4758,2,-1,-1
4758,3,-1,-1
4758,4,-1,-1
4758,5,-1,-1
4758,6,-1,-1
4758,7,-1,-1
4759,0,0,160
4759,1,0,160
4759,2,-1,-1
4759,3,-1,-1
4759,4,-1,-1
4759,5,-1,-1
4759,6,-1,-1
4759,7,-1,-1
4760,0,0,160
4760,1,0,160
4760,2,-1,-1
4760,3,-1,-1
4760,4,-1,-1
4760,5,-1,-1
4760,6,-1,-1
4760,7,-1,-1
4761,0,0,160
4761,1,0,160
4761,2,-1,-1
4761,3,-1,-1
4761,4,-1,-1
4761,5,-1,-1
4761,6,-1,-1
4761,7,-1,-1
4762,0,0,160
4762,1,0,160
4762,2,-1,-1
4762,3,-1,-1
4762,4,-1,-1
4762,5,-1,-1
4762,6,-1,-1
4762,7,-1,-1
4763,0,0,160
4763,1,0,160
4763,2,-1,-1
4763,3,-1,-1
4763,4,-1,-1
4763,5,-1,-1
4763,6,-1,-1
4763,7,-1,-1
4764,0,0,160
4764,1,0,160
4764,2,-1,-1
4764,3,-1,-1
4764,4,-1,-1
4764,5,-1,-1
4764,6,-1,-1
4764,7,-1,-1
4765,0,0,160
4765,1,0,160
4765,2,-1,-1
4765,3,-1,-1
4765,4,-1,-1
4765,5,-1,-1
4765,6,-1,-1
4765,7,-1,-1
4766,0,0,160
4766,1,0,160
4766,2,-1,-1
4766,3,-1,-1
4766,4,-1,-1
4766,5,-1,-1
4766,6,-1,-1
4766,7,-1,-1
4767,0,0,160
4767,1,0,160
4767,2,-1,-1
4767,3,-1,-1
4767,4,-1,-1
4767,5,-1,-1
4767,6,-1,-1
4767,7,-1,-1
4768,0,0,160
4768,1,0,160
4768,2,-1,-1
4768,3,-1,-1
4768,4,-1,-1
4768,5,-1,-1
4768,6,-1,-1
4768,7,-1,-1
4769,0,0,160
4769,1,0,160
4769,2,-1,-1
4769,3,-1,-1
4769,4,-1,-1
4769,5,-1,-1
4769,6,-1,-1
4769,7,-1,-1
4770,0,0,160
4770,1,0,160
4770,2,-1,-1
4770,3,-1,-1
4770,4,-1,-1
4770,5,-1,-1
4770,6,-1,-1
4770,7,-1,-1
4771,0,0,160
4771,1,0,160
4771,2,-1,-1
4771,3,-1,-1
4771,4,-1,-1
4771,5,-1,-1
4771,6,-1,-1
4771,7,-1,-1
4772,0,0,160
4772,1,0,160
4772,2,-1,-1
4772,3,-1,-1
4772,4,-1,-1
4772,5,-1,-1
4772,6,-1,-1
4772,7,-1,-1
4773,0,0,160
4773,1,0,160
4773,2,-1,-1
4773,3,-1,-1
4773,4,-1,-1
4773,5,-1,-1
4773,6,-1,-1
4773,7,-1,-1
4774,0,0,160
4774,1,0,160
4774,2,-1,-1
4774,3,-1,-1
4774,4,-1,-1
4774,5,-1,-1
4774,6,-1,-1
4774,7,-1,-1
4775,0,0,160
4775,1,0,160
4775,2,-1,-1
4775,3,-1,-1
4775,4,-1,-1
4775,5,-1,-1
4775,6,-1,-1
4775,7,-1,-1
4776,0,0,160
4776,1,0,160
4776,2,-1,-1
4776,3,-1,-1
4776,4,-1,-1
4776,5,-1,-1
4776,6,-1,-1
4776,7,-1,-1
4777,0,0,160
4777,1,0,160
4777,2,-1,-1
4777,3,-1,-1
4777,4,-1,-1
4777,5,-1,-1
4777,6,-1,-1
4777,7,-1,-1
4778,0,0,160
4778,1,0,160
4778,2,-1,-1
4778,3,-1,-1
4778,4,-1,-1
4778,5,-1,-1
4778,6,-1,-1
4778,7,-1,-1
4779,0,0,160
4779,1,0,160
4779,2,-1,-1
4779,3,-1,-1
4779,4,-1,-1
4779,5,-1,-1
4779,6,-1,-1
4779,7,-1,-1
4780,0,0,160
4780,1,0,160
4780,2,-1,-1
4780,3,-1,-1
4780,4,-1,-1
4780,5,-1,-1
4780,6,-1,-1
4780,7,-1,-1
4781,0,0,160
4781,1,0,160
4781,2,-1,-1
4781,3,-1,-1
4781,4,-1,-1
4781,5,-1,-1
4781,6,-1,-1
4781,7,-1,-1
4782,0,0,160
4782,1,0,160
4782,2,-1,-1
4782,3,-1,-1
4782,4,-1,-1
4782,5,-1,-1
4782,6,-1,-1
4782,7,-1,-1
4783,0,0,160
4783,1,0,160
4783,2,-1,-1
4783,3,-1,-1
4783,4,-1,-1
4783,5,-1,-1
4783,6,-1,-1
4783,7,-1,-1
4784,0,0,160
4784,1,0,160
4784,2,-1,-1
4784,3,-1,-1
4784,4,-1,-1
4784,5,-1,-1
4784,6,-1,-1
4784,7,-1,-1
4785,0,0,160
4785,1,0,160
4785,2,-1,-1
4785,3,-1,-1
4785,4,-1,-1
4785,5,-1,-1
4785,6,-1,-1
4785,7,-1,-1
4786,0,0,160
4786,1,0,160
4786,2,-1,-1
4786,3,-1,-1
4786,4,-1,-1
4786,5,-1,-1
4786,6,-1,-1
4786,7,-1,-1
4787,0,0,160
4787,1,0,160
4787,2,-1,-1
4787,3,-1,-1
4787,4,-1,-1
4787,5,-1,-1
4787,6,-1,-1
4787,7,-1,-1
4788,0,0,160
4788,1,0,160
4788,2,-1,-1
4788,3,-1,-1
4788,4,-1,-1
4788,5,-1,-1
4788,6,-1,-1
4788,7,-1,-1
4789,0,0,160
4789,1,0,160
4789,2,-1,-1
4789,3,-1,-1
4789,4,-1,-1
4789,5,-1,-1
4789,6,-1,-1
4789,7,-1,-1
4790,0,0,160
4790,1,0,160
4790,2,-1,-1
4790,3,-1,-1
4790,4,-1,-1
4790,5,-1,-1
4790,6,-1,-1
4790,7,-1,-1
4791,0,0,160
4791,1,0,160
4791,2,-1,-1
4791,3,-1,-1
4791,4,-1,-1
4791,5,-1,-1
4791,6,-1,-1
4791,7,-1,-1
4792,0,0,160
4792,1,0,160
4792,2,-1,-1
4792,3,-1,-1
4792,4,-1,-1
4792,5,-1,-1
4792,6,-1,-1
4792,7,-1,-1
4793,0,0,160
4793,1,0,160
4793,2,-1,-1
4793,3,-1,-1
4793,4,-1,-1
4793,5,-1,-1
4793,6,-1,-1
4793,7,-1,-1
4794,0,0,160
4794,1,0,160
4794,2,-1,-1
4794,3,-1,-1
4794,4,-1,-1
4794,5,-1,-1
4794,6,-1,-1
4794,7,-1,-1
4795,0,0,160
4795,1,0,160
4795,2,-1,-1
4795,3,-1,-1
4795,4,-1,-1
4795,5,-1,-1
4795,6,-1,-1
4795,7,-1,-1
4796,0,0,160
4796,1,0,160
4796,2,-1,-1
4796,3,-1,-1
4796,4,-1,-1
4796,5,-1,-1
4796,6,-1,-1
4796,7,-1,-1
4797,0,0,160
4797,1,0,160
4797,2,-1,-1
4797,3,-1,-1
4797,4,-1,-1
4797,5,-1,-1
4797,6,-1,-1
4797,7,-1,-1
4798,0,0,160
4798,1,0,160
4798,2,-1,-1
4798,3,-1,-1
4798,4,-1,-1
4798,5,-1,-1
4798,6,-1,-1
4798,7,-1,-1
4799,0,0,160
4799,1,0,160
4799,2,-1,-1
4799,3,-1,-1
4799,4,-1,-1
4799,5,-1,-1
4799,6,-1,-1
4799,7,-1,-1
4800,0,0,160
4800,1,0,160
4800,2,-1,-1
4800,3,-1,-1
4800,4,-1,-1
4800,5,-1,-1
4800,6,-1,-1
4800,7,-1,-1
4801,0,0,160
4801,1,0,160
4801,2,-1,-1
4801,3,-1,-1
4801,4,-1,-1
4801,5,-1,-1
4801,6,-1,-1
4801,7,-1,-1
4802,0,0,160
4802,1,0,160
4802,2,-1,-1
4802,3,-1,-1
4802,4,-1,-1
4802,5,-1,-1
4802,6,-1,-1
4802,7,-1,-1
4803,0,0,160
4803,1,0,160
4803,2,-1,-1
4803,3,-1,-1
4803,4,-1,-1
4803,5,-1,-1
4803,6,-1,-1
4803,7,-1,-1
4804,0,0,160
4804,1,0,160
4804,2,-1,-1
4804,3,-1,-1
4804,4,-1,-1
4804,5,-1,-1
4804,6,-1,-1
4804,7,-1,-1
4805,0,0,160
4805,1,0,160
4805,2,-1,-1
4805,3,-1,-1
4805,4,-1,-1
4805,5,-1,-1
4805,6,-1,-1
4805,7,-1,-1
4806,0,0,160
4806,1,0,160
4806,2,-1,-1
4806,3,-1,-1
4806,4,-1,-1
4806,5,-1,-1
4806,6,-1,-1
4806,7,-1,-1
4807,0,0,160
4807,1,0,160
4807,2,-1,-1
4807,3,-1,-1
4807,4,-1,-1
4807,5,-1,-1
4807,6,-1,-1
4807,7,-1,-1
4808,0,0,160
4808,1,0,160
4808,2,-1,-1
4808,3,-1,-1
4808,4,-1,-1
4808,5,-1,-1
4808,6,-1,-1
4808,7,-1,-1
4809,0,0,160
4809,1,0,160
4809,2,-1,-1
4809,3,-1,-1
4809,4,-1,-1
4809,5,-1,-1
4809,6,-1,-1
4809,7,-1,-1
4810,0,0,160
4810,1,0,160
4810,2,-1,-1
4810,3,-1,-1
4810,4,-1,-1
4810,5,-1,-1
4810,6,-1,-1
4810,7,-1,-1
4811,0,0,160
4811,1,0,160
4811,2,-1,-1
4811,3,-1,-1
4811,4,-1,-1
4811,5,-1,-1
4811,6,-1,-1
4811,7,-1,-1
4812,0,0,160
4812,1,0,160
4812,2,-1,-1
4812,3,-1,-1
4812,4,-1,-1
4812,5,-1,-1
4812,6,-1,-1
4812,7,-1,-1
4813,0,0,160
4813,1,0,160
4813,2,-1,-1
4813,3,-1,-1
4813,4,-1,-1
4813,5,-1,-1
4813,6,-1,-1
4813,7,-1,-1
4814,0,0,160
4814,1,0,160
4814,2,-1,-1
4814,3,-1,-1
4814,4,-1,-1
4814,5,-1,-1
4814,6,-1,-1
4814,7,-1,-1
4815,0,0,160
4815,1,0,160
4815,2,-1,-1
4815,3,-1,-1
4815,4,-1,-1
4815,5,-1,-1
4815,6,-1,-1
4815,7,-1,-1
4816,0,0,160
4816,1,0,160
4816,2,-1,-1
4816,3,-1,-1
4816,4,-1,-1
4816,5,-1,-1
4816,6,-1,-1
4816,7,-1,-1
4817,0,0,160
4817,1,0,160
4817,2,-1,-1
4817,3,-1,-1
4817,4,-1,-1
4817,5,-1,-1
4817,6,-1,-1
4817,7,-1,-1
4818,0,0,160
4818,1,0,160
4818,2,-1,-1
4818,3,-1,-1
4818,4,-1,-1
4818,5,-1,-1
4818,6,-1,-1
4818,7,-1,-1
4819,0,0,160
4819,1,0,160
4819,2,-1,-1
4819,3,-1,-1
4819,4,-1,-1
4819,5,-1,-1
4819,6,-1,-1
4819,7,-1,-1
4820,0,0,160
4820,1,0,160
4820,2,-1,-1
4820,3,-1,-1
4820,4,-1,-1
4820,5,-1,-1
4820,6,-1,-1
4820,7,-1,-1
4821,0,0,160
4821,1,0,160
4821,2,-1,-1
4821,3,-1,-1
4821,4,-1,-1
4821,5,-1,-1
4821,6,-1,-1
4821,7,-1,-1
4822,0,0,160
4822,1,0,160
4822,2,-1,-1
4822,3,-1,-1
4822,4,-1,-1
4822,5,-1,-1
4822,6,-1,-1
4822,7,-1,-1
4823,0,0,160
4823,1,0,160
4823,2,-1,-1
4823,3,-1,-1
4823,4,-1,-1
4823,5,-1,-1
4823,6,-1,-1
4823,7,-1,-1
4824,0,0,160
4824,1,0,160
4824,2,-1,-1
4824,3,-1,-1
4824,4,-1,-1
4824,5,-1,-1
4824,6,-1,-1
4824,7,-1,-1
4825,0,0,160
4825,1,0,160
4825,2,-1,-1
4825,3,-1,-1
4825,4,-1,-1
4825,5,-1,-1
4825,6,-1,-1
4825,7,-1,-1
4826,0,0,160
4826,1,0,160
4826,2,-1,-1
4826,3,-1,-1
4826,4,-1,-1
4826,5,-1,-1
4826,6,-1,-1
4826,7,-1,-1
4827,0,0,160
4827,1,0,160
4827,2,-1,-1
4827,3,-1,-1
4827,4,-1,-1
4827,5,-1,-1
4827,6,-1,-1
4827,7,-1,-1
4828,0,0,160
4828,1,0,160
4828,2,-1,-1
4828,3,-1,-1
4828,4,-1,-1
4828,5,-1,-1
4828,6,-1,-1
4828,7,-1,-1
4829,0,0,160
4829,1,0,160
4829,2,-1,-1
4829,3,-1,-1
4829,4,-1,-1
4829,5,-1,-1
4829,6,-1,-1
4829,7,-1,-1
4830,0,0,160
4830,1,0,160
4830,2,-1,-1
4830,3,-1,-1
4830,4,-1,-1
4830,5,-1,-1
4830,6,-1,-1
4830,7,-1,-1
4831,0,0,160
4831,1,0,160
4831,2,-1,-1
4831,3,-1,-1
4831,4,-1,-1
4831,5,-1,-1
4831,6,-1,-1
4831,7,-1,-1
4832,0,0,160
4832,1,0,160
4832,2,-1,-1
4832,3,-1,-1
4832,4,-1,-1
4832,5,-1,-1
4832,6,-1,-1
4832,7,-1,-1
4833,0,0,160
4833,1,0,160
4833,2,-1,-1
4833,3,-1,-1
4833,4,-1,-1
4833,5,-1,-1
4833,6,-1,-1
4833,7,-1,-1
4834,0,0,160
4834,1,0,160
4834,2,-1,-1
4834,3,-1,-1
4834,4,-1,-1
4834,5,-1,-1
4834,6,-1,-1
4834,7,-1,-1
4835,0,0,160
4835,1,0,160
4835,2,-1,-1
4835,3,-1,-1
4835,4,-1,-1
4835,5,-1,-1
4835,6,-1,-1
4835,7,-1,-1
4836,0,0,160
4836,1,0,160
4836,2,-1,-1
4836,3,-1,-1
4836,4,-1,-1
4836,5,-1,-1
4836,6,-1,-1
4836,7,-1,-1
4837,0,0,160
4837,1,0,160
4837,2,-1,-1
4837,3,-1,-1
4837,4,-1,-1
4837,5,-1,-1
4837,6,-1,-1
4837,7,-1,-1
4838,0,0,160
4838,1,0,160
4838,2,-1,-1
4838,3,-1,-1
4838,4,-1,-1
4838,5,-1,-1
4838,6,-1,-1
4838,7,-1,-1
4839,0,0,160
4839,1,0,160
4839,2,-1,-1
4839,3,-1,-1
4839,4,-1,-1
4839,5,-1,-1
4839,6,-1,-1
4839,7,-1,-1
4840,0,0,160
4840,1,0,160
4840,2,-1,-1
4840,3,-1,-1
4840,4,-1,-1
4840,5,-1,-1
4840,6,-1,-1
4840,7,-1,-1
4841,0,0,160
4841,1,0,160
4841,2,-1,-1
4841,3,-1,-1
4841,4,-1,-1
4841,5,-1,-1
4841,6,-1,-1
4841,7,-1,-1
4842,0,0,160
4842,1,0,160
4842,2,-1,-1
4842,3,-1,-1
4842,4,-1,-1
4842,5,-1,-1
4842,6,-1,-1
4842,7,-1,-1
4843,0,0,160
4843,1,0,160
4843,2,-1,-1
4843,3,-1,-1
4843,4,-1,-1
4843,5,-1,-1
4843,6,-1,-1
4843,7,-1,-1
4844,0,0,160
4844,1,0,160
4844,2,-1,-1
4844,3,-1,-1
4844,4,-1,-1
4844,5,-1,-1
4844,6,-1,-1
4844,7,-1,-1
4845,0,0,160
4845,1,0,160
4845,2,-1,-1
4845,3,-1,-1
4845,4,-1,-1
4845,5,-1,-1
4845,6,-1,-1
4845,7,-1,-1
4846,0,0,160
4846,1,0,160
4846,2,-1,-1
4846,3,-1,-1
4846,4,-1,-1
4846,5,-1,-1
4846,6,-1,-1
4846,7,-1,-1
4847,0,0,160
4847,1,0,160
4847,2,-1,-1
4847,3,-1,-1
4847,4,-1,-1
4847,5,-1,-1
4847,6,-1,-1
4847,7,-1,-1
4848,0,0,160
4848,1,0,160
4848,2,-1,-1
4848,3,-1,-1
4848,4,-1,-1
4848,5,-1,-1
4848,6,-1,-1
4848,7,-1,-1
4849,0,0,160
4849,1,0,160
4849,2,-1,-1
4849,3,-1,-1
4849,4,-1,-1
4849,5,-1,-1
4849,6,-1,-1
4849,7,-1,-1
4850,0,0,160
4850,1,0,160
4850,2,-1,-1
4850,3,-1,-1
4850,4,-1,-1
4850,5,-1,-1
4850,6,-1,-1
4850,7,-1,-1
4851,0,0,160
4851,1,0,160
4851,2,-1,-1
4851,3,-1,-1
4851,4,-1,-1
4851,5,-1,-1
4851,6,-1,-1
4851,7,-1,-1
4852,0,0,160
4852,1,0,160
4852,2,-1,-1
4852,3,-1,-1
4852,4,-1,-1
4852,5,-1,-1
4852,6,-1,-1
4852,7,-1,-1
4853,0,0,160
4853,1,0,160
4853,2,-1,-1
4853,3,-1,-1
4853,4,-1,-1
4853,5,-1,-1
4853,6,-1,-1
4853,7,-1,-1
4854,0,0,160
4854,1,0,160
4854,2,-1,-1
4854,3,-1,-1
4854,4,-1,-1
4854,5,-1,-1
4854,6,-1,-1
4854,7,-1,-1
4855,0,0,160
4855,1,0,160
4855,2,-1,-1
4855,3,-1,-1
4855,4,-1,-1
4855,5,-1,-1
4855,6,-1,-1
4855,7,-1,-1
4856,0,0,160
4856,1,0,160
4856,2,-1,-1
4856,3,-1,-1
4856,4,-1,-1
4856,5,-1,-1
4856,6,-1,-1
4856,7,-1,-1
4857,0,0,160
4857,1,0,160
4857,2,-1,-1
4857,3,-1,-1
4857,4,-1,-1
4857,5,-1,-1
4857,6,-1,-1
4857,7,-1,-1
4858,0,0,160
4858,1,0,160
4858,2,-1,-1
4858,3,-1,-1
4858,4,-1,-1
4858,5,-1,-1
4858,6,-1,-1
4858,7,-1,-1
4859,0,0,160
4859,1,0,160
4859,2,-1,-1
4859,3,-1,-1
4859,4,-1,-1
4859,5,-1,-1
4859,6,-1,-1
4859,7,-1,-1
4860,0,0,160
4860,1,0,160
4860,2,-1,-1
4860,3,-1,-1
4860,4,-1,-1
4860,5,-1,-1
4860,6,-1,-1
4860,7,-1,-1
4861,0,0,160
4861,1,0,160
4861,2,-1,-1
4861,3,-1,-1
4861,4,-1,-1
4861,5,-1,-1
4861,6,-1,-1
4861,7,-1,-1
4862,0,0,160
4862,1,0,160
4862,2,-1,-1
4862,3,-1,-1
4862,4,-1,-1
4862,5,-1,-1
4862,6,-1,-1
4862,7,-1,-1
4863,0,0,160
4863,1,0,160
4863,2,-1,-1
4863,3,-1,-1
4863,4,-1,-1
4863,5,-1,-1
4863,6,-1,-1
4863,7,-1,-1
4864,0,0,160
4864,1,0,160
4864,2,-1,-1
4864,3,-1,-1
4864,4,-1,-1
4864,5,-1,-1
4864,6,-1,-1
4864,7,-1,-1
4865,0,0,160
4865,1,0,160
4865,2,-1,-1
4865,3,-1,-1
4865,4,-1,-1
4865,5,-1,-1
4865,6,-1,-1
4865,7,-1,-1
4866,0,0,160
4866,1,0,160
4866,2,-1,-1
4866,3,-1,-1
4866,4,-1,-1
4866,5,-1,-1
4866,6,-1,-1
4866,7,-1,-1
4867,0,0,160
4867,1,0,160
4867,2,-1,-1
4867,3,-1,-1
4867,4,-1,-1
4867,5,-1,-1
4867,6,-1,-1
4867,7,-1,-1
4868,0,0,160
4868,1,0,160
4868,2,-1,-1
4868,3,-1,-1
4868,4,-1,-1
4868,5,-1,-1
4868,6,-1,-1
4868,7,-1,-1
4869,0,0,160
4869,1,0,160
4869,2,-1,-1
4869,3,-1,-1
4869,4,-1,-1
4869,5,-1,-1
4869,6,-1,-1
4869,7,-1,-1
4870,0,0,160
4870,1,0,160
4870,2,-1,-1
4870,3,-1,-1
4870,4,-1,-1
4870,5,-1,-1
4870,6,-1,-1
4870,7,-1,-1
4871,0,0,160
4871,1,0,160
4871,2,-1,-1
4871,3,-1,-1
4871,4,-1,-1
4871,5,-1,-1
4871,6,-1,-1
4871,7,-1,-1
4872,0,0,160
4872,1,0,160
4872,2,-1,-1
4872,3,-1,-1
4872,4,-1,-1
4872,5,-1,-1
4872,6,-1,-1
4872,7,-1,-1
4873,0,0,160
4873,1,0,160
4873,2,-1,-1
4873,3,-1,-1
4873,4,-1,-1
4873,5,-1,-1
4873,6,-1,-1
4873,7,-1,-1
4874,0,0,160
4874,1,0,160
4874,2,-1,-1
4874,3,-1,-1
4874,4,-1,-1
4874,5,-1,-1
4874,6,-1,-1
4874,7,-1,-1
4875,0,0,160
4875,1,0,160
4875,2,-1,-1
4875,3,-1,-1
4875,4,-1,-1
4875,5,-1,-1
4875,6,-1,-1
4875,7,-1,-1
4876,0,0,160
4876,1,0,160
4876,2,-1,-1
4876,3,-1,-1
4876,4,-1,-1
4876,5,-1,-1
4876,6,-1,-1
4876,7,-1,-1
4877,0,0,160
4877,1,0,160
4877,2,-1,-1
4877,3,-1,-1
4877,4,-1,-1
4877,5,-1,-1
4877,6,-1,-1
4877,7,-1,-1
4878,0,0,160
4878,1,0,160
4878,2,-1,-1
4878,3,-1,-1
4878,4,-1,-1
4878,5,-1,-1
4878,6,-1,-1
4878,7,-1,-1
4879,0,0,160
4879,1,0,160
4879,2,-1,-1
4879,3,-1,-1
4879,4,-1,-1
4879,5,-1,-1
4879,6,-1,-1
4879,7,-1,-1
4880,0,0,160
4880,1,0,160
4880,2,-1,-1
4880,3,-1,-1
4880,4,-1,-1
4880,5,-1,-1
4880,6,-1,-1
4880,7,-1,-1
4881,0,0,160
4881,1,0,160
4881,2,-1,-1
4881,3,-1,-1
4881,4,-1,-1
4881,5,-1,-1
4881,6,-1,-1
4881,7,-1,-1
4882,0,0,160
4882,1,0,160
4882,2,-1,-1
4882,3,-1,-1
4882,4,-1,-1
4882,5,-1,-1
4882,6,-1,-1
4882,7,-1,-1
4883,0,0,160
4883,1,0,160
4883,2,-1,-1
4883,3,-1,-1
4883,4,-1,-1
4883,5,-1,-1
4883,6,-1,-1
4883,7,-1,-1
4884,0,0,160
4884,1,0,160
4884,2,-1,-1
4884,3,-1,-1
4884,4,-1,-1
4884,5,-1,-1
4884,6,-1,-1
4884,7,-1,-1
4885,0,0,160
4885,1,0,160
4885,2,-1,-1
4885,3,-1,-1
4885,4,-1,-1
4885,5,-1,-1
4885,6,-1,-1
4885,7,-1,-1
4886,0,0,160
4886,1,0,160
4886,2,-1,-1
4886,3,-1,-1
4886,4,-1,-1
4886,5,-1,-1
4886,6,-1,-1
4886,7,-1,-1
4887,0,0,160
4887,1,0,160
4887,2,-1,-1
4887,3,-1,-1
4887,4,-1,-1
4887,5,-1,-1
4887,6,-1,-1
4887,7,-1,-1
4888,0,0,160
4888,1,0,160
4888,2,-1,-1
4888,3,-1,-1
4888,4,-1,-1
4888,5,-1,-1
4888,6,-1,-1
4888,7,-1,-1
4889,0,0,160
4889,1,0,160
4889,2,-1,-1
4889,3,-1,-1
4889,4,-1,-1
4889,5,-1,-1
4889,6,-1,-1
4889,7,-1,-1
4890,0,0,160
4890,1,0,160
4890,2,-1,-1
4890,3,-1,-1
4890,4,-1,-1
4890,5,-1,-1
4890,6,-1,-1
4890,7,-1,-1
4891,0,0,160
4891,1,0,160
4891,2,-1,-1
4891,3,-1,-1
4891,4,-1,-1
4891,5,-1,-1
4891,6,-1,-1
4891,7,-1,-1
4892,0,0,160
4892,1,0,160
4892,2,-1,-1
4892,3,-1,-1
4892,4,-1,-1
4892,5,-1,-1
4892,6,-1,-1
4892,7,-1,-1
4893,0,0,160
4893,1,0,160
4893,2,-1,-1
4893,3,-1,-1
4893,4,-1,-1
4893,5,-1,-1
4893,6,-1,-1
4893,7,-1,-1
4894,0,0,160
4894,1,0,160
4894,2,-1,-1
4894,3,-1,-1
4894,4,-1,-1
4894,5,-1,-1
4894,6,-1,-1
4894,7,-1,-1
4895,0,0,160
4895,1,0,160
4895,2,-1,-1
4895,3,-1,-1
4895,4,-1,-1
4895,5,-1,-1
4895,6,-1,-1
4895,7,-1,-1
4896,0,0,160
4896,1,0,160
4896,2,-1,-1
4896,3,-1,-1
4896,4,-1,-1
4896,5,-1,-1
4896,6,-1,-1
4896,7,-1,-1
4897,0,0,160
4897,1,0,160
4897,2,-1,-1
4897,3,-1,-1
4897,4,-1,-1
4897,5,-1,-1
4897,6,-1,-1
4897,7,-1,-1
4898,0,0,160
4898,1,0,160
4898,2,-1,-1
4898,3,-1,-1
4898,4,-1,-1
4898,5,-1,-1
4898,6,-1,-1
4898,7,-1,-1
4899,0,0,160
4899,1,0,160
4899,2,-1,-1
4899,3,-1,-1
4899,4,-1,-1
4899,5,-1,-1
4899,6,-1,-1
4899,7,-1,-1
4900,0,0,160
4900,1,0,160
4900,2,-1,-1
4900,3,-1,-1
4900,4,-1,-1
4900,5,-1,-1
4900,6,-1,-1
4900,7,-1,-1
4901,0,0,160
4901,1,0,160
4901,2,-1,-1
4901,3,-1,-1
4901,4,-1,-1
4901,5,-1,-1
4901,6,-1,-1
4901,7,-1,-1
4902,0,0,160
4902,1,0,160
4902,2,-1,-1
4902,3,-1,-1
4902,4,-1,-1
4902,5,-1,-1
4902,6,-1,-1
4902,7,-1,-1
4903,0,0,160
4903,1,0,160
4903,2,-1,-1
4903,3,-1,-1
4903,4,-1,-1
4903,5,-1,-1
4903,6,-1,-1
4903,7,-1,-1
4904,0,0,160
4904,1,0,160
4904,2,-1,-1
4904,3,-1,-1
4904,4,-1,-1
4904,5,-1,-1
4904,6,-1,-1
4904,7,-1,-1
4905,0,0,160
4905,1,0,160
4905,2,-1,-1
4905,3,-1,-1
4905,4,-1,-1
4905,5,-1,-1
4905,6,-1,-1
4905,7,-1,-1
4906,0,0,160
4906,1,0,160
4906,2,-1,-1
4906,3,-1,-1
4906,4,-1,-1
4906,5,-1,-1
4906,6,-1,-1
4906,7,-1,-1
4907,0,0,160
4907,1,0,160
4907,2,-1,-1
4907,3,-1,-1
4907,4,-1,-1
4907,5,-1,-1
4907,6,-1,-1
4907,7,-1,-1
4908,0,0,160
4908,1,0,160
4908,2,-1,-1
4908,3,-1,-1
4908,4,-1,-1
4908,5,-1,-1
4908,6,-1,-1
4908,7,-1,-1
4909,0,0,160
4909,1,0,160
4909,2,-1,-1
4909,3,-1,-1
4909,4,-1,-1
4909,5,-1,-1
4909,6,-1,-1
4909,7,-1,-1
4910,0,0,160
4910,1,0,160
4910,2,-1,-1
4910,3,-1,-1
4910,4,-1,-1
4910,5,-1,-1
4910,6,-1,-1
4910,7,-1,-1
4911,0,0,160
4911,1,0,160
4911,2,-1,-1
4911,3,-1,-1
4911,4,-1,-1
4911,5,-1,-1
4911,6,-1,-1
4911,7,-1,-1
4912,0,0,160
4912,1,0,160
4912,2,-1,-1
4912,3,-1,-1
4912,4,-1,-1
4912,5,-1,-1
4912,6,-1,-1
4912,7,-1,-1
4913,0,0,160
4913,1,0,160
4913,2,-1,-1
4913,3,-1,-1
4913,4,-1,-1
4913,5,-1,-1
4913,6,-1,-1
4913,7,-1,-1
4914,0,0,160
4914,1,0,160
4914,2,-1,-1
4914,3,-1,-1
4914,4,-1,-1
4914,5,-1,-1
4914,6,-1,-1
4914,7,-1,-1
4915,0,0,160
4915,1,0,160
4915,2,-1,-1
4915,3,-1,-1
4915,4,-1,-1
4915,5,-1,-1
4915,6,-1,-1
4915,7,-1,-1
4916,0,0,160
4916,1,0,160
4916,2,-1,-1
4916,3,-1,-1
4916,4,-1,-1
4916,5,-1,-1
4916,6,-1,-1
4916,7,-1,-1
4917,0,0,160
4917,1,0,160
4917,2,-1,-1
4917,3,-1,-1
4917,4,-1,-1
4917,5,-1,-1
4917,6,-1,-1
4917,7,-1,-1
4918,0,0,160
4918,1,0,160
4918,2,-1,-1
4918,3,-1,-1
4918,4,-1,-1
4918,5,-1,-1
4918,6,-1,-1
4918,7,-1,-1
4919,0,0,160
4919,1,0,160
4919,2,-1,-1
4919,3,-1,-1
4919,4,-1,-1
4919,5,-1,-1
4919,6,-1,-1
4919,7,-1,-1
4920,0,0,160
4920,1,0,160
4920,2,-1,-1
4920,3,-1,-1
4920,4,-1,-1
4920,5,-1,-1
4920,6,-1,-1
4920,7,-1,-1
4921,0,0,160
4921,1,0,160
4921,2,-1,-1
4921,3,-1,-1
4921,4,-1,-1
4921,5,-1,-1
4921,6,-1,-1
4921,7,-1,-1
4922,0,0,160
4922,1,0,160
4922,2,-1,-1
4922,3,-1,-1
4922,4,-1,-1
4922,5,-1,-1
4922,6,-1,-1
4922,7,-1,-1
4923,0,0,160
4923,1,0,160
4923,2,-1,-1
4923,3,-1,-1
4923,4,-1,-1
4923,5,-1,-1
4923,6,-1,-1
4923,7,-1,-1
4924,0,0,160
4924,1,0,160
4924,2,-1,-1
4924,3,-1,-1
4924,4,-1,-1
4924,5,-1,-1
4924,6,-1,-1
4924,7,-1,-1
4925,0,0,160
4925,1,0,160
4925,2,-1,-1
4925,3,-1,-1
4925,4,-1,-1
4925,5,-1,-1
4925,6,-1,-1
4925,7,-1,-1
4926,0,0,160
4926,1,0,160
4926,2,-1,-1
4926,3,-1,-1
4926,4,-1,-1
4926,5,-1,-1
4926,6,-1,-1
4926,7,-1,-1
4927,0,0,160
4927,1,0,160
4927,2,-1,-1
4927,3,-1,-1
4927,4,-1,-1
4927,5,-1,-1
4927,6,-1,-1
4927,7,-1,-1
4928,0,0,160
4928,1,0,160
4928,2,-1,-1
4928,3,-1,-1
4928,4,-1,-1
4928,5,-1,-1
4928,6,-1,-1
4928,7,-1,-1
4929,0,0,160
4929,1,0,160
4929,2,-1,-1
4929,3,-1,-1
4929,4,-1,-1
4929,5,-1,-1
4929,6,-1,-1
4929,7,-1,-1
4930,0,0,160
4930,1,0,160
4930,2,-1,-1
4930,3,-1,-1
4930,4,-1,-1
4930,5,-1,-1
4930,6,-1,-1
4930,7,-1,-1
4931,0,0,160
4931,1,0,160
4931,2,-1,-1
4931,3,-1,-1
4931,4,-1,-1
4931,5,-1,-1
4931,6,-1,-1
4931,7,-1,-1
4932,0,0,160
4932,1,0,160
4932,2,-1,-1
4932,3,-1,-1
4932,4,-1,-1
4932,5,-1,-1
4932,6,-1,-1
4932,7,-1,-1
4933,0,0,160
4933,1,0,160
4933,2,-1,-1
4933,3,-1,-1
4933,4,-1,-1
4933,5,-1,-1
4933,6,-1,-1
4933,7,-1,-1
4934,0,0,160
4934,1,0,160
4934,2,-1,-1
4934,3,-1,-1
4934,4,-1,-1
4934,5,-1,-1
4934,6,-1,-1
4934,7,-1,-1
4935,0,0,160
4935,1,0,160
4935,2,-1,-1
4935,3,-1,-1
4935,4,-1,-1
4935,5,-1,-1
4935,6,-1,-1
4935,7,-1,-1
4936,0,0,160
4936,1,0,160
4936,2,-1,-1
4936,3,-1,-1
4936,4,-1,-1
4936,5,-1,-1
4936,6,-1,-1
4936,7,-1,-1
4937,0,0,160
4937,1,0,160
4937,2,-1,-1
4937,3,-1,-1
4937,4,-1,-1
4937,5,-1,-1
4937,6,-1,-1
4937,7,-1,-1
4938,0,0,160
4938,1,0,160
4938,2,-1,-1
4938,3,-1,-1
4938,4,-1,-1
4938,5,-1,-1
4938,6,-1,-1
4938,7,-1,-1
4939,0,0,160
4939,1,0,160
4939,2,-1,-1
4939,3,-1,-1
4939,4,-1,-1
4939,5,-1,-1
4939,6,-1,-1
4939,7,-1,-1
4940,0,0,160
4940,1,0,160
4940,2,-1,-1
4940,3,-1,-1
4940,4,-1,-1
4940,5,-1,-1
4940,6,-1,-1
4940,7,-1,-1
4941,0,0,160
4941,1,0,160
4941,2,-1,-1
4941,3,-1,-1
4941,4,-1,-1
4941,5,-1,-1
4941,6,-1,-1
4941,7,-1,-1
4942,0,0,160
4942,1,0,160
4942,2,-1,-1
4942,3,-1,-1
4942,4,-1,-1
4942,5,-1,-1
4942,6,-1,-1
4942,7,-1,-1
4943,0,0,160
4943,1,0,160
4943,2,-1,-1
4943,3,-1,-1
4943,4,-1,-1
4943,5,-1,-1
4943,6,-1,-1
4943,7,-1,-1
4944,0,0,160
4944,1,0,160
4944,2,-1,-1
4944,3,-1,-1
4944,4,-1,-1
4944,5,-1,-1
4944,6,-1,-1
4944,7,-1,-1
4945,0,0,160
4945,1,0,160
4945,2,-1,-1
4945,3,-1,-1
4945,4,-1,-1
4945,5,-1,-1
4945,6,-1,-1
4945,7,-1,-1
4946,0,0,160
4946,1,0,160
4946,2,-1,-1
4946,3,-1,-1
4946,4,-1,-1
4946,5,-1,-1
4946,6,-1,-1
4946,7,-1,-1
4947,0,0,160
4947,1,0,160
4947,2,-1,-1
4947,3,-1,-1
4947,4,-1,-1
4947,5,-1,-1
4947,6,-1,-1
4947,7,-1,-1
4948,0,0,160
4948,1,0,160
4948,2,-1,-1
4948,3,-1,-1
4948,4,-1,-1
4948,5,-1,-1
4948,6,-1,-1
4948,7,-1,-1
4949,0,0,160
4949,1,0,160
4949,2,-1,-1
4949,3,-1,-1
4949,4,-1,-1
4949,5,-1,-1
4949,6,-1,-1
4949,7,-1,-1
4950,0,0,160
4950,1,0,160
4950,2,-1,-1
4950,3,-1,-1
4950,4,-1,-1
4950,5,-1,-1
4950,6,-1,-1
4950,7,-1,-1
4951,0,0,160
4951,1,0,160
4951,2,-1,-1
4951,3,-1,-1
4951,4,-1,-1
4951,5,-1,-1
4951,6,-1,-1
4951,7,-1,-1
4952,0,0,160
4952,1,0,160
4952,2,-1,-1
4952,3,-1,-1
4952,4,-1,-1
4952,5,-1,-1
4952,6,-1,-1
4952,7,-1,-1
4953,0,0,160
4953,1,0,160
4953,2,-1,-1
4953,3,-1,-1
4953,4,-1,-1
4953,5,-1,-1
4953,6,-1,-1
4953,7,-1,-1
4954,0,0,160
4954,1,0,160
4954,2,-1,-1
4954,3,-1,-1
4954,4,-1,-1
4954,5,-1,-1
4954,6,-1,-1
4954,7,-1,-1
4955,0,0,160
4955,1,0,160
4955,2,-1,-1
4955,3,-1,-1
4955,4,-1,-1
4955,5,-1,-1
4955,6,-1,-1
4955,7,-1,-1
4956,0,0,160
4956,1,0,160
4956,2,-1,-1
4956,3,-1,-1
4956,4,-1,-1
4956,5,-1,-1
4956,6,-1,-1
4956,7,-1,-1
4957,0,0,160
4957,1,0,160
4957,2,-1,-1
4957,3,-1,-1
4957,4,-1,-1
4957,5,-1,-1
4957,6,-1,-1
4957,7,-1,-1
4958,0,0,160
4958,1,0,160
4958,2,-1,-1
4958,3,-1,-1
4958,4,-1,-1
4958,5,-1,-1
4958,6,-1,-1
4958,7,-1,-1
4959,0,0,160
4959,1,0,160
4959,2,-1,-1
4959,3,-1,-1
4959,4,-1,-1
4959,5,-1,-1
4959,6,-1,-1
4959,7,-1,-1
4960,0,0,160
4960,1,0,160
4960,2,-1,-1
4960,3,-1,-1
4960,4,-1,-1
4960,5,-1,-1
4960,6,-1,-1
4960,7,-1,-1
4961,0,0,160
4961,1,0,160
4961,2,-1,-1
4961,3,-1,-1
4961,4,-1,-1
4961,5,-1,-1
4961,6,-1,-1
4961,7,-1,-1
4962,0,0,160
4962,1,0,160
4962,2,-1,-1
4962,3,-1,-1
4962,4,-1,-1
4962,5,-1,-1
4962,6,-1,-1
4962,7,-1,-1
4963,0,0,160
4963,1,0,160
4963,2,-1,-1
4963,3,-1,-1
4963,4,-1,-1
4963,5,-1,-1
4963,6,-1,-1
4963,7,-1,-1
4964,0,0,160
4964,1,0,160
4964,2,-1,-1
4964,3,-1,-1
4964,4,-1,-1
4964,5,-1,-1
4964,6,-1,-1
4964,7,-1,-1
4965,0,0,160
4965,1,0,160
4965,2,-1,-1
4965,3,-1,-1
4965,4,-1,-1
4965,5,-1,-1
4965,6,-1,-1
4965,7,-1,-1
4966,0,0,160
4966,1,0,160
4966,2,-1,-1
4966,3,-1,-1
4966,4,-1,-1
4966,5,-1,-1
4966,6,-1,-1
4966,7,-1,-1
4967,0,0,160
4967,1,0,160
4967,2,-1,-1
4967,3,-1,-1
4967,4,-1,-1
4967,5,-1,-1
4967,6,-1,-1
4967,7,-1,-1
4968,0,0,160
4968,1,0,160
4968,2,-1,-1
4968,3,-1,-1
4968,4,-1,-1
4968,5,-1,-1
4968,6,-1,-1
4968,7,-1,-1
4969,0,0,160
4969,1,0,160
4969,2,-1,-1
4969,3,-1,-1
4969,4,-1,-1
4969,5,-1,-1
4969,6,-1,-1
4969,7,-1,-1
4970,0,0,160
4970,1,0,160
4970,2,-1,-1
4970,3,-1,-1
4970,4,-1,-1
4970,5,-1,-1
4970,6,-1,-1
4970,7,-1,-1
4971,0,0,160
4971,1,0,160
4971,2,-1,-1
4971,3,-1,-1
4971,4,-1,-1
4971,5,-1,-1
4971,6,-1,-1
4971,7,-1,-1
4972,0,0,160
4972,1,0,160
4972,2,-1,-1
4972,3,-1,-1
4972,4,-1,-1
4972,5,-1,-1
4972,6,-1,-1
4972,7,-1,-1
4973,0,0,160
4973,1,0,160
4973,2,-1,-1
4973,3,-1,-1
4973,4,-1,-1
4973,5,-1,-1
4973,6,-1,-1
4973,7,-1,-1
4974,0,0,160
4974,1,0,160
4974,2,-1,-1
4974,3,-1,-1
4974,4,-1,-1
4974,5,-1,-1
4974,6,-1,-1
4974,7,-1,-1
4975,0,0,160
4975,1,0,160
4975,2,-1,-1
4975,3,-1,-1
4975,4,-1,-1
4975,5,-1,-1
4975,6,-1,-1
4975,7,-1,-1
4976,0,0,160
4976,1,0,160
4976,2,-1,-1
4976,3,-1,-1
4976,4,-1,-1
4976,5,-1,-1
4976,6,-1,-1
4976,7,-1,-1
4977,0,0,160
4977,1,0,160
4977,2,-1,-1
4977,3,-1,-1
4977,4,-1,-1
4977,5,-1,-1
4977,6,-1,-1
4977,7,-1,-1
4978,0,0,160
4978,1,0,160
4978,2,-1,-1
4978,3,-1,-1
4978,4,-1,-1
4978,5,-1,-1
4978,6,-1,-1
4978,7,-1,-1
4979,0,0,160
4979,1,0,160
4979,2,-1,-1
4979,3,-1,-1
4979,4,-1,-1
4979,5,-1,-1
4979,6,-1,-1
4979,7,-1,-1
4980,0,0,160
4980,1,0,160
4980,2,-1,-1
4980,3,-1,-1
4980,4,-1,-1
4980,5,-1,-1
4980,6,-1,-1
4980,7,-1,-1
4981,0,0,160
4981,1,0,160
4981,2,-1,-1
4981,3,-1,-1
4981,4,-1,-1
4981,5,-1,-1
4981,6,-1,-1
4981,7,-1,-1
4982,0,0,160
4982,1,0,160
4982,2,-1,-1
4982,3,-1,-1
4982,4,-1,-1
4982,5,-1,-1
4982,6,-1,-1
4982,7,-1,-1
4983,0,0,160
4983,1,0,160
4983,2,-1,-1
4983,3,-1,-1
4983,4,-1,-1
4983,5,-1,-1
4983,6,-1,-1
4983,7,-1,-1
4984,0,0,160
4984,1,0,160
4984,2,-1,-1
4984,3,-1,-1
4984,4,-1,-1
4984,5,-1,-1
4984,6,-1,-1
4984,7,-1,-1
4985,0,0,160
4985,1,0,160
4985,2,-1,-1
4985,3,-1,-1
4985,4,-1,-1
4985,5,-1,-1
4985,6,-1,-1
4985,7,-1,-1
4986,0,0,160
4986,1,0,160
4986,2,-1,-1
4986,3,-1,-1
4986,4,-1,-1
4986,5,-1,-1
4986,6,-1,-1
4986,7,-1,-1
4987,0,0,160
4987,1,0,160
4987,2,-1,-1
4987,3,-1,-1
4987,4,-1,-1
4987,5,-1,-1
4987,6,-1,-1
4987,7,-1,-1
4988,0,0,160
4988,1,0,160
4988,2,-1,-1
4988,3,-1,-1
4988,4,-1,-1
4988,5,-1,-1
4988,6,-1,-1
4988,7,-1,-1
4989,0,0,160
4989,1,0,160
4989,2,-1,-1
4989,3,-1,-1
4989,4,-1,-1
4989,5,-1,-1
4989,6,-1,-1
4989,7,-1,-1
4990,0,0,160
4990,1,0,160
4990,2,-1,-1
4990,3,-1,-1
4990,4,-1,-1
4990,5,-1,-1
4990,6,-1,-1
4990,7,-1,-1
4991,0,0,160
4991,1,0,160
4991,2,-1,-1
4991,3,-1,-1
4991,4,-1,-1
4991,5,-1,-1
4991,6,-1,-1
4991,7,-1,-1
4992,0,0,160
4992,1,0,160
4992,2,-1,-1
4992,3,-1,-1
4992,4,-1,-1
4992,5,-1,-1
4992,6,-1,-1
4992,7,-1,-1
4993,0,0,160
4993,1,0,160
4993,2,-1,-1
4993,3,-1,-1
4993,4,-1,-1
4993,5,-1,-1
4993,6,-1,-1
4993,7,-1,-1
4994,0,0,160
4994,1,0,160
4994,2,-1,-1
4994,3,-1,-1
4994,4,-1,-1
4994,5,-1,-1
4994,6,-1,-1
4994,7,-1,-1
4995,0,0,160
4995,1,0,160
4995,2,-1,-1
4995,3,-1,-1
4995,4,-1,-1
4995,5,-1,-1
4995,6,-1,-1
4995,7,-1,-1
4996,0,0,160
4996,1,0,160
4996,2,-1,-1
4996,3,-1,-1
4996,4,-1,-1
4996,5,-1,-1
4996,6,-1,-1
4996,7,-1,-1
4997,0,0,160
4997,1,0,160
4997,2,-1,-1
4997,3,-1,-1
4997,4,-1,-1
4997,5,-1,-1
4997,6,-1,-1
4997,7,-1,-1
4998,0,0,160
4998,1,0,160
4998,2,-1,-1
4998,3,-1,-1
4998,4,-1,-1
4998,5,-1,-1
4998,6,-1,-1
4998,7,-1,-1
4999,0,0,160
4999,1,0,160
4999,2,-1,-1
4999,3,-1,-1
4999,4,-1,-1
4999,5,-1,-1
4999,6,-1,-1
4999,7,-1,-1
5000,0,0,160
5000,1,0,160
5000,2,-1,-1
5000,3,-1,-1
5000,4,-1,-1
5000,5,-1,-1
5000,6,-1,-1
5000,7,-1,-1
5001,0,0,160
5001,1,0,160
5001,2,-1,-1
5001,3,-1,-1
5001,4,-1,-1
5001,5,-1,-1
5001,6,-1,-1
5001,7,-1,-1
5002,0,0,160
5002,1,0,160
5002,2,-1,-1
5002,3,-1,-1
5002,4,-1,-1
5002,5,-1,-1
5002,6,-1,-1
5002,7,-1,-1
5003,0,0,160
5003,1,0,160
5003,2,-1,-1
5003,3,-1,-1
5003,4,-1,-1
5003,5,-1,-1
5003,6,-1,-1
5003,7,-1,-1
5004,0,0,160
5004,1,0,160
5004,2,-1,-1
5004,3,-1,-1
5004,4,-1,-1
5004,5,-1,-1
5004,6,-1,-1
5004,7,-1,-1
5005,0,0,160
5005,1,0,160
5005,2,-1,-1
5005,3,-1,-1
5005,4,-1,-1
5005,5,-1,-1
5005,6,-1,-1
5005,7,-1,-1
5006,0,0,160
5006,1,0,160
5006,2,-1,-1
5006,3,-1,-1
5006,4,-1,-1
5006,5,-1,-1
5006,6,-1,-1
5006,7,-1,-1
5007,0,0,160
5007,1,0,160
5007,2,-1,-1
5007,3,-1,-1
5007,4,-1,-1
5007,5,-1,-1
5007,6,-1,-1
5007,7,-1,-1
5008,0,0,160
5008,1,0,160
5008,2,-1,-1
5008,3,-1,-1
5008,4,-1,-1
5008,5,-1,-1
5008,6,-1,-1
5008,7,-1,-1
5009,0,0,160
5009,1,0,160
5009,2,-1,-1
5009,3,-1,-1
5009,4,-1,-1
5009,5,-1,-1
5009,6,-1,-1
5009,7,-1,-1
5010,0,0,160
5010,1,0,160
5010,2,-1,-1
5010,3,-1,-1
5010,4,-1,-1
5010,5,-1,-1
5010,6,-1,-1
5010,7,-1,-1
5011,0,0,160
5011,1,0,160
5011,2,-1,-1
5011,3,-1,-1
5011,4,-1,-1
5011,5,-1,-1
5011,6,-1,-1
5011,7,-1,-1
5012,0,0,160
5012,1,0,160
5012,2,-1,-1
5012,3,-1,-1
5012,4,-1,-1
5012,5,-1,-1
5012,6,-1,-1
5012,7,-1,-1
5013,0,0,160
5013,1,0,160
5013,2,-1,-1
5013,3,-1,-1
5013,4,-1,-1
5013,5,-1,-1
5013,6,-1,-1
5013,7,-1,-1
5014,0,0,160
5014,1,0,160
5014,2,-1,-1
5014,3,-1,-1
5014,4,-1,-1
5014,5,-1,-1
5014,6,-1,-1
5014,7,-1,-1
5015,0,0,160
5015,1,0,160
5015,2,-1,-1
5015,3,-1,-1
5015,4,-1,-1
5015,5,-1,-1
5015,6,-1,-1
5015,7,-1,-1
5016,0,0,160
5016,1,0,160
5016,2,-1,-1
5016,3,-1,-1
5016,4,-1,-1
5016,5,-1,-1
5016,6,-1,-1
5016,7,-1,-1
5017,0,0,160
5017,1,0,160
5017,2,-1,-1
5017,3,-1,-1
5017,4,-1,-1
5017,5,-1,-1
5017,6,-1,-1
5017,7,-1,-1
5018,0,0,160
5018,1,0,160
5018,2,-1,-1
5018,3,-1,-1
5018,4,-1,-1
5018,5,-1,-1
5018,6,-1,-1
5018,7,-1,-1
5019,0,0,160
5019,1,0,160
5019,2,-1,-1
5019,3,-1,-1
5019,4,-1,-1
5019,5,-1,-1
5019,6,-1,-1
5019,7,-1,-1
5020,0,0,160
5020,1,0,160
5020,2,-1,-1
5020,3,-1,-1
5020,4,-1,-1
5020,5,-1,-1
5020,6,-1,-1
5020,7,-1,-1
5021,0,0,160
5021,1,0,160
5021,2,-1,-1
5021,3,-1,-1
5021,4,-1,-1
5021,5,-1,-1
5021,6,-1,-1
5021,7,-1,-1
5022,0,0,160
5022,1,0,160
5022,2,-1,-1
5022,3,-1,-1
5022,4,-1,-1
5022,5,-1,-1
5022,6,-1,-1
5022,7,-1,-1
5023,0,0,160
5023,1,0,160
5023,2,-1,-1
5023,3,-1,-1
5023,4,-1,-1
5023,5,-1,-1
5023,6,-1,-1
5023,7,-1,-1
5024,0,0,160
5024,1,0,160
5024,2,-1,-1
5024,3,-1,-1
5024,4,-1,-1
5024,5,-1,-1
5024,6,-1,-1
5024,7,-1,-1
5025,0,0,160
5025,1,0,160
5025,2,-1,-1
5025,3,-1,-1
5025,4,-1,-1
5025,5,-1,-1
5025,6,-1,-1
5025,7,-1,-1
5026,0,0,160
5026,1,0,160
5026,2,-1,-1
5026,3,-1,-1
5026,4,-1,-1
5026,5,-1,-1
5026,6,-1,-1
5026,7,-1,-1
5027,0,0,160
5027,1,0,160
5027,2,-1,-1
5027,3,-1,-1
5027,4,-1,-1
5027,5,-1,-1
5027,6,-1,-1
5027,7,-1,-1
5028,0,0,160
5028,1,0,160
5028,2,-1,-1
5028,3,-1,-1
5028,4,-1,-1
5028,5,-1,-1
5028,6,-1,-1
5028,7,-1,-1
5029,0,0,160
5029,1,0,160
5029,2,-1,-1
5029,3,-1,-1
5029,4,-1,-1
5029,5,-1,-1
5029,6,-1,-1
5029,7,-1,-1
5030,0,0,160
5030,1,0,160
5030,2,-1,-1
5030,3,-1,-1
5030,4,-1,-1
5030,5,-1,-1
5030,6,-1,-1
5030,7,-1,-1
5031,0,0,160
5031,1,0,160
5031,2,-1,-1
5031,3,-1,-1
5031,4,-1,-1
5031,5,-1,-1
5031,6,-1,-1
5031,7,-1,-1
5032,0,0,160
5032,1,0,160
5032,2,-1,-1
5032,3,-1,-1
5032,4,-1,-1
5032,5,-1,-1
5032,6,-1,-1
5032,7,-1,-1
5033,0,0,160
5033,1,0,160
5033,2,-1,-1
5033,3,-1,-1
5033,4,-1,-1
5033,5,-1,-1
5033,6,-1,-1
5033,7,-1,-1
5034,0,0,160
5034,1,0,160
5034,2,-1,-1
5034,3,-1,-1
5034,4,-1,-1
5034,5,-1,-1
5034,6,-1,-1
5034,7,-1,-1
5035,0,0,160
5035,1,0,160
5035,2,-1,-1
5035,3,-1,-1
5035,4,-1,-1
5035,5,-1,-1
5035,6,-1,-1
5035,7,-1,-1
5036,0,0,160
5036,1,0,160
5036,2,-1,-1
5036,3,-1,-1
5036,4,-1,-1
5036,5,-1,-1
5036,6,-1,-1
5036,7,-1,-1
5037,0,0,160
5037,1,0,160
5037,2,-1,-1
5037,3,-1,-1
5037,4,-1,-1
5037,5,-1,-1
5037,6,-1,-1
5037,7,-1,-1
5038,0,0,160
5038,1,0,160
5038,2,-1,-1
5038,3,-1,-1
5038,4,-1,-1
5038,5,-1,-1
5038,6,-1,-1
5038,7,-1,-1
5039,0,0,160
5039,1,0,160
5039,2,-1,-1
5039,3,-1,-1
5039,4,-1,-1
5039,5,-1,-1
5039,6,-1,-1
5039,7,-1,-1
5040,0,0,160
5040,1,0,160
5040,2,-1,-1
5040,3,-1,-1
5040,4,-1,-1
5040,5,-1,-1
5040,6,-1,-1
5040,7,-1,-1
5041,0,0,160
5041,1,0,160
5041,2,-1,-1
5041,3,-1,-1
5041,4,-1,-1
5041,5,-1,-1
5041,6,-1,-1
5041,7,-1,-1
5042,0,0,160
5042,1,0,160
5042,2,-1,-1
5042,3,-1,-1
5042,4,-1,-1
5042,5,-1,-1
5042,6,-1,-1
5042,7,-1,-1
5043,0,0,160
5043,1,0,160
5043,2,-1,-1
5043,3,-1,-1
5043,4,-1,-1
5043,5,-1,-1
5043,6,-1,-1
5043,7,-1,-1
5044,0,0,160
5044,1,0,160
5044,2,-1,-1
5044,3,-1,-1
5044,4,-1,-1
5044,5,-1,-1
5044,6,-1,-1
5044,7,-1,-1
5045,0,0,160
5045,1,0,160
5045,2,-1,-1
5045,3,-1,-1
5045,4,-1,-1
5045,5,-1,-1
5045,6,-1,-1
5045,7,-1,-1
5046,0,0,160
5046,1,0,160
5046,2,-1,-1
5046,3,-1,-1
5046,4,-1,-1
5046,5,-1,-1
5046,6,-1,-1
5046,7,-1,-1
5047,0,0,160
5047,1,0,160
5047,2,-1,-1
5047,3,-1,-1
5047,4,-1,-1
5047,5,-1,-1
5047,6,-1,-1
5047,7,-1,-1
5048,0,0,160
5048,1,0,160
5048,2,-1,-1
5048,3,-1,-1
5048,4,-1,-1
5048,5,-1,-1
5048,6,-1,-1
5048,7,-1,-1
5049,0,0,160
5049,1,0,160
5049,2,-1,-1
5049,3,-1,-1
5049,4,-1,-1
5049,5,-1,-1
5049,6,-1,-1
5049,7,-1,-1
5050,0,0,160
5050,1,0,160
5050,2,-1,-1
5050,3,-1,-1
5050,4,-1,-1
5050,5,-1,-1
5050,6,-1,-1
5050,7,-1,-1
5051,0,0,160
5051,1,0,160
5051,2,-1,-1
5051,3,-1,-1
5051,4,-1,-1
5051,5,-1,-1
5051,6,-1,-1
5051,7,-1,-1
5052,0,0,160
5052,1,0,160
5052,2,-1,-1
5052,3,-1,-1
5052,4,-1,-1
5052,5,-1,-1
5052,6,-1,-1
5052,7,-1,-1
5053,0,0,160
5053,1,0,160
5053,2,-1,-1
5053,3,-1,-1
5053,4,-1,-1
5053,5,-1,-1
5053,6,-1,-1
5053,7,-1,-1
5054,0,0,160
5054,1,0,160
5054,2,-1,-1
5054,3,-1,-1
5054,4,-1,-1
5054,5,-1,-1
5054,6,-1,-1
5054,7,-1,-1
5055,0,0,160
5055,1,0,160
5055,2,-1,-1
5055,3,-1,-1
5055,4,-1,-1
5055,5,-1,-1
5055,6,-1,-1
5055,7,-1,-1
5056,0,0,160
5056,1,0,160
5056,2,-1,-1
5056,3,-1,-1
5056,4,-1,-1
5056,5,-1,-1
5056,6,-1,-1
5056,7,-1,-1
5057,0,0,160
5057,1,0,160
5057,2,-1,-1
5057,3,-1,-1
5057,4,-1,-1
5057,5,-1,-1
5057,6,-1,-1
5057,7,-1,-1
5058,0,0,160
5058,1,0,160
5058,2,-1,-1
5058,3,-1,-1
5058,4,-1,-1
5058,5,-1,-1
5058,6,-1,-1
5058,7,-1,-1
5059,0,0,160
5059,1,0,160
5059,2,-1,-1
5059,3,-1,-1
5059,4,-1,-1
5059,5,-1,-1
5059,6,-1,-1
5059,7,-1,-1
5060,0,0,160
5060,1,0,160
5060,2,-1,-1
5060,3,-1,-1
5060,4,-1,-1
5060,5,-1,-1
5060,6,-1,-1
5060,7,-1,-1
5061,0,0,160
5061,1,0,160
5061,2,-1,-1
5061,3,-1,-1
5061,4,-1,-1
5061,5,-1,-1
5061,6,-1,-1
5061,7,-1,-1
5062,0,0,160
5062,1,0,160
5062,2,-1,-1
5062,3,-1,-1
5062,4,-1,-1
5062,5,-1,-1
5062,6,-1,-1
5062,7,-1,-1
5063,0,0,160
5063,1,0,160
5063,2,-1,-1
5063,3,-1,-1
5063,4,-1,-1
5063,5,-1,-1
5063,6,-1,-1
5063,7,-1,-1
5064,0,0,160
5064,1,0,160
5064,2,-1,-1
5064,3,-1,-1
5064,4,-1,-1
5064,5,-1,-1
5064,6,-1,-1
5064,7,-1,-1
5065,0,0,160
5065,1,0,160
5065,2,-1,-1
5065,3,-1,-1
5065,4,-1,-1
5065,5,-1,-1
5065,6,-1,-1
5065,7,-1,-1
5066,0,0,160
5066,1,0,160
5066,2,-1,-1
5066,3,-1,-1
5066,4,-1,-1
5066,5,-1,-1
5066,6,-1,-1
5066,7,-1,-1
5067,0,0,160
5067,1,0,160
5067,2,-1,-1
5067,3,-1,-1
5067,4,-1,-1
5067,5,-1,-1
5067,6,-1,-1
5067,7,-1,-1
5068,0,0,160
5068,1,0,160
5068,2,-1,-1
5068,3,-1,-1
5068,4,-1,-1
5068,5,-1,-1
5068,6,-1,-1
5068,7,-1,-1
5069,0,0,160
5069,1,0,160
5069,2,-1,-1
5069,3,-1,-1
5069,4,-1,-1
5069,5,-1,-1
5069,6,-1,-1
5069,7,-1,-1
5070,0,0,160
5070,1,0,160
5070,2,-1,-1
5070,3,-1,-1
5070,4,-1,-1
5070,5,-1,-1
5070,6,-1,-1
5070,7,-1,-1
5071,0,0,160
5071,1,0,160
5071,2,-1,-1
5071,3,-1,-1
5071,4,-1,-1
5071,5,-1,-1
5071,6,-1,-1
5071,7,-1,-1
5072,0,0,160
5072,1,0,160
5072,2,-1,-1
5072,3,-1,-1
5072,4,-1,-1
5072,5,-1,-1
5072,6,-1,-1
5072,7,-1,-1
5073,0,0,160
5073,1,0,160
5073,2,-1,-1
5073,3,-1,-1
5073,4,-1,-1
5073,5,-1,-1
5073,6,-1,-1
5073,7,-1,-1
5074,0,0,160
5074,1,0,160
5074,2,-1,-1
5074,3,-1,-1
5074,4,-1,-1
5074,5,-1,-1
5074,6,-1,-1
5074,7,-1,-1
5075,0,0,160
5075,1,0,160
5075,2,-1,-1
5075,3,-1,-1
5075,4,-1,-1
5075,5,-1,-1
5075,6,-1,-1
5075,7,-1,-1
5076,0,0,160
5076,1,0,160
5076,2,-1,-1
5076,3,-1,-1
5076,4,-1,-1
5076,5,-1,-1
5076,6,-1,-1
5076,7,-1,-1
5077,0,0,160
5077,1,0,160
5077,2,-1,-1
5077,3,-1,-1
5077,4,-1,-1
5077,5,-1,-1
5077,6,-1,-1
5077,7,-1,-1
5078,0,0,160
5078,1,0,160
5078,2,-1,-1
5078,3,-1,-1
5078,4,-1,-1
5078,5,-1,-1
5078,6,-1,-1
5078,7,-1,-1
5079,0,0,160
5079,1,0,160
5079,2,-1,-1
5079,3,-1,-1
5079,4,-1,-1
5079,5,-1,-1
5079,6,-1,-1
5079,7,-1,-1
5080,0,0,160
5080,1,0,160
5080,2,-1,-1
5080,3,-1,-1
5080,4,-1,-1
5080,5,-1,-1
5080,6,-1,-1
5080,7,-1,-1
5081,0,0,160
5081,1,0,160
5081,2,-1,-1
5081,3,-1,-1
5081,4,-1,-1
5081,5,-1,-1
5081,6,-1,-1
5081,7,-1,-1
5082,0,0,160
5082,1,0,160
5082,2,-1,-1
5082,3,-1,-1
5082,4,-1,-1
5082,5,-1,-1
5082,6,-1,-1
5082,7,-1,-1
5083,0,0,160
5083,1,0,160
5083,2,-1,-1
5083,3,-1,-1
5083,4,-1,-1
5083,5,-1,-1
5083,6,-1,-1
5083,7,-1,-1
5084,0,0,160
5084,1,0,160
5084,2,-1,-1
5084,3,-1,-1
5084,4,-1,-1
5084,5,-1,-1
5084,6,-1,-1
5084,7,-1,-1
5085,0,0,160
5085,1,0,160
5085,2,-1,-1
5085,3,-1,-1
5085,4,-1,-1
5085,5,-1,-1
5085,6,-1,-1
5085,7,-1,-1
5086,0,0,160
5086,1,0,160
5086,2,-1,-1
5086,3,-1,-1
5086,4,-1,-1
5086,5,-1,-1
5086,6,-1,-1
5086,7,-1,-1
5087,0,0,160
5087,1,0,160
5087,2,-1,-1
5087,3,-1,-1
5087,4,-1,-1
5087,5,-1,-1
5087,6,-1,-1
5087,7,-1,-1
5088,0,0,160
5088,1,0,160
5088,2,-1,-1
5088,3,-1,-1
5088,4,-1,-1
5088,5,-1,-1
5088,6,-1,-1
5088,7,-1,-1
5089,0,0,160
5089,1,0,160
5089,2,-1,-1
5089,3,-1,-1
5089,4,-1,-1
5089,5,-1,-1
5089,6,-1,-1
5089,7,-1,-1
5090,0,0,160
5090,1,0,160
5090,2,-1,-1
5090,3,-1,-1
5090,4,-1,-1
5090,5,-1,-1
5090,6,-1,-1
5090,7,-1,-1
5091,0,0,160
5091,1,0,160
5091,2,-1,-1
5091,3,-1,-1
5091,4,-1,-1
5091,5,-1,-1
5091,6,-1,-1
5091,7,-1,-1
5092,0,0,160
5092,1,0,160
5092,2,-1,-1
5092,3,-1,-1
5092,4,-1,-1
5092,5,-1,-1
5092,6,-1,-1
5092,7,-1,-1
5093,0,0,160
5093,1,0,160
5093,2,-1,-1
5093,3,-1,-1
5093,4,-1,-1
5093,5,-1,-1
5093,6,-1,-1
5093,7,-1,-1
5094,0,0,160
5094,1,0,160
5094,2,-1,-1
5094,3,-1,-1
5094,4,-1,-1
5094,5,-1,-1
5094,6,-1,-1
5094,7,-1,-1
5095,0,0,160
5095,1,0,160
5095,2,-1,-1
5095,3,-1,-1
5095,4,-1,-1
5095,5,-1,-1
5095,6,-1,-1
5095,7,-1,-1
5096,0,0,160
5096,1,0,160
5096,2,-1,-1
5096,3,-1,-1
5096,4,-1,-1
5096,5,-1,-1
5096,6,-1,-1
5096,7,-1,-1
5097,0,0,160
5097,1,0,160
5097,2,-1,-1
5097,3,-1,-1
5097,4,-1,-1
5097,5,-1,-1
5097,6,-1,-1
5097,7,-1,-1
5098,0,0,160
5098,1,0,160
5098,2,-1,-1
5098,3,-1,-1
5098,4,-1,-1
5098,5,-1,-1
5098,6,-1,-1
5098,7,-1,-1
5099,0,0,160
5099,1,0,160
5099,2,-1,-1
5099,3,-1,-1
5099,4,-1,-1
5099,5,-1,-1
5099,6,-1,-1
5099,7,-1,-1
5100,0,0,160
5100,1,0,160
5100,2,-1,-1
5100,3,-1,-1
5100,4,-1,-1
5100,5,-1,-1
5100,6,-1,-1
5100,7,-1,-1
5101,0,0,160
5101,1,0,160
5101,2,-1,-1
5101,3,-1,-1
5101,4,-1,-1
5101,5,-1,-1
5101,6,-1,-1
5101,7,-1,-1
5102,0,0,160
5102,1,0,160
5102,2,-1,-1
5102,3,-1,-1
5102,4,-1,-1
5102,5,-1,-1
5102,6,-1,-1
5102,7,-1,-1
5103,0,0,160
5103,1,0,160
5103,2,-1,-1
5103,3,-1,-1
5103,4,-1,-1
5103,5,-1,-1
5103,6,-1,-1
5103,7,-1,-1
5104,0,0,160
5104,1,0,160
5104,2,-1,-1
5104,3,-1,-1
5104,4,-1,-1
5104,5,-1,-1
5104,6,-1,-1
5104,7,-1,-1
5105,0,0,160
5105,1,0,160
5105,2,-1,-1
5105,3,-1,-1
5105,4,-1,-1
5105,5,-1,-1
5105,6,-1,-1
5105,7,-1,-1
5106,0,0,160
5106,1,0,160
5106,2,-1,-1
5106,3,-1,-1
5106,4,-1,-1
5106,5,-1,-1
5106,6,-1,-1
5106,7,-1,-1
5107,0,0,160
5107,1,0,160
5107,2,-1,-1
5107,3,-1,-1
5107,4,-1,-1
5107,5,-1,-1
5107,6,-1,-1
5107,7,-1,-1
5108,0,0,160
5108,1,0,160
5108,2,-1,-1
5108,3,-1,-1
5108,4,-1,-1
5108,5,-1,-1
5108,6,-1,-1
5108,7,-1,-1
5109,0,0,160
5109,1,0,160
5109,2,-1,-1
5109,3,-1,-1
5109,4,-1,-1
5109,5,-1,-1
5109,6,-1,-1
5109,7,-1,-1
5110,0,0,160
5110,1,0,160
5110,2,-1,-1
5110,3,-1,-1
5110,4,-1,-1
5110,5,-1,-1
5110,6,-1,-1
5110,7,-1,-1
5111,0,0,160
5111,1,0,160
5111,2,-1,-1
5111,3,-1,-1
5111,4,-1,-1
5111,5,-1,-1
5111,6,-1,-1
5111,7,-1,-1
5112,0,0,160
5112,1,0,160
5112,2,-1,-1
5112,3,-1,-1
5112,4,-1,-1
5112,5,-1,-1
5112,6,-1,-1
5112,7,-1,-1
5113,0,0,160
5113,1,0,160
5113,2,-1,-1
5113,3,-1,-1
5113,4,-1,-1
5113,5,-1,-1
5113,6,-1,-1
5113,7,-1,-1
5114,0,0,160
5114,1,0,160
5114,2,-1,-1
5114,3,-1,-1
5114,4,-1,-1
5114,5,-1,-1
5114,6,-1,-1
5114,7,-1,-1
5115,0,0,160
5115,1,0,160
5115,2,-1,-1
5115,3,-1,-1
5115,4,-1,-1
5115,5,-1,-1
5115,6,-1,-1
5115,7,-1,-1
5116,0,0,160
5116,1,0,160
5116,2,-1,-1
5116,3,-1,-1
5116,4,-1,-1
5116,5,-1,-1
5116,6,-1,-1
5116,7,-1,-1
5117,0,0,160
5117,1,0,160
5117,2,-1,-1
5117,3,-1,-1
5117,4,-1,-1
5117,5,-1,-1
5117,6,-1,-1
5117,7,-1,-1
5118,0,0,160
5118,1,0,160
5118,2,-1,-1
5118,3,-1,-1
5118,4,-1,-1
5118,5,-1,-1
5118,6,-1,-1
5118,7,-1,-1
5119,0,0,160
5119,1,0,160
5119,2,-1,-1
5119,3,-1,-1
5119,4,-1,-1
5119,5,-1,-1
5119,6,-1,-1
5119,7,-1,-1
5120,0,0,160
5120,1,0,160
5120,2,-1,-1
5120,3,-1,-1
5120,4,-1,-1
5120,5,-1,-1
5120,6,-1,-1
5120,7,-1,-1
5121,0,0,160
5121,1,0,160
5121,2,-1,-1
5121,3,-1,-1
5121,4,-1,-1
5121,5,-1,-1
5121,6,-1,-1
5121,7,-1,-1
5122,0,0,160
5122,1,0,160
5122,2,-1,-1
5122,3,-1,-1
5122,4,-1,-1
5122,5,-1,-1
5122,6,-1,-1
5122,7,-1,-1
5123,0,0,160
5123,1,0,160
5123,2,-1,-1
5123,3,-1,-1
5123,4,-1,-1
5123,5,-1,-1
5123,6,-1,-1
5123,7,-1,-1
5124,0,0,160
5124,1,0,160
5124,2,-1,-1
5124,3,-1,-1
5124,4,-1,-1
5124,5,-1,-1
5124,6,-1,-1
5124,7,-1,-1
5125,0,0,160
5125,1,0,160
5125,2,-1,-1
5125,3,-1,-1
5125,4,-1,-1
5125,5,-1,-1
5125,6,-1,-1
5125,7,-1,-1
5126,0,0,160
5126,1,0,160
5126,2,-1,-1
5126,3,-1,-1
5126,4,-1,-1
5126,5,-1,-1
5126,6,-1,-1
5126,7,-1,-1
5127,0,0,160
5127,1,0,160
5127,2,-1,-1
5127,3,-1,-1
5127,4,-1,-1
5127,5,-1,-1
5127,6,-1,-1
5127,7,-1,-1
5128,0,0,160
5128,1,0,160
5128,2,-1,-1
5128,3,-1,-1
5128,4,-1,-1
5128,5,-1,-1
5128,6,-1,-1
5128,7,-1,-1
5129,0,0,160
5129,1,0,160
5129,2,-1,-1
5129,3,-1,-1
5129,4,-1,-1
5129,5,-1,-1
5129,6,-1,-1
5129,7,-1,-1
5130,0,0,160
5130,1,0,160
5130,2,-1,-1
5130,3,-1,-1
5130,4,-1,-1
5130,5,-1,-1
5130,6,-1,-1
5130,7,-1,-1
5131,0,0,160
5131,1,0,160
5131,2,-1,-1
5131,3,-1,-1
5131,4,-1,-1
5131,5,-1,-1
5131,6,-1,-1
5131,7,-1,-1
5132,0,0,160
5132,1,0,160
5132,2,-1,-1
5132,3,-1,-1
5132,4,-1,-1
5132,5,-1,-1
5132,6,-1,-1
5132,7,-1,-1
5133,0,0,160
5133,1,0,160
5133,2,-1,-1
5133,3,-1,-1
5133,4,-1,-1
5133,5,-1,-1
5133,6,-1,-1
5133,7,-1,-1
5134,0,0,160
5134,1,0,160
5134,2,-1,-1
5134,3,-1,-1
5134,4,-1,-1
5134,5,-1,-1
5134,6,-1,-1
5134,7,-1,-1
5135,0,0,160
5135,1,0,160
5135,2,-1,-1
5135,3,-1,-1
5135,4,-1,-1
5135,5,-1,-1
5135,6,-1,-1
5135,7,-1,-1
5136,0,0,160
5136,1,0,160
5136,2,-1,-1
5136,3,-1,-1
5136,4,-1,-1
5136,5,-1,-1
5136,6,-1,-1
5136,7,-1,-1
5137,0,0,160
5137,1,0,160
5137,2,-1,-1
5137,3,-1,-1
5137,4,-1,-1
5137,5,-1,-1
5137,6,-1,-1
5137,7,-1,-1
5138,0,0,160
5138,1,0,160
5138,2,-1,-1
5138,3,-1,-1
5138,4,-1,-1
5138,5,-1,-1
5138,6,-1,-1
5138,7,-1,-1
5139,0,0,160
5139,1,0,160
5139,2,-1,-1
5139,3,-1,-1
5139,4,-1,-1
5139,5,-1,-1
5139,6,-1,-1
5139,7,-1,-1
5140,0,0,160
5140,1,0,160
5140,2,-1,-1
5140,3,-1,-1
5140,4,-1,-1
5140,5,-1,-1
5140,6,-1,-1
5140,7,-1,-1
5141,0,0,160
5141,1,0,160
5141,2,-1,-1
5141,3,-1,-1
5141,4,-1,-1
5141,5,-1,-1
5141,6,-1,-1
5141,7,-1,-1
5142,0,0,160
5142,1,0,160
5142,2,-1,-1
5142,3,-1,-1
5142,4,-1,-1
5142,5,-1,-1
5142,6,-1,-1
5142,7,-1,-1
5143,0,0,160
5143,1,0,160
5143,2,-1,-1
5143,3,-1,-1
5143,4,-1,-1
5143,5,-1,-1
5143,6,-1,-1
5143,7,-1,-1
5144,0,0,160
5144,1,0,160
5144,2,-1,-1
5144,3,-1,-1
5144,4,-1,-1
5144,5,-1,-1
5144,6,-1,-1
5144,7,-1,-1
5145,0,0,160
5145,1,0,160
5145,2,-1,-1
5145,3,-1,-1
5145,4,-1,-1
5145,5,-1,-1
5145,6,-1,-1
5145,7,-1,-1
5146,0,0,160
5146,1,0,160
5146,2,-1,-1
5146,3,-1,-1
5146,4,-1,-1
5146,5,-1,-1
5146,6,-1,-1
5146,7,-1,-1
5147,0,0,160
5147,1,0,160
5147,2,-1,-1
5147,3,-1,-1
5147,4,-1,-1
5147,5,-1,-1
5147,6,-1,-1
5147,7,-1,-1
5148,0,0,160
5148,1,0,160
5148,2,-1,-1
5148,3,-1,-1
5148,4,-1,-1
5148,5,-1,-1
5148,6,-1,-1
5148,7,-1,-1
5149,0,0,160
5149,1,0,160
5149,2,-1,-1
5149,3,-1,-1
5149,4,-1,-1
5149,5,-1,-1
5149,6,-1,-1
5149,7,-1,-1
5150,0,0,160
5150,1,0,160
5150,2,-1,-1
5150,3,-1,-1
5150,4,-1,-1
5150,5,-1,-1
5150,6,-1,-1
5150,7,-1,-1
5151,0,0,160
5151,1,0,160
5151,2,-1,-1
5151,3,-1,-1
5151,4,-1,-1
5151,5,-1,-1
5151,6,-1,-1
5151,7,-1,-1
5152,0,0,160
5152,1,0,160
5152,2,-1,-1
5152,3,-1,-1
5152,4,-1,-1
5152,5,-1,-1
5152,6,-1,-1
5152,7,-1,-1
5153,0,0,160
5153,1,0,160
5153,2,-1,-1
5153,3,-1,-1
5153,4,-1,-1
5153,5,-1,-1
5153,6,-1,-1
5153,7,-1,-1
5154,0,0,160
5154,1,0,160
5154,2,-1,-1
5154,3,-1,-1
5154,4,-1,-1
5154,5,-1,-1
5154,6,-1,-1
5154,7,-1,-1
5155,0,0,160
5155,1,0,160
5155,2,-1,-1
5155,3,-1,-1
5155,4,-1,-1
5155,5,-1,-1
5155,6,-1,-1
5155,7,-1,-1
5156,0,0,160
5156,1,0,160
5156,2,-1,-1
5156,3,-1,-1
5156,4,-1,-1
5156,5,-1,-1
5156,6,-1,-1
5156,7,-1,-1
5157,0,0,160
5157,1,0,160
5157,2,-1,-1
5157,3,-1,-1
5157,4,-1,-1
5157,5,-1,-1
5157,6,-1,-1
5157,7,-1,-1
5158,0,0,160
5158,1,0,160
5158,2,-1,-1
5158,3,-1,-1
5158,4,-1,-1
5158,5,-1,-1
5158,6,-1,-1
5158,7,-1,-1
5159,0,0,160
5159,1,0,160
5159,2,-1,-1
5159,3,-1,-1
5159,4,-1,-1
5159,5,-1,-1
5159,6,-1,-1
5159,7,-1,-1
5160,0,0,160
5160,1,0,160
5160,2,-1,-1
5160,3,-1,-1
5160,4,-1,-1
5160,5,-1,-1
5160,6,-1,-1
5160,7,-1,-1
5161,0,0,160
5161,1,0,160
5161,2,-1,-1
5161,3,-1,-1
5161,4,-1,-1
5161,5,-1,-1
5161,6,-1,-1
5161,7,-1,-1
5162,0,0,160
5162,1,0,160
5162,2,-1,-1
5162,3,-1,-1
5162,4,-1,-1
5162,5,-1,-1
5162,6,-1,-1
5162,7,-1,-1
5163,0,0,160
5163,1,0,160
5163,2,-1,-1
5163,3,-1,-1
5163,4,-1,-1
5163,5,-1,-1
5163,6,-1,-1
5163,7,-1,-1
5164,0,0,160
5164,1,0,160
5164,2,-1,-1
5164,3,-1,-1
5164,4,-1,-1
5164,5,-1,-1
5164,6,-1,-1
5164,7,-1,-1
5165,0,0,160
5165,1,0,160
5165,2,-1,-1
5165,3,-1,-1
5165,4,-1,-1
5165,5,-1,-1
5165,6,-1,-1
5165,7,-1,-1
5166,0,0,160
5166,1,0,160
5166,2,-1,-1
5166,3,-1,-1
5166,4,-1,-1
5166,5,-1,-1
5166,6,-1,-1
5166,7,-1,-1
5167,0,0,160
5167,1,0,160
5167,2,-1,-1
5167,3,-1,-1
5167,4,-1,-1
5167,5,-1,-1
5167,6,-1,-1
5167,7,-1,-1
5168,0,0,160
5168,1,0,160
5168,2,-1,-1
5168,3,-1,-1
5168,4,-1,-1
5168,5,-1,-1
5168,6,-1,-1
5168,7,-1,-1
5169,0,0,160
5169,1,0,160
5169,2,-1,-1
5169,3,-1,-1
5169,4,-1,-1
5169,5,-1,-1
5169,6,-1,-1
5169,7,-1,-1
5170,0,0,160
5170,1,0,160
5170,2,-1,-1
5170,3,-1,-1
5170,4,-1,-1
5170,5,-1,-1
5170,6,-1,-1
5170,7,-1,-1
5171,0,0,160
5171,1,0,160
5171,2,-1,-1
5171,3,-1,-1
5171,4,-1,-1
5171,5,-1,-1
5171,6,-1,-1
5171,7,-1,-1
5172,0,0,160
5172,1,0,160
5172,2,-1,-1
5172,3,-1,-1
5172,4,-1,-1
5172,5,-1,-1
5172,6,-1,-1
5172,7,-1,-1
5173,0,0,160
5173,1,0,160
5173,2,-1,-1
5173,3,-1,-1
5173,4,-1,-1
5173,5,-1,-1
5173,6,-1,-1
5173,7,-1,-1
5174,0,0,160
5174,1,0,160
5174,2,-1,-1
5174,3,-1,-1
5174,4,-1,-1
5174,5,-1,-1
5174,6,-1,-1
5174,7,-1,-1
5175,0,0,160
5175,1,0,160
5175,2,-1,-1
5175,3,-1,-1
5175,4,-1,-1
5175,5,-1,-1
5175,6,-1,-1
5175,7,-1,-1
5176,0,0,160
5176,1,0,160
5176,2,-1,-1
5176,3,-1,-1
5176,4,-1,-1
5176,5,-1,-1
5176,6,-1,-1
5176,7,-1,-1
5177,0,0,160
5177,1,0,160
5177,2,-1,-1
5177,3,-1,-1
5177,4,-1,-1
5177,5,-1,-1
5177,6,-1,-1
5177,7,-1,-1
5178,0,0,160
5178,1,0,160
5178,2,-1,-1
5178,3,-1,-1
5178,4,-1,-1
5178,5,-1,-1
5178,6,-1,-1
5178,7,-1,-1
5179,0,0,160
5179,1,0,160
5179,2,-1,-1
5179,3,-1,-1
5179,4,-1,-1
5179,5,-1,-1
5179,6,-1,-1
5179,7,-1,-1
5180,0,0,160
5180,1,0,160
5180,2,-1,-1
5180,3,-1,-1
5180,4,-1,-1
5180,5,-1,-1
5180,6,-1,-1
5180,7,-1,-1
5181,0,0,160
5181,1,0,160
5181,2,-1,-1
5181,3,-1,-1
5181,4,-1,-1
5181,5,-1,-1
5181,6,-1,-1
5181,7,-1,-1
5182,0,0,160
5182,1,0,160
5182,2,-1,-1
5182,3,-1,-1
5182,4,-1,-1
5182,5,-1,-1
5182,6,-1,-1
5182,7,-1,-1
5183,0,0,160
5183,1,0,160
5183,2,-1,-1
5183,3,-1,-1
5183,4,-1,-1
5183,5,-1,-1
5183,6,-1,-1
5183,7,-1,-1
5184,0,0,160
5184,1,0,160
5184,2,-1,-1
5184,3,-1,-1
5184,4,-1,-1
5184,5,-1,-1
5184,6,-1,-1
5184,7,-1,-1
5185,0,0,160
5185,1,0,160
5185,2,-1,-1
5185,3,-1,-1
5185,4,-1,-1
5185,5,-1,-1
5185,6,-1,-1
5185,7,-1,-1
5186,0,0,160
5186,1,0,160
5186,2,-1,-1
5186,3,-1,-1
5186,4,-1,-1
5186,5,-1,-1
5186,6,-1,-1
5186,7,-1,-1
5187,0,0,160
5187,1,0,160
5187,2,-1,-1
5187,3,-1,-1
5187,4,-1,-1
5187,5,-1,-1
5187,6,-1,-1
5187,7,-1,-1
5188,0,0,160
5188,1,0,160
5188,2,-1,-1
5188,3,-1,-1
5188,4,-1,-1
5188,5,-1,-1
5188,6,-1,-1
5188,7,-1,-1
5189,0,0,160
5189,1,0,160
5189,2,-1,-1
5189,3,-1,-1
5189,4,-1,-1
5189,5,-1,-1
5189,6,-1,-1
5189,7,-1,-1
5190,0,0,160
5190,1,0,160
5190,2,-1,-1
5190,3,-1,-1
5190,4,-1,-1
5190,5,-1,-1
5190,6,-1,-1
5190,7,-1,-1
5191,0,0,160
5191,1,0,160
5191,2,-1,-1
5191,3,-1,-1
5191,4,-1,-1
5191,5,-1,-1
5191,6,-1,-1
5191,7,-1,-1
5192,0,0,160
5192,1,0,160
5192,2,-1,-1
5192,3,-1,-1
5192,4,-1,-1
5192,5,-1,-1
5192,6,-1,-1
5192,7,-1,-1
5193,0,0,160
5193,1,0,160
5193,2,-1,-1
5193,3,-1,-1
5193,4,-1,-1
5193,5,-1,-1
5193,6,-1,-1
5193,7,-1,-1
5194,0,0,160
5194,1,0,160
5194,2,-1,-1
5194,3,-1,-1
5194,4,-1,-1
5194,5,-1,-1
5194,6,-1,-1
5194,7,-1,-1
5195,0,0,160
5195,1,0,160
5195,2,-1,-1
5195,3,-1,-1
5195,4,-1,-1
5195,5,-1,-1
5195,6,-1,-1
5195,7,-1,-1
5196,0,0,160
5196,1,0,160
5196,2,-1,-1
5196,3,-1,-1
5196,4,-1,-1
5196,5,-1,-1
5196,6,-1,-1
5196,7,-1,-1
5197,0,0,160
5197,1,0,160
5197,2,-1,-1
5197,3,-1,-1
5197,4,-1,-1
5197,5,-1,-1
5197,6,-1,-1
5197,7,-1,-1
5198,0,0,160
5198,1,0,160
5198,2,-1,-1
5198,3,-1,-1
5198,4,-1,-1
5198,5,-1,-1
5198,6,-1,-1
5198,7,-1,-1
5199,0,0,160
5199,1,0,160
5199,2,-1,-1
5199,3,-1,-1
5199,4,-1,-1
5199,5,-1,-1
5199,6,-1,-1
5199,7,-1,-1
5200,0,0,160
5200,1,0,160
5200,2,-1,-1
5200,3,-1,-1
5200,4,-1,-1
5200,5,-1,-1
5200,6,-1,-1
5200,7,-1,-1
5201,0,0,160
5201,1,0,160
5201,2,-1,-1
5201,3,-1,-1
5201,4,-1,-1
5201,5,-1,-1
5201,6,-1,-1
5201,7,-1,-1
5202,0,0,160
5202,1,0,160
5202,2,-1,-1
5202,3,-1,-1
5202,4,-1,-1
5202,5,-1,-1
5202,6,-1,-1
5202,7,-1,-1
5203,0,0,160
5203,1,0,160
5203,2,-1,-1
5203,3,-1,-1
5203,4,-1,-1
5203,5,-1,-1
5203,6,-1,-1
5203,7,-1,-1
5204,0,0,160
5204,1,0,160
5204,2,-1,-1
5204,3,-1,-1
5204,4,-1,-1
5204,5,-1,-1
5204,6,-1,-1
5204,7,-1,-1
5205,0,0,160
5205,1,0,160
5205,2,-1,-1
5205,3,-1,-1
5205,4,-1,-1
5205,5,-1,-1
5205,6,-1,-1
5205,7,-1,-1
5206,0,0,160
5206,1,0,160
5206,2,-1,-1
5206,3,-1,-1
5206,4,-1,-1
5206,5,-1,-1
5206,6,-1,-1
5206,7,-1,-1
5207,0,0,160
5207,1,0,160
5207,2,-1,-1
5207,3,-1,-1
5207,4,-1,-1
5207,5,-1,-1
5207,6,-1,-1
5207,7,-1,-1
5208,0,0,160
5208,1,0,160
5208,2,-1,-1
5208,3,-1,-1
5208,4,-1,-1
5208,5,-1,-1
5208,6,-1,-1
5208,7,-1,-1
5209,0,0,160
5209,1,0,160
5209,2,-1,-1
5209,3,-1,-1
5209,4,-1,-1
5209,5,-1,-1
5209,6,-1,-1
5209,7,-1,-1
5210,0,0,160
5210,1,0,160
5210,2,-1,-1
5210,3,-1,-1
5210,4,-1,-1
5210,5,-1,-1
5210,6,-1,-1
5210,7,-1,-1
5211,0,0,160
5211,1,0,160
5211,2,-1,-1
5211,3,-1,-1
5211,4,-1,-1
5211,5,-1,-1
5211,6,-1,-1
5211,7,-1,-1
5212,0,0,160
5212,1,0,160
5212,2,-1,-1
5212,3,-1,-1
5212,4,-1,-1
5212,5,-1,-1
5212,6,-1,-1
5212,7,-1,-1
5213,0,0,160
5213,1,0,160
5213,2,-1,-1
5213,3,-1,-1
5213,4,-1,-1
5213,5,-1,-1
5213,6,-1,-1
5213,7,-1,-1
5214,0,0,160
5214,1,0,160
5214,2,-1,-1
5214,3,-1,-1
5214,4,-1,-1
5214,5,-1,-1
5214,6,-1,-1
5214,7,-1,-1
5215,0,0,160
5215,1,0,160
5215,2,-1,-1
5215,3,-1,-1
5215,4,-1,-1
5215,5,-1,-1
5215,6,-1,-1
5215,7,-1,-1
5216,0,0,160
5216,1,0,160
5216,2,-1,-1
5216,3,-1,-1
5216,4,-1,-1
5216,5,-1,-1
5216,6,-1,-1
5216,7,-1,-1
5217,0,0,160
5217,1,0,160
5217,2,-1,-1
5217,3,-1,-1
5217,4,-1,-1
5217,5,-1,-1
5217,6,-1,-1
5217,7,-1,-1
5218,0,0,160
5218,1,0,160
5218,2,-1,-1
5218,3,-1,-1
5218,4,-1,-1
5218,5,-1,-1
5218,6,-1,-1
5218,7,-1,-1
5219,0,0,160
5219,1,0,160
5219,2,-1,-1
5219,3,-1,-1
5219,4,-1,-1
5219,5,-1,-1
5219,6,-1,-1
5219,7,-1,-1
5220,0,0,160
5220,1,0,160
5220,2,-1,-1
5220,3,-1,-1
5220,4,-1,-1
5220,5,-1,-1
5220,6,-1,-1
5220,7,-1,-1
5221,0,0,160
5221,1,0,160
5221,2,-1,-1
5221,3,-1,-1
5221,4,-1,-1
5221,5,-1,-1
5221,6,-1,-1
5221,7,-1,-1
5222,0,0,160
5222,1,0,160
5222,2,-1,-1
5222,3,-1,-1
5222,4,-1,-1
5222,5,-1,-1
5222,6,-1,-1
5222,7,-1,-1
5223,0,0,160
5223,1,0,160
5223,2,-1,-1
5223,3,-1,-1
5223,4,-1,-1
5223,5,-1,-1
5223,6,-1,-1
5223,7,-1,-1
5224,0,0,160
5224,1,0,160
5224,2,-1,-1
5224,3,-1,-1
5224,4,-1,-1
5224,5,-1,-1
5224,6,-1,-1
5224,7,-1,-1
5225,0,0,160
5225,1,0,160
5225,2,-1,-1
5225,3,-1,-1
5225,4,-1,-1
5225,5,-1,-1
5225,6,-1,-1
5225,7,-1,-1
5226,0,0,160
5226,1,0,160
5226,2,-1,-1
5226,3,-1,-1
5226,4,-1,-1
5226,5,-1,-1
5226,6,-1,-1
5226,7,-1,-1
5227,0,0,160
5227,1,0,160
5227,2,-1,-1
5227,3,-1,-1
5227,4,-1,-1
5227,5,-1,-1
5227,6,-1,-1
5227,7,-1,-1
5228,0,0,160
5228,1,0,160
5228,2,-1,-1
5228,3,-1,-1
5228,4,-1,-1
5228,5,-1,-1
5228,6,-1,-1
5228,7,-1,-1
5229,0,0,160
5229,1,0,160
5229,2,-1,-1
5229,3,-1,-1
5229,4,-1,-1
5229,5,-1,-1
5229,6,-1,-1
5229,7,-1,-1
5230,0,0,160
5230,1,0,160
5230,2,-1,-1
5230,3,-1,-1
5230,4,-1,-1
5230,5,-1,-1
5230,6,-1,-1
5230,7,-1,-1
5231,0,0,160
5231,1,0,160
5231,2,-1,-1
5231,3,-1,-1
5231,4,-1,-1
5231,5,-1,-1
5231,6,-1,-1
5231,7,-1,-1
5232,0,0,160
5232,1,0,160
5232,2,-1,-1
5232,3,-1,-1
5232,4,-1,-1
5232,5,-1,-1
5232,6,-1,-1
5232,7,-1,-1
5233,0,0,160
5233,1,0,160
5233,2,-1,-1
5233,3,-1,-1
5233,4,-1,-1
5233,5,-1,-1
5233,6,-1,-1
5233,7,-1,-1
5234,0,0,160
5234,1,0,160
5234,2,-1,-1
5234,3,-1,-1
5234,4,-1,-1
5234,5,-1,-1
5234,6,-1,-1
5234,7,-1,-1
5235,0,0,160
5235,1,0,160
5235,2,-1,-1
5235,3,-1,-1
5235,4,-1,-1
5235,5,-1,-1
5235,6,-1,-1
5235,7,-1,-1
5236,0,0,160
5236,1,0,160
5236,2,-1,-1
5236,3,-1,-1
5236,4,-1,-1
5236,5,-1,-1
5236,6,-1,-1
5236,7,-1,-1
5237,0,0,160
5237,1,0,160
5237,2,-1,-1
5237,3,-1,-1
5237,4,-1,-1
5237,5,-1,-1
5237,6,-1,-1
5237,7,-1,-1
5238,0,0,160
5238,1,0,160
5238,2,-1,-1
5238,3,-1,-1
5238,4,-1,-1
5238,5,-1,-1
5238,6,-1,-1
5238,7,-1,-1
5239,0,0,160
5239,1,0,160
5239,2,-1,-1
5239,3,-1,-1
5239,4,-1,-1
5239,5,-1,-1
5239,6,-1,-1
5239,7,-1,-1
5240,0,0,160
5240,1,0,160
5240,2,-1,-1
5240,3,-1,-1
5240,4,-1,-1
5240,5,-1,-1
5240,6,-1,-1
5240,7,-1,-1
5241,0,0,160
5241,1,0,160
5241,2,-1,-1
5241,3,-1,-1
5241,4,-1,-1
5241,5,-1,-1
5241,6,-1,-1
5241,7,-1,-1
5242,0,0,160
5242,1,0,160
5242,2,-1,-1
5242,3,-1,-1
5242,4,-1,-1
5242,5,-1,-1
5242,6,-1,-1
5242,7,-1,-1
5243,0,0,160
5243,1,0,160
5243,2,-1,-1
5243,3,-1,-1
5243,4,-1,-1
5243,5,-1,-1
5243,6,-1,-1
5243,7,-1,-1
5244,0,0,160
5244,1,0,160
5244,2,-1,-1
5244,3,-1,-1
5244,4,-1,-1
5244,5,-1,-1
5244,6,-1,-1
5244,7,-1,-1
5245,0,0,160
5245,1,0,160
5245,2,-1,-1
5245,3,-1,-1
5245,4,-1,-1
5245,5,-1,-1
5245,6,-1,-1
5245,7,-1,-1
5246,0,0,160
5246,1,0,160
5246,2,-1,-1
5246,3,-1,-1
5246,4,-1,-1
5246,5,-1,-1
5246,6,-1,-1
5246,7,-1,-1
5247,0,0,160
5247,1,0,160
5247,2,-1,-1
5247,3,-1,-1
5247,4,-1,-1
5247,5,-1,-1
5247,6,-1,-1
5247,7,-1,-1
5248,0,0,160
5248,1,0,160
5248,2,-1,-1
5248,3,-1,-1
5248,4,-1,-1
5248,5,-1,-1
5248,6,-1,-1
5248,7,-1,-1
5249,0,0,160
5249,1,0,160
5249,2,-1,-1
5249,3,-1,-1
5249,4,-1,-1
5249,5,-1,-1
5249,6,-1,-1
5249,7,-1,-1
5250,0,0,160
5250,1,0,160
5250,2,-1,-1
5250,3,-1,-1
5250,4,-1,-1
5250,5,-1,-1
5250,6,-1,-1
5250,7,-1,-1
5251,0,0,160
5251,1,0,160
5251,2,-1,-1
5251,3,-1,-1
5251,4,-1,-1
5251,5,-1,-1
5251,6,-1,-1
5251,7,-1,-1
5252,0,0,160
5252,1,0,160
5252,2,-1,-1
5252,3,-1,-1
5252,4,-1,-1
5252,5,-1,-1
5252,6,-1,-1
5252,7,-1,-1
5253,0,0,160
5253,1,0,160
5253,2,-1,-1
5253,3,-1,-1
5253,4,-1,-1
5253,5,-1,-1
5253,6,-1,-1
5253,7,-1,-1
5254,0,0,160
5254,1,0,160
5254,2,-1,-1
5254,3,-1,-1
5254,4,-1,-1
5254,5,-1,-1
5254,6,-1,-1
5254,7,-1,-1
5255,0,0,160
5255,1,0,160
5255,2,-1,-1
5255,3,-1,-1
5255,4,-1,-1
5255,5,-1,-1
5255,6,-1,-1
5255,7,-1,-1
5256,0,0,160
5256,1,0,160
5256,2,-1,-1
5256,3,-1,-1
5256,4,-1,-1
5256,5,-1,-1
5256,6,-1,-1
5256,7,-1,-1
5257,0,0,160
5257,1,0,160
5257,2,-1,-1
5257,3,-1,-1
5257,4,-1,-1
5257,5,-1,-1
5257,6,-1,-1
5257,7,-1,-1
5258,0,0,160
5258,1,0,160
5258,2,-1,-1
5258,3,-1,-1
5258,4,-1,-1
5258,5,-1,-1
5258,6,-1,-1
5258,7,-1,-1
5259,0,0,160
5259,1,0,160
5259,2,-1,-1
5259,3,-1,-1
5259,4,-1,-1
5259,5,-1,-1
5259,6,-1,-1
5259,7,-1,-1
5260,0,0,160
5260,1,0,160
5260,2,-1,-1
5260,3,-1,-1
5260,4,-1,-1
5260,5,-1,-1
5260,6,-1,-1
5260,7,-1,-1
5261,0,0,160
5261,1,0,160
5261,2,-1,-1
5261,3,-1,-1
5261,4,-1,-1
5261,5,-1,-1
5261,6,-1,-1
5261,7,-1,-1
5262,0,0,160
5262,1,0,160
5262,2,-1,-1
5262,3,-1,-1
5262,4,-1,-1
5262,5,-1,-1
5262,6,-1,-1
5262,7,-1,-1
5263,0,0,160
5263,1,0,160
5263,2,-1,-1
5263,3,-1,-1
5263,4,-1,-1
5263,5,-1,-1
5263,6,-1,-1
5263,7,-1,-1
5264,0,0,160
5264,1,0,160
5264,2,-1,-1
5264,3,-1,-1
5264,4,-1,-1
5264,5,-1,-1
5264,6,-1,-1
5264,7,-1,-1
5265,0,0,160
5265,1,0,160
5265,2,-1,-1
5265,3,-1,-1
5265,4,-1,-1
5265,5,-1,-1
5265,6,-1,-1
5265,7,-1,-1
5266,0,0,160
5266,1,0,160
5266,2,-1,-1
5266,3,-1,-1
5266,4,-1,-1
5266,5,-1,-1
5266,6,-1,-1
5266,7,-1,-1
5267,0,0,160
5267,1,0,160
5267,2,-1,-1
5267,3,-1,-1
5267,4,-1,-1
5267,5,-1,-1
5267,6,-1,-1
5267,7,-1,-1
5268,0,0,160
5268,1,0,160
5268,2,-1,-1
5268,3,-1,-1
5268,4,-1,-1
5268,5,-1,-1
5268,6,-1,-1
5268,7,-1,-1
5269,0,0,160
5269,1,0,160
5269,2,-1,-1
5269,3,-1,-1
5269,4,-1,-1
5269,5,-1,-1
5269,6,-1,-1
5269,7,-1,-1
5270,0,0,160
5270,1,0,160
5270,2,-1,-1
5270,3,-1,-1
5270,4,-1,-1
5270,5,-1,-1
5270,6,-1,-1
5270,7,-1,-1
5271,0,0,160
5271,1,0,160
5271,2,-1,-1
5271,3,-1,-1
5271,4,-1,-1
5271,5,-1,-1
5271,6,-1,-1
5271,7,-1,-1
5272,0,0,160
5272,1,0,160
5272,2,-1,-1
5272,3,-1,-1
5272,4,-1,-1
5272,5,-1,-1
5272,6,-1,-1
5272,7,-1,-1
5273,0,0,160
5273,1,0,160
5273,2,-1,-1
5273,3,-1,-1
5273,4,-1,-1
5273,5,-1,-1
5273,6,-1,-1
5273,7,-1,-1
5274,0,0,160
5274,1,0,160
5274,2,-1,-1
5274,3,-1,-1
5274,4,-1,-1
5274,5,-1,-1
5274,6,-1,-1
5274,7,-1,-1
5275,0,0,160
5275,1,0,160
5275,2,-1,-1
5275,3,-1,-1
5275,4,-1,-1
5275,5,-1,-1
5275,6,-1,-1
5275,7,-1,-1
5276,0,0,160
5276,1,0,160
5276,2,-1,-1
5276,3,-1,-1
5276,4,-1,-1
5276,5,-1,-1
5276,6,-1,-1
5276,7,-1,-1
5277,0,0,160
5277,1,0,160
5277,2,-1,-1
5277,3,-1,-1
5277,4,-1,-1
5277,5,-1,-1
5277,6,-1,-1
5277,7,-1,-1
5278,0,0,160
5278,1,0,160
5278,2,-1,-1
5278,3,-1,-1
5278,4,-1,-1
5278,5,-1,-1
5278,6,-1,-1
5278,7,-1,-1
5279,0,0,160
5279,1,0,160
5279,2,-1,-1
5279,3,-1,-1
5279,4,-1,-1
5279,5,-1,-1
5279,6,-1,-1
5279,7,-1,-1
5280,0,0,160
5280,1,0,160
5280,2,-1,-1
5280,3,-1,-1
5280,4,-1,-1
5280,5,-1,-1
5280,6,-1,-1
5280,7,-1,-1
5281,0,0,160
5281,1,0,160
5281,2,-1,-1
5281,3,-1,-1
5281,4,-1,-1
5281,5,-1,-1
5281,6,-1,-1
5281,7,-1,-1
5282,0,0,160
5282,1,0,160
5282,2,-1,-1
5282,3,-1,-1
5282,4,-1,-1
5282,5,-1,-1
5282,6,-1,-1
5282,7,-1,-1
5283,0,0,160
5283,1,0,160
5283,2,-1,-1
5283,3,-1,-1
5283,4,-1,-1
5283,5,-1,-1
5283,6,-1,-1
5283,7,-1,-1
5284,0,0,160
5284,1,0,160
5284,2,-1,-1
5284,3,-1,-1
5284,4,-1,-1
5284,5,-1,-1
5284,6,-1,-1
5284,7,-1,-1
5285,0,0,160
5285,1,0,160
5285,2,-1,-1
5285,3,-1,-1
5285,4,-1,-1
5285,5,-1,-1
5285,6,-1,-1
5285,7,-1,-1
5286,0,0,160
5286,1,0,160
5286,2,-1,-1
5286,3,-1,-1
5286,4,-1,-1
5286,5,-1,-1
5286,6,-1,-1
5286,7,-1,-1
5287,0,0,160
5287,1,0,160
5287,2,-1,-1
5287,3,-1,-1
5287,4,-1,-1
5287,5,-1,-1
5287,6,-1,-1
5287,7,-1,-1
5288,0,0,160
5288,1,0,160
5288,2,-1,-1
5288,3,-1,-1
5288,4,-1,-1
5288,5,-1,-1
5288,6,-1,-1
5288,7,-1,-1
5289,0,0,160
5289,1,0,160
5289,2,-1,-1
5289,3,-1,-1
5289,4,-1,-1
5289,5,-1,-1
5289,6,-1,-1
5289,7,-1,-1
5290,0,0,160
5290,1,0,160
5290,2,-1,-1
5290,3,-1,-1
5290,4,-1,-1
5290,5,-1,-1
5290,6,-1,-1
5290,7,-1,-1
5291,0,0,160
5291,1,0,160
5291,2,-1,-1
5291,3,-1,-1
5291,4,-1,-1
5291,5,-1,-1
5291,6,-1,-1
5291,7,-1,-1
5292,0,0,160
5292,1,0,160
5292,2,-1,-1
5292,3,-1,-1
5292,4,-1,-1
5292,5,-1,-1
5292,6,-1,-1
5292,7,-1,-1
5293,0,0,160
5293,1,0,160
5293,2,-1,-1
5293,3,-1,-1
5293,4,-1,-1
5293,5,-1,-1
5293,6,-1,-1
5293,7,-1,-1
5294,0,0,160
5294,1,0,160
5294,2,-1,-1
5294,3,-1,-1
5294,4,-1,-1
5294,5,-1,-1
5294,6,-1,-1
5294,7,-1,-1
5295,0,0,160
5295,1,0,160
5295,2,-1,-1
5295,3,-1,-1
5295,4,-1,-1
5295,5,-1,-1
5295,6,-1,-1
5295,7,-1,-1
5296,0,0,160
5296,1,0,160
5296,2,-1,-1
5296,3,-1,-1
5296,4,-1,-1
5296,5,-1,-1
5296,6,-1,-1
5296,7,-1,-1
5297,0,0,160
5297,1,0,160
5297,2,-1,-1
5297,3,-1,-1
5297,4,-1,-1
5297,5,-1,-1
5297,6,-1,-1
5297,7,-1,-1
5298,0,0,160
5298,1,0,160
5298,2,-1,-1
5298,3,-1,-1
5298,4,-1,-1
5298,5,-1,-1
5298,6,-1,-1
5298,7,-1,-1
5299,0,0,160
5299,1,0,160
5299,2,-1,-1
5299,3,-1,-1
5299,4,-1,-1
5299,5,-1,-1
5299,6,-1,-1
5299,7,-1,-1
5300,0,0,160
5300,1,0,160
5300,2,-1,-1
5300,3,-1,-1
5300,4,-1,-1
5300,5,-1,-1
5300,6,-1,-1
5300,7,-1,-1
5301,0,0,160
5301,1,0,160
5301,2,-1,-1
5301,3,-1,-1
5301,4,-1,-1
5301,5,-1,-1
5301,6,-1,-1
5301,7,-1,-1
5302,0,0,160
5302,1,0,160
5302,2,-1,-1
5302,3,-1,-1
5302,4,-1,-1
5302,5,-1,-1
5302,6,-1,-1
5302,7,-1,-1
5303,0,0,160
5303,1,0,160
5303,2,-1,-1
5303,3,-1,-1
5303,4,-1,-1
5303,5,-1,-1
5303,6,-1,-1
5303,7,-1,-1
5304,0,0,160
5304,1,0,160
5304,2,-1,-1
5304,3,-1,-1
5304,4,-1,-1
5304,5,-1,-1
5304,6,-1,-1
5304,7,-1,-1
5305,0,0,160
5305,1,0,160
5305,2,-1,-1
5305,3,-1,-1
5305,4,-1,-1
5305,5,-1,-1
5305,6,-1,-1
5305,7,-1,-1
5306,0,0,160
5306,1,0,160
5306,2,-1,-1
5306,3,-1,-1
5306,4,-1,-1
5306,5,-1,-1
5306,6,-1,-1
5306,7,-1,-1
5307,0,0,160
5307,1,0,160
5307,2,-1,-1
5307,3,-1,-1
5307,4,-1,-1
5307,5,-1,-1
5307,6,-1,-1
5307,7,-1,-1
5308,0,0,160
5308,1,0,160
5308,2,-1,-1
5308,3,-1,-1
5308,4,-1,-1
5308,5,-1,-1
5308,6,-1,-1
5308,7,-1,-1
5309,0,0,160
5309,1,0,160
5309,2,-1,-1
5309,3,-1,-1
5309,4,-1,-1
5309,5,-1,-1
5309,6,-1,-1
5309,7,-1,-1
5310,0,0,160
5310,1,0,160
5310,2,-1,-1
5310,3,-1,-1
5310,4,-1,-1
5310,5,-1,-1
5310,6,-1,-1
5310,7,-1,-1
5311,0,0,160
5311,1,0,160
5311,2,-1,-1
5311,3,-1,-1
5311,4,-1,-1
5311,5,-1,-1
5311,6,-1,-1
5311,7,-1,-1
5312,0,0,160
5312,1,0,160
5312,2,-1,-1
5312,3,-1,-1
5312,4,-1,-1
5312,5,-1,-1
5312,6,-1,-1
5312,7,-1,-1
5313,0,0,160
5313,1,0,160
5313,2,-1,-1
5313,3,-1,-1
5313,4,-1,-1
5313,5,-1,-1
5313,6,-1,-1
5313,7,-1,-1
5314,0,0,160
5314,1,0,160
5314,2,-1,-1
5314,3,-1,-1
5314,4,-1,-1
5314,5,-1,-1
5314,6,-1,-1
5314,7,-1,-1
5315,0,0,160
5315,1,0,160
5315,2,-1,-1
5315,3,-1,-1
5315,4,-1,-1
5315,5,-1,-1
5315,6,-1,-1
5315,7,-1,-1
5316,0,0,160
5316,1,0,160
5316,2,-1,-1
5316,3,-1,-1
5316,4,-1,-1
5316,5,-1,-1
5316,6,-1,-1
5316,7,-1,-1
5317,0,0,160
5317,1,0,160
5317,2,-1,-1
5317,3,-1,-1
5317,4,-1,-1
5317,5,-1,-1
5317,6,-1,-1
5317,7,-1,-1
5318,0,0,160
5318,1,0,160
5318,2,-1,-1
5318,3,-1,-1
5318,4,-1,-1
5318,5,-1,-1
5318,6,-1,-1
5318,7,-1,-1
5319,0,0,160
5319,1,0,160
5319,2,-1,-1
5319,3,-1,-1
5319,4,-1,-1
5319,5,-1,-1
5319,6,-1,-1
5319,7,-1,-1
5320,0,0,160
5320,1,0,160
5320,2,-1,-1
5320,3,-1,-1
5320,4,-1,-1
5320,5,-1,-1
5320,6,-1,-1
5320,7,-1,-1
5321,0,0,160
5321,1,0,160
5321,2,-1,-1
5321,3,-1,-1
5321,4,-1,-1
5321,5,-1,-1
5321,6,-1,-1
5321,7,-1,-1
5322,0,0,160
5322,1,0,160
5322,2,-1,-1
5322,3,-1,-1
5322,4,-1,-1
5322,5,-1,-1
5322,6,-1,-1
5322,7,-1,-1
5323,0,0,160
5323,1,0,160
5323,2,-1,-1
5323,3,-1,-1
5323,4,-1,-1
5323,5,-1,-1
5323,6,-1,-1
5323,7,-1,-1
5324,0,0,160
5324,1,0,160
5324,2,-1,-1
5324,3,-1,-1
5324,4,-1,-1
5324,5,-1,-1
5324,6,-1,-1
5324,7,-1,-1
5325,0,0,160
5325,1,0,160
5325,2,-1,-1
5325,3,-1,-1
5325,4,-1,-1
5325,5,-1,-1
5325,6,-1,-1
5325,7,-1,-1
5326,0,0,160
5326,1,0,160
5326,2,-1,-1
5326,3,-1,-1
5326,4,-1,-1
5326,5,-1,-1
5326,6,-1,-1
5326,7,-1,-1
5327,0,0,160
5327,1,0,160
5327,2,-1,-1
5327,3,-1,-1
5327,4,-1,-1
5327,5,-1,-1
5327,6,-1,-1
5327,7,-1,-1
5328,0,0,160
5328,1,0,160
5328,2,-1,-1
5328,3,-1,-1
5328,4,-1,-1
5328,5,-1,-1
5328,6,-1,-1
5328,7,-1,-1
5329,0,0,160
5329,1,0,160
5329,2,-1,-1
5329,3,-1,-1
5329,4,-1,-1
5329,5,-1,-1
5329,6,-1,-1
5329,7,-1,-1
5330,0,0,160
5330,1,0,160
5330,2,-1,-1
5330,3,-1,-1
5330,4,-1,-1
5330,5,-1,-1
5330,6,-1,-1
5330,7,-1,-1
5331,0,0,160
5331,1,0,160
5331,2,-1,-1
5331,3,-1,-1
5331,4,-1,-1
5331,5,-1,-1
5331,6,-1,-1
5331,7,-1,-1
5332,0,0,160
5332,1,0,160
5332,2,-1,-1
5332,3,-1,-1
5332,4,-1,-1
5332,5,-1,-1
5332,6,-1,-1
5332,7,-1,-1
5333,0,0,160
5333,1,0,160
5333,2,-1,-1
5333,3,-1,-1
5333,4,-1,-1
5333,5,-1,-1
5333,6,-1,-1
5333,7,-1,-1
5334,0,0,160
5334,1,0,160
5334,2,-1,-1
5334,3,-1,-1
5334,4,-1,-1
5334,5,-1,-1
5334,6,-1,-1
5334,7,-1,-1
5335,0,0,160
5335,1,0,160
5335,2,-1,-1
5335,3,-1,-1
5335,4,-1,-1
5335,5,-1,-1
5335,6,-1,-1
5335,7,-1,-1
5336,0,0,160
5336,1,0,160
5336,2,-1,-1
5336,3,-1,-1
5336,4,-1,-1
5336,5,-1,-1
5336,6,-1,-1
5336,7,-1,-1
5337,0,0,160
5337,1,0,160
5337,2,-1,-1
5337,3,-1,-1
5337,4,-1,-1
5337,5,-1,-1
5337,6,-1,-1
5337,7,-1,-1
5338,0,0,160
5338,1,0,160
5338,2,-1,-1
5338,3,-1,-1
5338,4,-1,-1
5338,5,-1,-1
5338,6,-1,-1
5338,7,-1,-1
5339,0,0,160
5339,1,0,160
5339,2,-1,-1
5339,3,-1,-1
5339,4,-1,-1
5339,5,-1,-1
5339,6,-1,-1
5339,7,-1,-1
5340,0,0,160
5340,1,0,160
5340,2,-1,-1
5340,3,-1,-1
5340,4,-1,-1
5340,5,-1,-1
5340,6,-1,-1
5340,7,-1,-1
5341,0,0,160
5341,1,0,160
5341,2,-1,-1
5341,3,-1,-1
5341,4,-1,-1
5341,5,-1,-1
5341,6,-1,-1
5341,7,-1,-1
5342,0,0,160
5342,1,0,160
5342,2,-1,-1
5342,3,-1,-1
5342,4,-1,-1
5342,5,-1,-1
5342,6,-1,-1
5342,7,-1,-1
5343,0,0,160
5343,1,0,160
5343,2,-1,-1
5343,3,-1,-1
5343,4,-1,-1
5343,5,-1,-1
5343,6,-1,-1
5343,7,-1,-1
5344,0,0,160
5344,1,0,160
5344,2,-1,-1
5344,3,-1,-1
5344,4,-1,-1
5344,5,-1,-1
5344,6,-1,-1
5344,7,-1,-1
5345,0,0,160
5345,1,0,160
5345,2,-1,-1
5345,3,-1,-1
5345,4,-1,-1
5345,5,-1,-1
5345,6,-1,-1
5345,7,-1,-1
5346,0,0,160
5346,1,0,160
5346,2,-1,-1
5346,3,-1,-1
5346,4,-1,-1
5346,5,-1,-1
5346,6,-1,-1
5346,7,-1,-1
5347,0,0,160
5347,1,0,160
5347,2,-1,-1
5347,3,-1,-1
5347,4,-1,-1
5347,5,-1,-1
5347,6,-1,-1
5347,7,-1,-1
5348,0,0,160
5348,1,0,160
5348,2,-1,-1
5348,3,-1,-1
5348,4,-1,-1
5348,5,-1,-1
5348,6,-1,-1
5348,7,-1,-1
5349,0,0,160
5349,1,0,160
5349,2,-1,-1
5349,3,-1,-1
5349,4,-1,-1
5349,5,-1,-1
5349,6,-1,-1
5349,7,-1,-1
5350,0,0,160
5350,1,0,160
5350,2,-1,-1
5350,3,-1,-1
5350,4,-1,-1
5350,5,-1,-1
5350,6,-1,-1
5350,7,-1,-1
5351,0,0,160
5351,1,0,160
5351,2,-1,-1
5351,3,-1,-1
5351,4,-1,-1
5351,5,-1,-1
5351,6,-1,-1
5351,7,-1,-1
5352,0,0,160
5352,1,0,160
5352,2,-1,-1
5352,3,-1,-1
5352,4,-1,-1
5352,5,-1,-1
5352,6,-1,-1
5352,7,-1,-1
5353,0,0,160
5353,1,0,160
5353,2,-1,-1
5353,3,-1,-1
5353,4,-1,-1
5353,5,-1,-1
5353,6,-1,-1
5353,7,-1,-1
5354,0,0,160
5354,1,0,160
5354,2,-1,-1
5354,3,-1,-1
5354,4,-1,-1
5354,5,-1,-1
5354,6,-1,-1
5354,7,-1,-1
5355,0,0,160
5355,1,0,160
5355,2,-1,-1
5355,3,-1,-1
5355,4,-1,-1
5355,5,-1,-1
5355,6,-1,-1
5355,7,-1,-1
5356,0,0,160
5356,1,0,160
5356,2,-1,-1
5356,3,-1,-1
5356,4,-1,-1
5356,5,-1,-1
5356,6,-1,-1
5356,7,-1,-1
5357,0,0,160
5357,1,0,160
5357,2,-1,-1
5357,3,-1,-1
5357,4,-1,-1
5357,5,-1,-1
5357,6,-1,-1
5357,7,-1,-1
5358,0,0,160
5358,1,0,160
5358,2,-1,-1
5358,3,-1,-1
5358,4,-1,-1
5358,5,-1,-1
5358,6,-1,-1
5358,7,-1,-1
5359,0,0,160
5359,1,0,160
5359,2,-1,-1
5359,3,-1,-1
5359,4,-1,-1
5359,5,-1,-1
5359,6,-1,-1
5359,7,-1,-1
5360,0,0,160
5360,1,0,160
5360,2,-1,-1
5360,3,-1,-1
5360,4,-1,-1
5360,5,-1,-1
5360,6,-1,-1
5360,7,-1,-1
5361,0,0,160
5361,1,0,160
5361,2,-1,-1
5361,3,-1,-1
5361,4,-1,-1
5361,5,-1,-1
5361,6,-1,-1
5361,7,-1,-1
5362,0,0,160
5362,1,0,160
5362,2,-1,-1
5362,3,-1,-1
5362,4,-1,-1
5362,5,-1,-1
5362,6,-1,-1
5362,7,-1,-1
5363,0,0,160
5363,1,0,160
5363,2,-1,-1
5363,3,-1,-1
5363,4,-1,-1
5363,5,-1,-1
5363,6,-1,-1
5363,7,-1,-1
5364,0,0,160
5364,1,0,160
5364,2,-1,-1
5364,3,-1,-1
5364,4,-1,-1
5364,5,-1,-1
5364,6,-1,-1
5364,7,-1,-1
5365,0,0,160
5365,1,0,160
5365,2,-1,-1
5365,3,-1,-1
5365,4,-1,-1
5365,5,-1,-1
5365,6,-1,-1
5365,7,-1,-1
5366,0,0,160
5366,1,0,160
5366,2,-1,-1
5366,3,-1,-1
5366,4,-1,-1
5366,5,-1,-1
5366,6,-1,-1
5366,7,-1,-1
5367,0,0,160
5367,1,0,160
5367,2,-1,-1
5367,3,-1,-1
5367,4,-1,-1
5367,5,-1,-1
5367,6,-1,-1
5367,7,-1,-1
5368,0,0,160
5368,1,0,160
5368,2,-1,-1
5368,3,-1,-1
5368,4,-1,-1
5368,5,-1,-1
5368,6,-1,-1
5368,7,-1,-1
5369,0,0,160
5369,1,0,160
5369,2,-1,-1
5369,3,-1,-1
5369,4,-1,-1
5369,5,-1,-1
5369,6,-1,-1
5369,7,-1,-1
5370,0,0,160
5370,1,0,160
5370,2,-1,-1
5370,3,-1,-1
5370,4,-1,-1
5370,5,-1,-1
5370,6,-1,-1
5370,7,-1,-1
5371,0,0,160
5371,1,0,160
5371,2,-1,-1
5371,3,-1,-1
5371,4,-1,-1
5371,5,-1,-1
5371,6,-1,-1
5371,7,-1,-1
5372,0,0,160
5372,1,0,160
5372,2,-1,-1
5372,3,-1,-1
5372,4,-1,-1
5372,5,-1,-1
5372,6,-1,-1
5372,7,-1,-1
5373,0,0,160
5373,1,0,160
5373,2,-1,-1
5373,3,-1,-1
5373,4,-1,-1
5373,5,-1,-1
5373,6,-1,-1
5373,7,-1,-1
5374,0,0,160
5374,1,0,160
5374,2,-1,-1
5374,3,-1,-1
5374,4,-1,-1
5374,5,-1,-1
5374,6,-1,-1
5374,7,-1,-1
5375,0,0,160
5375,1,0,160
5375,2,-1,-1
5375,3,-1,-1
5375,4,-1,-1
5375,5,-1,-1
5375,6,-1,-1
5375,7,-1,-1
5376,0,0,160
5376,1,0,160
5376,2,-1,-1
5376,3,-1,-1
5376,4,-1,-1
5376,5,-1,-1
5376,6,-1,-1
5376,7,-1,-1
5377,0,0,160
5377,1,0,160
5377,2,-1,-1
5377,3,-1,-1
5377,4,-1,-1
5377,5,-1,-1
5377,6,-1,-1
5377,7,-1,-1
5378,0,0,160
5378,1,0,160
5378,2,-1,-1
5378,3,-1,-1
5378,4,-1,-1
5378,5,-1,-1
5378,6,-1,-1
5378,7,-1,-1
5379,0,0,160
5379,1,0,160
5379,2,-1,-1
5379,3,-1,-1
5379,4,-1,-1
5379,5,-1,-1
5379,6,-1,-1
5379,7,-1,-1
5380,0,0,160
5380,1,0,160
5380,2,-1,-1
5380,3,-1,-1
5380,4,-1,-1
5380,5,-1,-1
5380,6,-1,-1
5380,7,-1,-1
5381,0,0,160
5381,1,0,160
5381,2,-1,-1
5381,3,-1,-1
5381,4,-1,-1
5381,5,-1,-1
5381,6,-1,-1
5381,7,-1,-1
5382,0,0,160
5382,1,0,160
5382,2,-1,-1
5382,3,-1,-1
5382,4,-1,-1
5382,5,-1,-1
5382,6,-1,-1
5382,7,-1,-1
5383,0,0,160
5383,1,0,160
5383,2,-1,-1
5383,3,-1,-1
5383,4,-1,-1
5383,5,-1,-1
5383,6,-1,-1
5383,7,-1,-1
5384,0,0,160
5384,1,0,160
5384,2,-1,-1
5384,3,-1,-1
5384,4,-1,-1
5384,5,-1,-1
5384,6,-1,-1
5384,7,-1,-1
5385,0,0,160
5385,1,0,160
5385,2,-1,-1
5385,3,-1,-1
5385,4,-1,-1
5385,5,-1,-1
5385,6,-1,-1
5385,7,-1,-1
5386,0,0,160
5386,1,0,160
5386,2,-1,-1
5386,3,-1,-1
5386,4,-1,-1
5386,5,-1,-1
5386,6,-1,-1
5386,7,-1,-1
5387,0,0,160
5387,1,0,160
5387,2,-1,-1
5387,3,-1,-1
5387,4,-1,-1
5387,5,-1,-1
5387,6,-1,-1
5387,7,-1,-1
5388,0,0,160
5388,1,0,160
5388,2,-1,-1
5388,3,-1,-1
5388,4,-1,-1
5388,5,-1,-1
5388,6,-1,-1
5388,7,-1,-1
5389,0,0,160
5389,1,0,160
5389,2,-1,-1
5389,3,-1,-1
5389,4,-1,-1
5389,5,-1,-1
5389,6,-1,-1
5389,7,-1,-1
5390,0,0,160
5390,1,0,160
5390,2,-1,-1
5390,3,-1,-1
5390,4,-1,-1
5390,5,-1,-1
5390,6,-1,-1
5390,7,-1,-1
5391,0,0,160
5391,1,0,160
5391,2,-1,-1
5391,3,-1,-1
5391,4,-1,-1
5391,5,-1,-1
5391,6,-1,-1
5391,7,-1,-1
5392,0,0,160
5392,1,0,160
5392,2,-1,-1
5392,3,-1,-1
5392,4,-1,-1
5392,5,-1,-1
5392,6,-1,-1
5392,7,-1,-1
5393,0,0,160
5393,1,0,160
5393,2,-1,-1
5393,3,-1,-1
5393,4,-1,-1
5393,5,-1,-1
5393,6,-1,-1
5393,7,-1,-1
5394,0,0,160
5394,1,0,160
5394,2,-1,-1
5394,3,-1,-1
5394,4,-1,-1
5394,5,-1,-1
5394,6,-1,-1
5394,7,-1,-1
5395,0,0,160
5395,1,0,160
5395,2,-1,-1
5395,3,-1,-1
5395,4,-1,-1
5395,5,-1,-1
5395,6,-1,-1
5395,7,-1,-1
5396,0,0,160
5396,1,0,160
5396,2,-1,-1
5396,3,-1,-1
5396,4,-1,-1
5396,5,-1,-1
5396,6,-1,-1
5396,7,-1,-1
5397,0,0,160
5397,1,0,160
5397,2,-1,-1
5397,3,-1,-1
5397,4,-1,-1
5397,5,-1,-1
5397,6,-1,-1
5397,7,-1,-1
5398,0,0,160
5398,1,0,160
5398,2,-1,-1
5398,3,-1,-1
5398,4,-1,-1
5398,5,-1,-1
5398,6,-1,-1
5398,7,-1,-1
5399,0,0,160
5399,1,0,160
5399,2,-1,-1
5399,3,-1,-1
5399,4,-1,-1
5399,5,-1,-1
5399,6,-1,-1
5399,7,-1,-1
5400,0,0,160
5400,1,0,160
5400,2,-1,-1
5400,3,-1,-1
5400,4,-1,-1
5400,5,-1,-1
5400,6,-1,-1
5400,7,-1,-1
5401,0,0,160
5401,1,0,160
5401,2,-1,-1
5401,3,-1,-1
5401,4,-1,-1
5401,5,-1,-1
5401,6,-1,-1
5401,7,-1,-1
5402,0,0,160
5402,1,0,160
5402,2,-1,-1
5402,3,-1,-1
5402,4,-1,-1
5402,5,-1,-1
5402,6,-1,-1
5402,7,-1,-1
5403,0,0,160
5403,1,0,160
5403,2,-1,-1
5403,3,-1,-1
5403,4,-1,-1
5403,5,-1,-1
5403,6,-1,-1
5403,7,-1,-1
5404,0,0,160
5404,1,0,160
5404,2,-1,-1
5404,3,-1,-1
5404,4,-1,-1
5404,5,-1,-1
5404,6,-1,-1
5404,7,-1,-1
5405,0,0,160
5405,1,0,160
5405,2,-1,-1
5405,3,-1,-1
5405,4,-1,-1
5405,5,-1,-1
5405,6,-1,-1
5405,7,-1,-1
5406,0,0,160
5406,1,0,160
5406,2,-1,-1
5406,3,-1,-1
5406,4,-1,-1
5406,5,-1,-1
5406,6,-1,-1
5406,7,-1,-1
5407,0,0,160
5407,1,0,160
5407,2,-1,-1
5407,3,-1,-1
5407,4,-1,-1
5407,5,-1,-1
5407,6,-1,-1
5407,7,-1,-1
5408,0,0,160
5408,1,0,160
5408,2,-1,-1
5408,3,-1,-1
5408,4,-1,-1
5408,5,-1,-1
5408,6,-1,-1
5408,7,-1,-1
5409,0,0,160
5409,1,0,160
5409,2,-1,-1
5409,3,-1,-1
5409,4,-1,-1
5409,5,-1,-1
5409,6,-1,-1
5409,7,-1,-1
5410,0,0,160
5410,1,0,160
5410,2,-1,-1
5410,3,-1,-1
5410,4,-1,-1
5410,5,-1,-1
5410,6,-1,-1
5410,7,-1,-1
5411,0,0,160
5411,1,0,160
5411,2,-1,-1
5411,3,-1,-1
5411,4,-1,-1
5411,5,-1,-1
5411,6,-1,-1
5411,7,-1,-1
5412,0,0,160
5412,1,0,160
5412,2,-1,-1
5412,3,-1,-1
5412,4,-1,-1
5412,5,-1,-1
5412,6,-1,-1
5412,7,-1,-1
5413,0,0,160
5413,1,0,160
5413,2,-1,-1
5413,3,-1,-1
5413,4,-1,-1
5413,5,-1,-1
5413,6,-1,-1
5413,7,-1,-1
5414,0,0,160
5414,1,0,160
5414,2,-1,-1
5414,3,-1,-1
5414,4,-1,-1
5414,5,-1,-1
5414,6,-1,-1
5414,7,-1,-1
5415,0,0,160
5415,1,0,160
5415,2,-1,-1
5415,3,-1,-1
5415,4,-1,-1
5415,5,-1,-1
5415,6,-1,-1
5415,7,-1,-1
5416,0,0,160
5416,1,0,160
5416,2,-1,-1
5416,3,-1,-1
5416,4,-1,-1
5416,5,-1,-1
5416,6,-1,-1
5416,7,-1,-1
5417,0,0,160
5417,1,0,160
5417,2,-1,-1
5417,3,-1,-1
5417,4,-1,-1
5417,5,-1,-1
5417,6,-1,-1
5417,7,-1,-1
5418,0,0,160
5418,1,0,160
5418,2,-1,-1
5418,3,-1,-1
5418,4,-1,-1
5418,5,-1,-1
5418,6,-1,-1
5418,7,-1,-1
5419,0,0,160
5419,1,0,160
5419,2,-1,-1
5419,3,-1,-1
5419,4,-1,-1
5419,5,-1,-1
5419,6,-1,-1
5419,7,-1,-1
5420,0,0,160
5420,1,0,160
5420,2,-1,-1
5420,3,-1,-1
5420,4,-1,-1
5420,5,-1,-1
5420,6,-1,-1
5420,7,-1,-1
5421,0,0,160
5421,1,0,160
5421,2,-1,-1
5421,3,-1,-1
5421,4,-1,-1
5421,5,-1,-1
5421,6,-1,-1
5421,7,-1,-1
5422,0,0,160
5422,1,0,160
5422,2,-1,-1
5422,3,-1,-1
5422,4,-1,-1
5422,5,-1,-1
5422,6,-1,-1
5422,7,-1,-1
5423,0,0,160
5423,1,0,160
5423,2,-1,-1
5423,3,-1,-1
5423,4,-1,-1
5423,5,-1,-1
5423,6,-1,-1
5423,7,-1,-1
5424,0,0,160
5424,1,0,160
5424,2,-1,-1
5424,3,-1,-1
5424,4,-1,-1
5424,5,-1,-1
5424,6,-1,-1
5424,7,-1,-1
5425,0,0,160
5425,1,0,160
5425,2,-1,-1
5425,3,-1,-1
5425,4,-1,-1
5425,5,-1,-1
5425,6,-1,-1
5425,7,-1,-1
5426,0,0,160
5426,1,0,160
5426,2,-1,-1
5426,3,-1,-1
5426,4,-1,-1
5426,5,-1,-1
5426,6,-1,-1
5426,7,-1,-1
5427,0,0,160
5427,1,0,160
5427,2,-1,-1
5427,3,-1,-1
5427,4,-1,-1
5427,5,-1,-1
5427,6,-1,-1
5427,7,-1,-1
5428,0,0,160
5428,1,0,160
5428,2,-1,-1
5428,3,-1,-1
5428,4,-1,-1
5428,5,-1,-1
5428,6,-1,-1
5428,7,-1,-1
5429,0,0,160
5429,1,0,160
5429,2,-1,-1
5429,3,-1,-1
5429,4,-1,-1
5429,5,-1,-1
5429,6,-1,-1
5429,7,-1,-1
5430,0,0,160
5430,1,0,160
5430,2,-1,-1
5430,3,-1,-1
5430,4,-1,-1
5430,5,-1,-1
5430,6,-1,-1
5430,7,-1,-1
5431,0,0,160
5431,1,0,160
5431,2,-1,-1
5431,3,-1,-1
5431,4,-1,-1
5431,5,-1,-1
5431,6,-1,-1
5431,7,-1,-1
5432,0,0,160
5432,1,0,160
5432,2,-1,-1
5432,3,-1,-1
5432,4,-1,-1
5432,5,-1,-1
5432,6,-1,-1
5432,7,-1,-1
5433,0,0,160
5433,1,0,160
5433,2,-1,-1
5433,3,-1,-1
5433,4,-1,-1
5433,5,-1,-1
5433,6,-1,-1
5433,7,-1,-1
5434,0,0,160
5434,1,0,160
5434,2,-1,-1
5434,3,-1,-1
5434,4,-1,-1
5434,5,-1,-1
5434,6,-1,-1
5434,7,-1,-1
5435,0,0,160
5435,1,0,160
5435,2,-1,-1
5435,3,-1,-1
5435,4,-1,-1
5435,5,-1,-1
5435,6,-1,-1
5435,7,-1,-1
5436,0,0,160
5436,1,0,160
5436,2,-1,-1
5436,3,-1,-1
5436,4,-1,-1
5436,5,-1,-1
5436,6,-1,-1
5436,7,-1,-1
5437,0,0,160
5437,1,0,160
5437,2,-1,-1
5437,3,-1,-1
5437,4,-1,-1
5437,5,-1,-1
5437,6,-1,-1
5437,7,-1,-1
5438,0,0,160
5438,1,0,160
5438,2,-1,-1
5438,3,-1,-1
5438,4,-1,-1
5438,5,-1,-1
5438,6,-1,-1
5438,7,-1,-1
5439,0,0,160
5439,1,0,160
5439,2,-1,-1
5439,3,-1,-1
5439,4,-1,-1
5439,5,-1,-1
5439,6,-1,-1
5439,7,-1,-1
5440,0,0,160
5440,1,0,160
5440,2,-1,-1
5440,3,-1,-1
5440,4,-1,-1
5440,5,-1,-1
5440,6,-1,-1
5440,7,-1,-1
5441,0,0,160
5441,1,0,160
5441,2,-1,-1
5441,3,-1,-1
5441,4,-1,-1
5441,5,-1,-1
5441,6,-1,-1
5441,7,-1,-1
5442,0,0,160
5442,1,0,160
5442,2,-1,-1
5442,3,-1,-1
5442,4,-1,-1
5442,5,-1,-1
5442,6,-1,-1
5442,7,-1,-1
5443,0,0,160
5443,1,0,160
5443,2,-1,-1
5443,3,-1,-1
5443,4,-1,-1
5443,5,-1,-1
5443,6,-1,-1
5443,7,-1,-1
5444,0,0,160
5444,1,0,160
5444,2,-1,-1
5444,3,-1,-1
5444,4,-1,-1
5444,5,-1,-1
5444,6,-1,-1
5444,7,-1,-1
5445,0,0,160
5445,1,0,160
5445,2,-1,-1
5445,3,-1,-1
5445,4,-1,-1
5445,5,-1,-1
5445,6,-1,-1
5445,7,-1,-1
5446,0,0,160
5446,1,0,160
5446,2,-1,-1
5446,3,-1,-1
5446,4,-1,-1
5446,5,-1,-1
5446,6,-1,-1
5446,7,-1,-1
5447,0,0,160
5447,1,0,160
5447,2,-1,-1
5447,3,-1,-1
5447,4,-1,-1
5447,5,-1,-1
5447,6,-1,-1
5447,7,-1,-1
5448,0,0,160
5448,1,0,160
5448,2,-1,-1
5448,3,-1,-1
5448,4,-1,-1
5448,5,-1,-1
5448,6,-1,-1
5448,7,-1,-1
5449,0,0,160
5449,1,0,160
5449,2,-1,-1
5449,3,-1,-1
5449,4,-1,-1
5449,5,-1,-1
5449,6,-1,-1
5449,7,-1,-1
5450,0,0,160
5450,1,0,160
5450,2,-1,-1
5450,3,-1,-1
5450,4,-1,-1
5450,5,-1,-1
5450,6,-1,-1
5450,7,-1,-1
5451,0,0,160
5451,1,0,160
5451,2,-1,-1
5451,3,-1,-1
5451,4,-1,-1
5451,5,-1,-1
5451,6,-1,-1
5451,7,-1,-1
5452,0,0,160
5452,1,0,160
5452,2,-1,-1
5452,3,-1,-1
5452,4,-1,-1
5452,5,-1,-1
5452,6,-1,-1
5452,7,-1,-1
5453,0,0,160
5453,1,0,160
5453,2,-1,-1
5453,3,-1,-1
5453,4,-1,-1
5453,5,-1,-1
5453,6,-1,-1
5453,7,-1,-1
5454,0,0,160
5454,1,0,160
5454,2,-1,-1
5454,3,-1,-1
5454,4,-1,-1
5454,5,-1,-1
5454,6,-1,-1
5454,7,-1,-1
5455,0,0,160
5455,1,0,160
5455,2,-1,-1
5455,3,-1,-1
5455,4,-1,-1
5455,5,-1,-1
5455,6,-1,-1
5455,7,-1,-1
5456,0,0,160
5456,1,0,160
5456,2,-1,-1
5456,3,-1,-1
5456,4,-1,-1
5456,5,-1,-1
5456,6,-1,-1
5456,7,-1,-1
5457,0,0,160
5457,1,0,160
5457,2,-1,-1
5457,3,-1,-1
5457,4,-1,-1
5457,5,-1,-1
5457,6,-1,-1
5457,7,-1,-1
5458,0,0,160
5458,1,0,160
5458,2,-1,-1
5458,3,-1,-1
5458,4,-1,-1
5458,5,-1,-1
5458,6,-1,-1
5458,7,-1,-1
5459,0,0,160
5459,1,0,160
5459,2,-1,-1
5459,3,-1,-1
5459,4,-1,-1
5459,5,-1,-1
5459,6,-1,-1
5459,7,-1,-1
5460,0,0,160
5460,1,0,160
5460,2,-1,-1
5460,3,-1,-1
5460,4,-1,-1
5460,5,-1,-1
5460,6,-1,-1
5460,7,-1,-1
5461,0,0,160
5461,1,0,160
5461,2,-1,-1
5461,3,-1,-1
5461,4,-1,-1
5461,5,-1,-1
5461,6,-1,-1
5461,7,-1,-1
5462,0,0,160
5462,1,0,160
5462,2,-1,-1
5462,3,-1,-1
5462,4,-1,-1
5462,5,-1,-1
5462,6,-1,-1
5462,7,-1,-1
5463,0,0,160
5463,1,0,160
5463,2,-1,-1
5463,3,-1,-1
5463,4,-1,-1
5463,5,-1,-1
5463,6,-1,-1
5463,7,-1,-1
5464,0,0,160
5464,1,0,160
5464,2,-1,-1
5464,3,-1,-1
5464,4,-1,-1
5464,5,-1,-1
5464,6,-1,-1
5464,7,-1,-1
5465,0,0,160
5465,1,0,160
5465,2,-1,-1
5465,3,-1,-1
5465,4,-1,-1
5465,5,-1,-1
5465,6,-1,-1
5465,7,-1,-1
5466,0,0,160
5466,1,0,160
5466,2,-1,-1
5466,3,-1,-1
5466,4,-1,-1
5466,5,-1,-1
5466,6,-1,-1
5466,7,-1,-1
5467,0,0,160
5467,1,0,160
5467,2,-1,-1
5467,3,-1,-1
5467,4,-1,-1
5467,5,-1,-1
5467,6,-1,-1
5467,7,-1,-1
5468,0,0,160
5468,1,0,160
5468,2,-1,-1
5468,3,-1,-1
5468,4,-1,-1
5468,5,-1,-1
5468,6,-1,-1
5468,7,-1,-1
5469,0,0,160
5469,1,0,160
5469,2,-1,-1
5469,3,-1,-1
5469,4,-1,-1
5469,5,-1,-1
5469,6,-1,-1
5469,7,-1,-1
5470,0,0,160
5470,1,0,160
5470,2,-1,-1
5470,3,-1,-1
5470,4,-1,-1
5470,5,-1,-1
5470,6,-1,-1
5470,7,-1,-1
5471,0,0,160
5471,1,0,160
5471,2,-1,-1
5471,3,-1,-1
5471,4,-1,-1
5471,5,-1,-1
5471,6,-1,-1
5471,7,-1,-1
5472,0,0,160
5472,1,0,160
5472,2,-1,-1
5472,3,-1,-1
5472,4,-1,-1
5472,5,-1,-1
5472,6,-1,-1
5472,7,-1,-1
5473,0,0,160
5473,1,0,160
5473,2,-1,-1
5473,3,-1,-1
5473,4,-1,-1
5473,5,-1,-1
5473,6,-1,-1
5473,7,-1,-1
5474,0,0,160
5474,1,0,160
5474,2,-1,-1
5474,3,-1,-1
5474,4,-1,-1
5474,5,-1,-1
5474,6,-1,-1
5474,7,-1,-1
5475,0,0,160
5475,1,0,160
5475,2,-1,-1
5475,3,-1,-1
5475,4,-1,-1
5475,5,-1,-1
5475,6,-1,-1
5475,7,-1,-1
5476,0,0,160
5476,1,0,160
5476,2,-1,-1
5476,3,-1,-1
5476,4,-1,-1
5476,5,-1,-1
5476,6,-1,-1
5476,7,-1,-1
5477,0,0,160
5477,1,0,160
5477,2,-1,-1
5477,3,-1,-1
5477,4,-1,-1
5477,5,-1,-1
5477,6,-1,-1
5477,7,-1,-1
5478,0,0,160
5478,1,0,160
5478,2,-1,-1
5478,3,-1,-1
5478,4,-1,-1
5478,5,-1,-1
5478,6,-1,-1
5478,7,-1,-1
5479,0,0,160
5479,1,0,160
5479,2,-1,-1
5479,3,-1,-1
5479,4,-1,-1
5479,5,-1,-1
5479,6,-1,-1
5479,7,-1,-1
5480,0,0,160
5480,1,0,160
5480,2,-1,-1
5480,3,-1,-1
5480,4,-1,-1
5480,5,-1,-1
5480,6,-1,-1
5480,7,-1,-1
5481,0,0,160
5481,1,0,160
5481,2,-1,-1
5481,3,-1,-1
5481,4,-1,-1
5481,5,-1,-1
5481,6,-1,-1
5481,7,-1,-1
5482,0,0,160
5482,1,0,160
5482,2,-1,-1
5482,3,-1,-1
5482,4,-1,-1
5482,5,-1,-1
5482,6,-1,-1
5482,7,-1,-1
5483,0,0,160
5483,1,0,160
5483,2,-1,-1
5483,3,-1,-1
5483,4,-1,-1
5483,5,-1,-1
5483,6,-1,-1
5483,7,-1,-1
5484,0,0,160
5484,1,0,160
5484,2,-1,-1
5484,3,-1,-1
5484,4,-1,-1
5484,5,-1,-1
5484,6,-1,-1
5484,7,-1,-1
5485,0,0,160
5485,1,0,160
5485,2,-1,-1
5485,3,-1,-1
5485,4,-1,-1
5485,5,-1,-1
5485,6,-1,-1
5485,7,-1,-1
5486,0,0,160
5486,1,0,160
5486,2,-1,-1
5486,3,-1,-1
5486,4,-1,-1
5486,5,-1,-1
5486,6,-1,-1
5486,7,-1,-1
5487,0,0,160
5487,1,0,160
5487,2,-1,-1
5487,3,-1,-1
5487,4,-1,-1
5487,5,-1,-1
5487,6,-1,-1
5487,7,-1,-1
5488,0,0,160
5488,1,0,160
5488,2,-1,-1
5488,3,-1,-1
5488,4,-1,-1
5488,5,-1,-1
5488,6,-1,-1
5488,7,-1,-1
5489,0,0,160
5489,1,0,160
5489,2,-1,-1
5489,3,-1,-1
5489,4,-1,-1
5489,5,-1,-1
5489,6,-1,-1
5489,7,-1,-1
5490,0,0,160
5490,1,0,160
5490,2,-1,-1
5490,3,-1,-1
5490,4,-1,-1
5490,5,-1,-1
5490,6,-1,-1
5490,7,-1,-1
5491,0,0,160
5491,1,0,160
5491,2,-1,-1
5491,3,-1,-1
5491,4,-1,-1
5491,5,-1,-1
5491,6,-1,-1
5491,7,-1,-1
5492,0,0,160
5492,1,0,160
5492,2,-1,-1
5492,3,-1,-1
5492,4,-1,-1
5492,5,-1,-1
5492,6,-1,-1
5492,7,-1,-1
5493,0,0,160
5493,1,0,160
5493,2,-1,-1
5493,3,-1,-1
5493,4,-1,-1
5493,5,-1,-1
5493,6,-1,-1
5493,7,-1,-1
5494,0,0,160
5494,1,0,160
5494,2,-1,-1
5494,3,-1,-1
5494,4,-1,-1
5494,5,-1,-1
5494,6,-1,-1
5494,7,-1,-1
5495,0,0,160
5495,1,0,160
5495,2,-1,-1
5495,3,-1,-1
5495,4,-1,-1
5495,5,-1,-1
5495,6,-1,-1
5495,7,-1,-1
5496,0,0,160
5496,1,0,160
5496,2,-1,-1
5496,3,-1,-1
5496,4,-1,-1
5496,5,-1,-1
5496,6,-1,-1
5496,7,-1,-1
5497,0,0,160
5497,1,0,160
5497,2,-1,-1
5497,3,-1,-1
5497,4,-1,-1
5497,5,-1,-1
5497,6,-1,-1
5497,7,-1,-1
5498,0,0,160
5498,1,0,160
5498,2,-1,-1
5498,3,-1,-1
5498,4,-1,-1
5498,5,-1,-1
5498,6,-1,-1
5498,7,-1,-1
5499,0,0,160
5499,1,0,160
5499,2,-1,-1
5499,3,-1,-1
5499,4,-1,-1
5499,5,-1,-1
5499,6,-1,-1
5499,7,-1,-1
5500,0,0,160
5500,1,0,160
5500,2,-1,-1
5500,3,-1,-1
5500,4,-1,-1
5500,5,-1,-1
5500,6,-1,-1
5500,7,-1,-1
5501,0,0,160
5501,1,0,160
5501,2,-1,-1
5501,3,-1,-1
5501,4,-1,-1
5501,5,-1,-1
5501,6,-1,-1
5501,7,-1,-1
5502,0,0,160
5502,1,0,160
5502,2,-1,-1
5502,3,-1,-1
5502,4,-1,-1
5502,5,-1,-1
5502,6,-1,-1
5502,7,-1,-1
5503,0,0,160
5503,1,0,160
5503,2,-1,-1
5503,3,-1,-1
5503,4,-1,-1
5503,5,-1,-1
5503,6,-1,-1
5503,7,-1,-1
5504,0,0,160
5504,1,0,160
5504,2,-1,-1
5504,3,-1,-1
5504,4,-1,-1
5504,5,-1,-1
5504,6,-1,-1
5504,7,-1,-1
5505,0,0,160
5505,1,0,160
5505,2,-1,-1
5505,3,-1,-1
5505,4,-1,-1
5505,5,-1,-1
5505,6,-1,-1
5505,7,-1,-1
5506,0,0,160
5506,1,0,160
5506,2,-1,-1
5506,3,-1,-1
5506,4,-1,-1
5506,5,-1,-1
5506,6,-1,-1
5506,7,-1,-1
5507,0,0,160
5507,1,0,160
5507,2,-1,-1
5507,3,-1,-1
5507,4,-1,-1
5507,5,-1,-1
5507,6,-1,-1
5507,7,-1,-1
5508,0,0,160
5508,1,0,160
5508,2,-1,-1
5508,3,-1,-1
5508,4,-1,-1
5508,5,-1,-1
5508,6,-1,-1
5508,7,-1,-1
5509,0,0,160
5509,1,0,160
5509,2,-1,-1
5509,3,-1,-1
5509,4,-1,-1
5509,5,-1,-1
5509,6,-1,-1
5509,7,-1,-1
5510,0,0,160
5510,1,0,160
5510,2,-1,-1
5510,3,-1,-1
5510,4,-1,-1
5510,5,-1,-1
5510,6,-1,-1
5510,7,-1,-1
5511,0,0,160
5511,1,0,160
5511,2,-1,-1
5511,3,-1,-1
5511,4,-1,-1
5511,5,-1,-1
5511,6,-1,-1
5511,7,-1,-1
5512,0,0,160
5512,1,0,160
5512,2,-1,-1
5512,3,-1,-1
5512,4,-1,-1
5512,5,-1,-1
5512,6,-1,-1
5512,7,-1,-1
5513,0,0,160
5513,1,0,160
5513,2,-1,-1
5513,3,-1,-1
5513,4,-1,-1
5513,5,-1,-1
5513,6,-1,-1
5513,7,-1,-1
5514,0,0,160
5514,1,0,160
5514,2,-1,-1
5514,3,-1,-1
5514,4,-1,-1
5514,5,-1,-1
5514,6,-1,-1
5514,7,-1,-1
5515,0,0,160
5515,1,0,160
5515,2,-1,-1
5515,3,-1,-1
5515,4,-1,-1
5515,5,-1,-1
5515,6,-1,-1
5515,7,-1,-1
5516,0,0,160
5516,1,0,160
5516,2,-1,-1
5516,3,-1,-1
5516,4,-1,-1
5516,5,-1,-1
5516,6,-1,-1
5516,7,-1,-1
5517,0,0,160
5517,1,0,160
5517,2,-1,-1
5517,3,-1,-1
5517,4,-1,-1
5517,5,-1,-1
5517,6,-1,-1
5517,7,-1,-1
5518,0,0,160
5518,1,0,160
5518,2,-1,-1
5518,3,-1,-1
5518,4,-1,-1
5518,5,-1,-1
5518,6,-1,-1
5518,7,-1,-1
5519,0,0,160
5519,1,0,160
5519,2,-1,-1
5519,3,-1,-1
5519,4,-1,-1
5519,5,-1,-1
5519,6,-1,-1
5519,7,-1,-1
5520,0,0,160
5520,1,0,160
5520,2,-1,-1
5520,3,-1,-1
5520,4,-1,-1
5520,5,-1,-1
5520,6,-1,-1
5520,7,-1,-1
5521,0,0,160
5521,1,0,160
5521,2,-1,-1
5521,3,-1,-1
5521,4,-1,-1
5521,5,-1,-1
5521,6,-1,-1
5521,7,-1,-1
5522,0,0,160
5522,1,0,160
5522,2,-1,-1
5522,3,-1,-1
5522,4,-1,-1
5522,5,-1,-1
5522,6,-1,-1
5522,7,-1,-1
5523,0,0,160
5523,1,0,160
5523,2,-1,-1
5523,3,-1,-1
5523,4,-1,-1
5523,5,-1,-1
5523,6,-1,-1
5523,7,-1,-1
5524,0,0,160
5524,1,0,160
5524,2,-1,-1
5524,3,-1,-1
5524,4,-1,-1
5524,5,-1,-1
5524,6,-1,-1
5524,7,-1,-1
5525,0,0,160
5525,1,0,160
5525,2,-1,-1
5525,3,-1,-1
5525,4,-1,-1
5525,5,-1,-1
5525,6,-1,-1
5525,7,-1,-1
5526,0,0,160
5526,1,0,160
5526,2,-1,-1
5526,3,-1,-1
5526,4,-1,-1
5526,5,-1,-1
5526,6,-1,-1
5526,7,-1,-1
5527,0,0,160
5527,1,0,160
5527,2,-1,-1
5527,3,-1,-1
5527,4,-1,-1
5527,5,-1,-1
5527,6,-1,-1
5527,7,-1,-1
5528,0,0,160
5528,1,0,160
5528,2,-1,-1
5528,3,-1,-1
5528,4,-1,-1
5528,5,-1,-1
5528,6,-1,-1
5528,7,-1,-1
5529,0,0,160
5529,1,0,160
5529,2,-1,-1
5529,3,-1,-1
5529,4,-1,-1
5529,5,-1,-1
5529,6,-1,-1
5529,7,-1,-1
5530,0,0,160
5530,1,0,160
5530,2,-1,-1
5530,3,-1,-1
5530,4,-1,-1
5530,5,-1,-1
5530,6,-1,-1
5530,7,-1,-1
5531,0,0,160
5531,1,0,160
5531,2,-1,-1
5531,3,-1,-1
5531,4,-1,-1
5531,5,-1,-1
5531,6,-1,-1
5531,7,-1,-1
5532,0,0,160
5532,1,0,160
5532,2,-1,-1
5532,3,-1,-1
5532,4,-1,-1
5532,5,-1,-1
5532,6,-1,-1
5532,7,-1,-1
5533,0,0,160
5533,1,0,160
5533,2,-1,-1
5533,3,-1,-1
5533,4,-1,-1
5533,5,-1,-1
5533,6,-1,-1
5533,7,-1,-1
5534,0,0,160
5534,1,0,160
5534,2,-1,-1
5534,3,-1,-1
5534,4,-1,-1
5534,5,-1,-1
5534,6,-1,-1
5534,7,-1,-1
5535,0,0,160
5535,1,0,160
5535,2,-1,-1
5535,3,-1,-1
5535,4,-1,-1
5535,5,-1,-1
5535,6,-1,-1
5535,7,-1,-1
5536,0,0,160
5536,1,0,160
5536,2,-1,-1
5536,3,-1,-1
5536,4,-1,-1
5536,5,-1,-1
5536,6,-1,-1
5536,7,-1,-1
5537,0,0,160
5537,1,0,160
5537,2,-1,-1
5537,3,-1,-1
5537,4,-1,-1
5537,5,-1,-1
5537,6,-1,-1
5537,7,-1,-1
5538,0,0,160
5538,1,0,160
5538,2,-1,-1
5538,3,-1,-1
5538,4,-1,-1
5538,5,-1,-1
5538,6,-1,-1
5538,7,-1,-1
5539,0,0,160
5539,1,0,160
5539,2,-1,-1
5539,3,-1,-1
5539,4,-1,-1
5539,5,-1,-1
5539,6,-1,-1
5539,7,-1,-1
5540,0,0,160
5540,1,0,160
5540,2,-1,-1
5540,3,-1,-1
5540,4,-1,-1
5540,5,-1,-1
5540,6,-1,-1
5540,7,-1,-1
5541,0,0,160
5541,1,0,160
5541,2,-1,-1
5541,3,-1,-1
5541,4,-1,-1
5541,5,-1,-1
5541,6,-1,-1
5541,7,-1,-1
5542,0,0,160
5542,1,0,160
5542,2,-1,-1
5542,3,-1,-1
5542,4,-1,-1
5542,5,-1,-1
5542,6,-1,-1
5542,7,-1,-1
5543,0,0,160
5543,1,0,160
5543,2,-1,-1
5543,3,-1,-1
5543,4,-1,-1
5543,5,-1,-1
5543,6,-1,-1
5543,7,-1,-1
5544,0,0,160
5544,1,0,160
5544,2,-1,-1
5544,3,-1,-1
5544,4,-1,-1
5544,5,-1,-1
5544,6,-1,-1
5544,7,-1,-1
5545,0,0,160
5545,1,0,160
5545,2,-1,-1
5545,3,-1,-1
5545,4,-1,-1
5545,5,-1,-1
5545,6,-1,-1
5545,7,-1,-1
5546,0,0,160
5546,1,0,160
5546,2,-1,-1
5546,3,-1,-1
5546,4,-1,-1
5546,5,-1,-1
5546,6,-1,-1
5546,7,-1,-1
5547,0,0,160
5547,1,0,160
5547,2,-1,-1
5547,3,-1,-1
5547,4,-1,-1
5547,5,-1,-1
5547,6,-1,-1
5547,7,-1,-1
5548,0,0,160
5548,1,0,160
5548,2,-1,-1
5548,3,-1,-1
5548,4,-1,-1
5548,5,-1,-1
5548,6,-1,-1
5548,7,-1,-1
5549,0,0,160
5549,1,0,160
5549,2,-1,-1
5549,3,-1,-1
5549,4,-1,-1
5549,5,-1,-1
5549,6,-1,-1
5549,7,-1,-1
5550,0,0,160
5550,1,0,160
5550,2,-1,-1
5550,3,-1,-1
5550,4,-1,-1
5550,5,-1,-1
5550,6,-1,-1
5550,7,-1,-1
5551,0,0,160
5551,1,0,160
5551,2,-1,-1
5551,3,-1,-1
5551,4,-1,-1
5551,5,-1,-1
5551,6,-1,-1
5551,7,-1,-1
5552,0,0,160
5552,1,0,160
5552,2,-1,-1
5552,3,-1,-1
5552,4,-1,-1
5552,5,-1,-1
5552,6,-1,-1
5552,7,-1,-1
5553,0,0,160
5553,1,0,160
5553,2,-1,-1
5553,3,-1,-1
5553,4,-1,-1
5553,5,-1,-1
5553,6,-1,-1
5553,7,-1,-1
5554,0,0,160
5554,1,0,160
5554,2,-1,-1
5554,3,-1,-1
5554,4,-1,-1
5554,5,-1,-1
5554,6,-1,-1
5554,7,-1,-1
5555,0,0,160
5555,1,0,160
5555,2,-1,-1
5555,3,-1,-1
5555,4,-1,-1
5555,5,-1,-1
5555,6,-1,-1
5555,7,-1,-1
5556,0,0,160
5556,1,0,160
5556,2,-1,-1
5556,3,-1,-1
5556,4,-1,-1
5556,5,-1,-1
5556,6,-1,-1
5556,7,-1,-1
5557,0,0,160
5557,1,0,160
5557,2,-1,-1
5557,3,-1,-1
5557,4,-1,-1
5557,5,-1,-1
5557,6,-1,-1
5557,7,-1,-1
5558,0,0,160
5558,1,0,160
5558,2,-1,-1
5558,3,-1,-1
5558,4,-1,-1
5558,5,-1,-1
5558,6,-1,-1
5558,7,-1,-1
5559,0,0,160
5559,1,0,160
5559,2,-1,-1
5559,3,-1,-1
5559,4,-1,-1
5559,5,-1,-1
5559,6,-1,-1
5559,7,-1,-1
5560,0,0,160
5560,1,0,160
5560,2,-1,-1
5560,3,-1,-1
5560,4,-1,-1
5560,5,-1,-1
5560,6,-1,-1
5560,7,-1,-1
5561,0,0,160
5561,1,0,160
5561,2,-1,-1
5561,3,-1,-1
5561,4,-1,-1
5561,5,-1,-1
5561,6,-1,-1
5561,7,-1,-1
5562,0,0,160
5562,1,0,160
5562,2,-1,-1
5562,3,-1,-1
5562,4,-1,-1
5562,5,-1,-1
5562,6,-1,-1
5562,7,-1,-1
5563,0,0,160
5563,1,0,160
5563,2,-1,-1
5563,3,-1,-1
5563,4,-1,-1
5563,5,-1,-1
5563,6,-1,-1
5563,7,-1,-1
5564,0,0,160
5564,1,0,160
5564,2,-1,-1
5564,3,-1,-1
5564,4,-1,-1
5564,5,-1,-1
5564,6,-1,-1
5564,7,-1,-1
5565,0,0,160
5565,1,0,160
5565,2,-1,-1
5565,3,-1,-1
5565,4,-1,-1
5565,5,-1,-1
5565,6,-1,-1
5565,7,-1,-1
5566,0,0,160
5566,1,0,160
5566,2,-1,-1
5566,3,-1,-1
5566,4,-1,-1
5566,5,-1,-1
5566,6,-1,-1
5566,7,-1,-1
5567,0,0,160
5567,1,0,160
5567,2,-1,-1
5567,3,-1,-1
5567,4,-1,-1
5567,5,-1,-1
5567,6,-1,-1
5567,7,-1,-1
5568,0,0,160
5568,1,0,160
5568,2,-1,-1
5568,3,-1,-1
5568,4,-1,-1
5568,5,-1,-1
5568,6,-1,-1
5568,7,-1,-1
5569,0,0,160
5569,1,0,160
5569,2,-1,-1
5569,3,-1,-1
5569,4,-1,-1
5569,5,-1,-1
5569,6,-1,-1
5569,7,-1,-1
5570,0,0,160
5570,1,0,160
5570,2,-1,-1
5570,3,-1,-1
5570,4,-1,-1
5570,5,-1,-1
5570,6,-1,-1
5570,7,-1,-1
5571,0,0,160
5571,1,0,160
5571,2,-1,-1
5571,3,-1,-1
5571,4,-1,-1
5571,5,-1,-1
5571,6,-1,-1
5571,7,-1,-1
5572,0,0,160
5572,1,0,160
5572,2,-1,-1
5572,3,-1,-1
5572,4,-1,-1
5572,5,-1,-1
5572,6,-1,-1
5572,7,-1,-1
5573,0,0,160
5573,1,0,160
5573,2,-1,-1
5573,3,-1,-1
5573,4,-1,-1
5573,5,-1,-1
5573,6,-1,-1
5573,7,-1,-1
5574,0,0,160
5574,1,0,160
5574,2,-1,-1
5574,3,-1,-1
5574,4,-1,-1
5574,5,-1,-1
5574,6,-1,-1
5574,7,-1,-1
5575,0,0,160
5575,1,0,160
5575,2,-1,-1
5575,3,-1,-1
5575,4,-1,-1
5575,5,-1,-1
5575,6,-1,-1
5575,7,-1,-1
5576,0,0,160
5576,1,0,160
5576,2,-1,-1
5576,3,-1,-1
5576,4,-1,-1
5576,5,-1,-1
5576,6,-1,-1
5576,7,-1,-1
5577,0,0,160
5577,1,0,160
5577,2,-1,-1
5577,3,-1,-1
5577,4,-1,-1
5577,5,-1,-1
5577,6,-1,-1
5577,7,-1,-1
5578,0,0,160
5578,1,0,160
5578,2,-1,-1
5578,3,-1,-1
5578,4,-1,-1
5578,5,-1,-1
5578,6,-1,-1
5578,7,-1,-1
5579,0,0,160
5579,1,0,160
5579,2,-1,-1
5579,3,-1,-1
5579,4,-1,-1
5579,5,-1,-1
5579,6,-1,-1
5579,7,-1,-1
5580,0,0,160
5580,1,0,160
5580,2,-1,-1
5580,3,-1,-1
5580,4,-1,-1
5580,5,-1,-1
5580,6,-1,-1
5580,7,-1,-1
5581,0,0,160
5581,1,0,160
5581,2,-1,-1
5581,3,-1,-1
5581,4,-1,-1
5581,5,-1,-1
5581,6,-1,-1
5581,7,-1,-1
5582,0,0,160
5582,1,0,160
5582,2,-1,-1
5582,3,-1,-1
5582,4,-1,-1
5582,5,-1,-1
5582,6,-1,-1
5582,7,-1,-1
5583,0,0,160
5583,1,0,160
5583,2,-1,-1
5583,3,-1,-1
5583,4,-1,-1
5583,5,-1,-1
5583,6,-1,-1
5583,7,-1,-1
5584,0,0,160
5584,1,0,160
5584,2,-1,-1
5584,3,-1,-1
5584,4,-1,-1
5584,5,-1,-1
5584,6,-1,-1
5584,7,-1,-1
5585,0,0,160
5585,1,0,160
5585,2,-1,-1
5585,3,-1,-1
5585,4,-1,-1
5585,5,-1,-1
5585,6,-1,-1
5585,7,-1,-1
5586,0,0,160
5586,1,0,160
5586,2,-1,-1
5586,3,-1,-1
5586,4,-1,-1
5586,5,-1,-1
5586,6,-1,-1
5586,7,-1,-1
5587,0,0,160
5587,1,0,160
5587,2,-1,-1
5587,3,-1,-1
5587,4,-1,-1
5587,5,-1,-1
5587,6,-1,-1
5587,7,-1,-1
5588,0,0,160
5588,1,0,160
5588,2,-1,-1
5588,3,-1,-1
5588,4,-1,-1
5588,5,-1,-1
5588,6,-1,-1
5588,7,-1,-1
5589,0,0,160
5589,1,0,160
5589,2,-1,-1
5589,3,-1,-1
5589,4,-1,-1
5589,5,-1,-1
5589,6,-1,-1
5589,7,-1,-1
5590,0,0,160
5590,1,0,160
5590,2,-1,-1
5590,3,-1,-1
5590,4,-1,-1
5590,5,-1,-1
5590,6,-1,-1
5590,7,-1,-1
5591,0,0,160
5591,1,0,160
5591,2,-1,-1
5591,3,-1,-1
5591,4,-1,-1
5591,5,-1,-1
5591,6,-1,-1
5591,7,-1,-1
5592,0,0,160
5592,1,0,160
5592,2,-1,-1
5592,3,-1,-1
5592,4,-1,-1
5592,5,-1,-1
5592,6,-1,-1
5592,7,-1,-1
5593,0,0,160
5593,1,0,160
5593,2,-1,-1
5593,3,-1,-1
5593,4,-1,-1
5593,5,-1,-1
5593,6,-1,-1
5593,7,-1,-1
5594,0,0,160
5594,1,0,160
5594,2,-1,-1
5594,3,-1,-1
5594,4,-1,-1
5594,5,-1,-1
5594,6,-1,-1
5594,7,-1,-1
5595,0,0,160
5595,1,0,160
5595,2,-1,-1
5595,3,-1,-1
5595,4,-1,-1
5595,5,-1,-1
5595,6,-1,-1
5595,7,-1,-1
5596,0,0,160
5596,1,0,160
5596,2,-1,-1
5596,3,-1,-1
5596,4,-1,-1
5596,5,-1,-1
5596,6,-1,-1
5596,7,-1,-1
5597,0,0,160
5597,1,0,160
5597,2,-1,-1
5597,3,-1,-1
5597,4,-1,-1
5597,5,-1,-1
5597,6,-1,-1
5597,7,-1,-1
5598,0,0,160
5598,1,0,160
5598,2,-1,-1
5598,3,-1,-1
5598,4,-1,-1
5598,5,-1,-1
5598,6,-1,-1
5598,7,-1,-1
5599,0,0,160
5599,1,0,160
5599,2,-1,-1
5599,3,-1,-1
5599,4,-1,-1
5599,5,-1,-1
5599,6,-1,-1
5599,7,-1,-1
5600,0,0,160
5600,1,0,160
5600,2,-1,-1
5600,3,-1,-1
5600,4,-1,-1
5600,5,-1,-1
5600,6,-1,-1
5600,7,-1,-1
5601,0,0,160
5601,1,0,160
5601,2,-1,-1
5601,3,-1,-1
5601,4,-1,-1
5601,5,-1,-1
5601,6,-1,-1
5601,7,-1,-1
5602,0,0,160
5602,1,0,160
5602,2,-1,-1
5602,3,-1,-1
5602,4,-1,-1
5602,5,-1,-1
5602,6,-1,-1
5602,7,-1,-1
5603,0,0,160
5603,1,0,160
5603,2,-1,-1
5603,3,-1,-1
5603,4,-1,-1
5603,5,-1,-1
5603,6,-1,-1
5603,7,-1,-1
5604,0,0,160
5604,1,0,160
5604,2,-1,-1
5604,3,-1,-1
5604,4,-1,-1
5604,5,-1,-1
5604,6,-1,-1
5604,7,-1,-1
5605,0,0,160
5605,1,0,160
5605,2,-1,-1
5605,3,-1,-1
5605,4,-1,-1
5605,5,-1,-1
5605,6,-1,-1
5605,7,-1,-1
5606,0,0,160
5606,1,0,160
5606,2,-1,-1
5606,3,-1,-1
5606,4,-1,-1
5606,5,-1,-1
5606,6,-1,-1
5606,7,-1,-1
5607,0,0,160
5607,1,0,160
5607,2,-1,-1
5607,3,-1,-1
5607,4,-1,-1
5607,5,-1,-1
5607,6,-1,-1
5607,7,-1,-1
5608,0,0,160
5608,1,0,160
5608,2,-1,-1
5608,3,-1,-1
5608,4,-1,-1
5608,5,-1,-1
5608,6,-1,-1
5608,7,-1,-1
5609,0,0,160
5609,1,0,160
5609,2,-1,-1
5609,3,-1,-1
5609,4,-1,-1
5609,5,-1,-1
5609,6,-1,-1
5609,7,-1,-1
5610,0,0,160
5610,1,0,160
5610,2,-1,-1
5610,3,-1,-1
5610,4,-1,-1
5610,5,-1,-1
5610,6,-1,-1
5610,7,-1,-1
5611,0,0,160
5611,1,0,160
5611,2,-1,-1
5611,3,-1,-1
5611,4,-1,-1
5611,5,-1,-1
5611,6,-1,-1
5611,7,-1,-1
5612,0,0,160
5612,1,0,160
5612,2,-1,-1
5612,3,-1,-1
5612,4,-1,-1
5612,5,-1,-1
5612,6,-1,-1
5612,7,-1,-1
5613,0,0,160
5613,1,0,160
5613,2,-1,-1
5613,3,-1,-1
5613,4,-1,-1
5613,5,-1,-1
5613,6,-1,-1
5613,7,-1,-1
5614,0,0,160
5614,1,0,160
5614,2,-1,-1
5614,3,-1,-1
5614,4,-1,-1
5614,5,-1,-1
5614,6,-1,-1
5614,7,-1,-1
5615,0,0,160
5615,1,0,160
5615,2,-1,-1
5615,3,-1,-1
5615,4,-1,-1
5615,5,-1,-1
5615,6,-1,-1
5615,7,-1,-1
5616,0,0,160
5616,1,0,160
5616,2,-1,-1
5616,3,-1,-1
5616,4,-1,-1
5616,5,-1,-1
5616,6,-1,-1
5616,7,-1,-1
5617,0,0,160
5617,1,0,160
5617,2,-1,-1
5617,3,-1,-1
5617,4,-1,-1
5617,5,-1,-1
5617,6,-1,-1
5617,7,-1,-1
5618,0,0,160
5618,1,0,160
5618,2,-1,-1
5618,3,-1,-1
5618,4,-1,-1
5618,5,-1,-1
5618,6,-1,-1
5618,7,-1,-1
5619,0,0,160
5619,1,0,160
5619,2,-1,-1
5619,3,-1,-1
5619,4,-1,-1
5619,5,-1,-1
5619,6,-1,-1
5619,7,-1,-1
5620,0,0,160
5620,1,0,160
5620,2,-1,-1
5620,3,-1,-1
5620,4,-1,-1
5620,5,-1,-1
5620,6,-1,-1
5620,7,-1,-1
5621,0,0,160
5621,1,0,160
5621,2,-1,-1
5621,3,-1,-1
5621,4,-1,-1
5621,5,-1,-1
5621,6,-1,-1
5621,7,-1,-1
5622,0,0,160
5622,1,0,160
5622,2,-1,-1
5622,3,-1,-1
5622,4,-1,-1
5622,5,-1,-1
5622,6,-1,-1
5622,7,-1,-1
5623,0,0,160
5623,1,0,160
5623,2,-1,-1
5623,3,-1,-1
5623,4,-1,-1
5623,5,-1,-1
5623,6,-1,-1
5623,7,-1,-1
5624,0,0,160
5624,1,0,160
5624,2,-1,-1
5624,3,-1,-1
5624,4,-1,-1
5624,5,-1,-1
5624,6,-1,-1
5624,7,-1,-1
5625,0,0,160
5625,1,0,160
5625,2,-1,-1
5625,3,-1,-1
5625,4,-1,-1
5625,5,-1,-1
5625,6,-1,-1
5625,7,-1,-1
5626,0,0,160
5626,1,0,160
5626,2,-1,-1
5626,3,-1,-1
5626,4,-1,-1
5626,5,-1,-1
5626,6,-1,-1
5626,7,-1,-1
5627,0,0,160
5627,1,0,160
5627,2,-1,-1
5627,3,-1,-1
5627,4,-1,-1
5627,5,-1,-1
5627,6,-1,-1
5627,7,-1,-1
5628,0,0,160
5628,1,0,160
5628,2,-1,-1
5628,3,-1,-1
5628,4,-1,-1
5628,5,-1,-1
5628,6,-1,-1
5628,7,-1,-1
5629,0,0,160
5629,1,0,160
5629,2,-1,-1
5629,3,-1,-1
5629,4,-1,-1
5629,5,-1,-1
5629,6,-1,-1
5629,7,-1,-1
5630,0,0,160
5630,1,0,160
5630,2,-1,-1
5630,3,-1,-1
5630,4,-1,-1
5630,5,-1,-1
5630,6,-1,-1
5630,7,-1,-1
5631,0,0,160
5631,1,0,160
5631,2,-1,-1
5631,3,-1,-1
5631,4,-1,-1
5631,5,-1,-1
5631,6,-1,-1
5631,7,-1,-1
5632,0,0,160
5632,1,0,160
5632,2,-1,-1
5632,3,-1,-1
5632,4,-1,-1
5632,5,-1,-1
5632,6,-1,-1
5632,7,-1,-1
5633,0,0,160
5633,1,0,160
5633,2,-1,-1
5633,3,-1,-1
5633,4,-1,-1
5633,5,-1,-1
5633,6,-1,-1
5633,7,-1,-1
5634,0,0,160
5634,1,0,160
5634,2,-1,-1
5634,3,-1,-1
5634,4,-1,-1
5634,5,-1,-1
5634,6,-1,-1
5634,7,-1,-1
5635,0,0,160
5635,1,0,160
5635,2,-1,-1
5635,3,-1,-1
5635,4,-1,-1
5635,5,-1,-1
5635,6,-1,-1
5635,7,-1,-1
5636,0,0,160
5636,1,0,160
5636,2,-1,-1
5636,3,-1,-1
5636,4,-1,-1
5636,5,-1,-1
5636,6,-1,-1
5636,7,-1,-1
5637,0,0,160
5637,1,0,160
5637,2,-1,-1
5637,3,-1,-1
5637,4,-1,-1
5637,5,-1,-1
5637,6,-1,-1
5637,7,-1,-1
5638,0,0,160
5638,1,0,160
5638,2,-1,-1
5638,3,-1,-1
5638,4,-1,-1
5638,5,-1,-1
5638,6,-1,-1
5638,7,-1,-1
5639,0,0,160
5639,1,0,160
5639,2,-1,-1
5639,3,-1,-1
5639,4,-1,-1
5639,5,-1,-1
5639,6,-1,-1
5639,7,-1,-1
5640,0,0,160
5640,1,0,160
5640,2,-1,-1
5640,3,-1,-1
5640,4,-1,-1
5640,5,-1,-1
5640,6,-1,-1
5640,7,-1,-1
5641,0,0,160
5641,1,0,160
5641,2,-1,-1
5641,3,-1,-1
5641,4,-1,-1
5641,5,-1,-1
5641,6,-1,-1
5641,7,-1,-1
5642,0,0,160
5642,1,0,160
5642,2,-1,-1
5642,3,-1,-1
5642,4,-1,-1
5642,5,-1,-1
5642,6,-1,-1
5642,7,-1,-1
5643,0,0,160
5643,1,0,160
5643,2,-1,-1
5643,3,-1,-1
5643,4,-1,-1
5643,5,-1,-1
5643,6,-1,-1
5643,7,-1,-1
5644,0,0,160
5644,1,0,160
5644,2,-1,-1
5644,3,-1,-1
5644,4,-1,-1
5644,5,-1,-1
5644,6,-1,-1
5644,7,-1,-1
5645,0,0,160
5645,1,0,160
5645,2,-1,-1
5645,3,-1,-1
5645,4,-1,-1
5645,5,-1,-1
5645,6,-1,-1
5645,7,-1,-1
5646,0,0,160
5646,1,0,160
5646,2,-1,-1
5646,3,-1,-1
5646,4,-1,-1
5646,5,-1,-1
5646,6,-1,-1
5646,7,-1,-1
5647,0,0,160
5647,1,0,160
5647,2,-1,-1
5647,3,-1,-1
5647,4,-1,-1
5647,5,-1,-1
5647,6,-1,-1
5647,7,-1,-1
5648,0,0,160
5648,1,0,160
5648,2,-1,-1
5648,3,-1,-1
5648,4,-1,-1
5648,5,-1,-1
5648,6,-1,-1
5648,7,-1,-1
5649,0,0,160
5649,1,0,160
5649,2,-1,-1
5649,3,-1,-1
5649,4,-1,-1
5649,5,-1,-1
5649,6,-1,-1
5649,7,-1,-1
5650,0,0,160
5650,1,0,160
5650,2,-1,-1
5650,3,-1,-1
5650,4,-1,-1
5650,5,-1,-1
5650,6,-1,-1
5650,7,-1,-1
5651,0,0,160
5651,1,0,160
5651,2,-1,-1
5651,3,-1,-1
5651,4,-1,-1
5651,5,-1,-1
5651,6,-1,-1
5651,7,-1,-1
5652,0,0,160
5652,1,0,160
5652,2,-1,-1
5652,3,-1,-1
5652,4,-1,-1
5652,5,-1,-1
5652,6,-1,-1
5652,7,-1,-1
5653,0,0,160
5653,1,0,160
5653,2,-1,-1
5653,3,-1,-1
5653,4,-1,-1
5653,5,-1,-1
5653,6,-1,-1
5653,7,-1,-1
5654,0,0,160
5654,1,0,160
5654,2,-1,-1
5654,3,-1,-1
5654,4,-1,-1
5654,5,-1,-1
5654,6,-1,-1
5654,7,-1,-1
5655,0,0,160
5655,1,0,160
5655,2,-1,-1
5655,3,-1,-1
5655,4,-1,-1
5655,5,-1,-1
5655,6,-1,-1
5655,7,-1,-1
5656,0,0,160
5656,1,0,160
5656,2,-1,-1
5656,3,-1,-1
5656,4,-1,-1
5656,5,-1,-1
5656,6,-1,-1
5656,7,-1,-1
5657,0,0,160
5657,1,0,160
5657,2,-1,-1
5657,3,-1,-1
5657,4,-1,-1
5657,5,-1,-1
5657,6,-1,-1
5657,7,-1,-1
5658,0,0,160
5658,1,0,160
5658,2,-1,-1
5658,3,-1,-1
5658,4,-1,-1
5658,5,-1,-1
5658,6,-1,-1
5658,7,-1,-1
5659,0,0,160
5659,1,0,160
5659,2,-1,-1
5659,3,-1,-1
5659,4,-1,-1
5659,5,-1,-1
5659,6,-1,-1
5659,7,-1,-1
5660,0,0,160
5660,1,0,160
5660,2,-1,-1
5660,3,-1,-1
5660,4,-1,-1
5660,5,-1,-1
5660,6,-1,-1
5660,7,-1,-1
5661,0,0,160
5661,1,0,160
5661,2,-1,-1
5661,3,-1,-1
5661,4,-1,-1
5661,5,-1,-1
5661,6,-1,-1
5661,7,-1,-1
5662,0,0,160
5662,1,0,160
5662,2,-1,-1
5662,3,-1,-1
5662,4,-1,-1
5662,5,-1,-1
5662,6,-1,-1
5662,7,-1,-1
5663,0,0,160
5663,1,0,160
5663,2,-1,-1
5663,3,-1,-1
5663,4,-1,-1
5663,5,-1,-1
5663,6,-1,-1
5663,7,-1,-1
5664,0,0,160
5664,1,0,160
5664,2,-1,-1
5664,3,-1,-1
5664,4,-1,-1
5664,5,-1,-1
5664,6,-1,-1
5664,7,-1,-1
5665,0,0,160
5665,1,0,160
5665,2,-1,-1
5665,3,-1,-1
5665,4,-1,-1
5665,5,-1,-1
5665,6,-1,-1
5665,7,-1,-1
5666,0,0,160
5666,1,0,160
5666,2,-1,-1
5666,3,-1,-1
5666,4,-1,-1
5666,5,-1,-1
5666,6,-1,-1
5666,7,-1,-1
5667,0,0,160
5667,1,0,160
5667,2,-1,-1
5667,3,-1,-1
5667,4,-1,-1
5667,5,-1,-1
5667,6,-1,-1
5667,7,-1,-1
5668,0,0,160
5668,1,0,160
5668,2,-1,-1
5668,3,-1,-1
5668,4,-1,-1
5668,5,-1,-1
5668,6,-1,-1
5668,7,-1,-1
5669,0,0,160
5669,1,0,160
5669,2,-1,-1
5669,3,-1,-1
5669,4,-1,-1
5669,5,-1,-1
5669,6,-1,-1
5669,7,-1,-1
5670,0,0,160
5670,1,0,160
5670,2,-1,-1
5670,3,-1,-1
5670,4,-1,-1
5670,5,-1,-1
5670,6,-1,-1
5670,7,-1,-1
5671,0,0,160
5671,1,0,160
5671,2,-1,-1
5671,3,-1,-1
5671,4,-1,-1
5671,5,-1,-1
5671,6,-1,-1
5671,7,-1,-1
5672,0,0,160
5672,1,0,160
5672,2,-1,-1
5672,3,-1,-1
5672,4,-1,-1
5672,5,-1,-1
5672,6,-1,-1
5672,7,-1,-1
5673,0,0,160
5673,1,0,160
5673,2,-1,-1
5673,3,-1,-1
5673,4,-1,-1
5673,5,-1,-1
5673,6,-1,-1
5673,7,-1,-1
5674,0,0,160
5674,1,0,160
5674,2,-1,-1
5674,3,-1,-1
5674,4,-1,-1
5674,5,-1,-1
5674,6,-1,-1
5674,7,-1,-1
5675,0,0,160
5675,1,0,160
5675,2,-1,-1
5675,3,-1,-1
5675,4,-1,-1
5675,5,-1,-1
5675,6,-1,-1
5675,7,-1,-1
5676,0,0,160
5676,1,0,160
5676,2,-1,-1
5676,3,-1,-1
5676,4,-1,-1
5676,5,-1,-1
5676,6,-1,-1
5676,7,-1,-1
5677,0,0,160
5677,1,0,160
5677,2,-1,-1
5677,3,-1,-1
5677,4,-1,-1
5677,5,-1,-1
5677,6,-1,-1
5677,7,-1,-1
5678,0,0,160
5678,1,0,160
5678,2,-1,-1
5678,3,-1,-1
5678,4,-1,-1
5678,5,-1,-1
5678,6,-1,-1
5678,7,-1,-1
5679,0,0,160
5679,1,0,160
5679,2,-1,-1
5679,3,-1,-1
5679,4,-1,-1
5679,5,-1,-1
5679,6,-1,-1
5679,7,-1,-1
5680,0,0,160
5680,1,0,160
5680,2,-1,-1
5680,3,-1,-1
5680,4,-1,-1
5680,5,-1,-1
5680,6,-1,-1
5680,7,-1,-1
5681,0,0,160
5681,1,0,160
5681,2,-1,-1
5681,3,-1,-1
5681,4,-1,-1
5681,5,-1,-1
5681,6,-1,-1
5681,7,-1,-1
5682,0,0,160
5682,1,0,160
5682,2,-1,-1
5682,3,-1,-1
5682,4,-1,-1
5682,5,-1,-1
5682,6,-1,-1
5682,7,-1,-1
5683,0,0,160
5683,1,0,160
5683,2,-1,-1
5683,3,-1,-1
5683,4,-1,-1
5683,5,-1,-1
5683,6,-1,-1
5683,7,-1,-1
5684,0,0,160
5684,1,0,160
5684,2,-1,-1
5684,3,-1,-1
5684,4,-1,-1
5684,5,-1,-1
5684,6,-1,-1
5684,7,-1,-1
5685,0,0,160
5685,1,0,160
5685,2,-1,-1
5685,3,-1,-1
5685,4,-1,-1
5685,5,-1,-1
5685,6,-1,-1
5685,7,-1,-1
5686,0,0,160
5686,1,0,160
5686,2,-1,-1
5686,3,-1,-1
5686,4,-1,-1
5686,5,-1,-1
5686,6,-1,-1
5686,7,-1,-1
5687,0,0,160
5687,1,0,160
5687,2,-1,-1
5687,3,-1,-1
5687,4,-1,-1
5687,5,-1,-1
5687,6,-1,-1
5687,7,-1,-1
5688,0,0,160
5688,1,0,160
5688,2,-1,-1
5688,3,-1,-1
5688,4,-1,-1
5688,5,-1,-1
5688,6,-1,-1
5688,7,-1,-1
5689,0,0,160
5689,1,0,160
5689,2,-1,-1
5689,3,-1,-1
5689,4,-1,-1
5689,5,-1,-1
5689,6,-1,-1
5689,7,-1,-1
5690,0,0,160
5690,1,0,160
5690,2,-1,-1
5690,3,-1,-1
5690,4,-1,-1
5690,5,-1,-1
5690,6,-1,-1
5690,7,-1,-1
5691,0,0,160
5691,1,0,160
5691,2,-1,-1
5691,3,-1,-1
5691,4,-1,-1
5691,5,-1,-1
5691,6,-1,-1
5691,7,-1,-1
5692,0,0,160
5692,1,0,160
5692,2,-1,-1
5692,3,-1,-1
5692,4,-1,-1
5692,5,-1,-1
5692,6,-1,-1
5692,7,-1,-1
5693,0,0,160
5693,1,0,160
5693,2,-1,-1
5693,3,-1,-1
5693,4,-1,-1
5693,5,-1,-1
5693,6,-1,-1
5693,7,-1,-1
5694,0,0,160
5694,1,0,160
5694,2,-1,-1
5694,3,-1,-1
5694,4,-1,-1
5694,5,-1,-1
5694,6,-1,-1
5694,7,-1,-1
5695,0,0,160
5695,1,0,160
5695,2,-1,-1
5695,3,-1,-1
5695,4,-1,-1
5695,5,-1,-1
5695,6,-1,-1
5695,7,-1,-1
5696,0,0,160
5696,1,0,160
5696,2,-1,-1
5696,3,-1,-1
5696,4,-1,-1
5696,5,-1,-1
5696,6,-1,-1
5696,7,-1,-1
5697,0,0,160
5697,1,0,160
5697,2,-1,-1
5697,3,-1,-1
5697,4,-1,-1
5697,5,-1,-1
5697,6,-1,-1
5697,7,-1,-1
5698,0,0,160
5698,1,0,160
5698,2,-1,-1
5698,3,-1,-1
5698,4,-1,-1
5698,5,-1,-1
5698,6,-1,-1
5698,7,-1,-1
5699,0,0,160
5699,1,0,160
5699,2,-1,-1
5699,3,-1,-1
5699,4,-1,-1
5699,5,-1,-1
5699,6,-1,-1
5699,7,-1,-1
5700,0,0,160
5700,1,0,160
5700,2,-1,-1
5700,3,-1,-1
5700,4,-1,-1
5700,5,-1,-1
5700,6,-1,-1
5700,7,-1,-1
5701,0,0,160
5701,1,0,160
5701,2,-1,-1
5701,3,-1,-1
5701,4,-1,-1
5701,5,-1,-1
5701,6,-1,-1
5701,7,-1,-1
5702,0,0,160
5702,1,0,160
5702,2,-1,-1
5702,3,-1,-1
5702,4,-1,-1
5702,5,-1,-1
5702,6,-1,-1
5702,7,-1,-1
5703,0,0,160
5703,1,0,160
5703,2,-1,-1
5703,3,-1,-1
5703,4,-1,-1
5703,5,-1,-1
5703,6,-1,-1
5703,7,-1,-1
5704,0,0,160
5704,1,0,160
5704,2,-1,-1
5704,3,-1,-1
5704,4,-1,-1
5704,5,-1,-1
5704,6,-1,-1
5704,7,-1,-1
5705,0,0,160
5705,1,0,160
5705,2,-1,-1
5705,3,-1,-1
5705,4,-1,-1
5705,5,-1,-1
5705,6,-1,-1
5705,7,-1,-1
5706,0,0,160
5706,1,0,160
5706,2,-1,-1
5706,3,-1,-1
5706,4,-1,-1
5706,5,-1,-1
5706,6,-1,-1
5706,7,-1,-1
5707,0,0,160
5707,1,0,160
5707,2,-1,-1
5707,3,-1,-1
5707,4,-1,-1
5707,5,-1,-1
5707,6,-1,-1
5707,7,-1,-1
5708,0,0,160
5708,1,0,160
5708,2,-1,-1
5708,3,-1,-1
5708,4,-1,-1
5708,5,-1,-1
5708,6,-1,-1
5708,7,-1,-1
5709,0,0,160
5709,1,0,160
5709,2,-1,-1
5709,3,-1,-1
5709,4,-1,-1
5709,5,-1,-1
5709,6,-1,-1
5709,7,-1,-1
5710,0,0,160
5710,1,0,160
5710,2,-1,-1
5710,3,-1,-1
5710,4,-1,-1
5710,5,-1,-1
5710,6,-1,-1
5710,7,-1,-1
5711,0,0,160
5711,1,0,160
5711,2,-1,-1
5711,3,-1,-1
5711,4,-1,-1
5711,5,-1,-1
5711,6,-1,-1
5711,7,-1,-1
5712,0,0,160
5712,1,0,160
5712,2,-1,-1
5712,3,-1,-1
5712,4,-1,-1
5712,5,-1,-1
5712,6,-1,-1
5712,7,-1,-1
5713,0,0,160
5713,1,0,160
5713,2,-1,-1
5713,3,-1,-1
5713,4,-1,-1
5713,5,-1,-1
5713,6,-1,-1
5713,7,-1,-1
5714,0,0,160
5714,1,0,160
5714,2,-1,-1
5714,3,-1,-1
5714,4,-1,-1
5714,5,-1,-1
5714,6,-1,-1
5714,7,-1,-1
5715,0,0,160
5715,1,0,160
5715,2,-1,-1
5715,3,-1,-1
5715,4,-1,-1
5715,5,-1,-1
5715,6,-1,-1
5715,7,-1,-1
5716,0,0,160
5716,1,0,160
5716,2,-1,-1
5716,3,-1,-1
5716,4,-1,-1
5716,5,-1,-1
5716,6,-1,-1
5716,7,-1,-1
5717,0,0,160
5717,1,0,160
5717,2,-1,-1
5717,3,-1,-1
5717,4,-1,-1
5717,5,-1,-1
5717,6,-1,-1
5717,7,-1,-1
5718,0,0,160
5718,1,0,160
5718,2,-1,-1
5718,3,-1,-1
5718,4,-1,-1
5718,5,-1,-1
5718,6,-1,-1
5718,7,-1,-1
5719,0,0,160
5719,1,0,160
5719,2,-1,-1
5719,3,-1,-1
5719,4,-1,-1
5719,5,-1,-1
5719,6,-1,-1
5719,7,-1,-1
5720,0,0,160
5720,1,0,160
5720,2,-1,-1
5720,3,-1,-1
5720,4,-1,-1
5720,5,-1,-1
5720,6,-1,-1
5720,7,-1,-1
5721,0,0,160
5721,1,0,160
5721,2,-1,-1
5721,3,-1,-1
5721,4,-1,-1
5721,5,-1,-1
5721,6,-1,-1
5721,7,-1,-1
5722,0,0,160
5722,1,0,160
5722,2,-1,-1
5722,3,-1,-1
5722,4,-1,-1
5722,5,-1,-1
5722,6,-1,-1
5722,7,-1,-1
5723,0,0,160
5723,1,0,160
5723,2,-1,-1
5723,3,-1,-1
5723,4,-1,-1
5723,5,-1,-1
5723,6,-1,-1
5723,7,-1,-1
5724,0,0,160
5724,1,0,160
5724,2,-1,-1
5724,3,-1,-1
5724,4,-1,-1
5724,5,-1,-1
5724,6,-1,-1
5724,7,-1,-1
5725,0,0,160
5725,1,0,160
5725,2,-1,-1
5725,3,-1,-1
5725,4,-1,-1
5725,5,-1,-1
5725,6,-1,-1
5725,7,-1,-1
5726,0,0,160
5726,1,0,160
5726,2,-1,-1
5726,3,-1,-1
5726,4,-1,-1
5726,5,-1,-1
5726,6,-1,-1
5726,7,-1,-1
5727,0,0,160
5727,1,0,160
5727,2,-1,-1
5727,3,-1,-1
5727,4,-1,-1
5727,5,-1,-1
5727,6,-1,-1
5727,7,-1,-1
5728,0,0,160
5728,1,0,160
5728,2,-1,-1
5728,3,-1,-1
5728,4,-1,-1
5728,5,-1,-1
5728,6,-1,-1
5728,7,-1,-1
5729,0,0,160
5729,1,0,160
5729,2,-1,-1
5729,3,-1,-1
5729,4,-1,-1
5729,5,-1,-1
5729,6,-1,-1
5729,7,-1,-1
5730,0,0,160
5730,1,0,160
5730,2,-1,-1
5730,3,-1,-1
5730,4,-1,-1
5730,5,-1,-1
5730,6,-1,-1
5730,7,-1,-1
5731,0,0,160
5731,1,0,160
5731,2,-1,-1
5731,3,-1,-1
5731,4,-1,-1
5731,5,-1,-1
5731,6,-1,-1
5731,7,-1,-1
5732,0,0,160
5732,1,0,160
5732,2,-1,-1
5732,3,-1,-1
5732,4,-1,-1
5732,5,-1,-1
5732,6,-1,-1
5732,7,-1,-1
5733,0,0,160
5733,1,0,160
5733,2,-1,-1
5733,3,-1,-1
5733,4,-1,-1
5733,5,-1,-1
5733,6,-1,-1
5733,7,-1,-1
5734,0,0,160
5734,1,0,160
5734,2,-1,-1
5734,3,-1,-1
5734,4,-1,-1
5734,5,-1,-1
5734,6,-1,-1
5734,7,-1,-1
5735,0,0,160
5735,1,0,160
5735,2,-1,-1
5735,3,-1,-1
5735,4,-1,-1
5735,5,-1,-1
5735,6,-1,-1
5735,7,-1,-1
5736,0,0,160
5736,1,0,160
5736,2,-1,-1
5736,3,-1,-1
5736,4,-1,-1
5736,5,-1,-1
5736,6,-1,-1
5736,7,-1,-1
5737,0,0,160
5737,1,0,160
5737,2,-1,-1
5737,3,-1,-1
5737,4,-1,-1
5737,5,-1,-1
5737,6,-1,-1
5737,7,-1,-1
5738,0,0,160
5738,1,0,160
5738,2,-1,-1
5738,3,-1,-1
5738,4,-1,-1
5738,5,-1,-1
5738,6,-1,-1
5738,7,-1,-1
5739,0,0,160
5739,1,0,160
5739,2,-1,-1
5739,3,-1,-1
5739,4,-1,-1
5739,5,-1,-1
5739,6,-1,-1
5739,7,-1,-1
5740,0,0,160
5740,1,0,160
5740,2,-1,-1
5740,3,-1,-1
5740,4,-1,-1
5740,5,-1,-1
5740,6,-1,-1
5740,7,-1,-1
5741,0,0,160
5741,1,0,160
5741,2,-1,-1
5741,3,-1,-1
5741,4,-1,-1
5741,5,-1,-1
5741,6,-1,-1
5741,7,-1,-1
5742,0,0,160
5742,1,0,160
5742,2,-1,-1
5742,3,-1,-1
5742,4,-1,-1
5742,5,-1,-1
5742,6,-1,-1
5742,7,-1,-1
5743,0,0,160
5743,1,0,160
5743,2,-1,-1
5743,3,-1,-1
5743,4,-1,-1
5743,5,-1,-1
5743,6,-1,-1
5743,7,-1,-1
5744,0,0,160
5744,1,0,160
5744,2,-1,-1
5744,3,-1,-1
5744,4,-1,-1
5744,5,-1,-1
5744,6,-1,-1
5744,7,-1,-1
5745,0,0,160
5745,1,0,160
5745,2,-1,-1
5745,3,-1,-1
5745,4,-1,-1
5745,5,-1,-1
5745,6,-1,-1
5745,7,-1,-1
5746,0,0,160
5746,1,0,160
5746,2,-1,-1
5746,3,-1,-1
5746,4,-1,-1
5746,5,-1,-1
5746,6,-1,-1
5746,7,-1,-1
5747,0,0,160
5747,1,0,160
5747,2,-1,-1
5747,3,-1,-1
5747,4,-1,-1
5747,5,-1,-1
5747,6,-1,-1
5747,7,-1,-1
5748,0,0,160
5748,1,0,160
5748,2,-1,-1
5748,3,-1,-1
5748,4,-1,-1
5748,5,-1,-1
5748,6,-1,-1
5748,7,-1,-1
5749,0,0,160
5749,1,0,160
5749,2,-1,-1
5749,3,-1,-1
5749,4,-1,-1
5749,5,-1,-1
5749,6,-1,-1
5749,7,-1,-1
5750,0,0,160
5750,1,0,160
5750,2,-1,-1
5750,3,-1,-1
5750,4,-1,-1
5750,5,-1,-1
5750,6,-1,-1
5750,7,-1,-1
5751,0,0,160
5751,1,0,160
5751,2,-1,-1
5751,3,-1,-1
5751,4,-1,-1
5751,5,-1,-1
5751,6,-1,-1
5751,7,-1,-1
5752,0,0,160
5752,1,0,160
5752,2,-1,-1
5752,3,-1,-1
5752,4,-1,-1
5752,5,-1,-1
5752,6,-1,-1
5752,7,-1,-1
5753,0,0,160
5753,1,0,160
5753,2,-1,-1
5753,3,-1,-1
5753,4,-1,-1
5753,5,-1,-1
5753,6,-1,-1
5753,7,-1,-1
5754,0,0,160
5754,1,0,160
5754,2,-1,-1
5754,3,-1,-1
5754,4,-1,-1
5754,5,-1,-1
5754,6,-1,-1
5754,7,-1,-1
5755,0,0,160
5755,1,0,160
5755,2,-1,-1
5755,3,-1,-1
5755,4,-1,-1
5755,5,-1,-1
5755,6,-1,-1
5755,7,-1,-1
5756,0,0,160
5756,1,0,160
5756,2,-1,-1
5756,3,-1,-1
5756,4,-1,-1
5756,5,-1,-1
5756,6,-1,-1
5756,7,-1,-1
5757,0,0,160
5757,1,0,160
5757,2,-1,-1
5757,3,-1,-1
5757,4,-1,-1
5757,5,-1,-1
5757,6,-1,-1
5757,7,-1,-1
5758,0,0,160
5758,1,0,160
5758,2,-1,-1
5758,3,-1,-1
5758,4,-1,-1
5758,5,-1,-1
5758,6,-1,-1
5758,7,-1,-1
5759,0,0,160
5759,1,0,160
5759,2,-1,-1
5759,3,-1,-1
5759,4,-1,-1
5759,5,-1,-1
5759,6,-1,-1
5759,7,-1,-1
5760,0,0,160
5760,1,0,160
5760,2,-1,-1
5760,3,-1,-1
5760,4,-1,-1
5760,5,-1,-1
5760,6,-1,-1
5760,7,-1,-1
5761,0,0,160
5761,1,0,160
5761,2,-1,-1
5761,3,-1,-1
5761,4,-1,-1
5761,5,-1,-1
5761,6,-1,-1
5761,7,-1,-1
5762,0,0,160
5762,1,0,160
5762,2,-1,-1
5762,3,-1,-1
5762,4,-1,-1
5762,5,-1,-1
5762,6,-1,-1
5762,7,-1,-1
5763,0,0,160
5763,1,0,160
5763,2,-1,-1
5763,3,-1,-1
5763,4,-1,-1
5763,5,-1,-1
5763,6,-1,-1
5763,7,-1,-1
5764,0,0,160
5764,1,0,160
5764,2,-1,-1
5764,3,-1,-1
5764,4,-1,-1
5764,5,-1,-1
5764,6,-1,-1
5764,7,-1,-1
5765,0,0,160
5765,1,0,160
5765,2,-1,-1
5765,3,-1,-1
5765,4,-1,-1
5765,5,-1,-1
5765,6,-1,-1
5765,7,-1,-1
5766,0,0,160
5766,1,0,160
5766,2,-1,-1
5766,3,-1,-1
5766,4,-1,-1
5766,5,-1,-1
5766,6,-1,-1
5766,7,-1,-1
5767,0,0,160
5767,1,0,160
5767,2,-1,-1
5767,3,-1,-1
5767,4,-1,-1
5767,5,-1,-1
5767,6,-1,-1
5767,7,-1,-1
5768,0,0,160
5768,1,0,160
5768,2,-1,-1
5768,3,-1,-1
5768,4,-1,-1
5768,5,-1,-1
5768,6,-1,-1
5768,7,-1,-1
5769,0,0,160
5769,1,0,160
5769,2,-1,-1
5769,3,-1,-1
5769,4,-1,-1
5769,5,-1,-1
5769,6,-1,-1
5769,7,-1,-1
5770,0,0,160
5770,1,0,160
5770,2,-1,-1
5770,3,-1,-1
5770,4,-1,-1
5770,5,-1,-1
5770,6,-1,-1
5770,7,-1,-1
5771,0,0,160
5771,1,0,160
5771,2,-1,-1
5771,3,-1,-1
5771,4,-1,-1
5771,5,-1,-1
5771,6,-1,-1
5771,7,-1,-1
5772,0,0,160
5772,1,0,160
5772,2,-1,-1
5772,3,-1,-1
5772,4,-1,-1
5772,5,-1,-1
5772,6,-1,-1
5772,7,-1,-1
5773,0,0,160
5773,1,0,160
5773,2,-1,-1
5773,3,-1,-1
5773,4,-1,-1
5773,5,-1,-1
5773,6,-1,-1
5773,7,-1,-1
5774,0,0,160
5774,1,0,160
5774,2,-1,-1
5774,3,-1,-1
5774,4,-1,-1
5774,5,-1,-1
5774,6,-1,-1
5774,7,-1,-1
5775,0,0,160
5775,1,0,160
5775,2,-1,-1
5775,3,-1,-1
5775,4,-1,-1
5775,5,-1,-1
5775,6,-1,-1
5775,7,-1,-1
5776,0,0,160
5776,1,0,160
5776,2,-1,-1
5776,3,-1,-1
5776,4,-1,-1
5776,5,-1,-1
5776,6,-1,-1
5776,7,-1,-1
5777,0,0,160
5777,1,0,160
5777,2,-1,-1
5777,3,-1,-1
5777,4,-1,-1
5777,5,-1,-1
5777,6,-1,-1
5777,7,-1,-1
5778,0,0,160
5778,1,0,160
5778,2,-1,-1
5778,3,-1,-1
5778,4,-1,-1
5778,5,-1,-1
5778,6,-1,-1
5778,7,-1,-1
5779,0,0,160
5779,1,0,160
5779,2,-1,-1
5779,3,-1,-1
5779,4,-1,-1
5779,5,-1,-1
5779,6,-1,-1
5779,7,-1,-1
5780,0,0,160
5780,1,0,160
5780,2,-1,-1
5780,3,-1,-1
5780,4,-1,-1
5780,5,-1,-1
5780,6,-1,-1
5780,7,-1,-1
5781,0,0,160
5781,1,0,160
5781,2,-1,-1
5781,3,-1,-1
5781,4,-1,-1
5781,5,-1,-1
5781,6,-1,-1
5781,7,-1,-1
5782,0,0,160
5782,1,0,160
5782,2,-1,-1
5782,3,-1,-1
5782,4,-1,-1
5782,5,-1,-1
5782,6,-1,-1
5782,7,-1,-1
5783,0,0,160
5783,1,0,160
5783,2,-1,-1
5783,3,-1,-1
5783,4,-1,-1
5783,5,-1,-1
5783,6,-1,-1
5783,7,-1,-1
5784,0,0,160
5784,1,0,160
5784,2,-1,-1
5784,3,-1,-1
5784,4,-1,-1
5784,5,-1,-1
5784,6,-1,-1
5784,7,-1,-1
5785,0,0,160
5785,1,0,160
5785,2,-1,-1
5785,3,-1,-1
5785,4,-1,-1
5785,5,-1,-1
5785,6,-1,-1
5785,7,-1,-1
5786,0,0,160
5786,1,0,160
5786,2,-1,-1
5786,3,-1,-1
5786,4,-1,-1
5786,5,-1,-1
5786,6,-1,-1
5786,7,-1,-1
5787,0,0,160
5787,1,0,160
5787,2,-1,-1
5787,3,-1,-1
5787,4,-1,-1
5787,5,-1,-1
5787,6,-1,-1
5787,7,-1,-1
5788,0,0,160
5788,1,0,160
5788,2,-1,-1
5788,3,-1,-1
5788,4,-1,-1
5788,5,-1,-1
5788,6,-1,-1
5788,7,-1,-1
5789,0,0,160
5789,1,0,160
5789,2,-1,-1
5789,3,-1,-1
5789,4,-1,-1
5789,5,-1,-1
5789,6,-1,-1
5789,7,-1,-1
5790,0,0,160
5790,1,0,160
5790,2,-1,-1
5790,3,-1,-1
5790,4,-1,-1
5790,5,-1,-1
5790,6,-1,-1
5790,7,-1,-1
5791,0,0,160
5791,1,0,160
5791,2,-1,-1
5791,3,-1,-1
5791,4,-1,-1
5791,5,-1,-1
5791,6,-1,-1
5791,7,-1,-1
5792,0,0,160
5792,1,0,160
5792,2,-1,-1
5792,3,-1,-1
5792,4,-1,-1
5792,5,-1,-1
5792,6,-1,-1
5792,7,-1,-1
5793,0,0,160
5793,1,0,160
5793,2,-1,-1
5793,3,-1,-1
5793,4,-1,-1
5793,5,-1,-1
5793,6,-1,-1
5793,7,-1,-1
5794,0,0,160
5794,1,0,160
5794,2,-1,-1
5794,3,-1,-1
5794,4,-1,-1
5794,5,-1,-1
5794,6,-1,-1
5794,7,-1,-1
5795,0,0,160
5795,1,0,160
5795,2,-1,-1
5795,3,-1,-1
5795,4,-1,-1
5795,5,-1,-1
5795,6,-1,-1
5795,7,-1,-1
5796,0,0,160
5796,1,0,160
5796,2,-1,-1
5796,3,-1,-1
5796,4,-1,-1
5796,5,-1,-1
5796,6,-1,-1
5796,7,-1,-1
5797,0,0,160
5797,1,0,160
5797,2,-1,-1
5797,3,-1,-1
5797,4,-1,-1
5797,5,-1,-1
5797,6,-1,-1
5797,7,-1,-1
5798,0,0,160
5798,1,0,160
5798,2,-1,-1
5798,3,-1,-1
5798,4,-1,-1
5798,5,-1,-1
5798,6,-1,-1
5798,7,-1,-1
5799,0,0,160
5799,1,0,160
5799,2,-1,-1
5799,3,-1,-1
5799,4,-1,-1
5799,5,-1,-1
5799,6,-1,-1
5799,7,-1,-1
5800,0,0,160
5800,1,0,160
5800,2,-1,-1
5800,3,-1,-1
5800,4,-1,-1
5800,5,-1,-1
5800,6,-1,-1
5800,7,-1,-1
5801,0,0,160
5801,1,0,160
5801,2,-1,-1
5801,3,-1,-1
5801,4,-1,-1
5801,5,-1,-1
5801,6,-1,-1
5801,7,-1,-1
5802,0,0,160
5802,1,0,160
5802,2,-1,-1
5802,3,-1,-1
5802,4,-1,-1
5802,5,-1,-1
5802,6,-1,-1
5802,7,-1,-1
5803,0,0,160
5803,1,0,160
5803,2,-1,-1
5803,3,-1,-1
5803,4,-1,-1
5803,5,-1,-1
5803,6,-1,-1
5803,7,-1,-1
5804,0,0,160
5804,1,0,160
5804,2,-1,-1
5804,3,-1,-1
5804,4,-1,-1
5804,5,-1,-1
5804,6,-1,-1
5804,7,-1,-1
5805,0,0,160
5805,1,0,160
5805,2,-1,-1
5805,3,-1,-1
5805,4,-1,-1
5805,5,-1,-1
5805,6,-1,-1
5805,7,-1,-1
5806,0,0,160
5806,1,0,160
5806,2,-1,-1
5806,3,-1,-1
5806,4,-1,-1
5806,5,-1,-1
5806,6,-1,-1
5806,7,-1,-1
5807,0,0,160
5807,1,0,160
5807,2,-1,-1
5807,3,-1,-1
5807,4,-1,-1
5807,5,-1,-1
5807,6,-1,-1
5807,7,-1,-1
5808,0,0,160
5808,1,0,160
5808,2,-1,-1
5808,3,-1,-1
5808,4,-1,-1
5808,5,-1,-1
5808,6,-1,-1
5808,7,-1,-1
5809,0,0,160
5809,1,0,160
5809,2,-1,-1
5809,3,-1,-1
5809,4,-1,-1
5809,5,-1,-1
5809,6,-1,-1
5809,7,-1,-1
5810,0,0,160
5810,1,0,160
5810,2,-1,-1
5810,3,-1,-1
5810,4,-1,-1
5810,5,-1,-1
5810,6,-1,-1
5810,7,-1,-1
5811,0,0,160
5811,1,0,160
5811,2,-1,-1
5811,3,-1,-1
5811,4,-1,-1
5811,5,-1,-1
5811,6,-1,-1
5811,7,-1,-1
5812,0,0,160
5812,1,0,160
5812,2,-1,-1
5812,3,-1,-1
5812,4,-1,-1
5812,5,-1,-1
5812,6,-1,-1
5812,7,-1,-1
5813,0,0,160
5813,1,0,160
5813,2,-1,-1
5813,3,-1,-1
5813,4,-1,-1
5813,5,-1,-1
5813,6,-1,-1
5813,7,-1,-1
5814,0,0,160
5814,1,0,160
5814,2,-1,-1
5814,3,-1,-1
5814,4,-1,-1
5814,5,-1,-1
5814,6,-1,-1
5814,7,-1,-1
5815,0,0,160
5815,1,0,160
5815,2,-1,-1
5815,3,-1,-1
5815,4,-1,-1
5815,5,-1,-1
5815,6,-1,-1
5815,7,-1,-1
5816,0,0,160
5816,1,0,160
5816,2,-1,-1
5816,3,-1,-1
5816,4,-1,-1
5816,5,-1,-1
5816,6,-1,-1
5816,7,-1,-1
5817,0,0,160
5817,1,0,160
5817,2,-1,-1
5817,3,-1,-1
5817,4,-1,-1
5817,5,-1,-1
5817,6,-1,-1
5817,7,-1,-1
5818,0,0,160
5818,1,0,160
5818,2,-1,-1
5818,3,-1,-1
5818,4,-1,-1
5818,5,-1,-1
5818,6,-1,-1
5818,7,-1,-1
5819,0,0,160
5819,1,0,160
5819,2,-1,-1
5819,3,-1,-1
5819,4,-1,-1
5819,5,-1,-1
5819,6,-1,-1
5819,7,-1,-1
5820,0,0,160
5820,1,0,160
5820,2,-1,-1
5820,3,-1,-1
5820,4,-1,-1
5820,5,-1,-1
5820,6,-1,-1
5820,7,-1,-1
5821,0,0,160
5821,1,0,160
5821,2,-1,-1
5821,3,-1,-1
5821,4,-1,-1
5821,5,-1,-1
5821,6,-1,-1
5821,7,-1,-1
5822,0,0,160
5822,1,0,160
5822,2,-1,-1
5822,3,-1,-1
5822,4,-1,-1
5822,5,-1,-1
5822,6,-1,-1
5822,7,-1,-1
5823,0,0,160
5823,1,0,160
5823,2,-1,-1
5823,3,-1,-1
5823,4,-1,-1
5823,5,-1,-1
5823,6,-1,-1
5823,7,-1,-1
5824,0,0,160
5824,1,0,160
5824,2,-1,-1
5824,3,-1,-1
5824,4,-1,-1
5824,5,-1,-1
5824,6,-1,-1
5824,7,-1,-1
5825,0,0,160
5825,1,0,160
5825,2,-1,-1
5825,3,-1,-1
5825,4,-1,-1
5825,5,-1,-1
5825,6,-1,-1
5825,7,-1,-1
5826,0,0,160
5826,1,0,160
5826,2,-1,-1
5826,3,-1,-1
5826,4,-1,-1
5826,5,-1,-1
5826,6,-1,-1
5826,7,-1,-1
5827,0,0,160
5827,1,0,160
5827,2,-1,-1
5827,3,-1,-1
5827,4,-1,-1
5827,5,-1,-1
5827,6,-1,-1
5827,7,-1,-1
5828,0,0,160
5828,1,0,160
5828,2,-1,-1
5828,3,-1,-1
5828,4,-1,-1
5828,5,-1,-1
5828,6,-1,-1
5828,7,-1,-1
5829,0,0,160
5829,1,0,160
5829,2,-1,-1
5829,3,-1,-1
5829,4,-1,-1
5829,5,-1,-1
5829,6,-1,-1
5829,7,-1,-1
5830,0,0,160
5830,1,0,160
5830,2,-1,-1
5830,3,-1,-1
5830,4,-1,-1
5830,5,-1,-1
5830,6,-1,-1
5830,7,-1,-1
5831,0,0,160
5831,1,0,160
5831,2,-1,-1
5831,3,-1,-1
5831,4,-1,-1
5831,5,-1,-1
5831,6,-1,-1
5831,7,-1,-1
5832,0,0,160
5832,1,0,160
5832,2,-1,-1
5832,3,-1,-1
5832,4,-1,-1
5832,5,-1,-1
5832,6,-1,-1
5832,7,-1,-1
5833,0,0,160
5833,1,0,160
5833,2,-1,-1
5833,3,-1,-1
5833,4,-1,-1
5833,5,-1,-1
5833,6,-1,-1
5833,7,-1,-1
5834,0,0,160
5834,1,0,160
5834,2,-1,-1
5834,3,-1,-1
5834,4,-1,-1
5834,5,-1,-1
5834,6,-1,-1
5834,7,-1,-1
5835,0,0,160
5835,1,0,160
5835,2,-1,-1
5835,3,-1,-1
5835,4,-1,-1
5835,5,-1,-1
5835,6,-1,-1
5835,7,-1,-1
5836,0,0,160
5836,1,0,160
5836,2,-1,-1
5836,3,-1,-1
5836,4,-1,-1
5836,5,-1,-1
5836,6,-1,-1
5836,7,-1,-1
5837,0,0,160
5837,1,0,160
5837,2,-1,-1
5837,3,-1,-1
5837,4,-1,-1
5837,5,-1,-1
5837,6,-1,-1
5837,7,-1,-1
5838,0,0,160
5838,1,0,160
5838,2,-1,-1
5838,3,-1,-1
5838,4,-1,-1
5838,5,-1,-1
5838,6,-1,-1
5838,7,-1,-1
5839,0,0,160
5839,1,0,160
5839,2,-1,-1
5839,3,-1,-1
5839,4,-1,-1
5839,5,-1,-1
5839,6,-1,-1
5839,7,-1,-1
5840,0,0,160
5840,1,0,160
5840,2,-1,-1
5840,3,-1,-1
5840,4,-1,-1
5840,5,-1,-1
5840,6,-1,-1
5840,7,-1,-1
5841,0,0,160
5841,1,0,160
5841,2,-1,-1
5841,3,-1,-1
5841,4,-1,-1
5841,5,-1,-1
5841,6,-1,-1
5841,7,-1,-1
5842,0,0,160
5842,1,0,160
5842,2,-1,-1
5842,3,-1,-1
5842,4,-1,-1
5842,5,-1,-1
5842,6,-1,-1
5842,7,-1,-1
5843,0,0,160
5843,1,0,160
5843,2,-1,-1
5843,3,-1,-1
5843,4,-1,-1
5843,5,-1,-1
5843,6,-1,-1
5843,7,-1,-1
5844,0,0,160
5844,1,0,160
5844,2,-1,-1
5844,3,-1,-1
5844,4,-1,-1
5844,5,-1,-1
5844,6,-1,-1
5844,7,-1,-1
5845,0,0,160
5845,1,0,160
5845,2,-1,-1
5845,3,-1,-1
5845,4,-1,-1
5845,5,-1,-1
5845,6,-1,-1
5845,7,-1,-1
5846,0,0,160
5846,1,0,160
5846,2,-1,-1
5846,3,-1,-1
5846,4,-1,-1
5846,5,-1,-1
5846,6,-1,-1
5846,7,-1,-1
5847,0,0,160
5847,1,0,160
5847,2,-1,-1
5847,3,-1,-1
5847,4,-1,-1
5847,5,-1,-1
5847,6,-1,-1
5847,7,-1,-1
5848,0,0,160
5848,1,0,160
5848,2,-1,-1
5848,3,-1,-1
5848,4,-1,-1
5848,5,-1,-1
5848,6,-1,-1
5848,7,-1,-1
5849,0,0,160
5849,1,0,160
5849,2,-1,-1
5849,3,-1,-1
5849,4,-1,-1
5849,5,-1,-1
5849,6,-1,-1
5849,7,-1,-1
5850,0,0,160
5850,1,0,160
5850,2,-1,-1
5850,3,-1,-1
5850,4,-1,-1
5850,5,-1,-1
5850,6,-1,-1
5850,7,-1,-1
5851,0,0,160
5851,1,0,160
5851,2,-1,-1
5851,3,-1,-1
5851,4,-1,-1
5851,5,-1,-1
5851,6,-1,-1
5851,7,-1,-1
5852,0,0,160
5852,1,0,160
5852,2,-1,-1
5852,3,-1,-1
5852,4,-1,-1
5852,5,-1,-1
5852,6,-1,-1
5852,7,-1,-1
5853,0,0,160
5853,1,0,160
5853,2,-1,-1
5853,3,-1,-1
5853,4,-1,-1
5853,5,-1,-1
5853,6,-1,-1
5853,7,-1,-1
5854,0,0,160
5854,1,0,160
5854,2,-1,-1
5854,3,-1,-1
5854,4,-1,-1
5854,5,-1,-1
5854,6,-1,-1
5854,7,-1,-1
5855,0,0,160
5855,1,0,160
5855,2,-1,-1
5855,3,-1,-1
5855,4,-1,-1
5855,5,-1,-1
5855,6,-1,-1
5855,7,-1,-1
5856,0,0,160
5856,1,0,160
5856,2,-1,-1
5856,3,-1,-1
5856,4,-1,-1
5856,5,-1,-1
5856,6,-1,-1
5856,7,-1,-1
5857,0,0,160
5857,1,0,160
5857,2,-1,-1
5857,3,-1,-1
5857,4,-1,-1
5857,5,-1,-1
5857,6,-1,-1
5857,7,-1,-1
5858,0,0,160
5858,1,0,160
5858,2,-1,-1
5858,3,-1,-1
5858,4,-1,-1
5858,5,-1,-1
5858,6,-1,-1
5858,7,-1,-1
5859,0,0,160
5859,1,0,160
5859,2,-1,-1
5859,3,-1,-1
5859,4,-1,-1
5859,5,-1,-1
5859,6,-1,-1
5859,7,-1,-1
5860,0,0,160
5860,1,0,160
5860,2,-1,-1
5860,3,-1,-1
5860,4,-1,-1
5860,5,-1,-1
5860,6,-1,-1
5860,7,-1,-1
5861,0,0,160
5861,1,0,160
5861,2,-1,-1
5861,3,-1,-1
5861,4,-1,-1
5861,5,-1,-1
5861,6,-1,-1
5861,7,-1,-1
5862,0,0,160
5862,1,0,160
5862,2,-1,-1
5862,3,-1,-1
5862,4,-1,-1
5862,5,-1,-1
5862,6,-1,-1
5862,7,-1,-1
5863,0,0,160
5863,1,0,160
5863,2,-1,-1
5863,3,-1,-1
5863,4,-1,-1
5863,5,-1,-1
5863,6,-1,-1
5863,7,-1,-1
5864,0,0,160
5864,1,0,160
5864,2,-1,-1
5864,3,-1,-1
5864,4,-1,-1
5864,5,-1,-1
5864,6,-1,-1
5864,7,-1,-1
5865,0,0,160
5865,1,0,160
5865,2,-1,-1
5865,3,-1,-1
5865,4,-1,-1
5865,5,-1,-1
5865,6,-1,-1
5865,7,-1,-1
5866,0,0,160
5866,1,0,160
5866,2,-1,-1
5866,3,-1,-1
5866,4,-1,-1
5866,5,-1,-1
5866,6,-1,-1
5866,7,-1,-1
5867,0,0,160
5867,1,0,160
5867,2,-1,-1
5867,3,-1,-1
5867,4,-1,-1
5867,5,-1,-1
5867,6,-1,-1
5867,7,-1,-1
5868,0,0,160
5868,1,0,160
5868,2,-1,-1
5868,3,-1,-1
5868,4,-1,-1
5868,5,-1,-1
5868,6,-1,-1
5868,7,-1,-1
5869,0,0,160
5869,1,0,160
5869,2,-1,-1
5869,3,-1,-1
5869,4,-1,-1
5869,5,-1,-1
5869,6,-1,-1
5869,7,-1,-1
5870,0,0,160
5870,1,0,160
5870,2,-1,-1
5870,3,-1,-1
5870,4,-1,-1
5870,5,-1,-1
5870,6,-1,-1
5870,7,-1,-1
5871,0,0,160
5871,1,0,160
5871,2,-1,-1
5871,3,-1,-1
5871,4,-1,-1
5871,5,-1,-1
5871,6,-1,-1
5871,7,-1,-1
5872,0,0,160
5872,1,0,160
5872,2,-1,-1
5872,3,-1,-1
5872,4,-1,-1
5872,5,-1,-1
5872,6,-1,-1
5872,7,-1,-1
5873,0,0,160
5873,1,0,160
5873,2,-1,-1
5873,3,-1,-1
5873,4,-1,-1
5873,5,-1,-1
5873,6,-1,-1
5873,7,-1,-1
5874,0,0,160
5874,1,0,160
5874,2,-1,-1
5874,3,-1,-1
5874,4,-1,-1
5874,5,-1,-1
5874,6,-1,-1
5874,7,-1,-1
5875,0,0,160
5875,1,0,160
5875,2,-1,-1
5875,3,-1,-1
5875,4,-1,-1
5875,5,-1,-1
5875,6,-1,-1
5875,7,-1,-1
5876,0,0,160
5876,1,0,160
5876,2,-1,-1
5876,3,-1,-1
5876,4,-1,-1
5876,5,-1,-1
5876,6,-1,-1
5876,7,-1,-1
5877,0,0,160
5877,1,0,160
5877,2,-1,-1
5877,3,-1,-1
5877,4,-1,-1
5877,5,-1,-1
5877,6,-1,-1
5877,7,-1,-1
5878,0,0,160
5878,1,0,160
5878,2,-1,-1
5878,3,-1,-1
5878,4,-1,-1
5878,5,-1,-1
5878,6,-1,-1
5878,7,-1,-1
5879,0,0,160
5879,1,0,160
5879,2,-1,-1
5879,3,-1,-1
5879,4,-1,-1
5879,5,-1,-1
5879,6,-1,-1
5879,7,-1,-1
5880,0,0,160
5880,1,0,160
5880,2,-1,-1
5880,3,-1,-1
5880,4,-1,-1
5880,5,-1,-1
5880,6,-1,-1
5880,7,-1,-1
5881,0,0,160
5881,1,0,160
5881,2,-1,-1
5881,3,-1,-1
5881,4,-1,-1
5881,5,-1,-1
5881,6,-1,-1
5881,7,-1,-1
5882,0,0,160
5882,1,0,160
5882,2,-1,-1
5882,3,-1,-1
5882,4,-1,-1
5882,5,-1,-1
5882,6,-1,-1
5882,7,-1,-1
5883,0,0,160
5883,1,0,160
5883,2,-1,-1
5883,3,-1,-1
5883,4,-1,-1
5883,5,-1,-1
5883,6,-1,-1
5883,7,-1,-1
5884,0,0,160
5884,1,0,160
5884,2,-1,-1
5884,3,-1,-1
5884,4,-1,-1
5884,5,-1,-1
5884,6,-1,-1
5884,7,-1,-1
5885,0,0,160
5885,1,0,160
5885,2,-1,-1
5885,3,-1,-1
5885,4,-1,-1
5885,5,-1,-1
5885,6,-1,-1
5885,7,-1,-1
5886,0,0,160
5886,1,0,160
5886,2,-1,-1
5886,3,-1,-1
5886,4,-1,-1
5886,5,-1,-1
5886,6,-1,-1
5886,7,-1,-1
5887,0,0,160
5887,1,0,160
5887,2,-1,-1
5887,3,-1,-1
5887,4,-1,-1
5887,5,-1,-1
5887,6,-1,-1
5887,7,-1,-1
5888,0,0,160
5888,1,0,160
5888,2,-1,-1
5888,3,-1,-1
5888,4,-1,-1
5888,5,-1,-1
5888,6,-1,-1
5888,7,-1,-1
5889,0,0,160
5889,1,0,160
5889,2,-1,-1
5889,3,-1,-1
5889,4,-1,-1
5889,5,-1,-1
5889,6,-1,-1
5889,7,-1,-1
5890,0,0,160
5890,1,0,160
5890,2,-1,-1
5890,3,-1,-1
5890,4,-1,-1
5890,5,-1,-1
5890,6,-1,-1
5890,7,-1,-1
5891,0,0,160
5891,1,0,160
5891,2,-1,-1
5891,3,-1,-1
5891,4,-1,-1
5891,5,-1,-1
5891,6,-1,-1
5891,7,-1,-1
5892,0,0,160
5892,1,0,160
5892,2,-1,-1
5892,3,-1,-1
5892,4,-1,-1
5892,5,-1,-1
5892,6,-1,-1
5892,7,-1,-1
5893,0,0,160
5893,1,0,160
5893,2,-1,-1
5893,3,-1,-1
5893,4,-1,-1
5893,5,-1,-1
5893,6,-1,-1
5893,7,-1,-1
5894,0,0,160
5894,1,0,160
5894,2,-1,-1
5894,3,-1,-1
5894,4,-1,-1
5894,5,-1,-1
5894,6,-1,-1
5894,7,-1,-1
5895,0,0,160
5895,1,0,160
5895,2,-1,-1
5895,3,-1,-1
5895,4,-1,-1
5895,5,-1,-1
5895,6,-1,-1
5895,7,-1,-1
5896,0,0,160
5896,1,0,160
5896,2,-1,-1
5896,3,-1,-1
5896,4,-1,-1
5896,5,-1,-1
5896,6,-1,-1
5896,7,-1,-1
5897,0,0,160
5897,1,0,160
5897,2,-1,-1
5897,3,-1,-1
5897,4,-1,-1
5897,5,-1,-1
5897,6,-1,-1
5897,7,-1,-1
5898,0,0,160
5898,1,0,160
5898,2,-1,-1
5898,3,-1,-1
5898,4,-1,-1
5898,5,-1,-1
5898,6,-1,-1
5898,7,-1,-1
5899,0,0,160
5899,1,0,160
5899,2,-1,-1
5899,3,-1,-1
5899,4,-1,-1
5899,5,-1,-1
5899,6,-1,-1
5899,7,-1,-1
5900,0,0,160
5900,1,0,160
5900,2,-1,-1
5900,3,-1,-1
5900,4,-1,-1
5900,5,-1,-1
5900,6,-1,-1
5900,7,-1,-1
5901,0,0,160
5901,1,0,160
5901,2,-1,-1
5901,3,-1,-1
5901,4,-1,-1
5901,5,-1,-1
5901,6,-1,-1
5901,7,-1,-1
5902,0,0,160
5902,1,0,160
5902,2,-1,-1
5902,3,-1,-1
5902,4,-1,-1
5902,5,-1,-1
5902,6,-1,-1
5902,7,-1,-1
5903,0,0,160
5903,1,0,160
5903,2,-1,-1
5903,3,-1,-1
5903,4,-1,-1
5903,5,-1,-1
5903,6,-1,-1
5903,7,-1,-1
5904,0,0,160
5904,1,0,160
5904,2,-1,-1
5904,3,-1,-1
5904,4,-1,-1
5904,5,-1,-1
5904,6,-1,-1
5904,7,-1,-1
5905,0,0,160
5905,1,0,160
5905,2,-1,-1
5905,3,-1,-1
5905,4,-1,-1
5905,5,-1,-1
5905,6,-1,-1
5905,7,-1,-1
5906,0,0,160
5906,1,0,160
5906,2,-1,-1
5906,3,-1,-1
5906,4,-1,-1
5906,5,-1,-1
5906,6,-1,-1
5906,7,-1,-1
5907,0,0,160
5907,1,0,160
5907,2,-1,-1
5907,3,-1,-1
5907,4,-1,-1
5907,5,-1,-1
5907,6,-1,-1
5907,7,-1,-1
5908,0,0,160
5908,1,0,160
5908,2,-1,-1
5908,3,-1,-1
5908,4,-1,-1
5908,5,-1,-1
5908,6,-1,-1
5908,7,-1,-1
5909,0,0,160
5909,1,0,160
5909,2,-1,-1
5909,3,-1,-1
5909,4,-1,-1
5909,5,-1,-1
5909,6,-1,-1
5909,7,-1,-1
5910,0,0,160
5910,1,0,160
5910,2,-1,-1
5910,3,-1,-1
5910,4,-1,-1
5910,5,-1,-1
5910,6,-1,-1
5910,7,-1,-1
5911,0,0,160
5911,1,0,160
5911,2,-1,-1
5911,3,-1,-1
5911,4,-1,-1
5911,5,-1,-1
5911,6,-1,-1
5911,7,-1,-1
5912,0,0,160
5912,1,0,160
5912,2,-1,-1
5912,3,-1,-1
5912,4,-1,-1
5912,5,-1,-1
5912,6,-1,-1
5912,7,-1,-1
5913,0,0,160
5913,1,0,160
5913,2,-1,-1
5913,3,-1,-1
5913,4,-1,-1
5913,5,-1,-1
5913,6,-1,-1
5913,7,-1,-1
5914,0,0,160
5914,1,0,160
5914,2,-1,-1
5914,3,-1,-1
5914,4,-1,-1
5914,5,-1,-1
5914,6,-1,-1
5914,7,-1,-1
5915,0,0,160
5915,1,0,160
5915,2,-1,-1
5915,3,-1,-1
5915,4,-1,-1
5915,5,-1,-1
5915,6,-1,-1
5915,7,-1,-1
5916,0,0,160
5916,1,0,160
5916,2,-1,-1
5916,3,-1,-1
5916,4,-1,-1
5916,5,-1,-1
5916,6,-1,-1
5916,7,-1,-1
5917,0,0,160
5917,1,0,160
5917,2,-1,-1
5917,3,-1,-1
5917,4,-1,-1
5917,5,-1,-1
5917,6,-1,-1
5917,7,-1,-1
5918,0,0,160
5918,1,0,160
5918,2,-1,-1
5918,3,-1,-1
5918,4,-1,-1
5918,5,-1,-1
5918,6,-1,-1
5918,7,-1,-1
5919,0,0,160
5919,1,0,160
5919,2,-1,-1
5919,3,-1,-1
5919,4,-1,-1
5919,5,-1,-1
5919,6,-1,-1
5919,7,-1,-1
5920,0,0,160
5920,1,0,160
5920,2,-1,-1
5920,3,-1,-1
5920,4,-1,-1
5920,5,-1,-1
5920,6,-1,-1
5920,7,-1,-1
5921,0,0,160
5921,1,0,160
5921,2,-1,-1
5921,3,-1,-1
5921,4,-1,-1
5921,5,-1,-1
5921,6,-1,-1
5921,7,-1,-1
5922,0,0,160
5922,1,0,160
5922,2,-1,-1
5922,3,-1,-1
5922,4,-1,-1
5922,5,-1,-1
5922,6,-1,-1
5922,7,-1,-1
5923,0,0,160
5923,1,0,160
5923,2,-1,-1
5923,3,-1,-1
5923,4,-1,-1
5923,5,-1,-1
5923,6,-1,-1
5923,7,-1,-1
5924,0,0,160
5924,1,0,160
5924,2,-1,-1
5924,3,-1,-1
5924,4,-1,-1
5924,5,-1,-1
5924,6,-1,-1
5924,7,-1,-1
5925,0,0,160
5925,1,0,160
5925,2,-1,-1
5925,3,-1,-1
5925,4,-1,-1
5925,5,-1,-1
5925,6,-1,-1
5925,7,-1,-1
5926,0,0,160
5926,1,0,160
5926,2,-1,-1
5926,3,-1,-1
5926,4,-1,-1
5926,5,-1,-1
5926,6,-1,-1
5926,7,-1,-1
5927,0,0,160
5927,1,0,160
5927,2,-1,-1
5927,3,-1,-1
5927,4,-1,-1
5927,5,-1,-1
5927,6,-1,-1
5927,7,-1,-1
5928,0,0,160
5928,1,0,160
5928,2,-1,-1
5928,3,-1,-1
5928,4,-1,-1
5928,5,-1,-1
5928,6,-1,-1
5928,7,-1,-1
5929,0,0,160
5929,1,0,160
5929,2,-1,-1
5929,3,-1,-1
5929,4,-1,-1
5929,5,-1,-1
5929,6,-1,-1
5929,7,-1,-1
5930,0,0,160
5930,1,0,160
5930,2,-1,-1
5930,3,-1,-1
5930,4,-1,-1
5930,5,-1,-1
5930,6,-1,-1
5930,7,-1,-1
5931,0,0,160
5931,1,0,160
5931,2,-1,-1
5931,3,-1,-1
5931,4,-1,-1
5931,5,-1,-1
5931,6,-1,-1
5931,7,-1,-1
5932,0,0,160
5932,1,0,160
5932,2,-1,-1
5932,3,-1,-1
5932,4,-1,-1
5932,5,-1,-1
5932,6,-1,-1
5932,7,-1,-1
5933,0,0,160
5933,1,0,160
5933,2,-1,-1
5933,3,-1,-1
5933,4,-1,-1
5933,5,-1,-1
5933,6,-1,-1
5933,7,-1,-1
5934,0,0,160
5934,1,0,160
5934,2,-1,-1
5934,3,-1,-1
5934,4,-1,-1
5934,5,-1,-1
5934,6,-1,-1
5934,7,-1,-1
5935,0,0,160
5935,1,0,160
5935,2,-1,-1
5935,3,-1,-1
5935,4,-1,-1
5935,5,-1,-1
5935,6,-1,-1
5935,7,-1,-1
5936,0,0,160
5936,1,0,160
5936,2,-1,-1
5936,3,-1,-1
5936,4,-1,-1
5936,5,-1,-1
5936,6,-1,-1
5936,7,-1,-1
5937,0,0,160
5937,1,0,160
5937,2,-1,-1
5937,3,-1,-1
5937,4,-1,-1
5937,5,-1,-1
5937,6,-1,-1
5937,7,-1,-1
5938,0,0,160
5938,1,0,160
5938,2,-1,-1
5938,3,-1,-1
5938,4,-1,-1
5938,5,-1,-1
5938,6,-1,-1
5938,7,-1,-1
5939,0,0,160
5939,1,0,160
5939,2,-1,-1
5939,3,-1,-1
5939,4,-1,-1
5939,5,-1,-1
5939,6,-1,-1
5939,7,-1,-1
5940,0,0,160
5940,1,0,160
5940,2,-1,-1
5940,3,-1,-1
5940,4,-1,-1
5940,5,-1,-1
5940,6,-1,-1
5940,7,-1,-1
5941,0,0,160
5941,1,0,160
5941,2,-1,-1
5941,3,-1,-1
5941,4,-1,-1
5941,5,-1,-1
5941,6,-1,-1
5941,7,-1,-1
5942,0,0,160
5942,1,0,160
5942,2,-1,-1
5942,3,-1,-1
5942,4,-1,-1
5942,5,-1,-1
5942,6,-1,-1
5942,7,-1,-1
5943,0,0,160
5943,1,0,160
5943,2,-1,-1
5943,3,-1,-1
5943,4,-1,-1
5943,5,-1,-1
5943,6,-1,-1
5943,7,-1,-1
5944,0,0,160
5944,1,0,160
5944,2,-1,-1
5944,3,-1,-1
5944,4,-1,-1
5944,5,-1,-1
5944,6,-1,-1
5944,7,-1,-1
5945,0,0,160
5945,1,0,160
5945,2,-1,-1
5945,3,-1,-1
5945,4,-1,-1
5945,5,-1,-1
5945,6,-1,-1
5945,7,-1,-1
5946,0,0,160
5946,1,0,160
5946,2,-1,-1
5946,3,-1,-1
5946,4,-1,-1
5946,5,-1,-1
5946,6,-1,-1
5946,7,-1,-1
5947,0,0,160
5947,1,0,160
5947,2,-1,-1
5947,3,-1,-1
5947,4,-1,-1
5947,5,-1,-1
5947,6,-1,-1
5947,7,-1,-1
5948,0,0,160
5948,1,0,160
5948,2,-1,-1
5948,3,-1,-1
5948,4,-1,-1
5948,5,-1,-1
5948,6,-1,-1
5948,7,-1,-1
5949,0,0,160
5949,1,0,160
5949,2,-1,-1
5949,3,-1,-1
5949,4,-1,-1
5949,5,-1,-1
5949,6,-1,-1
5949,7,-1,-1
5950,0,0,160
5950,1,0,160
5950,2,-1,-1
5950,3,-1,-1
5950,4,-1,-1
5950,5,-1,-1
5950,6,-1,-1
5950,7,-1,-1
5951,0,0,160
5951,1,0,160
5951,2,-1,-1
5951,3,-1,-1
5951,4,-1,-1
5951,5,-1,-1
5951,6,-1,-1
5951,7,-1,-1
5952,0,0,160
5952,1,0,160
5952,2,-1,-1
5952,3,-1,-1
5952,4,-1,-1
5952,5,-1,-1
5952,6,-1,-1
5952,7,-1,-1
5953,0,0,160
5953,1,0,160
5953,2,-1,-1
5953,3,-1,-1
5953,4,-1,-1
5953,5,-1,-1
5953,6,-1,-1
5953,7,-1,-1
5954,0,0,160
5954,1,0,160
5954,2,-1,-1
5954,3,-1,-1
5954,4,-1,-1
5954,5,-1,-1
5954,6,-1,-1
5954,7,-1,-1
5955,0,0,160
5955,1,0,160
5955,2,-1,-1
5955,3,-1,-1
5955,4,-1,-1
5955,5,-1,-1
5955,6,-1,-1
5955,7,-1,-1
5956,0,0,160
5956,1,0,160
5956,2,-1,-1
5956,3,-1,-1
5956,4,-1,-1
5956,5,-1,-1
5956,6,-1,-1
5956,7,-1,-1
5957,0,0,160
5957,1,0,160
5957,2,-1,-1
5957,3,-1,-1
5957,4,-1,-1
5957,5,-1,-1
5957,6,-1,-1
5957,7,-1,-1
5958,0,0,160
5958,1,0,160
5958,2,-1,-1
5958,3,-1,-1
5958,4,-1,-1
5958,5,-1,-1
5958,6,-1,-1
5958,7,-1,-1
5959,0,0,160
5959,1,0,160
5959,2,-1,-1
5959,3,-1,-1
5959,4,-1,-1
5959,5,-1,-1
5959,6,-1,-1
5959,7,-1,-1
5960,0,0,160
5960,1,0,160
5960,2,-1,-1
5960,3,-1,-1
5960,4,-1,-1
5960,5,-1,-1
5960,6,-1,-1
5960,7,-1,-1
5961,0,0,160
5961,1,0,160
5961,2,-1,-1
5961,3,-1,-1
5961,4,-1,-1
5961,5,-1,-1
5961,6,-1,-1
5961,7,-1,-1
5962,0,0,160
5962,1,0,160
5962,2,-1,-1
5962,3,-1,-1
5962,4,-1,-1
5962,5,-1,-1
5962,6,-1,-1
5962,7,-1,-1
5963,0,0,160
5963,1,0,160
5963,2,-1,-1
5963,3,-1,-1
5963,4,-1,-1
5963,5,-1,-1
5963,6,-1,-1
5963,7,-1,-1
5964,0,0,160
5964,1,0,160
5964,2,-1,-1
5964,3,-1,-1
5964,4,-1,-1
5964,5,-1,-1
5964,6,-1,-1
5964,7,-1,-1
5965,0,0,160
5965,1,0,160
5965,2,-1,-1
5965,3,-1,-1
5965,4,-1,-1
5965,5,-1,-1
5965,6,-1,-1
5965,7,-1,-1
5966,0,0,160
5966,1,0,160
5966,2,-1,-1
5966,3,-1,-1
5966,4,-1,-1
5966,5,-1,-1
5966,6,-1,-1
5966,7,-1,-1
5967,0,0,160
5967,1,0,160
5967,2,-1,-1
5967,3,-1,-1
5967,4,-1,-1
5967,5,-1,-1
5967,6,-1,-1
5967,7,-1,-1
5968,0,0,160
5968,1,0,160
5968,2,-1,-1
5968,3,-1,-1
5968,4,-1,-1
5968,5,-1,-1
5968,6,-1,-1
5968,7,-1,-1
5969,0,0,160
5969,1,0,160
5969,2,-1,-1
5969,3,-1,-1
5969,4,-1,-1
5969,5,-1,-1
5969,6,-1,-1
5969,7,-1,-1
5970,0,0,160
5970,1,0,160
5970,2,-1,-1
5970,3,-1,-1
5970,4,-1,-1
5970,5,-1,-1
5970,6,-1,-1
5970,7,-1,-1
5971,0,0,160
5971,1,0,160
5971,2,-1,-1
5971,3,-1,-1
5971,4,-1,-1
5971,5,-1,-1
5971,6,-1,-1
5971,7,-1,-1
5972,0,0,160
5972,1,0,160
5972,2,-1,-1
5972,3,-1,-1
5972,4,-1,-1
5972,5,-1,-1
5972,6,-1,-1
5972,7,-1,-1
5973,0,0,160
5973,1,0,160
5973,2,-1,-1
5973,3,-1,-1
5973,4,-1,-1
5973,5,-1,-1
5973,6,-1,-1
5973,7,-1,-1
5974,0,0,160
5974,1,0,160
5974,2,-1,-1
5974,3,-1,-1
5974,4,-1,-1
5974,5,-1,-1
5974,6,-1,-1
5974,7,-1,-1
5975,0,0,160
5975,1,0,160
5975,2,-1,-1
5975,3,-1,-1
5975,4,-1,-1
5975,5,-1,-1
5975,6,-1,-1
5975,7,-1,-1
5976,0,0,160
5976,1,0,160
5976,2,-1,-1
5976,3,-1,-1
5976,4,-1,-1
5976,5,-1,-1
5976,6,-1,-1
5976,7,-1,-1
5977,0,0,160
5977,1,0,160
5977,2,-1,-1
5977,3,-1,-1
5977,4,-1,-1
5977,5,-1,-1
5977,6,-1,-1
5977,7,-1,-1
5978,0,0,160
5978,1,0,160
5978,2,-1,-1
5978,3,-1,-1
5978,4,-1,-1
5978,5,-1,-1
5978,6,-1,-1
5978,7,-1,-1
5979,0,0,160
5979,1,0,160
5979,2,-1,-1
5979,3,-1,-1
5979,4,-1,-1
5979,5,-1,-1
5979,6,-1,-1
5979,7,-1,-1
5980,0,0,160
5980,1,0,160
5980,2,-1,-1
5980,3,-1,-1
5980,4,-1,-1
5980,5,-1,-1
5980,6,-1,-1
5980,7,-1,-1
5981,0,0,160
5981,1,0,160
5981,2,-1,-1
5981,3,-1,-1
5981,4,-1,-1
5981,5,-1,-1
5981,6,-1,-1
5981,7,-1,-1
5982,0,0,160
5982,1,0,160
5982,2,-1,-1
5982,3,-1,-1
5982,4,-1,-1
5982,5,-1,-1
5982,6,-1,-1
5982,7,-1,-1
5983,0,0,160
5983,1,0,160
5983,2,-1,-1
5983,3,-1,-1
5983,4,-1,-1
5983,5,-1,-1
5983,6,-1,-1
5983,7,-1,-1
5984,0,0,160
5984,1,0,160
5984,2,-1,-1
5984,3,-1,-1
5984,4,-1,-1
5984,5,-1,-1
5984,6,-1,-1
5984,7,-1,-1
5985,0,0,160
5985,1,0,160
5985,2,-1,-1
5985,3,-1,-1
5985,4,-1,-1
5985,5,-1,-1
5985,6,-1,-1
5985,7,-1,-1
5986,0,0,160
5986,1,0,160
5986,2,-1,-1
5986,3,-1,-1
5986,4,-1,-1
5986,5,-1,-1
5986,6,-1,-1
5986,7,-1,-1
5987,0,0,160
5987,1,0,160
5987,2,-1,-1
5987,3,-1,-1
5987,4,-1,-1
5987,5,-1,-1
5987,6,-1,-1
5987,7,-1,-1
5988,0,0,160
5988,1,0,160
5988,2,-1,-1
5988,3,-1,-1
5988,4,-1,-1
5988,5,-1,-1
5988,6,-1,-1
5988,7,-1,-1
5989,0,0,160
5989,1,0,160
5989,2,-1,-1
5989,3,-1,-1
5989,4,-1,-1
5989,5,-1,-1
5989,6,-1,-1
5989,7,-1,-1
5990,0,0,160
5990,1,0,160
5990,2,-1,-1
5990,3,-1,-1
5990,4,-1,-1
5990,5,-1,-1
5990,6,-1,-1
5990,7,-1,-1
5991,0,0,160
5991,1,0,160
5991,2,-1,-1
5991,3,-1,-1
5991,4,-1,-1
5991,5,-1,-1
5991,6,-1,-1
5991,7,-1,-1
5992,0,0,160
5992,1,0,160
5992,2,-1,-1
5992,3,-1,-1
5992,4,-1,-1
5992,5,-1,-1
5992,6,-1,-1
5992,7,-1,-1
5993,0,0,160
5993,1,0,160
5993,2,-1,-1
5993,3,-1,-1
5993,4,-1,-1
5993,5,-1,-1
5993,6,-1,-1
5993,7,-1,-1
5994,0,0,160
5994,1,0,160
5994,2,-1,-1
5994,3,-1,-1
5994,4,-1,-1
5994,5,-1,-1
5994,6,-1,-1
5994,7,-1,-1
5995,0,0,160
5995,1,0,160
5995,2,-1,-1
5995,3,-1,-1
5995,4,-1,-1
5995,5,-1,-1
5995,6,-1,-1
5995,7,-1,-1
5996,0,0,160
5996,1,0,160
5996,2,-1,-1
5996,3,-1,-1
5996,4,-1,-1
5996,5,-1,-1
5996,6,-1,-1
5996,7,-1,-1
5997,0,0,160
5997,1,0,160
5997,2,-1,-1
5997,3,-1,-1
5997,4,-1,-1
5997,5,-1,-1
5997,6,-1,-1
5997,7,-1,-1
5998,0,0,160
5998,1,0,160
5998,2,-1,-1
5998,3,-1,-1
5998,4,-1,-1
5998,5,-1,-1
5998,6,-1,-1
5998,7,-1,-1
5999,0,0,160
5999,1,0,160
5999,2,-1,-1
5999,3,-1,-1
5999,4,-1,-1
5999,5,-1,-1
5999,6,-1,-1
5999,7,-1,-1
6000,0,0,160
6000,1,0,160
6000,2,-1,-1
6000,3,-1,-1
6000,4,-1,-1
6000,5,-1,-1
6000,6,-1,-1
6000,7,-1,-1
6001,0,0,160
6001,1,0,160
6001,2,-1,-1
6001,3,-1,-1
6001,4,-1,-1
6001,5,-1,-1
6001,6,-1,-1
6001,7,-1,-1
6002,0,0,160
6002,1,0,160
6002,2,-1,-1
6002,3,-1,-1
6002,4,-1,-1
6002,5,-1,-1
6002,6,-1,-1
6002,7,-1,-1
6003,0,0,160
6003,1,0,160
6003,2,-1,-1
6003,3,-1,-1
6003,4,-1,-1
6003,5,-1,-1
6003,6,-1,-1
6003,7,-1,-1
6004,0,0,160
6004,1,0,160
6004,2,-1,-1
6004,3,-1,-1
6004,4,-1,-1
6004,5,-1,-1
6004,6,-1,-1
6004,7,-1,-1
6005,0,0,160
6005,1,0,160
6005,2,-1,-1
6005,3,-1,-1
6005,4,-1,-1
6005,5,-1,-1
6005,6,-1,-1
6005,7,-1,-1
6006,0,0,160
6006,1,0,160
6006,2,-1,-1
6006,3,-1,-1
6006,4,-1,-1
6006,5,-1,-1
6006,6,-1,-1
6006,7,-1,-1
6007,0,0,160
6007,1,0,160
6007,2,-1,-1
6007,3,-1,-1
6007,4,-1,-1
6007,5,-1,-1
6007,6,-1,-1
6007,7,-1,-1
6008,0,0,160
6008,1,0,160
6008,2,-1,-1
6008,3,-1,-1
6008,4,-1,-1
6008,5,-1,-1
6008,6,-1,-1
6008,7,-1,-1
6009,0,0,160
6009,1,0,160
6009,2,-1,-1
6009,3,-1,-1
6009,4,-1,-1
6009,5,-1,-1
6009,6,-1,-1
6009,7,-1,-1
6010,0,0,160
6010,1,0,160
6010,2,-1,-1
6010,3,-1,-1
6010,4,-1,-1
6010,5,-1,-1
6010,6,-1,-1
6010,7,-1,-1
6011,0,0,160
6011,1,0,160
6011,2,-1,-1
6011,3,-1,-1
6011,4,-1,-1
6011,5,-1,-1
6011,6,-1,-1
6011,7,-1,-1
6012,0,0,160
6012,1,0,160
6012,2,-1,-1
6012,3,-1,-1
6012,4,-1,-1
6012,5,-1,-1
6012,6,-1,-1
6012,7,-1,-1
6013,0,0,160
6013,1,0,160
6013,2,-1,-1
6013,3,-1,-1
6013,4,-1,-1
6013,5,-1,-1
6013,6,-1,-1
6013,7,-1,-1
6014,0,0,160
6014,1,0,160
6014,2,-1,-1
6014,3,-1,-1
6014,4,-1,-1
6014,5,-1,-1
6014,6,-1,-1
6014,7,-1,-1
6015,0,0,160
6015,1,0,160
6015,2,-1,-1
6015,3,-1,-1
6015,4,-1,-1
6015,5,-1,-1
6015,6,-1,-1
6015,7,-1,-1
6016,0,0,160
6016,1,0,160
6016,2,-1,-1
6016,3,-1,-1
6016,4,-1,-1
6016,5,-1,-1
6016,6,-1,-1
6016,7,-1,-1
6017,0,0,160
6017,1,0,160
6017,2,-1,-1
6017,3,-1,-1
6017,4,-1,-1
6017,5,-1,-1
6017,6,-1,-1
6017,7,-1,-1
6018,0,0,160
6018,1,0,160
6018,2,-1,-1
6018,3,-1,-1
6018,4,-1,-1
6018,5,-1,-1
6018,6,-1,-1
6018,7,-1,-1
6019,0,0,160
6019,1,0,160
6019,2,-1,-1
6019,3,-1,-1
6019,4,-1,-1
6019,5,-1,-1
6019,6,-1,-1
6019,7,-1,-1
6020,0,0,160
6020,1,0,160
6020,2,-1,-1
6020,3,-1,-1
6020,4,-1,-1
6020,5,-1,-1
6020,6,-1,-1
6020,7,-1,-1
6021,0,0,160
6021,1,0,160
6021,2,-1,-1
6021,3,-1,-1
6021,4,-1,-1
6021,5,-1,-1
6021,6,-1,-1
6021,7,-1,-1
6022,0,0,160
6022,1,0,160
6022,2,-1,-1
6022,3,-1,-1
6022,4,-1,-1
6022,5,-1,-1
6022,6,-1,-1
6022,7,-1,-1
6023,0,0,160
6023,1,0,160
6023,2,-1,-1
6023,3,-1,-1
6023,4,-1,-1
6023,5,-1,-1
6023,6,-1,-1
6023,7,-1,-1
6024,0,0,160
6024,1,0,160
6024,2,-1,-1
6024,3,-1,-1
6024,4,-1,-1
6024,5,-1,-1
6024,6,-1,-1
6024,7,-1,-1
6025,0,0,160
6025,1,0,160
6025,2,-1,-1
6025,3,-1,-1
6025,4,-1,-1
6025,5,-1,-1
6025,6,-1,-1
6025,7,-1,-1
6026,0,0,160
6026,1,0,160
6026,2,-1,-1
6026,3,-1,-1
6026,4,-1,-1
6026,5,-1,-1
6026,6,-1,-1
6026,7,-1,-1
6027,0,0,160
6027,1,0,160
6027,2,-1,-1
6027,3,-1,-1
6027,4,-1,-1
6027,5,-1,-1
6027,6,-1,-1
6027,7,-1,-1
6028,0,0,160
6028,1,0,160
6028,2,-1,-1
6028,3,-1,-1
6028,4,-1,-1
6028,5,-1,-1
6028,6,-1,-1
6028,7,-1,-1
6029,0,0,160
6029,1,0,160
6029,2,-1,-1
6029,3,-1,-1
6029,4,-1,-1
6029,5,-1,-1
6029,6,-1,-1
6029,7,-1,-1
6030,0,0,160
6030,1,0,160
6030,2,-1,-1
6030,3,-1,-1
6030,4,-1,-1
6030,5,-1,-1
6030,6,-1,-1
6030,7,-1,-1
6031,0,0,160
6031,1,0,160
6031,2,-1,-1
6031,3,-1,-1
6031,4,-1,-1
6031,5,-1,-1
6031,6,-1,-1
6031,7,-1,-1
6032,0,0,160
6032,1,0,160
6032,2,-1,-1
6032,3,-1,-1
6032,4,-1,-1
6032,5,-1,-1
6032,6,-1,-1
6032,7,-1,-1
6033,0,0,160
6033,1,0,160
6033,2,-1,-1
6033,3,-1,-1
6033,4,-1,-1
6033,5,-1,-1
6033,6,-1,-1
6033,7,-1,-1
6034,0,0,160
6034,1,0,160
6034,2,-1,-1
6034,3,-1,-1
6034,4,-1,-1
6034,5,-1,-1
6034,6,-1,-1
6034,7,-1,-1
6035,0,0,160
6035,1,0,160
6035,2,-1,-1
6035,3,-1,-1
6035,4,-1,-1
6035,5,-1,-1
6035,6,-1,-1
6035,7,-1,-1
6036,0,0,160
6036,1,0,160
6036,2,-1,-1
6036,3,-1,-1
6036,4,-1,-1
6036,5,-1,-1
6036,6,-1,-1
6036,7,-1,-1
6037,0,0,160
6037,1,0,160
6037,2,-1,-1
6037,3,-1,-1
6037,4,-1,-1
6037,5,-1,-1
6037,6,-1,-1
6037,7,-1,-1
6038,0,0,160
6038,1,0,160
6038,2,-1,-1
6038,3,-1,-1
6038,4,-1,-1
6038,5,-1,-1
6038,6,-1,-1
6038,7,-1,-1
6039,0,0,160
6039,1,0,160
6039,2,-1,-1
6039,3,-1,-1
6039,4,-1,-1
6039,5,-1,-1
6039,6,-1,-1
6039,7,-1,-1
6040,0,0,160
6040,1,0,160
6040,2,-1,-1
6040,3,-1,-1
6040,4,-1,-1
6040,5,-1,-1
6040,6,-1,-1
6040,7,-1,-1
6041,0,0,160
6041,1,0,160
6041,2,-1,-1
6041,3,-1,-1
6041,4,-1,-1
6041,5,-1,-1
6041,6,-1,-1
6041,7,-1,-1
6042,0,0,160
6042,1,0,160
6042,2,-1,-1
6042,3,-1,-1
6042,4,-1,-1
6042,5,-1,-1
6042,6,-1,-1
6042,7,-1,-1
6043,0,0,160
6043,1,0,160
6043,2,-1,-1
6043,3,-1,-1
6043,4,-1,-1
6043,5,-1,-1
6043,6,-1,-1
6043,7,-1,-1
6044,0,0,160
6044,1,0,160
6044,2,-1,-1
6044,3,-1,-1
6044,4,-1,-1
6044,5,-1,-1
6044,6,-1,-1
6044,7,-1,-1
6045,0,0,160
6045,1,0,160
6045,2,-1,-1
6045,3,-1,-1
6045,4,-1,-1
6045,5,-1,-1
6045,6,-1,-1
6045,7,-1,-1
6046,0,0,160
6046,1,0,160
6046,2,-1,-1
6046,3,-1,-1
6046,4,-1,-1
6046,5,-1,-1
6046,6,-1,-1
6046,7,-1,-1
6047,0,0,160
6047,1,0,160
6047,2,-1,-1
6047,3,-1,-1
6047,4,-1,-1
6047,5,-1,-1
6047,6,-1,-1
6047,7,-1,-1
6048,0,0,160
6048,1,0,160
6048,2,-1,-1
6048,3,-1,-1
6048,4,-1,-1
6048,5,-1,-1
6048,6,-1,-1
6048,7,-1,-1
6049,0,0,160
6049,1,0,160
6049,2,-1,-1
6049,3,-1,-1
6049,4,-1,-1
6049,5,-1,-1
6049,6,-1,-1
6049,7,-1,-1
6050,0,0,160
6050,1,0,160
6050,2,-1,-1
6050,3,-1,-1
6050,4,-1,-1
6050,5,-1,-1
6050,6,-1,-1
6050,7,-1,-1
6051,0,0,160
6051,1,0,160
6051,2,-1,-1
6051,3,-1,-1
6051,4,-1,-1
6051,5,-1,-1
6051,6,-1,-1
6051,7,-1,-1
6052,0,0,160
6052,1,0,160
6052,2,-1,-1
6052,3,-1,-1
6052,4,-1,-1
6052,5,-1,-1
6052,6,-1,-1
6052,7,-1,-1
6053,0,0,160
6053,1,0,160
6053,2,-1,-1
6053,3,-1,-1
6053,4,-1,-1
6053,5,-1,-1
6053,6,-1,-1
6053,7,-1,-1
6054,0,0,160
6054,1,0,160
6054,2,-1,-1
6054,3,-1,-1
6054,4,-1,-1
6054,5,-1,-1
6054,6,-1,-1
6054,7,-1,-1
6055,0,0,160
6055,1,0,160
6055,2,-1,-1
6055,3,-1,-1
6055,4,-1,-1
6055,5,-1,-1
6055,6,-1,-1
6055,7,-1,-1
6056,0,0,160
6056,1,0,160
6056,2,-1,-1
6056,3,-1,-1
6056,4,-1,-1
6056,5,-1,-1
6056,6,-1,-1
6056,7,-1,-1
6057,0,0,160
6057,1,0,160
6057,2,-1,-1
6057,3,-1,-1
6057,4,-1,-1
6057,5,-1,-1
6057,6,-1,-1
6057,7,-1,-1
6058,0,0,160
6058,1,0,160
6058,2,-1,-1
6058,3,-1,-1
6058,4,-1,-1
6058,5,-1,-1
6058,6,-1,-1
6058,7,-1,-1
6059,0,0,160
6059,1,0,160
6059,2,-1,-1
6059,3,-1,-1
6059,4,-1,-1
6059,5,-1,-1
6059,6,-1,-1
6059,7,-1,-1
6060,0,0,160
6060,1,0,160
6060,2,-1,-1
6060,3,-1,-1
6060,4,-1,-1
6060,5,-1,-1
6060,6,-1,-1
6060,7,-1,-1
6061,0,0,160
6061,1,0,160
6061,2,-1,-1
6061,3,-1,-1
6061,4,-1,-1
6061,5,-1,-1
6061,6,-1,-1
6061,7,-1,-1
6062,0,0,160
6062,1,0,160
6062,2,-1,-1
6062,3,-1,-1
6062,4,-1,-1
6062,5,-1,-1
6062,6,-1,-1
6062,7,-1,-1
6063,0,0,160
6063,1,0,160
6063,2,-1,-1
6063,3,-1,-1
6063,4,-1,-1
6063,5,-1,-1
6063,6,-1,-1
6063,7,-1,-1
6064,0,0,160
6064,1,0,160
6064,2,-1,-1
6064,3,-1,-1
6064,4,-1,-1
6064,5,-1,-1
6064,6,-1,-1
6064,7,-1,-1
6065,0,0,160
6065,1,0,160
6065,2,-1,-1
6065,3,-1,-1
6065,4,-1,-1
6065,5,-1,-1
6065,6,-1,-1
6065,7,-1,-1
6066,0,0,160
6066,1,0,160
6066,2,-1,-1
6066,3,-1,-1
6066,4,-1,-1
6066,5,-1,-1
6066,6,-1,-1
6066,7,-1,-1
6067,0,0,160
6067,1,0,160
6067,2,-1,-1
6067,3,-1,-1
6067,4,-1,-1
6067,5,-1,-1
6067,6,-1,-1
6067,7,-1,-1
6068,0,0,160
6068,1,0,160
6068,2,-1,-1
6068,3,-1,-1
6068,4,-1,-1
6068,5,-1,-1
6068,6,-1,-1
6068,7,-1,-1
6069,0,0,160
6069,1,0,160
6069,2,-1,-1
6069,3,-1,-1
6069,4,-1,-1
6069,5,-1,-1
6069,6,-1,-1
6069,7,-1,-1
6070,0,0,160
6070,1,0,160
6070,2,-1,-1
6070,3,-1,-1
6070,4,-1,-1
6070,5,-1,-1
6070,6,-1,-1
6070,7,-1,-1
6071,0,0,160
6071,1,0,160
6071,2,-1,-1
6071,3,-1,-1
6071,4,-1,-1
6071,5,-1,-1
6071,6,-1,-1
6071,7,-1,-1
6072,0,0,160
6072,1,0,160
6072,2,-1,-1
6072,3,-1,-1
6072,4,-1,-1
6072,5,-1,-1
6072,6,-1,-1
6072,7,-1,-1
6073,0,0,160
6073,1,0,160
6073,2,-1,-1
6073,3,-1,-1
6073,4,-1,-1
6073,5,-1,-1
6073,6,-1,-1
6073,7,-1,-1
6074,0,0,160
6074,1,0,160
6074,2,-1,-1
6074,3,-1,-1
6074,4,-1,-1
6074,5,-1,-1
6074,6,-1,-1
6074,7,-1,-1
6075,0,0,160
6075,1,0,160
6075,2,-1,-1
6075,3,-1,-1
6075,4,-1,-1
6075,5,-1,-1
6075,6,-1,-1
6075,7,-1,-1
6076,0,0,160
6076,1,0,160
6076,2,-1,-1
6076,3,-1,-1
6076,4,-1,-1
6076,5,-1,-1
6076,6,-1,-1
6076,7,-1,-1
6077,0,0,160
6077,1,0,160
6077,2,-1,-1
6077,3,-1,-1
6077,4,-1,-1
6077,5,-1,-1
6077,6,-1,-1
6077,7,-1,-1
6078,0,0,160
6078,1,0,160
6078,2,-1,-1
6078,3,-1,-1
6078,4,-1,-1
6078,5,-1,-1
6078,6,-1,-1
6078,7,-1,-1
6079,0,0,160
6079,1,0,160
6079,2,-1,-1
6079,3,-1,-1
6079,4,-1,-1
6079,5,-1,-1
6079,6,-1,-1
6079,7,-1,-1
6080,0,0,160
6080,1,0,160
6080,2,-1,-1
6080,3,-1,-1
6080,4,-1,-1
6080,5,-1,-1
6080,6,-1,-1
6080,7,-1,-1
6081,0,0,160
6081,1,0,160
6081,2,-1,-1
6081,3,-1,-1
6081,4,-1,-1
6081,5,-1,-1
6081,6,-1,-1
6081,7,-1,-1
6082,0,0,160
6082,1,0,160
6082,2,-1,-1
6082,3,-1,-1
6082,4,-1,-1
6082,5,-1,-1
6082,6,-1,-1
6082,7,-1,-1
6083,0,0,160
6083,1,0,160
6083,2,-1,-1
6083,3,-1,-1
6083,4,-1,-1
6083,5,-1,-1
6083,6,-1,-1
6083,7,-1,-1
6084,0,0,160
6084,1,0,160
6084,2,-1,-1
6084,3,-1,-1
6084,4,-1,-1
6084,5,-1,-1
6084,6,-1,-1
6084,7,-1,-1
6085,0,0,160
6085,1,0,160
6085,2,-1,-1
6085,3,-1,-1
6085,4,-1,-1
6085,5,-1,-1
6085,6,-1,-1
6085,7,-1,-1
6086,0,0,160
6086,1,0,160
6086,2,-1,-1
6086,3,-1,-1
6086,4,-1,-1
6086,5,-1,-1
6086,6,-1,-1
6086,7,-1,-1
6087,0,0,160
6087,1,0,160
6087,2,-1,-1
6087,3,-1,-1
6087,4,-1,-1
6087,5,-1,-1
6087,6,-1,-1
6087,7,-1,-1
6088,0,0,160
6088,1,0,160
6088,2,-1,-1
6088,3,-1,-1
6088,4,-1,-1
6088,5,-1,-1
6088,6,-1,-1
6088,7,-1,-1
6089,0,0,160
6089,1,0,160
6089,2,-1,-1
6089,3,-1,-1
6089,4,-1,-1
6089,5,-1,-1
6089,6,-1,-1
6089,7,-1,-1
6090,0,0,160
6090,1,0,160
6090,2,-1,-1
6090,3,-1,-1
6090,4,-1,-1
6090,5,-1,-1
6090,6,-1,-1
6090,7,-1,-1
6091,0,0,160
6091,1,0,160
6091,2,-1,-1
6091,3,-1,-1
6091,4,-1,-1
6091,5,-1,-1
6091,6,-1,-1
6091,7,-1,-1
6092,0,0,160
6092,1,0,160
6092,2,-1,-1
6092,3,-1,-1
6092,4,-1,-1
6092,5,-1,-1
6092,6,-1,-1
6092,7,-1,-1
6093,0,0,160
6093,1,0,160
6093,2,-1,-1
6093,3,-1,-1
6093,4,-1,-1
6093,5,-1,-1
6093,6,-1,-1
6093,7,-1,-1
6094,0,0,160
6094,1,0,160
6094,2,-1,-1
6094,3,-1,-1
6094,4,-1,-1
6094,5,-1,-1
6094,6,-1,-1
6094,7,-1,-1
6095,0,0,160
6095,1,0,160
6095,2,-1,-1
6095,3,-1,-1
6095,4,-1,-1
6095,5,-1,-1
6095,6,-1,-1
6095,7,-1,-1
6096,0,0,160
6096,1,0,160
6096,2,-1,-1
6096,3,-1,-1
6096,4,-1,-1
6096,5,-1,-1
6096,6,-1,-1
6096,7,-1,-1
6097,0,0,160
6097,1,0,160
6097,2,-1,-1
6097,3,-1,-1
6097,4,-1,-1
6097,5,-1,-1
6097,6,-1,-1
6097,7,-1,-1
6098,0,0,160
6098,1,0,160
6098,2,-1,-1
6098,3,-1,-1
6098,4,-1,-1
6098,5,-1,-1
6098,6,-1,-1
6098,7,-1,-1
6099,0,0,160
6099,1,0,160
6099,2,-1,-1
6099,3,-1,-1
6099,4,-1,-1
6099,5,-1,-1
6099,6,-1,-1
6099,7,-1,-1
6100,0,0,160
6100,1,0,160
6100,2,-1,-1
6100,3,-1,-1
6100,4,-1,-1
6100,5,-1,-1
6100,6,-1,-1
6100,7,-1,-1
6101,0,0,160
6101,1,0,160
6101,2,-1,-1
6101,3,-1,-1
6101,4,-1,-1
6101,5,-1,-1
6101,6,-1,-1
6101,7,-1,-1
6102,0,0,160
6102,1,0,160
6102,2,-1,-1
6102,3,-1,-1
6102,4,-1,-1
6102,5,-1,-1
6102,6,-1,-1
6102,7,-1,-1
6103,0,0,160
6103,1,0,160
6103,2,-1,-1
6103,3,-1,-1
6103,4,-1,-1
6103,5,-1,-1
6103,6,-1,-1
6103,7,-1,-1
6104,0,0,160
6104,1,0,160
6104,2,-1,-1
6104,3,-1,-1
6104,4,-1,-1
6104,5,-1,-1
6104,6,-1,-1
6104,7,-1,-1
6105,0,0,160
6105,1,0,160
6105,2,-1,-1
6105,3,-1,-1
6105,4,-1,-1
6105,5,-1,-1
6105,6,-1,-1
6105,7,-1,-1
6106,0,0,160
6106,1,0,160
6106,2,-1,-1
6106,3,-1,-1
6106,4,-1,-1
6106,5,-1,-1
6106,6,-1,-1
6106,7,-1,-1
6107,0,0,160
6107,1,0,160
6107,2,-1,-1
6107,3,-1,-1
6107,4,-1,-1
6107,5,-1,-1
6107,6,-1,-1
6107,7,-1,-1
6108,0,0,160
6108,1,0,160
6108,2,-1,-1
6108,3,-1,-1
6108,4,-1,-1
6108,5,-1,-1
6108,6,-1,-1
6108,7,-1,-1
6109,0,0,160
6109,1,0,160
6109,2,-1,-1
6109,3,-1,-1
6109,4,-1,-1
6109,5,-1,-1
6109,6,-1,-1
6109,7,-1,-1
6110,0,0,160
6110,1,0,160
6110,2,-1,-1
6110,3,-1,-1
6110,4,-1,-1
6110,5,-1,-1
6110,6,-1,-1
6110,7,-1,-1
6111,0,0,160
6111,1,0,160
6111,2,-1,-1
6111,3,-1,-1
6111,4,-1,-1
6111,5,-1,-1
6111,6,-1,-1
6111,7,-1,-1
6112,0,0,160
6112,1,0,160
6112,2,-1,-1
6112,3,-1,-1
6112,4,-1,-1
6112,5,-1,-1
6112,6,-1,-1
6112,7,-1,-1
6113,0,0,160
6113,1,0,160
6113,2,-1,-1
6113,3,-1,-1
6113,4,-1,-1
6113,5,-1,-1
6113,6,-1,-1
6113,7,-1,-1
6114,0,0,160
6114,1,0,160
6114,2,-1,-1
6114,3,-1,-1
6114,4,-1,-1
6114,5,-1,-1
6114,6,-1,-1
6114,7,-1,-1
6115,0,0,160
6115,1,0,160
6115,2,-1,-1
6115,3,-1,-1
6115,4,-1,-1
6115,5,-1,-1
6115,6,-1,-1
6115,7,-1,-1
6116,0,0,160
6116,1,0,160
6116,2,-1,-1
6116,3,-1,-1
6116,4,-1,-1
6116,5,-1,-1
6116,6,-1,-1
6116,7,-1,-1
6117,0,0,160
6117,1,0,160
6117,2,-1,-1
6117,3,-1,-1
6117,4,-1,-1
6117,5,-1,-1
6117,6,-1,-1
6117,7,-1,-1
6118,0,0,160
6118,1,0,160
6118,2,-1,-1
6118,3,-1,-1
6118,4,-1,-1
6118,5,-1,-1
6118,6,-1,-1
6118,7,-1,-1
6119,0,0,160
6119,1,0,160
6119,2,-1,-1
6119,3,-1,-1
6119,4,-1,-1
6119,5,-1,-1
6119,6,-1,-1
6119,7,-1,-1
6120,0,0,160
6120,1,0,160
6120,2,-1,-1
6120,3,-1,-1
6120,4,-1,-1
6120,5,-1,-1
6120,6,-1,-1
6120,7,-1,-1
6121,0,0,160
6121,1,0,160
6121,2,-1,-1
6121,3,-1,-1
6121,4,-1,-1
6121,5,-1,-1
6121,6,-1,-1
6121,7,-1,-1
6122,0,0,160
6122,1,0,160
6122,2,-1,-1
6122,3,-1,-1
6122,4,-1,-1
6122,5,-1,-1
6122,6,-1,-1
6122,7,-1,-1
6123,0,0,160
6123,1,0,160
6123,2,-1,-1
6123,3,-1,-1
6123,4,-1,-1
6123,5,-1,-1
6123,6,-1,-1
6123,7,-1,-1
6124,0,0,160
6124,1,0,160
6124,2,-1,-1
6124,3,-1,-1
6124,4,-1,-1
6124,5,-1,-1
6124,6,-1,-1
6124,7,-1,-1
6125,0,0,160
6125,1,0,160
6125,2,-1,-1
6125,3,-1,-1
6125,4,-1,-1
6125,5,-1,-1
6125,6,-1,-1
6125,7,-1,-1
6126,0,0,160
6126,1,0,160
6126,2,-1,-1
6126,3,-1,-1
6126,4,-1,-1
6126,5,-1,-1
6126,6,-1,-1
6126,7,-1,-1
6127,0,0,160
6127,1,0,160
6127,2,-1,-1
6127,3,-1,-1
6127,4,-1,-1
6127,5,-1,-1
6127,6,-1,-1
6127,7,-1,-1
6128,0,0,160
6128,1,0,160
6128,2,-1,-1
6128,3,-1,-1
6128,4,-1,-1
6128,5,-1,-1
6128,6,-1,-1
6128,7,-1,-1
6129,0,0,160
6129,1,0,160
6129,2,-1,-1
6129,3,-1,-1
6129,4,-1,-1
6129,5,-1,-1
6129,6,-1,-1
6129,7,-1,-1
6130,0,0,160
6130,1,0,160
6130,2,-1,-1
6130,3,-1,-1
6130,4,-1,-1
6130,5,-1,-1
6130,6,-1,-1
6130,7,-1,-1
6131,0,0,160
6131,1,0,160
6131,2,-1,-1
6131,3,-1,-1
6131,4,-1,-1
6131,5,-1,-1
6131,6,-1,-1
6131,7,-1,-1
6132,0,0,160
6132,1,0,160
6132,2,-1,-1
6132,3,-1,-1
6132,4,-1,-1
6132,5,-1,-1
6132,6,-1,-1
6132,7,-1,-1
6133,0,0,160
6133,1,0,160
6133,2,-1,-1
6133,3,-1,-1
6133,4,-1,-1
6133,5,-1,-1
6133,6,-1,-1
6133,7,-1,-1
6134,0,0,160
6134,1,0,160
6134,2,-1,-1
6134,3,-1,-1
6134,4,-1,-1
6134,5,-1,-1
6134,6,-1,-1
6134,7,-1,-1
6135,0,0,160
6135,1,0,160
6135,2,-1,-1
6135,3,-1,-1
6135,4,-1,-1
6135,5,-1,-1
6135,6,-1,-1
6135,7,-1,-1
6136,0,0,160
6136,1,0,160
6136,2,-1,-1
6136,3,-1,-1
6136,4,-1,-1
6136,5,-1,-1
6136,6,-1,-1
6136,7,-1,-1
6137,0,0,160
6137,1,0,160
6137,2,-1,-1
6137,3,-1,-1
6137,4,-1,-1
6137,5,-1,-1
6137,6,-1,-1
6137,7,-1,-1
6138,0,0,160
6138,1,0,160
6138,2,-1,-1
6138,3,-1,-1
6138,4,-1,-1
6138,5,-1,-1
6138,6,-1,-1
6138,7,-1,-1
6139,0,0,160
6139,1,0,160
6139,2,-1,-1
6139,3,-1,-1
6139,4,-1,-1
6139,5,-1,-1
6139,6,-1,-1
6139,7,-1,-1
6140,0,0,160
6140,1,0,160
6140,2,-1,-1
6140,3,-1,-1
6140,4,-1,-1
6140,5,-1,-1
6140,6,-1,-1
6140,7,-1,-1
6141,0,0,160
6141,1,0,160
6141,2,-1,-1
6141,3,-1,-1
6141,4,-1,-1
6141,5,-1,-1
6141,6,-1,-1
6141,7,-1,-1
6142,0,0,160
6142,1,0,160
6142,2,-1,-1
6142,3,-1,-1
6142,4,-1,-1
6142,5,-1,-1
6142,6,-1,-1
6142,7,-1,-1
6143,0,0,160
6143,1,0,160
6143,2,-1,-1
6143,3,-1,-1
6143,4,-1,-1
6143,5,-1,-1
6143,6,-1,-1
6143,7,-1,-1
6144,0,0,160
6144,1,0,160
6144,2,-1,-1
6144,3,-1,-1
6144,4,-1,-1
6144,5,-1,-1
6144,6,-1,-1
6144,7,-1,-1
6145,0,0,160
6145,1,0,160
6145,2,-1,-1
6145,3,-1,-1
6145,4,-1,-1
6145,5,-1,-1
6145,6,-1,-1
6145,7,-1,-1
6146,0,0,160
6146,1,0,160
6146,2,-1,-1
6146,3,-1,-1
6146,4,-1,-1
6146,5,-1,-1
6146,6,-1,-1
6146,7,-1,-1
6147,0,0,160
6147,1,0,160
6147,2,-1,-1
6147,3,-1,-1
6147,4,-1,-1
6147,5,-1,-1
6147,6,-1,-1
6147,7,-1,-1
6148,0,0,160
6148,1,0,160
6148,2,-1,-1
6148,3,-1,-1
6148,4,-1,-1
6148,5,-1,-1
6148,6,-1,-1
6148,7,-1,-1
6149,0,0,160
6149,1,0,160
6149,2,-1,-1
6149,3,-1,-1
6149,4,-1,-1
6149,5,-1,-1
6149,6,-1,-1
6149,7,-1,-1
6150,0,0,160
6150,1,0,160
6150,2,-1,-1
6150,3,-1,-1
6150,4,-1,-1
6150,5,-1,-1
6150,6,-1,-1
6150,7,-1,-1
6151,0,0,160
6151,1,0,160
6151,2,-1,-1
6151,3,-1,-1
6151,4,-1,-1
6151,5,-1,-1
6151,6,-1,-1
6151,7,-1,-1
6152,0,0,160
6152,1,0,160
6152,2,-1,-1
6152,3,-1,-1
6152,4,-1,-1
6152,5,-1,-1
6152,6,-1,-1
6152,7,-1,-1
6153,0,0,160
6153,1,0,160
6153,2,-1,-1
6153,3,-1,-1
6153,4,-1,-1
6153,5,-1,-1
6153,6,-1,-1
6153,7,-1,-1
6154,0,0,160
6154,1,0,160
6154,2,-1,-1
6154,3,-1,-1
6154,4,-1,-1
6154,5,-1,-1
6154,6,-1,-1
6154,7,-1,-1
6155,0,0,160
6155,1,0,160
6155,2,-1,-1
6155,3,-1,-1
6155,4,-1,-1
6155,5,-1,-1
6155,6,-1,-1
6155,7,-1,-1
6156,0,0,160
6156,1,0,160
6156,2,-1,-1
6156,3,-1,-1
6156,4,-1,-1
6156,5,-1,-1
6156,6,-1,-1
6156,7,-1,-1
6157,0,0,160
6157,1,0,160
6157,2,-1,-1
6157,3,-1,-1
6157,4,-1,-1
6157,5,-1,-1
6157,6,-1,-1
6157,7,-1,-1
6158,0,0,160
6158,1,0,160
6158,2,-1,-1
6158,3,-1,-1
6158,4,-1,-1
6158,5,-1,-1
6158,6,-1,-1
6158,7,-1,-1
6159,0,0,160
6159,1,0,160
6159,2,-1,-1
6159,3,-1,-1
6159,4,-1,-1
6159,5,-1,-1
6159,6,-1,-1
6159,7,-1,-1
6160,0,0,160
6160,1,0,160
6160,2,-1,-1
6160,3,-1,-1
6160,4,-1,-1
6160,5,-1,-1
6160,6,-1,-1
6160,7,-1,-1
6161,0,0,160
6161,1,0,160
6161,2,-1,-1
6161,3,-1,-1
6161,4,-1,-1
6161,5,-1,-1
6161,6,-1,-1
6161,7,-1,-1
6162,0,0,160
6162,1,0,160
6162,2,-1,-1
6162,3,-1,-1
6162,4,-1,-1
6162,5,-1,-1
6162,6,-1,-1
6162,7,-1,-1
6163,0,0,160
6163,1,0,160
6163,2,-1,-1
6163,3,-1,-1
6163,4,-1,-1
6163,5,-1,-1
6163,6,-1,-1
6163,7,-1,-1
6164,0,0,160
6164,1,0,160
6164,2,-1,-1
6164,3,-1,-1
6164,4,-1,-1
6164,5,-1,-1
6164,6,-1,-1
6164,7,-1,-1
6165,0,0,160
6165,1,0,160
6165,2,-1,-1
6165,3,-1,-1
6165,4,-1,-1
6165,5,-1,-1
6165,6,-1,-1
6165,7,-1,-1
6166,0,0,160
6166,1,0,160
6166,2,-1,-1
6166,3,-1,-1
6166,4,-1,-1
6166,5,-1,-1
6166,6,-1,-1
6166,7,-1,-1
6167,0,0,160
6167,1,0,160
6167,2,-1,-1
6167,3,-1,-1
6167,4,-1,-1
6167,5,-1,-1
6167,6,-1,-1
6167,7,-1,-1
6168,0,0,160
6168,1,0,160
6168,2,-1,-1
6168,3,-1,-1
6168,4,-1,-1
6168,5,-1,-1
6168,6,-1,-1
6168,7,-1,-1
6169,0,0,160
6169,1,0,160
6169,2,-1,-1
6169,3,-1,-1
6169,4,-1,-1
6169,5,-1,-1
6169,6,-1,-1
6169,7,-1,-1
6170,0,0,160
6170,1,0,160
6170,2,-1,-1
6170,3,-1,-1
6170,4,-1,-1
6170,5,-1,-1
6170,6,-1,-1
6170,7,-1,-1
6171,0,0,160
6171,1,0,160
6171,2,-1,-1
6171,3,-1,-1
6171,4,-1,-1
6171,5,-1,-1
6171,6,-1,-1
6171,7,-1,-1
6172,0,0,160
6172,1,0,160
6172,2,-1,-1
6172,3,-1,-1
6172,4,-1,-1
6172,5,-1,-1
6172,6,-1,-1
6172,7,-1,-1
6173,0,0,160
6173,1,0,160
6173,2,-1,-1
6173,3,-1,-1
6173,4,-1,-1
6173,5,-1,-1
6173,6,-1,-1
6173,7,-1,-1
6174,0,0,160
6174,1,0,160
6174,2,-1,-1
6174,3,-1,-1
6174,4,-1,-1
6174,5,-1,-1
6174,6,-1,-1
6174,7,-1,-1
6175,0,0,160
6175,1,0,160
6175,2,-1,-1
6175,3,-1,-1
6175,4,-1,-1
6175,5,-1,-1
6175,6,-1,-1
6175,7,-1,-1
6176,0,0,160
6176,1,0,160
6176,2,-1,-1
6176,3,-1,-1
6176,4,-1,-1
6176,5,-1,-1
6176,6,-1,-1
6176,7,-1,-1
6177,0,0,160
6177,1,0,160
6177,2,-1,-1
6177,3,-1,-1
6177,4,-1,-1
6177,5,-1,-1
6177,6,-1,-1
6177,7,-1,-1
6178,0,0,160
6178,1,0,160
6178,2,-1,-1
6178,3,-1,-1
6178,4,-1,-1
6178,5,-1,-1
6178,6,-1,-1
6178,7,-1,-1
6179,0,0,160
6179,1,0,160
6179,2,-1,-1
6179,3,-1,-1
6179,4,-1,-1
6179,5,-1,-1
6179,6,-1,-1
6179,7,-1,-1
6180,0,0,160
6180,1,0,160
6180,2,-1,-1
6180,3,-1,-1
6180,4,-1,-1
6180,5,-1,-1
6180,6,-1,-1
6180,7,-1,-1
6181,0,0,160
6181,1,0,160
6181,2,-1,-1
6181,3,-1,-1
6181,4,-1,-1
6181,5,-1,-1
6181,6,-1,-1
6181,7,-1,-1
6182,0,0,160
6182,1,0,160
6182,2,-1,-1
6182,3,-1,-1
6182,4,-1,-1
6182,5,-1,-1
6182,6,-1,-1
6182,7,-1,-1
6183,0,0,160
6183,1,0,160
6183,2,-1,-1
6183,3,-1,-1
6183,4,-1,-1
6183,5,-1,-1
6183,6,-1,-1
6183,7,-1,-1
6184,0,0,160
6184,1,0,160
6184,2,-1,-1
6184,3,-1,-1
6184,4,-1,-1
6184,5,-1,-1
6184,6,-1,-1
6184,7,-1,-1
6185,0,0,160
6185,1,0,160
6185,2,-1,-1
6185,3,-1,-1
6185,4,-1,-1
6185,5,-1,-1
6185,6,-1,-1
6185,7,-1,-1
6186,0,0,160
6186,1,0,160
6186,2,-1,-1
6186,3,-1,-1
6186,4,-1,-1
6186,5,-1,-1
6186,6,-1,-1
6186,7,-1,-1
6187,0,0,160
6187,1,0,160
6187,2,-1,-1
6187,3,-1,-1
6187,4,-1,-1
6187,5,-1,-1
6187,6,-1,-1
6187,7,-1,-1
6188,0,0,160
6188,1,0,160
6188,2,-1,-1
6188,3,-1,-1
6188,4,-1,-1
6188,5,-1,-1
6188,6,-1,-1
6188,7,-1,-1
6189,0,0,160
6189,1,0,160
6189,2,-1,-1
6189,3,-1,-1
6189,4,-1,-1
6189,5,-1,-1
6189,6,-1,-1
6189,7,-1,-1
6190,0,0,160
6190,1,0,160
6190,2,-1,-1
6190,3,-1,-1
6190,4,-1,-1
6190,5,-1,-1
6190,6,-1,-1
6190,7,-1,-1
6191,0,0,160
6191,1,0,160
6191,2,-1,-1
6191,3,-1,-1
6191,4,-1,-1
6191,5,-1,-1
6191,6,-1,-1
6191,7,-1,-1
6192,0,0,160
6192,1,0,160
6192,2,-1,-1
6192,3,-1,-1
6192,4,-1,-1
6192,5,-1,-1
6192,6,-1,-1
6192,7,-1,-1
6193,0,0,160
6193,1,0,160
6193,2,-1,-1
6193,3,-1,-1
6193,4,-1,-1
6193,5,-1,-1
6193,6,-1,-1
6193,7,-1,-1
6194,0,0,160
6194,1,0,160
6194,2,-1,-1
6194,3,-1,-1
6194,4,-1,-1
6194,5,-1,-1
6194,6,-1,-1
6194,7,-1,-1
6195,0,0,160
6195,1,0,160
6195,2,-1,-1
6195,3,-1,-1
6195,4,-1,-1
6195,5,-1,-1
6195,6,-1,-1
6195,7,-1,-1
6196,0,0,160
6196,1,0,160
6196,2,-1,-1
6196,3,-1,-1
6196,4,-1,-1
6196,5,-1,-1
6196,6,-1,-1
6196,7,-1,-1
6197,0,0,160
6197,1,0,160
6197,2,-1,-1
6197,3,-1,-1
6197,4,-1,-1
6197,5,-1,-1
6197,6,-1,-1
6197,7,-1,-1
6198,0,0,160
6198,1,0,160
6198,2,-1,-1
6198,3,-1,-1
6198,4,-1,-1
6198,5,-1,-1
6198,6,-1,-1
6198,7,-1,-1
6199,0,0,160
6199,1,0,160
6199,2,-1,-1
6199,3,-1,-1
6199,4,-1,-1
6199,5,-1,-1
6199,6,-1,-1
6199,7,-1,-1
6200,0,0,160
6200,1,0,160
6200,2,-1,-1
6200,3,-1,-1
6200,4,-1,-1
6200,5,-1,-1
6200,6,-1,-1
6200,7,-1,-1
6201,0,0,160
6201,1,0,160
6201,2,-1,-1
6201,3,-1,-1
6201,4,-1,-1
6201,5,-1,-1
6201,6,-1,-1
6201,7,-1,-1
6202,0,0,160
6202,1,0,160
6202,2,-1,-1
6202,3,-1,-1
6202,4,-1,-1
6202,5,-1,-1
6202,6,-1,-1
6202,7,-1,-1
6203,0,0,160
6203,1,0,160
6203,2,-1,-1
6203,3,-1,-1
6203,4,-1,-1
6203,5,-1,-1
6203,6,-1,-1
6203,7,-1,-1
6204,0,0,160
6204,1,0,160
6204,2,-1,-1
6204,3,-1,-1
6204,4,-1,-1
6204,5,-1,-1
6204,6,-1,-1
6204,7,-1,-1
6205,0,0,160
6205,1,0,160
6205,2,-1,-1
6205,3,-1,-1
6205,4,-1,-1
6205,5,-1,-1
6205,6,-1,-1
6205,7,-1,-1
6206,0,0,160
6206,1,0,160
6206,2,-1,-1
6206,3,-1,-1
6206,4,-1,-1
6206,5,-1,-1
6206,6,-1,-1
6206,7,-1,-1
6207,0,0,160
6207,1,0,160
6207,2,-1,-1
6207,3,-1,-1
6207,4,-1,-1
6207,5,-1,-1
6207,6,-1,-1
6207,7,-1,-1
6208,0,0,160
6208,1,0,160
6208,2,-1,-1
6208,3,-1,-1
6208,4,-1,-1
6208,5,-1,-1
6208,6,-1,-1
6208,7,-1,-1
6209,0,0,160
6209,1,0,160
6209,2,-1,-1
6209,3,-1,-1
6209,4,-1,-1
6209,5,-1,-1
6209,6,-1,-1
6209,7,-1,-1
6210,0,0,160
6210,1,0,160
6210,2,-1,-1
6210,3,-1,-1
6210,4,-1,-1
6210,5,-1,-1
6210,6,-1,-1
6210,7,-1,-1
6211,0,0,160
6211,1,0,160
6211,2,-1,-1
6211,3,-1,-1
6211,4,-1,-1
6211,5,-1,-1
6211,6,-1,-1
6211,7,-1,-1
6212,0,0,160
6212,1,0,160
6212,2,-1,-1
6212,3,-1,-1
6212,4,-1,-1
6212,5,-1,-1
6212,6,-1,-1
6212,7,-1,-1
6213,0,0,160
6213,1,0,160
6213,2,-1,-1
6213,3,-1,-1
6213,4,-1,-1
6213,5,-1,-1
6213,6,-1,-1
6213,7,-1,-1
6214,0,0,160
6214,1,0,160
6214,2,-1,-1
6214,3,-1,-1
6214,4,-1,-1
6214,5,-1,-1
6214,6,-1,-1
6214,7,-1,-1
6215,0,0,160
6215,1,0,160
6215,2,-1,-1
6215,3,-1,-1
6215,4,-1,-1
6215,5,-1,-1
6215,6,-1,-1
6215,7,-1,-1
6216,0,0,160
6216,1,0,160
6216,2,-1,-1
6216,3,-1,-1
6216,4,-1,-1
6216,5,-1,-1
6216,6,-1,-1
6216,7,-1,-1
6217,0,0,160
6217,1,0,160
6217,2,-1,-1
6217,3,-1,-1
6217,4,-1,-1
6217,5,-1,-1
6217,6,-1,-1
6217,7,-1,-1
6218,0,0,160
6218,1,0,160
6218,2,-1,-1
6218,3,-1,-1
6218,4,-1,-1
6218,5,-1,-1
6218,6,-1,-1
6218,7,-1,-1
6219,0,0,160
6219,1,0,160
6219,2,-1,-1
6219,3,-1,-1
6219,4,-1,-1
6219,5,-1,-1
6219,6,-1,-1
6219,7,-1,-1
6220,0,0,160
6220,1,0,160
6220,2,-1,-1
6220,3,-1,-1
6220,4,-1,-1
6220,5,-1,-1
6220,6,-1,-1
6220,7,-1,-1
6221,0,0,160
6221,1,0,160
6221,2,-1,-1
6221,3,-1,-1
6221,4,-1,-1
6221,5,-1,-1
6221,6,-1,-1
6221,7,-1,-1
6222,0,0,160
6222,1,0,160
6222,2,-1,-1
6222,3,-1,-1
6222,4,-1,-1
6222,5,-1,-1
6222,6,-1,-1
6222,7,-1,-1
6223,0,0,160
6223,1,0,160
6223,2,-1,-1
6223,3,-1,-1
6223,4,-1,-1
6223,5,-1,-1
6223,6,-1,-1
6223,7,-1,-1
6224,0,0,160
6224,1,0,160
6224,2,-1,-1
6224,3,-1,-1
6224,4,-1,-1
6224,5,-1,-1
6224,6,-1,-1
6224,7,-1,-1
6225,0,0,160
6225,1,0,160
6225,2,-1,-1
6225,3,-1,-1
6225,4,-1,-1
6225,5,-1,-1
6225,6,-1,-1
6225,7,-1,-1
6226,0,0,160
6226,1,0,160
6226,2,-1,-1
6226,3,-1,-1
6226,4,-1,-1
6226,5,-1,-1
6226,6,-1,-1
6226,7,-1,-1
6227,0,0,160
6227,1,0,160
6227,2,-1,-1
6227,3,-1,-1
6227,4,-1,-1
6227,5,-1,-1
6227,6,-1,-1
6227,7,-1,-1
6228,0,0,160
6228,1,0,160
6228,2,-1,-1
6228,3,-1,-1
6228,4,-1,-1
6228,5,-1,-1
6228,6,-1,-1
6228,7,-1,-1
6229,0,0,160
6229,1,0,160
6229,2,-1,-1
6229,3,-1,-1
6229,4,-1,-1
6229,5,-1,-1
6229,6,-1,-1
6229,7,-1,-1
6230,0,0,160
6230,1,0,160
6230,2,-1,-1
6230,3,-1,-1
6230,4,-1,-1
6230,5,-1,-1
6230,6,-1,-1
6230,7,-1,-1
6231,0,0,160
6231,1,0,160
6231,2,-1,-1
6231,3,-1,-1
6231,4,-1,-1
6231,5,-1,-1
6231,6,-1,-1
6231,7,-1,-1
6232,0,0,160
6232,1,0,160
6232,2,-1,-1
6232,3,-1,-1
6232,4,-1,-1
6232,5,-1,-1
6232,6,-1,-1
6232,7,-1,-1
6233,0,0,160
6233,1,0,160
6233,2,-1,-1
6233,3,-1,-1
6233,4,-1,-1
6233,5,-1,-1
6233,6,-1,-1
6233,7,-1,-1
6234,0,0,160
6234,1,0,160
6234,2,-1,-1
6234,3,-1,-1
6234,4,-1,-1
6234,5,-1,-1
6234,6,-1,-1
6234,7,-1,-1
6235,0,0,160
6235,1,0,160
6235,2,-1,-1
6235,3,-1,-1
6235,4,-1,-1
6235,5,-1,-1
6235,6,-1,-1
6235,7,-1,-1
6236,0,0,160
6236,1,0,160
6236,2,-1,-1
6236,3,-1,-1
6236,4,-1,-1
6236,5,-1,-1
6236,6,-1,-1
6236,7,-1,-1
6237,0,0,160
6237,1,0,160
6237,2,-1,-1
6237,3,-1,-1
6237,4,-1,-1
6237,5,-1,-1
6237,6,-1,-1
6237,7,-1,-1
6238,0,0,160
6238,1,0,160
6238,2,-1,-1
6238,3,-1,-1
6238,4,-1,-1
6238,5,-1,-1
6238,6,-1,-1
6238,7,-1,-1
6239,0,0,160
6239,1,0,160
6239,2,-1,-1
6239,3,-1,-1
6239,4,-1,-1
6239,5,-1,-1
6239,6,-1,-1
6239,7,-1,-1
6240,0,0,160
6240,1,0,160
6240,2,-1,-1
6240,3,-1,-1
6240,4,-1,-1
6240,5,-1,-1
6240,6,-1,-1
6240,7,-1,-1
6241,0,0,160
6241,1,0,160
6241,2,-1,-1
6241,3,-1,-1
6241,4,-1,-1
6241,5,-1,-1
6241,6,-1,-1
6241,7,-1,-1
6242,0,0,160
6242,1,0,160
6242,2,-1,-1
6242,3,-1,-1
6242,4,-1,-1
6242,5,-1,-1
6242,6,-1,-1
6242,7,-1,-1
6243,0,0,160
6243,1,0,160
6243,2,-1,-1
6243,3,-1,-1
6243,4,-1,-1
6243,5,-1,-1
6243,6,-1,-1
6243,7,-1,-1
6244,0,0,160
6244,1,0,160
6244,2,-1,-1
6244,3,-1,-1
6244,4,-1,-1
6244,5,-1,-1
6244,6,-1,-1
6244,7,-1,-1
6245,0,0,160
6245,1,0,160
6245,2,-1,-1
6245,3,-1,-1
6245,4,-1,-1
6245,5,-1,-1
6245,6,-1,-1
6245,7,-1,-1
6246,0,0,160
6246,1,0,160
6246,2,-1,-1
6246,3,-1,-1
6246,4,-1,-1
6246,5,-1,-1
6246,6,-1,-1
6246,7,-1,-1
6247,0,0,160
6247,1,0,160
6247,2,-1,-1
6247,3,-1,-1
6247,4,-1,-1
6247,5,-1,-1
6247,6,-1,-1
6247,7,-1,-1
6248,0,0,160
6248,1,0,160
6248,2,-1,-1
6248,3,-1,-1
6248,4,-1,-1
6248,5,-1,-1
6248,6,-1,-1
6248,7,-1,-1
6249,0,0,160
6249,1,0,160
6249,2,-1,-1
6249,3,-1,-1
6249,4,-1,-1
6249,5,-1,-1
6249,6,-1,-1
6249,7,-1,-1
6250,0,0,160
6250,1,0,160
6250,2,-1,-1
6250,3,-1,-1
6250,4,-1,-1
6250,5,-1,-1
6250,6,-1,-1
6250,7,-1,-1
6251,0,0,160
6251,1,0,160
6251,2,-1,-1
6251,3,-1,-1
6251,4,-1,-1
6251,5,-1,-1
6251,6,-1,-1
6251,7,-1,-1
6252,0,0,160
6252,1,0,160
6252,2,-1,-1
6252,3,-1,-1
6252,4,-1,-1
6252,5,-1,-1
6252,6,-1,-1
6252,7,-1,-1
6253,0,0,160
6253,1,0,160
6253,2,-1,-1
6253,3,-1,-1
6253,4,-1,-1
6253,5,-1,-1
6253,6,-1,-1
6253,7,-1,-1
6254,0,0,160
6254,1,0,160
6254,2,-1,-1
6254,3,-1,-1
6254,4,-1,-1
6254,5,-1,-1
6254,6,-1,-1
6254,7,-1,-1
6255,0,0,160
6255,1,0,160
6255,2,-1,-1
6255,3,-1,-1
6255,4,-1,-1
6255,5,-1,-1
6255,6,-1,-1
6255,7,-1,-1
6256,0,0,160
6256,1,0,160
6256,2,-1,-1
6256,3,-1,-1
6256,4,-1,-1
6256,5,-1,-1
6256,6,-1,-1
6256,7,-1,-1
6257,0,0,160
6257,1,0,160
6257,2,-1,-1
6257,3,-1,-1
6257,4,-1,-1
6257,5,-1,-1
6257,6,-1,-1
6257,7,-1,-1
6258,0,0,160
6258,1,0,160
6258,2,-1,-1
6258,3,-1,-1
6258,4,-1,-1
6258,5,-1,-1
6258,6,-1,-1
6258,7,-1,-1
6259,0,0,160
6259,1,0,160
6259,2,-1,-1
6259,3,-1,-1
6259,4,-1,-1
6259,5,-1,-1
6259,6,-1,-1
6259,7,-1,-1
6260,0,0,160
6260,1,0,160
6260,2,-1,-1
6260,3,-1,-1
6260,4,-1,-1
6260,5,-1,-1
6260,6,-1,-1
6260,7,-1,-1
6261,0,0,160
6261,1,0,160
6261,2,-1,-1
6261,3,-1,-1
6261,4,-1,-1
6261,5,-1,-1
6261,6,-1,-1
6261,7,-1,-1
6262,0,0,160
6262,1,0,160
6262,2,-1,-1
6262,3,-1,-1
6262,4,-1,-1
6262,5,-1,-1
6262,6,-1,-1
6262,7,-1,-1
6263,0,0,160
6263,1,0,160
6263,2,-1,-1
6263,3,-1,-1
6263,4,-1,-1
6263,5,-1,-1
6263,6,-1,-1
6263,7,-1,-1
6264,0,0,160
6264,1,0,160
6264,2,-1,-1
6264,3,-1,-1
6264,4,-1,-1
6264,5,-1,-1
6264,6,-1,-1
6264,7,-1,-1
6265,0,0,160
6265,1,0,160
6265,2,-1,-1
6265,3,-1,-1
6265,4,-1,-1
6265,5,-1,-1
6265,6,-1,-1
6265,7,-1,-1
6266,0,0,160
6266,1,0,160
6266,2,-1,-1
6266,3,-1,-1
6266,4,-1,-1
6266,5,-1,-1
6266,6,-1,-1
6266,7,-1,-1
6267,0,0,160
6267,1,0,160
6267,2,-1,-1
6267,3,-1,-1
6267,4,-1,-1
6267,5,-1,-1
6267,6,-1,-1
6267,7,-1,-1
6268,0,0,160
6268,1,0,160
6268,2,-1,-1
6268,3,-1,-1
6268,4,-1,-1
6268,5,-1,-1
6268,6,-1,-1
6268,7,-1,-1
6269,0,0,160
6269,1,0,160
6269,2,-1,-1
6269,3,-1,-1
6269,4,-1,-1
6269,5,-1,-1
6269,6,-1,-1
6269,7,-1,-1
6270,0,0,160
6270,1,0,160
6270,2,-1,-1
6270,3,-1,-1
6270,4,-1,-1
6270,5,-1,-1
6270,6,-1,-1
6270,7,-1,-1
6271,0,0,160
6271,1,0,160
6271,2,-1,-1
6271,3,-1,-1
6271,4,-1,-1
6271,5,-1,-1
6271,6,-1,-1
6271,7,-1,-1
6272,0,0,160
6272,1,0,160
6272,2,-1,-1
6272,3,-1,-1
6272,4,-1,-1
6272,5,-1,-1
6272,6,-1,-1
6272,7,-1,-1
6273,0,0,160
6273,1,0,160
6273,2,-1,-1
6273,3,-1,-1
6273,4,-1,-1
6273,5,-1,-1
6273,6,-1,-1
6273,7,-1,-1
6274,0,0,160
6274,1,0,160
6274,2,-1,-1
6274,3,-1,-1
6274,4,-1,-1
6274,5,-1,-1
6274,6,-1,-1
6274,7,-1,-1
6275,0,0,160
6275,1,0,160
6275,2,-1,-1
6275,3,-1,-1
6275,4,-1,-1
6275,5,-1,-1
6275,6,-1,-1
6275,7,-1,-1
6276,0,0,160
6276,1,0,160
6276,2,-1,-1
6276,3,-1,-1
6276,4,-1,-1
6276,5,-1,-1
6276,6,-1,-1
6276,7,-1,-1
6277,0,0,160
6277,1,0,160
6277,2,-1,-1
6277,3,-1,-1
6277,4,-1,-1
6277,5,-1,-1
6277,6,-1,-1
6277,7,-1,-1
6278,0,0,160
6278,1,0,160
6278,2,-1,-1
6278,3,-1,-1
6278,4,-1,-1
6278,5,-1,-1
6278,6,-1,-1
6278,7,-1,-1
6279,0,0,160
6279,1,0,160
6279,2,-1,-1
6279,3,-1,-1
6279,4,-1,-1
6279,5,-1,-1
6279,6,-1,-1
6279,7,-1,-1
6280,0,0,160
6280,1,0,160
6280,2,-1,-1
6280,3,-1,-1
6280,4,-1,-1
6280,5,-1,-1
6280,6,-1,-1
6280,7,-1,-1
6281,0,0,160
6281,1,0,160
6281,2,-1,-1
6281,3,-1,-1
6281,4,-1,-1
6281,5,-1,-1
6281,6,-1,-1
6281,7,-1,-1
6282,0,0,160
6282,1,0,160
6282,2,-1,-1
6282,3,-1,-1
6282,4,-1,-1
6282,5,-1,-1
6282,6,-1,-1
6282,7,-1,-1
6283,0,0,160
6283,1,0,160
6283,2,-1,-1
6283,3,-1,-1
6283,4,-1,-1
6283,5,-1,-1
6283,6,-1,-1
6283,7,-1,-1
6284,0,0,160
6284,1,0,160
6284,2,-1,-1
6284,3,-1,-1
6284,4,-1,-1
6284,5,-1,-1
6284,6,-1,-1
6284,7,-1,-1
6285,0,0,160
6285,1,0,160
6285,2,-1,-1
6285,3,-1,-1
6285,4,-1,-1
6285,5,-1,-1
6285,6,-1,-1
6285,7,-1,-1
6286,0,0,160
6286,1,0,160
6286,2,-1,-1
6286,3,-1,-1
6286,4,-1,-1
6286,5,-1,-1
6286,6,-1,-1
6286,7,-1,-1
6287,0,0,160
6287,1,0,160
6287,2,-1,-1
6287,3,-1,-1
6287,4,-1,-1
6287,5,-1,-1
6287,6,-1,-1
6287,7,-1,-1
6288,0,0,160
6288,1,0,160
6288,2,-1,-1
6288,3,-1,-1
6288,4,-1,-1
6288,5,-1,-1
6288,6,-1,-1
6288,7,-1,-1
6289,0,0,160
6289,1,0,160
6289,2,-1,-1
6289,3,-1,-1
6289,4,-1,-1
6289,5,-1,-1
6289,6,-1,-1
6289,7,-1,-1
6290,0,0,160
6290,1,0,160
6290,2,-1,-1
6290,3,-1,-1
6290,4,-1,-1
6290,5,-1,-1
6290,6,-1,-1
6290,7,-1,-1
6291,0,0,160
6291,1,0,160
6291,2,-1,-1
6291,3,-1,-1
6291,4,-1,-1
6291,5,-1,-1
6291,6,-1,-1
6291,7,-1,-1
6292,0,0,160
6292,1,0,160
6292,2,-1,-1
6292,3,-1,-1
6292,4,-1,-1
6292,5,-1,-1
6292,6,-1,-1
6292,7,-1,-1
6293,0,0,160
6293,1,0,160
6293,2,-1,-1
6293,3,-1,-1
6293,4,-1,-1
6293,5,-1,-1
6293,6,-1,-1
6293,7,-1,-1
6294,0,0,160
6294,1,0,160
6294,2,-1,-1
6294,3,-1,-1
6294,4,-1,-1
6294,5,-1,-1
6294,6,-1,-1
6294,7,-1,-1
6295,0,0,160
6295,1,0,160
6295,2,-1,-1
6295,3,-1,-1
6295,4,-1,-1
6295,5,-1,-1
6295,6,-1,-1
6295,7,-1,-1
6296,0,0,160
6296,1,0,160
6296,2,-1,-1
6296,3,-1,-1
6296,4,-1,-1
6296,5,-1,-1
6296,6,-1,-1
6296,7,-1,-1
6297,0,0,160
6297,1,0,160
6297,2,-1,-1
6297,3,-1,-1
6297,4,-1,-1
6297,5,-1,-1
6297,6,-1,-1
6297,7,-1,-1
6298,0,0,160
6298,1,0,160
6298,2,-1,-1
6298,3,-1,-1
6298,4,-1,-1
6298,5,-1,-1
6298,6,-1,-1
6298,7,-1,-1
6299,0,0,160
6299,1,0,160
6299,2,-1,-1
6299,3,-1,-1
6299,4,-1,-1
6299,5,-1,-1
6299,6,-1,-1
6299,7,-1,-1
6300,0,3,160
6300,1,3,160
6300,2,3,160
6300,3,3,160
6300,4,4,160
6300,5,4,160
6300,6,4,160
6300,7,4,160
6301,0,3,160
6301,1,3,160
6301,2,3,160
6301,3,3,160
6301,4,4,160
6301,5,4,160
6301,6,4,160
6301,7,4,160
6302,0,3,160
6302,1,3,160
6302,2,3,160
6302,3,3,160
6302,4,4,160
6302,5,4,160
6302,6,4,160
6302,7,4,160
6303,0,3,160
6303,1,3,160
6303,2,3,160
6303,3,3,160
6303,4,4,160
6303,5,4,160
6303,6,4,160
6303,7,4,160
6304,0,3,160
6304,1,3,160
6304,2,3,160
6304,3,3,160
6304,4,4,160
6304,5,4,160
6304,6,4,160
6304,7,4,160
6305,0,3,160
6305,1,3,160
6305,2,3,160
6305,3,3,160
6305,4,4,160
6305,5,4,160
6305,6,4,160
6305,7,4,160
6306,0,3,160
6306,1,3,160
6306,2,3,160
6306,3,3,160
6306,4,4,160
6306,5,4,160
6306,6,4,160
6306,7,4,160
6307,0,3,160
6307,1,3,160
6307,2,3,160
6307,3,3,160
6307,4,4,160
6307,5,4,160
6307,6,4,160
6307,7,4,160
6308,0,3,160
6308,1,3,160
6308,2,3,160
6308,3,3,160
6308,4,4,160
6308,5,4,160
6308,6,4,160
6308,7,4,160
6309,0,3,160
6309,1,3,160
6309,2,3,160
6309,3,3,160
6309,4,4,160
6309,5,4,160
6309,6,4,160
6309,7,4,160
6310,0,3,160
6310,1,3,160
6310,2,3,160
6310,3,3,160
6310,4,4,160
6310,5,4,160
6310,6,4,160
6310,7,4,160
6311,0,3,160
6311,1,3,160
6311,2,3,160
6311,3,3,160
6311,4,4,160
6311,5,4,160
6311,6,4,160
6311,7,4,160
6312,0,3,160
6312,1,3,160
6312,2,3,160
6312,3,3,160
6312,4,4,160
6312,5,4,160
6312,6,4,160
6312,7,4,160
6313,0,3,160
6313,1,3,160
6313,2,3,160
6313,3,3,160
6313,4,4,160
6313,5,4,160
6313,6,4,160
6313,7,4,160
6314,0,3,160
6314,1,3,160
6314,2,3,160
6314,3,3,160
6314,4,4,160
6314,5,4,160
6314,6,4,160
6314,7,4,160
6315,0,3,160
6315,1,3,160
6315,2,3,160
6315,3,3,160
6315,4,4,160
6315,5,4,160
6315,6,4,160
6315,7,4,160
6316,0,3,160
6316,1,3,160
6316,2,3,160
6316,3,3,160
6316,4,4,160
6316,5,4,160
6316,6,4,160
6316,7,4,160
6317,0,3,160
6317,1,3,160
6317,2,3,160
6317,3,3,160
6317,4,4,160
6317,5,4,160
6317,6,4,160
6317,7,4,160
6318,0,3,160
6318,1,3,160
6318,2,3,160
6318,3,3,160
6318,4,4,160
6318,5,4,160
6318,6,4,160
6318,7,4,160
6319,0,3,160
6319,1,3,160
6319,2,3,160
6319,3,3,160
6319,4,4,160
6319,5,4,160
6319,6,4,160
6319,7,4,160
6320,0,3,160
6320,1,3,160
6320,2,3,160
6320,3,3,160
6320,4,4,160
6320,5,4,160
6320,6,4,160
6320,7,4,160
6321,0,3,160
6321,1,3,160
6321,2,3,160
6321,3,3,160
6321,4,4,160
6321,5,4,160
6321,6,4,160
6321,7,4,160
6322,0,3,160
6322,1,3,160
6322,2,3,160
6322,3,3,160
6322,4,4,160
6322,5,4,160
6322,6,4,160
6322,7,4,160
6323,0,3,160
6323,1,3,160
6323,2,3,160
6323,3,3,160
6323,4,4,160
6323,5,4,160
6323,6,4,160
6323,7,4,160
6324,0,3,160
6324,1,3,160
6324,2,3,160
6324,3,3,160
6324,4,4,160
6324,5,4,160
6324,6,4,160
6324,7,4,160
6325,0,3,160
6325,1,3,160
6325,2,3,160
6325,3,3,160
6325,4,4,160
6325,5,4,160
6325,6,4,160
6325,7,4,160
6326,0,3,160
6326,1,3,160
6326,2,3,160
6326,3,3,160
6326,4,4,160
6326,5,4,160
6326,6,4,160
6326,7,4,160
6327,0,3,160
6327,1,3,160
6327,2,3,160
6327,3,3,160
6327,4,4,160
6327,5,4,160
6327,6,4,160
6327,7,4,160
6328,0,3,160
6328,1,3,160
6328,2,3,160
6328,3,3,160
6328,4,4,160
6328,5,4,160
6328,6,4,160
6328,7,4,160
6329,0,3,160
6329,1,3,160
6329,2,3,160
6329,3,3,160
6329,4,4,160
6329,5,4,160
6329,6,4,160
6329,7,4,160
6330,0,3,160
6330,1,3,160
6330,2,3,160
6330,3,3,160
6330,4,4,160
6330,5,4,160
6330,6,4,160
6330,7,4,160
6331,0,3,160
6331,1,3,160
6331,2,3,160
6331,3,3,160
6331,4,4,160
6331,5,4,160
6331,6,4,160
6331,7,4,160
6332,0,3,160
6332,1,3,160
6332,2,3,160
6332,3,3,160
6332,4,4,160
6332,5,4,160
6332,6,4,160
6332,7,4,160
6333,0,3,160
6333,1,3,160
6333,2,3,160
6333,3,3,160
6333,4,4,160
6333,5,4,160
6333,6,4,160
6333,7,4,160
6334,0,3,160
6334,1,3,160
6334,2,3,160
6334,3,3,160
6334,4,4,160
6334,5,4,160
6334,6,4,160
6334,7,4,160
6335,0,3,160
6335,1,3,160
6335,2,3,160
6335,3,3,160
6335,4,4,160
6335,5,4,160
6335,6,4,160
6335,7,4,160
6336,0,3,160
6336,1,3,160
6336,2,3,160
6336,3,3,160
6336,4,4,160
6336,5,4,160
6336,6,4,160
6336,7,4,160
6337,0,3,160
6337,1,3,160
6337,2,3,160
6337,3,3,160
6337,4,4,160
6337,5,4,160
6337,6,4,160
6337,7,4,160
6338,0,3,160
6338,1,3,160
6338,2,3,160
6338,3,3,160
6338,4,4,160
6338,5,4,160
6338,6,4,160
6338,7,4,160
6339,0,3,160
6339,1,3,160
6339,2,3,160
6339,3,3,160
6339,4,4,160
6339,5,4,160
6339,6,4,160
6339,7,4,160
6340,0,3,160
6340,1,3,160
6340,2,3,160
6340,3,3,160
6340,4,4,160
6340,5,4,160
6340,6,4,160
6340,7,4,160
6341,0,3,160
6341,1,3,160
6341,2,3,160
6341,3,3,160
6341,4,4,160
6341,5,4,160
6341,6,4,160
6341,7,4,160
6342,0,3,160
6342,1,3,160
6342,2,3,160
6342,3,3,160
6342,4,4,160
6342,5,4,160
6342,6,4,160
6342,7,4,160
6343,0,3,160
6343,1,3,160
6343,2,3,160
6343,3,3,160
6343,4,4,160
6343,5,4,160
6343,6,4,160
6343,7,4,160
6344,0,3,160
6344,1,3,160
6344,2,3,160
6344,3,3,160
6344,4,4,160
6344,5,4,160
6344,6,4,160
6344,7,4,160
6345,0,3,160
6345,1,3,160
6345,2,3,160
6345,3,3,160
6345,4,4,160
6345,5,4,160
6345,6,4,160
6345,7,4,160
6346,0,3,160
6346,1,3,160
6346,2,3,160
6346,3,3,160
6346,4,4,160
6346,5,4,160
6346,6,4,160
6346,7,4,160
6347,0,3,160
6347,1,3,160
6347,2,3,160
6347,3,3,160
6347,4,4,160
6347,5,4,160
6347,6,4,160
6347,7,4,160
6348,0,3,160
6348,1,3,160
6348,2,3,160
6348,3,3,160
6348,4,4,160
6348,5,4,160
6348,6,4,160
6348,7,4,160
6349,0,3,160
6349,1,3,160
6349,2,3,160
6349,3,3,160
6349,4,4,160
6349,5,4,160
6349,6,4,160
6349,7,4,160
6350,0,3,160
6350,1,3,160
6350,2,3,160
6350,3,3,160
6350,4,4,160
6350,5,4,160
6350,6,4,160
6350,7,4,160
6351,0,3,160
6351,1,3,160
6351,2,3,160
6351,3,3,160
6351,4,4,160
6351,5,4,160
6351,6,4,160
6351,7,4,160
6352,0,3,160
6352,1,3,160
6352,2,3,160
6352,3,3,160
6352,4,4,160
6352,5,4,160
6352,6,4,160
6352,7,4,160
6353,0,3,160
6353,1,3,160
6353,2,3,160
6353,3,3,160
6353,4,4,160
6353,5,4,160
6353,6,4,160
6353,7,4,160
6354,0,3,160
6354,1,3,160
6354,2,3,160
6354,3,3,160
6354,4,4,160
6354,5,4,160
6354,6,4,160
6354,7,4,160
6355,0,3,160
6355,1,3,160
6355,2,3,160
6355,3,3,160
6355,4,4,160
6355,5,4,160
6355,6,4,160
6355,7,4,160
6356,0,3,160
6356,1,3,160
6356,2,3,160
6356,3,3,160
6356,4,4,160
6356,5,4,160
6356,6,4,160
6356,7,4,160
6357,0,3,160
6357,1,3,160
6357,2,3,160
6357,3,3,160
6357,4,4,160
6357,5,4,160
6357,6,4,160
6357,7,4,160
6358,0,3,160
6358,1,3,160
6358,2,3,160
6358,3,3,160
6358,4,4,160
6358,5,4,160
6358,6,4,160
6358,7,4,160
6359,0,3,160
6359,1,3,160
6359,2,3,160
6359,3,3,160
6359,4,4,160
6359,5,4,160
6359,6,4,160
6359,7,4,160
6360,0,3,160
6360,1,3,160
6360,2,3,160
6360,3,3,160
6360,4,4,160
6360,5,4,160
6360,6,4,160
6360,7,4,160
6361,0,3,160
6361,1,3,160
6361,2,3,160
6361,3,3,160
6361,4,4,160
6361,5,4,160
6361,6,4,160
6361,7,4,160
6362,0,3,160
6362,1,3,160
6362,2,3,160
6362,3,3,160
6362,4,4,160
6362,5,4,160
6362,6,4,160
6362,7,4,160
6363,0,3,160
6363,1,3,160
6363,2,3,160
6363,3,3,160
6363,4,4,160
6363,5,4,160
6363,6,4,160
6363,7,4,160
6364,0,3,160
6364,1,3,160
6364,2,3,160
6364,3,3,160
6364,4,4,160
6364,5,4,160
6364,6,4,160
6364,7,4,160
6365,0,3,160
6365,1,3,160
6365,2,3,160
6365,3,3,160
6365,4,4,160
6365,5,4,160
6365,6,4,160
6365,7,4,160
6366,0,3,160
6366,1,3,160
6366,2,3,160
6366,3,3,160
6366,4,4,160
6366,5,4,160
6366,6,4,160
6366,7,4,160
6367,0,3,160
6367,1,3,160
6367,2,3,160
6367,3,3,160
6367,4,4,160
6367,5,4,160
6367,6,4,160
6367,7,4,160
6368,0,3,160
6368,1,3,160
6368,2,3,160
6368,3,3,160
6368,4,4,160
6368,5,4,160
6368,6,4,160
6368,7,4,160
6369,0,3,160
6369,1,3,160
6369,2,3,160
6369,3,3,160
6369,4,4,160
6369,5,4,160
6369,6,4,160
6369,7,4,160
6370,0,3,160
6370,1,3,160
6370,2,3,160
6370,3,3,160
6370,4,4,160
6370,5,4,160
6370,6,4,160
6370,7,4,160
6371,0,3,160
6371,1,3,160
6371,2,3,160
6371,3,3,160
6371,4,4,160
6371,5,4,160
6371,6,4,160
6371,7,4,160
6372,0,3,160
6372,1,3,160
6372,2,3,160
6372,3,3,160
6372,4,4,160
6372,5,4,160
6372,6,4,160
6372,7,4,160
6373,0,3,160
6373,1,3,160
6373,2,3,160
6373,3,3,160
6373,4,4,160
6373,5,4,160
6373,6,4,160
6373,7,4,160
6374,0,3,160
6374,1,3,160
6374,2,3,160
6374,3,3,160
6374,4,4,160
6374,5,4,160
6374,6,4,160
6374,7,4,160
6375,0,3,160
6375,1,3,160
6375,2,3,160
6375,3,3,160
6375,4,4,160
6375,5,4,160
6375,6,4,160
6375,7,4,160
6376,0,3,160
6376,1,3,160
6376,2,3,160
6376,3,3,160
6376,4,4,160
6376,5,4,160
6376,6,4,160
6376,7,4,160
6377,0,3,160
6377,1,3,160
6377,2,3,160
6377,3,3,160
6377,4,4,160
6377,5,4,160
6377,6,4,160
6377,7,4,160
6378,0,3,160
6378,1,3,160
6378,2,3,160
6378,3,3,160
6378,4,4,160
6378,5,4,160
6378,6,4,160
6378,7,4,160
6379,0,3,160
6379,1,3,160
6379,2,3,160
6379,3,3,160
6379,4,4,160
6379,5,4,160
6379,6,4,160
6379,7,4,160
6380,0,3,160
6380,1,3,160
6380,2,3,160
6380,3,3,160
6380,4,4,160
6380,5,4,160
6380,6,4,160
6380,7,4,160
6381,0,3,160
6381,1,3,160
6381,2,3,160
6381,3,3,160
6381,4,4,160
6381,5,4,160
6381,6,4,160
6381,7,4,160
6382,0,3,160
6382,1,3,160
6382,2,3,160
6382,3,3,160
6382,4,4,160
6382,5,4,160
6382,6,4,160
6382,7,4,160
6383,0,3,160
6383,1,3,160
6383,2,3,160
6383,3,3,160
6383,4,4,160
6383,5,4,160
6383,6,4,160
6383,7,4,160
6384,0,3,160
6384,1,3,160
6384,2,3,160
6384,3,3,160
6384,4,4,160
6384,5,4,160
6384,6,4,160
6384,7,4,160
6385,0,3,160
6385,1,3,160
6385,2,3,160
6385,3,3,160
6385,4,4,160
6385,5,4,160
6385,6,4,160
6385,7,4,160
6386,0,3,160
6386,1,3,160
6386,2,3,160
6386,3,3,160
6386,4,4,160
6386,5,4,160
6386,6,4,160
6386,7,4,160
6387,0,3,160
6387,1,3,160
6387,2,3,160
6387,3,3,160
6387,4,4,160
6387,5,4,160
6387,6,4,160
6387,7,4,160
6388,0,3,160
6388,1,3,160
6388,2,3,160
6388,3,3,160
6388,4,4,160
6388,5,4,160
6388,6,4,160
6388,7,4,160
6389,0,3,160
6389,1,3,160
6389,2,3,160
6389,3,3,160
6389,4,4,160
6389,5,4,160
6389,6,4,160
6389,7,4,160
6390,0,3,160
6390,1,3,160
6390,2,3,160
6390,3,3,160
6390,4,4,160
6390,5,4,160
6390,6,4,160
6390,7,4,160
6391,0,3,160
6391,1,3,160
6391,2,3,160
6391,3,3,160
6391,4,4,160
6391,5,4,160
6391,6,4,160
6391,7,4,160
6392,0,3,160
6392,1,3,160
6392,2,3,160
6392,3,3,160
6392,4,4,160
6392,5,4,160
6392,6,4,160
6392,7,4,160
6393,0,3,160
6393,1,3,160
6393,2,3,160
6393,3,3,160
6393,4,4,160
6393,5,4,160
6393,6,4,160
6393,7,4,160
6394,0,3,160
6394,1,3,160
6394,2,3,160
6394,3,3,160
6394,4,4,160
6394,5,4,160
6394,6,4,160
6394,7,4,160
6395,0,3,160
6395,1,3,160
6395,2,3,160
6395,3,3,160
6395,4,4,160
6395,5,4,160
6395,6,4,160
6395,7,4,160
6396,0,3,160
6396,1,3,160
6396,2,3,160
6396,3,3,160
6396,4,4,160
6396,5,4,160
6396,6,4,160
6396,7,4,160
6397,0,3,160
6397,1,3,160
6397,2,3,160
6397,3,3,160
6397,4,4,160
6397,5,4,160
6397,6,4,160
6397,7,4,160
6398,0,3,160
6398,1,3,160
6398,2,3,160
6398,3,3,160
6398,4,4,160
6398,5,4,160
6398,6,4,160
6398,7,4,160
6399,0,3,160
6399,1,3,160
6399,2,3,160
6399,3,3,160
6399,4,4,160
6399,5,4,160
6399,6,4,160
6399,7,4,160
6400,0,3,160
6400,1,3,160
6400,2,3,160
6400,3,3,160
6400,4,4,160
6400,5,4,160
6400,6,4,160
6400,7,4,160
6401,0,3,160
6401,1,3,160
6401,2,3,160
6401,3,3,160
6401,4,4,160
6401,5,4,160
6401,6,4,160
6401,7,4,160
6402,0,3,160
6402,1,3,160
6402,2,3,160
6402,3,3,160
6402,4,4,160
6402,5,4,160
6402,6,4,160
6402,7,4,160
6403,0,3,160
6403,1,3,160
6403,2,3,160
6403,3,3,160
6403,4,4,160
6403,5,4,160
6403,6,4,160
6403,7,4,160
6404,0,3,160
6404,1,3,160
6404,2,3,160
6404,3,3,160
6404,4,4,160
6404,5,4,160
6404,6,4,160
6404,7,4,160
6405,0,3,160
6405,1,3,160
6405,2,3,160
6405,3,3,160
6405,4,4,160
6405,5,4,160
6405,6,4,160
6405,7,4,160
6406,0,3,160
6406,1,3,160
6406,2,3,160
6406,3,3,160
6406,4,4,160
6406,5,4,160
6406,6,4,160
6406,7,4,160
6407,0,3,160
6407,1,3,160
6407,2,3,160
6407,3,3,160
6407,4,4,160
6407,5,4,160
6407,6,4,160
6407,7,4,160
6408,0,3,160
6408,1,3,160
6408,2,3,160
6408,3,3,160
6408,4,4,160
6408,5,4,160
6408,6,4,160
6408,7,4,160
6409,0,3,160
6409,1,3,160
6409,2,3,160
6409,3,3,160
6409,4,4,160
6409,5,4,160
6409,6,4,160
6409,7,4,160
6410,0,3,160
6410,1,3,160
6410,2,3,160
6410,3,3,160
6410,4,4,160
6410,5,4,160
6410,6,4,160
6410,7,4,160
6411,0,3,160
6411,1,3,160
6411,2,3,160
6411,3,3,160
6411,4,4,160
6411,5,4,160
6411,6,4,160
6411,7,4,160
6412,0,3,160
6412,1,3,160
6412,2,3,160
6412,3,3,160
6412,4,4,160
6412,5,4,160
6412,6,4,160
6412,7,4,160
6413,0,3,160
6413,1,3,160
6413,2,3,160
6413,3,3,160
6413,4,4,160
6413,5,4,160
6413,6,4,160
6413,7,4,160
6414,0,3,160
6414,1,3,160
6414,2,3,160
6414,3,3,160
6414,4,4,160
6414,5,4,160
6414,6,4,160
6414,7,4,160
6415,0,3,160
6415,1,3,160
6415,2,3,160
6415,3,3,160
6415,4,4,160
6415,5,4,160
6415,6,4,160
6415,7,4,160
6416,0,3,160
6416,1,3,160
6416,2,3,160
6416,3,3,160
6416,4,4,160
6416,5,4,160
6416,6,4,160
6416,7,4,160
6417,0,3,160
6417,1,3,160
6417,2,3,160
6417,3,3,160
6417,4,4,160
6417,5,4,160
6417,6,4,160
6417,7,4,160
6418,0,3,160
6418,1,3,160
6418,2,3,160
6418,3,3,160
6418,4,4,160
6418,5,4,160
6418,6,4,160
6418,7,4,160
6419,0,3,160
6419,1,3,160
6419,2,3,160
6419,3,3,160
6419,4,4,160
6419,5,4,160
6419,6,4,160
6419,7,4,160
6420,0,3,160
6420,1,3,160
6420,2,3,160
6420,3,3,160
6420,4,4,160
6420,5,4,160
6420,6,4,160
6420,7,4,160
6421,0,3,160
6421,1,3,160
6421,2,3,160
6421,3,3,160
6421,4,4,160
6421,5,4,160
6421,6,4,160
6421,7,4,160
6422,0,3,160
6422,1,3,160
6422,2,3,160
6422,3,3,160
6422,4,4,160
6422,5,4,160
6422,6,4,160
6422,7,4,160
6423,0,3,160
6423,1,3,160
6423,2,3,160
6423,3,3,160
6423,4,4,160
6423,5,4,160
6423,6,4,160
6423,7,4,160
6424,0,3,160
6424,1,3,160
6424,2,3,160
6424,3,3,160
6424,4,4,160
6424,5,4,160
6424,6,4,160
6424,7,4,160
6425,0,3,160
6425,1,3,160
6425,2,3,160
6425,3,3,160
6425,4,4,160
6425,5,4,160
6425,6,4,160
6425,7,4,160
6426,0,3,160
6426,1,3,160
6426,2,3,160
6426,3,3,160
6426,4,4,160
6426,5,4,160
6426,6,4,160
6426,7,4,160
6427,0,3,160
6427,1,3,160
6427,2,3,160
6427,3,3,160
6427,4,4,160
6427,5,4,160
6427,6,4,160
6427,7,4,160
6428,0,3,160
6428,1,3,160
6428,2,3,160
6428,3,3,160
6428,4,4,160
6428,5,4,160
6428,6,4,160
6428,7,4,160
6429,0,3,160
6429,1,3,160
6429,2,3,160
6429,3,3,160
6429,4,4,160
6429,5,4,160
6429,6,4,160
6429,7,4,160
6430,0,3,160
6430,1,3,160
6430,2,3,160
6430,3,3,160
6430,4,4,160
6430,5,4,160
6430,6,4,160
6430,7,4,160
6431,0,3,160
6431,1,3,160
6431,2,3,160
6431,3,3,160
6431,4,4,160
6431,5,4,160
6431,6,4,160
6431,7,4,160
6432,0,3,160
6432,1,3,160
6432,2,3,160
6432,3,3,160
6432,4,4,160
6432,5,4,160
6432,6,4,160
6432,7,4,160
6433,0,3,160
6433,1,3,160
6433,2,3,160
6433,3,3,160
6433,4,4,160
6433,5,4,160
6433,6,4,160
6433,7,4,160
6434,0,3,160
6434,1,3,160
6434,2,3,160
6434,3,3,160
6434,4,4,160
6434,5,4,160
6434,6,4,160
6434,7,4,160
6435,0,3,160
6435,1,3,160
6435,2,3,160
6435,3,3,160
6435,4,4,160
6435,5,4,160
6435,6,4,160
6435,7,4,160
6436,0,3,160
6436,1,3,160
6436,2,3,160
6436,3,3,160
6436,4,4,160
6436,5,4,160
6436,6,4,160
6436,7,4,160
6437,0,3,160
6437,1,3,160
6437,2,3,160
6437,3,3,160
6437,4,4,160
6437,5,4,160
6437,6,4,160
6437,7,4,160
6438,0,3,160
6438,1,3,160
6438,2,3,160
6438,3,3,160
6438,4,4,160
6438,5,4,160
6438,6,4,160
6438,7,4,160
6439,0,3,160
6439,1,3,160
6439,2,3,160
6439,3,3,160
6439,4,4,160
6439,5,4,160
6439,6,4,160
6439,7,4,160
6440,0,3,160
6440,1,3,160
6440,2,3,160
6440,3,3,160
6440,4,4,160
6440,5,4,160
6440,6,4,160
6440,7,4,160
6441,0,3,160
6441,1,3,160
6441,2,3,160
6441,3,3,160
6441,4,4,160
6441,5,4,160
6441,6,4,160
6441,7,4,160
6442,0,3,160
6442,1,3,160
6442,2,3,160
6442,3,3,160
6442,4,4,160
6442,5,4,160
6442,6,4,160
6442,7,4,160
6443,0,3,160
6443,1,3,160
6443,2,3,160
6443,3,3,160
6443,4,4,160
6443,5,4,160
6443,6,4,160
6443,7,4,160
6444,0,3,160
6444,1,3,160
6444,2,3,160
6444,3,3,160
6444,4,4,160
6444,5,4,160
6444,6,4,160
6444,7,4,160
6445,0,3,160
6445,1,3,160
6445,2,3,160
6445,3,3,160
6445,4,4,160
6445,5,4,160
6445,6,4,160
6445,7,4,160
6446,0,3,160
6446,1,3,160
6446,2,3,160
6446,3,3,160
6446,4,4,160
6446,5,4,160
6446,6,4,160
6446,7,4,160
6447,0,3,160
6447,1,3,160
6447,2,3,160
6447,3,3,160
6447,4,4,160
6447,5,4,160
6447,6,4,160
6447,7,4,160
6448,0,3,160
6448,1,3,160
6448,2,3,160
6448,3,3,160
6448,4,4,160
6448,5,4,160
6448,6,4,160
6448,7,4,160
6449,0,3,160
6449,1,3,160
6449,2,3,160
6449,3,3,160
6449,4,4,160
6449,5,4,160
6449,6,4,160
6449,7,4,160
6450,0,3,160
6450,1,3,160
6450,2,3,160
6450,3,3,160
6450,4,4,160
6450,5,4,160
6450,6,4,160
6450,7,4,160
6451,0,3,160
6451,1,3,160
6451,2,3,160
6451,3,3,160
6451,4,4,160
6451,5,4,160
6451,6,4,160
6451,7,4,160
6452,0,3,160
6452,1,3,160
6452,2,3,160
6452,3,3,160
6452,4,4,160
6452,5,4,160
6452,6,4,160
6452,7,4,160
6453,0,3,160
6453,1,3,160
6453,2,3,160
6453,3,3,160
6453,4,4,160
6453,5,4,160
6453,6,4,160
6453,7,4,160
6454,0,3,160
6454,1,3,160
6454,2,3,160
6454,3,3,160
6454,4,4,160
6454,5,4,160
6454,6,4,160
6454,7,4,160
6455,0,3,160
6455,1,3,160
6455,2,3,160
6455,3,3,160
6455,4,4,160
6455,5,4,160
6455,6,4,160
6455,7,4,160
6456,0,3,160
6456,1,3,160
6456,2,3,160
6456,3,3,160
6456,4,4,160
6456,5,4,160
6456,6,4,160
6456,7,4,160
6457,0,3,160
6457,1,3,160
6457,2,3,160
6457,3,3,160
6457,4,4,160
6457,5,4,160
6457,6,4,160
6457,7,4,160
6458,0,3,160
6458,1,3,160
6458,2,3,160
6458,3,3,160
6458,4,4,160
6458,5,4,160
6458,6,4,160
6458,7,4,160
6459,0,3,160
6459,1,3,160
6459,2,3,160
6459,3,3,160
6459,4,4,160
6459,5,4,160
6459,6,4,160
6459,7,4,160
6460,0,3,160
6460,1,3,160
6460,2,3,160
6460,3,3,160
6460,4,4,160
6460,5,4,160
6460,6,4,160
6460,7,4,160
6461,0,3,160
6461,1,3,160
6461,2,3,160
6461,3,3,160
6461,4,4,160
6461,5,4,160
6461,6,4,160
6461,7,4,160
6462,0,3,160
6462,1,3,160
6462,2,3,160
6462,3,3,160
6462,4,4,160
6462,5,4,160
6462,6,4,160
6462,7,4,160
6463,0,3,160
6463,1,3,160
6463,2,3,160
6463,3,3,160
6463,4,4,160
6463,5,4,160
6463,6,4,160
6463,7,4,160
6464,0,3,160
6464,1,3,160
6464,2,3,160
6464,3,3,160
6464,4,4,160
6464,5,4,160
6464,6,4,160
6464,7,4,160
6465,0,3,160
6465,1,3,160
6465,2,3,160
6465,3,3,160
6465,4,4,160
6465,5,4,160
6465,6,4,160
6465,7,4,160
6466,0,3,160
6466,1,3,160
6466,2,3,160
6466,3,3,160
6466,4,4,160
6466,5,4,160
6466,6,4,160
6466,7,4,160
6467,0,3,160
6467,1,3,160
6467,2,3,160
6467,3,3,160
6467,4,4,160
6467,5,4,160
6467,6,4,160
6467,7,4,160
6468,0,3,160
6468,1,3,160
6468,2,3,160
6468,3,3,160
6468,4,4,160
6468,5,4,160
6468,6,4,160
6468,7,4,160
6469,0,3,160
6469,1,3,160
6469,2,3,160
6469,3,3,160
6469,4,4,160
6469,5,4,160
6469,6,4,160
6469,7,4,160
6470,0,3,160
6470,1,3,160
6470,2,3,160
6470,3,3,160
6470,4,4,160
6470,5,4,160
6470,6,4,160
6470,7,4,160
6471,0,3,160
6471,1,3,160
6471,2,3,160
6471,3,3,160
6471,4,4,160
6471,5,4,160
6471,6,4,160
6471,7,4,160
6472,0,3,160
6472,1,3,160
6472,2,3,160
6472,3,3,160
6472,4,4,160
6472,5,4,160
6472,6,4,160
6472,7,4,160
6473,0,3,160
6473,1,3,160
6473,2,3,160
6473,3,3,160
6473,4,4,160
6473,5,4,160
6473,6,4,160
6473,7,4,160
6474,0,3,160
6474,1,3,160
6474,2,3,160
6474,3,3,160
6474,4,4,160
6474,5,4,160
6474,6,4,160
6474,7,4,160
6475,0,3,160
6475,1,3,160
6475,2,3,160
6475,3,3,160
6475,4,4,160
6475,5,4,160
6475,6,4,160
6475,7,4,160
6476,0,3,160
6476,1,3,160
6476,2,3,160
6476,3,3,160
6476,4,4,160
6476,5,4,160
6476,6,4,160
6476,7,4,160
6477,0,3,160
6477,1,3,160
6477,2,3,160
6477,3,3,160
6477,4,4,160
6477,5,4,160
6477,6,4,160
6477,7,4,160
6478,0,3,160
6478,1,3,160
6478,2,3,160
6478,3,3,160
6478,4,4,160
6478,5,4,160
6478,6,4,160
6478,7,4,160
6479,0,3,160
6479,1,3,160
6479,2,3,160
6479,3,3,160
6479,4,4,160
6479,5,4,160
6479,6,4,160
6479,7,4,160
6480,0,3,160
6480,1,3,160
6480,2,3,160
6480,3,3,160
6480,4,4,160
6480,5,4,160
6480,6,4,160
6480,7,4,160
6481,0,3,160
6481,1,3,160
6481,2,3,160
6481,3,3,160
6481,4,4,160
6481,5,4,160
6481,6,4,160
6481,7,4,160
6482,0,3,160
6482,1,3,160
6482,2,3,160
6482,3,3,160
6482,4,4,160
6482,5,4,160
6482,6,4,160
6482,7,4,160
6483,0,3,160
6483,1,3,160
6483,2,3,160
6483,3,3,160
6483,4,4,160
6483,5,4,160
6483,6,4,160
6483,7,4,160
6484,0,3,160
6484,1,3,160
6484,2,3,160
6484,3,3,160
6484,4,4,160
6484,5,4,160
6484,6,4,160
6484,7,4,160
6485,0,3,160
6485,1,3,160
6485,2,3,160
6485,3,3,160
6485,4,4,160
6485,5,4,160
6485,6,4,160
6485,7,4,160
6486,0,3,160
6486,1,3,160
6486,2,3,160
6486,3,3,160
6486,4,4,160
6486,5,4,160
6486,6,4,160
6486,7,4,160
6487,0,3,160
6487,1,3,160
6487,2,3,160
6487,3,3,160
6487,4,4,160
6487,5,4,160
6487,6,4,160
6487,7,4,160
6488,0,3,160
6488,1,3,160
6488,2,3,160
6488,3,3,160
6488,4,4,160
6488,5,4,160
6488,6,4,160
6488,7,4,160
6489,0,3,160
6489,1,3,160
6489,2,3,160
6489,3,3,160
6489,4,4,160
6489,5,4,160
6489,6,4,160
6489,7,4,160
6490,0,3,160
6490,1,3,160
6490,2,3,160
6490,3,3,160
6490,4,4,160
6490,5,4,160
6490,6,4,160
6490,7,4,160
6491,0,3,160
6491,1,3,160
6491,2,3,160
6491,3,3,160
6491,4,4,160
6491,5,4,160
6491,6,4,160
6491,7,4,160
6492,0,3,160
6492,1,3,160
6492,2,3,160
6492,3,3,160
6492,4,4,160
6492,5,4,160
6492,6,4,160
6492,7,4,160
6493,0,3,160
6493,1,3,160
6493,2,3,160
6493,3,3,160
6493,4,4,160
6493,5,4,160
6493,6,4,160
6493,7,4,160
6494,0,3,160
6494,1,3,160
6494,2,3,160
6494,3,3,160
6494,4,4,160
6494,5,4,160
6494,6,4,160
6494,7,4,160
6495,0,3,160
6495,1,3,160
6495,2,3,160
6495,3,3,160
6495,4,4,160
6495,5,4,160
6495,6,4,160
6495,7,4,160
6496,0,3,160
6496,1,3,160
6496,2,3,160
6496,3,3,160
6496,4,4,160
6496,5,4,160
6496,6,4,160
6496,7,4,160
6497,0,3,160
6497,1,3,160
6497,2,3,160
6497,3,3,160
6497,4,4,160
6497,5,4,160
6497,6,4,160
6497,7,4,160
6498,0,3,160
6498,1,3,160
6498,2,3,160
6498,3,3,160
6498,4,4,160
6498,5,4,160
6498,6,4,160
6498,7,4,160
6499,0,3,160
6499,1,3,160
6499,2,3,160
6499,3,3,160
6499,4,4,160
6499,5,4,160
6499,6,4,160
6499,7,4,160
6500,0,3,160
6500,1,3,160
6500,2,3,160
6500,3,3,160
6500,4,4,160
6500,5,4,160
6500,6,4,160
6500,7,4,160
6501,0,3,160
6501,1,3,160
6501,2,3,160
6501,3,3,160
6501,4,4,160
6501,5,4,160
6501,6,4,160
6501,7,4,160
6502,0,3,160
6502,1,3,160
6502,2,3,160
6502,3,3,160
6502,4,4,160
6502,5,4,160
6502,6,4,160
6502,7,4,160
6503,0,3,160
6503,1,3,160
6503,2,3,160
6503,3,3,160
6503,4,4,160
6503,5,4,160
6503,6,4,160
6503,7,4,160
6504,0,3,160
6504,1,3,160
6504,2,3,160
6504,3,3,160
6504,4,4,160
6504,5,4,160
6504,6,4,160
6504,7,4,160
6505,0,3,160
6505,1,3,160
6505,2,3,160
6505,3,3,160
6505,4,4,160
6505,5,4,160
6505,6,4,160
6505,7,4,160
6506,0,3,160
6506,1,3,160
6506,2,3,160
6506,3,3,160
6506,4,4,160
6506,5,4,160
6506,6,4,160
6506,7,4,160
6507,0,3,160
6507,1,3,160
6507,2,3,160
6507,3,3,160
6507,4,4,160
6507,5,4,160
6507,6,4,160
6507,7,4,160
6508,0,3,160
6508,1,3,160
6508,2,3,160
6508,3,3,160
6508,4,4,160
6508,5,4,160
6508,6,4,160
6508,7,4,160
6509,0,3,160
6509,1,3,160
6509,2,3,160
6509,3,3,160
6509,4,4,160
6509,5,4,160
6509,6,4,160
6509,7,4,160
6510,0,3,160
6510,1,3,160
6510,2,3,160
6510,3,3,160
6510,4,4,160
6510,5,4,160
6510,6,4,160
6510,7,4,160
6511,0,3,160
6511,1,3,160
6511,2,3,160
6511,3,3,160
6511,4,4,160
6511,5,4,160
6511,6,4,160
6511,7,4,160
6512,0,3,160
6512,1,3,160
6512,2,3,160
6512,3,3,160
6512,4,4,160
6512,5,4,160
6512,6,4,160
6512,7,4,160
6513,0,3,160
6513,1,3,160
6513,2,3,160
6513,3,3,160
6513,4,4,160
6513,5,4,160
6513,6,4,160
6513,7,4,160
6514,0,3,160
6514,1,3,160
6514,2,3,160
6514,3,3,160
6514,4,4,160
6514,5,4,160
6514,6,4,160
6514,7,4,160
6515,0,3,160
6515,1,3,160
6515,2,3,160
6515,3,3,160
6515,4,4,160
6515,5,4,160
6515,6,4,160
6515,7,4,160
6516,0,3,160
6516,1,3,160
6516,2,3,160
6516,3,3,160
6516,4,4,160
6516,5,4,160
6516,6,4,160
6516,7,4,160
6517,0,3,160
6517,1,3,160
6517,2,3,160
6517,3,3,160
6517,4,4,160
6517,5,4,160
6517,6,4,160
6517,7,4,160
6518,0,3,160
6518,1,3,160
6518,2,3,160
6518,3,3,160
6518,4,4,160
6518,5,4,160
6518,6,4,160
6518,7,4,160
6519,0,3,160
6519,1,3,160
6519,2,3,160
6519,3,3,160
6519,4,4,160
6519,5,4,160
6519,6,4,160
6519,7,4,160
6520,0,3,160
6520,1,3,160
6520,2,3,160
6520,3,3,160
6520,4,4,160
6520,5,4,160
6520,6,4,160
6520,7,4,160
6521,0,3,160
6521,1,3,160
6521,2,3,160
6521,3,3,160
6521,4,4,160
6521,5,4,160
6521,6,4,160
6521,7,4,160
6522,0,3,160
6522,1,3,160
6522,2,3,160
6522,3,3,160
6522,4,4,160
6522,5,4,160
6522,6,4,160
6522,7,4,160
6523,0,3,160
6523,1,3,160
6523,2,3,160
6523,3,3,160
6523,4,4,160
6523,5,4,160
6523,6,4,160
6523,7,4,160
6524,0,3,160
6524,1,3,160
6524,2,3,160
6524,3,3,160
6524,4,4,160
6524,5,4,160
6524,6,4,160
6524,7,4,160
6525,0,3,160
6525,1,3,160
6525,2,3,160
6525,3,3,160
6525,4,4,160
6525,5,4,160
6525,6,4,160
6525,7,4,160
6526,0,3,160
6526,1,3,160
6526,2,3,160
6526,3,3,160
6526,4,4,160
6526,5,4,160
6526,6,4,160
6526,7,4,160
6527,0,3,160
6527,1,3,160
6527,2,3,160
6527,3,3,160
6527,4,4,160
6527,5,4,160
6527,6,4,160
6527,7,4,160
6528,0,3,160
6528,1,3,160
6528,2,3,160
6528,3,3,160
6528,4,4,160
6528,5,4,160
6528,6,4,160
6528,7,4,160
6529,0,3,160
6529,1,3,160
6529,2,3,160
6529,3,3,160
6529,4,4,160
6529,5,4,160
6529,6,4,160
6529,7,4,160
6530,0,3,160
6530,1,3,160
6530,2,3,160
6530,3,3,160
6530,4,4,160
6530,5,4,160
6530,6,4,160
6530,7,4,160
6531,0,3,160
6531,1,3,160
6531,2,3,160
6531,3,3,160
6531,4,4,160
6531,5,4,160
6531,6,4,160
6531,7,4,160
6532,0,3,160
6532,1,3,160
6532,2,3,160
6532,3,3,160
6532,4,4,160
6532,5,4,160
6532,6,4,160
6532,7,4,160
6533,0,3,160
6533,1,3,160
6533,2,3,160
6533,3,3,160
6533,4,4,160
6533,5,4,160
6533,6,4,160
6533,7,4,160
6534,0,3,160
6534,1,3,160
6534,2,3,160
6534,3,3,160
6534,4,4,160
6534,5,4,160
6534,6,4,160
6534,7,4,160
6535,0,3,160
6535,1,3,160
6535,2,3,160
6535,3,3,160
6535,4,4,160
6535,5,4,160
6535,6,4,160
6535,7,4,160
6536,0,3,160
6536,1,3,160
6536,2,3,160
6536,3,3,160
6536,4,4,160
6536,5,4,160
6536,6,4,160
6536,7,4,160
6537,0,3,160
6537,1,3,160
6537,2,3,160
6537,3,3,160
6537,4,4,160
6537,5,4,160
6537,6,4,160
6537,7,4,160
6538,0,3,160
6538,1,3,160
6538,2,3,160
6538,3,3,160
6538,4,4,160
6538,5,4,160
6538,6,4,160
6538,7,4,160
6539,0,3,160
6539,1,3,160
6539,2,3,160
6539,3,3,160
6539,4,4,160
6539,5,4,160
6539,6,4,160
6539,7,4,160
6540,0,3,160
6540,1,3,160
6540,2,3,160
6540,3,3,160
6540,4,4,160
6540,5,4,160
6540,6,4,160
6540,7,4,160
6541,0,3,160
6541,1,3,160
6541,2,3,160
6541,3,3,160
6541,4,4,160
6541,5,4,160
6541,6,4,160
6541,7,4,160
6542,0,3,160
6542,1,3,160
6542,2,3,160
6542,3,3,160
6542,4,4,160
6542,5,4,160
6542,6,4,160
6542,7,4,160
6543,0,3,160
6543,1,3,160
6543,2,3,160
6543,3,3,160
6543,4,4,160
6543,5,4,160
6543,6,4,160
6543,7,4,160
6544,0,3,160
6544,1,3,160
6544,2,3,160
6544,3,3,160
6544,4,4,160
6544,5,4,160
6544,6,4,160
6544,7,4,160
6545,0,3,160
6545,1,3,160
6545,2,3,160
6545,3,3,160
6545,4,4,160
6545,5,4,160
6545,6,4,160
6545,7,4,160
6546,0,3,160
6546,1,3,160
6546,2,3,160
6546,3,3,160
6546,4,4,160
6546,5,4,160
6546,6,4,160
6546,7,4,160
6547,0,3,160
6547,1,3,160
6547,2,3,160
6547,3,3,160
6547,4,4,160
6547,5,4,160
6547,6,4,160
6547,7,4,160
6548,0,3,160
6548,1,3,160
6548,2,3,160
6548,3,3,160
6548,4,4,160
6548,5,4,160
6548,6,4,160
6548,7,4,160
6549,0,3,160
6549,1,3,160
6549,2,3,160
6549,3,3,160
6549,4,4,160
6549,5,4,160
6549,6,4,160
6549,7,4,160
6550,0,3,160
6550,1,3,160
6550,2,3,160
6550,3,3,160
6550,4,4,160
6550,5,4,160
6550,6,4,160
6550,7,4,160
6551,0,3,160
6551,1,3,160
6551,2,3,160
6551,3,3,160
6551,4,4,160
6551,5,4,160
6551,6,4,160
6551,7,4,160
6552,0,3,160
6552,1,3,160
6552,2,3,160
6552,3,3,160
6552,4,4,160
6552,5,4,160
6552,6,4,160
6552,7,4,160
6553,0,3,160
6553,1,3,160
6553,2,3,160
6553,3,3,160
6553,4,4,160
6553,5,4,160
6553,6,4,160
6553,7,4,160
6554,0,3,160
6554,1,3,160
6554,2,3,160
6554,3,3,160
6554,4,4,160
6554,5,4,160
6554,6,4,160
6554,7,4,160
6555,0,3,160
6555,1,3,160
6555,2,3,160
6555,3,3,160
6555,4,4,160
6555,5,4,160
6555,6,4,160
6555,7,4,160
6556,0,3,160
6556,1,3,160
6556,2,3,160
6556,3,3,160
6556,4,4,160
6556,5,4,160
6556,6,4,160
6556,7,4,160
6557,0,3,160
6557,1,3,160
6557,2,3,160
6557,3,3,160
6557,4,4,160
6557,5,4,160
6557,6,4,160
6557,7,4,160
6558,0,3,160
6558,1,3,160
6558,2,3,160
6558,3,3,160
6558,4,4,160
6558,5,4,160
6558,6,4,160
6558,7,4,160
6559,0,3,160
6559,1,3,160
6559,2,3,160
6559,3,3,160
6559,4,4,160
6559,5,4,160
6559,6,4,160
6559,7,4,160
6560,0,3,160
6560,1,3,160
6560,2,3,160
6560,3,3,160
6560,4,4,160
6560,5,4,160
6560,6,4,160
6560,7,4,160
6561,0,3,160
6561,1,3,160
6561,2,3,160
6561,3,3,160
6561,4,4,160
6561,5,4,160
6561,6,4,160
6561,7,4,160
6562,0,3,160
6562,1,3,160
6562,2,3,160
6562,3,3,160
6562,4,4,160
6562,5,4,160
6562,6,4,160
6562,7,4,160
6563,0,3,160
6563,1,3,160
6563,2,3,160
6563,3,3,160
6563,4,4,160
6563,5,4,160
6563,6,4,160
6563,7,4,160
6564,0,3,160
6564,1,3,160
6564,2,3,160
6564,3,3,160
6564,4,4,160
6564,5,4,160
6564,6,4,160
6564,7,4,160
6565,0,3,160
6565,1,3,160
6565,2,3,160
6565,3,3,160
6565,4,4,160
6565,5,4,160
6565,6,4,160
6565,7,4,160
6566,0,3,160
6566,1,3,160
6566,2,3,160
6566,3,3,160
6566,4,4,160
6566,5,4,160
6566,6,4,160
6566,7,4,160
6567,0,3,160
6567,1,3,160
6567,2,3,160
6567,3,3,160
6567,4,4,160
6567,5,4,160
6567,6,4,160
6567,7,4,160
6568,0,3,160
6568,1,3,160
6568,2,3,160
6568,3,3,160
6568,4,4,160
6568,5,4,160
6568,6,4,160
6568,7,4,160
6569,0,3,160
6569,1,3,160
6569,2,3,160
6569,3,3,160
6569,4,4,160
6569,5,4,160
6569,6,4,160
6569,7,4,160
6570,0,3,160
6570,1,3,160
6570,2,3,160
6570,3,3,160
6570,4,4,160
6570,5,4,160
6570,6,4,160
6570,7,4,160
6571,0,3,160
6571,1,3,160
6571,2,3,160
6571,3,3,160
6571,4,4,160
6571,5,4,160
6571,6,4,160
6571,7,4,160
6572,0,3,160
6572,1,3,160
6572,2,3,160
6572,3,3,160
6572,4,4,160
6572,5,4,160
6572,6,4,160
6572,7,4,160
6573,0,3,160
6573,1,3,160
6573,2,3,160
6573,3,3,160
6573,4,4,160
6573,5,4,160
6573,6,4,160
6573,7,4,160
6574,0,3,160
6574,1,3,160
6574,2,3,160
6574,3,3,160
6574,4,4,160
6574,5,4,160
6574,6,4,160
6574,7,4,160
6575,0,3,160
6575,1,3,160
6575,2,3,160
6575,3,3,160
6575,4,4,160
6575,5,4,160
6575,6,4,160
6575,7,4,160
6576,0,3,160
6576,1,3,160
6576,2,3,160
6576,3,3,160
6576,4,4,160
6576,5,4,160
6576,6,4,160
6576,7,4,160
6577,0,3,160
6577,1,3,160
6577,2,3,160
6577,3,3,160
6577,4,4,160
6577,5,4,160
6577,6,4,160
6577,7,4,160
6578,0,3,160
6578,1,3,160
6578,2,3,160
6578,3,3,160
6578,4,4,160
6578,5,4,160
6578,6,4,160
6578,7,4,160
6579,0,3,160
6579,1,3,160
6579,2,3,160
6579,3,3,160
6579,4,4,160
6579,5,4,160
6579,6,4,160
6579,7,4,160
6580,0,3,160
6580,1,3,160
6580,2,3,160
6580,3,3,160
6580,4,4,160
6580,5,4,160
6580,6,4,160
6580,7,4,160
6581,0,3,160
6581,1,3,160
6581,2,3,160
6581,3,3,160
6581,4,4,160
6581,5,4,160
6581,6,4,160
6581,7,4,160
6582,0,3,160
6582,1,3,160
6582,2,3,160
6582,3,3,160
6582,4,4,160
6582,5,4,160
6582,6,4,160
6582,7,4,160
6583,0,3,160
6583,1,3,160
6583,2,3,160
6583,3,3,160
6583,4,4,160
6583,5,4,160
6583,6,4,160
6583,7,4,160
6584,0,3,160
6584,1,3,160
6584,2,3,160
6584,3,3,160
6584,4,4,160
6584,5,4,160
6584,6,4,160
6584,7,4,160
6585,0,3,160
6585,1,3,160
6585,2,3,160
6585,3,3,160
6585,4,4,160
6585,5,4,160
6585,6,4,160
6585,7,4,160
6586,0,3,160
6586,1,3,160
6586,2,3,160
6586,3,3,160
6586,4,4,160
6586,5,4,160
6586,6,4,160
6586,7,4,160
6587,0,3,160
6587,1,3,160
6587,2,3,160
6587,3,3,160
6587,4,4,160
6587,5,4,160
6587,6,4,160
6587,7,4,160
6588,0,3,160
6588,1,3,160
6588,2,3,160
6588,3,3,160
6588,4,4,160
6588,5,4,160
6588,6,4,160
6588,7,4,160
6589,0,3,160
6589,1,3,160
6589,2,3,160
6589,3,3,160
6589,4,4,160
6589,5,4,160
6589,6,4,160
6589,7,4,160
6590,0,3,160
6590,1,3,160
6590,2,3,160
6590,3,3,160
6590,4,4,160
6590,5,4,160
6590,6,4,160
6590,7,4,160
6591,0,3,160
6591,1,3,160
6591,2,3,160
6591,3,3,160
6591,4,4,160
6591,5,4,160
6591,6,4,160
6591,7,4,160
6592,0,3,160
6592,1,3,160
6592,2,3,160
6592,3,3,160
6592,4,4,160
6592,5,4,160
6592,6,4,160
6592,7,4,160
6593,0,3,160
6593,1,3,160
6593,2,3,160
6593,3,3,160
6593,4,4,160
6593,5,4,160
6593,6,4,160
6593,7,4,160
6594,0,3,160
6594,1,3,160
6594,2,3,160
6594,3,3,160
6594,4,4,160
6594,5,4,160
6594,6,4,160
6594,7,4,160
6595,0,3,160
6595,1,3,160
6595,2,3,160
6595,3,3,160
6595,4,4,160
6595,5,4,160
6595,6,4,160
6595,7,4,160
6596,0,3,160
6596,1,3,160
6596,2,3,160
6596,3,3,160
6596,4,4,160
6596,5,4,160
6596,6,4,160
6596,7,4,160
6597,0,3,160
6597,1,3,160
6597,2,3,160
6597,3,3,160
6597,4,4,160
6597,5,4,160
6597,6,4,160
6597,7,4,160
6598,0,3,160
6598,1,3,160
6598,2,3,160
6598,3,3,160
6598,4,4,160
6598,5,4,160
6598,6,4,160
6598,7,4,160
6599,0,3,160
6599,1,3,160
6599,2,3,160
6599,3,3,160
6599,4,4,160
6599,5,4,160
6599,6,4,160
6599,7,4,160
6600,0,3,160
6600,1,3,160
6600,2,3,160
6600,3,3,160
6600,4,4,160
6600,5,4,160
6600,6,4,160
6600,7,4,160
6601,0,3,160
6601,1,3,160
6601,2,3,160
6601,3,3,160
6601,4,4,160
6601,5,4,160
6601,6,4,160
6601,7,4,160
6602,0,3,160
6602,1,3,160
6602,2,3,160
6602,3,3,160
6602,4,4,160
6602,5,4,160
6602,6,4,160
6602,7,4,160
6603,0,3,160
6603,1,3,160
6603,2,3,160
6603,3,3,160
6603,4,4,160
6603,5,4,160
6603,6,4,160
6603,7,4,160
6604,0,3,160
6604,1,3,160
6604,2,3,160
6604,3,3,160
6604,4,4,160
6604,5,4,160
6604,6,4,160
6604,7,4,160
6605,0,3,160
6605,1,3,160
6605,2,3,160
6605,3,3,160
6605,4,4,160
6605,5,4,160
6605,6,4,160
6605,7,4,160
6606,0,3,160
6606,1,3,160
6606,2,3,160
6606,3,3,160
6606,4,4,160
6606,5,4,160
6606,6,4,160
6606,7,4,160
6607,0,3,160
6607,1,3,160
6607,2,3,160
6607,3,3,160
6607,4,4,160
6607,5,4,160
6607,6,4,160
6607,7,4,160
6608,0,3,160
6608,1,3,160
6608,2,3,160
6608,3,3,160
6608,4,4,160
6608,5,4,160
6608,6,4,160
6608,7,4,160
6609,0,3,160
6609,1,3,160
6609,2,3,160
6609,3,3,160
6609,4,4,160
6609,5,4,160
6609,6,4,160
6609,7,4,160
6610,0,3,160
6610,1,3,160
6610,2,3,160
6610,3,3,160
6610,4,4,160
6610,5,4,160
6610,6,4,160
6610,7,4,160
6611,0,3,160
6611,1,3,160
6611,2,3,160
6611,3,3,160
6611,4,4,160
6611,5,4,160
6611,6,4,160
6611,7,4,160
6612,0,3,160
6612,1,3,160
6612,2,3,160
6612,3,3,160
6612,4,4,160
6612,5,4,160
6612,6,4,160
6612,7,4,160
6613,0,3,160
6613,1,3,160
6613,2,3,160
6613,3,3,160
6613,4,4,160
6613,5,4,160
6613,6,4,160
6613,7,4,160
6614,0,3,160
6614,1,3,160
6614,2,3,160
6614,3,3,160
6614,4,4,160
6614,5,4,160
6614,6,4,160
6614,7,4,160
6615,0,3,160
6615,1,3,160
6615,2,3,160
6615,3,3,160
6615,4,4,160
6615,5,4,160
6615,6,4,160
6615,7,4,160
6616,0,3,160
6616,1,3,160
6616,2,3,160
6616,3,3,160
6616,4,4,160
6616,5,4,160
6616,6,4,160
6616,7,4,160
6617,0,3,160
6617,1,3,160
6617,2,3,160
6617,3,3,160
6617,4,4,160
6617,5,4,160
6617,6,4,160
6617,7,4,160
6618,0,3,160
6618,1,3,160
6618,2,3,160
6618,3,3,160
6618,4,4,160
6618,5,4,160
6618,6,4,160
6618,7,4,160
6619,0,3,160
6619,1,3,160
6619,2,3,160
6619,3,3,160
6619,4,4,160
6619,5,4,160
6619,6,4,160
6619,7,4,160
6620,0,3,160
6620,1,3,160
6620,2,3,160
6620,3,3,160
6620,4,4,160
6620,5,4,160
6620,6,4,160
6620,7,4,160
6621,0,3,160
6621,1,3,160
6621,2,3,160
6621,3,3,160
6621,4,4,160
6621,5,4,160
6621,6,4,160
6621,7,4,160
6622,0,3,160
6622,1,3,160
6622,2,3,160
6622,3,3,160
6622,4,4,160
6622,5,4,160
6622,6,4,160
6622,7,4,160
6623,0,3,160
6623,1,3,160
6623,2,3,160
6623,3,3,160
6623,4,4,160
6623,5,4,160
6623,6,4,160
6623,7,4,160
6624,0,3,160
6624,1,3,160
6624,2,3,160
6624,3,3,160
6624,4,4,160
6624,5,4,160
6624,6,4,160
6624,7,4,160
6625,0,3,160
6625,1,3,160
6625,2,3,160
6625,3,3,160
6625,4,4,160
6625,5,4,160
6625,6,4,160
6625,7,4,160
6626,0,3,160
6626,1,3,160
6626,2,3,160
6626,3,3,160
6626,4,4,160
6626,5,4,160
6626,6,4,160
6626,7,4,160
6627,0,3,160
6627,1,3,160
6627,2,3,160
6627,3,3,160
6627,4,4,160
6627,5,4,160
6627,6,4,160
6627,7,4,160
6628,0,3,160
6628,1,3,160
6628,2,3,160
6628,3,3,160
6628,4,4,160
6628,5,4,160
6628,6,4,160
6628,7,4,160
6629,0,3,160
6629,1,3,160
6629,2,3,160
6629,3,3,160
6629,4,4,160
6629,5,4,160
6629,6,4,160
6629,7,4,160
6630,0,3,160
6630,1,3,160
6630,2,3,160
6630,3,3,160
6630,4,4,160
6630,5,4,160
6630,6,4,160
6630,7,4,160
6631,0,3,160
6631,1,3,160
6631,2,3,160
6631,3,3,160
6631,4,4,160
6631,5,4,160
6631,6,4,160
6631,7,4,160
6632,0,3,160
6632,1,3,160
6632,2,3,160
6632,3,3,160
6632,4,4,160
6632,5,4,160
6632,6,4,160
6632,7,4,160
6633,0,3,160
6633,1,3,160
6633,2,3,160
6633,3,3,160
6633,4,4,160
6633,5,4,160
6633,6,4,160
6633,7,4,160
6634,0,3,160
6634,1,3,160
6634,2,3,160
6634,3,3,160
6634,4,4,160
6634,5,4,160
6634,6,4,160
6634,7,4,160
6635,0,3,160
6635,1,3,160
6635,2,3,160
6635,3,3,160
6635,4,4,160
6635,5,4,160
6635,6,4,160
6635,7,4,160
6636,0,3,160
6636,1,3,160
6636,2,3,160
6636,3,3,160
6636,4,4,160
6636,5,4,160
6636,6,4,160
6636,7,4,160
6637,0,3,160
6637,1,3,160
6637,2,3,160
6637,3,3,160
6637,4,4,160
6637,5,4,160
6637,6,4,160
6637,7,4,160
6638,0,3,160
6638,1,3,160
6638,2,3,160
6638,3,3,160
6638,4,4,160
6638,5,4,160
6638,6,4,160
6638,7,4,160
6639,0,3,160
6639,1,3,160
6639,2,3,160
6639,3,3,160
6639,4,4,160
6639,5,4,160
6639,6,4,160
6639,7,4,160
6640,0,3,160
6640,1,3,160
6640,2,3,160
6640,3,3,160
6640,4,4,160
6640,5,4,160
6640,6,4,160
6640,7,4,160
6641,0,3,160
6641,1,3,160
6641,2,3,160
6641,3,3,160
6641,4,4,160
6641,5,4,160
6641,6,4,160
6641,7,4,160
6642,0,3,160
6642,1,3,160
6642,2,3,160
6642,3,3,160
6642,4,4,160
6642,5,4,160
6642,6,4,160
6642,7,4,160
6643,0,3,160
6643,1,3,160
6643,2,3,160
6643,3,3,160
6643,4,4,160
6643,5,4,160
6643,6,4,160
6643,7,4,160
6644,0,3,160
6644,1,3,160
6644,2,3,160
6644,3,3,160
6644,4,4,160
6644,5,4,160
6644,6,4,160
6644,7,4,160
6645,0,3,160
6645,1,3,160
6645,2,3,160
6645,3,3,160
6645,4,4,160
6645,5,4,160
6645,6,4,160
6645,7,4,160
6646,0,3,160
6646,1,3,160
6646,2,3,160
6646,3,3,160
6646,4,4,160
6646,5,4,160
6646,6,4,160
6646,7,4,160
6647,0,3,160
6647,1,3,160
6647,2,3,160
6647,3,3,160
6647,4,4,160
6647,5,4,160
6647,6,4,160
6647,7,4,160
6648,0,3,160
6648,1,3,160
6648,2,3,160
6648,3,3,160
6648,4,4,160
6648,5,4,160
6648,6,4,160
6648,7,4,160
6649,0,3,160
6649,1,3,160
6649,2,3,160
6649,3,3,160
6649,4,4,160
6649,5,4,160
6649,6,4,160
6649,7,4,160
6650,0,3,160
6650,1,3,160
6650,2,3,160
6650,3,3,160
6650,4,4,160
6650,5,4,160
6650,6,4,160
6650,7,4,160
6651,0,3,160
6651,1,3,160
6651,2,3,160
6651,3,3,160
6651,4,4,160
6651,5,4,160
6651,6,4,160
6651,7,4,160
6652,0,3,160
6652,1,3,160
6652,2,3,160
6652,3,3,160
6652,4,4,160
6652,5,4,160
6652,6,4,160
6652,7,4,160
6653,0,3,160
6653,1,3,160
6653,2,3,160
6653,3,3,160
6653,4,4,160
6653,5,4,160
6653,6,4,160
6653,7,4,160
6654,0,3,160
6654,1,3,160
6654,2,3,160
6654,3,3,160
6654,4,4,160
6654,5,4,160
6654,6,4,160
6654,7,4,160
6655,0,3,160
6655,1,3,160
6655,2,3,160
6655,3,3,160
6655,4,4,160
6655,5,4,160
6655,6,4,160
6655,7,4,160
6656,0,3,160
6656,1,3,160
6656,2,3,160
6656,3,3,160
6656,4,4,160
6656,5,4,160
6656,6,4,160
6656,7,4,160
6657,0,3,160
6657,1,3,160
6657,2,3,160
6657,3,3,160
6657,4,4,160
6657,5,4,160
6657,6,4,160
6657,7,4,160
6658,0,3,160
6658,1,3,160
6658,2,3,160
6658,3,3,160
6658,4,4,160
6658,5,4,160
6658,6,4,160
6658,7,4,160
6659,0,3,160
6659,1,3,160
6659,2,3,160
6659,3,3,160
6659,4,4,160
6659,5,4,160
6659,6,4,160
6659,7,4,160
6660,0,3,160
6660,1,3,160
6660,2,3,160
6660,3,3,160
6660,4,4,160
6660,5,4,160
6660,6,4,160
6660,7,4,160
6661,0,3,160
6661,1,3,160
6661,2,3,160
6661,3,3,160
6661,4,4,160
6661,5,4,160
6661,6,4,160
6661,7,4,160
6662,0,3,160
6662,1,3,160
6662,2,3,160
6662,3,3,160
6662,4,4,160
6662,5,4,160
6662,6,4,160
6662,7,4,160
6663,0,3,160
6663,1,3,160
6663,2,3,160
6663,3,3,160
6663,4,4,160
6663,5,4,160
6663,6,4,160
6663,7,4,160
6664,0,3,160
6664,1,3,160
6664,2,3,160
6664,3,3,160
6664,4,4,160
6664,5,4,160
6664,6,4,160
6664,7,4,160
6665,0,3,160
6665,1,3,160
6665,2,3,160
6665,3,3,160
6665,4,4,160
6665,5,4,160
6665,6,4,160
6665,7,4,160
6666,0,3,160
6666,1,3,160
6666,2,3,160
6666,3,3,160
6666,4,4,160
6666,5,4,160
6666,6,4,160
6666,7,4,160
6667,0,3,160
6667,1,3,160
6667,2,3,160
6667,3,3,160
6667,4,4,160
6667,5,4,160
6667,6,4,160
6667,7,4,160
6668,0,3,160
6668,1,3,160
6668,2,3,160
6668,3,3,160
6668,4,4,160
6668,5,4,160
6668,6,4,160
6668,7,4,160
6669,0,3,160
6669,1,3,160
6669,2,3,160
6669,3,3,160
6669,4,4,160
6669,5,4,160
6669,6,4,160
6669,7,4,160
6670,0,3,160
6670,1,3,160
6670,2,3,160
6670,3,3,160
6670,4,4,160
6670,5,4,160
6670,6,4,160
6670,7,4,160
6671,0,3,160
6671,1,3,160
6671,2,3,160
6671,3,3,160
6671,4,4,160
6671,5,4,160
6671,6,4,160
6671,7,4,160
6672,0,3,160
6672,1,3,160
6672,2,3,160
6672,3,3,160
6672,4,4,160
6672,5,4,160
6672,6,4,160
6672,7,4,160
6673,0,3,160
6673,1,3,160
6673,2,3,160
6673,3,3,160
6673,4,4,160
6673,5,4,160
6673,6,4,160
6673,7,4,160
6674,0,3,160
6674,1,3,160
6674,2,3,160
6674,3,3,160
6674,4,4,160
6674,5,4,160
6674,6,4,160
6674,7,4,160
6675,0,3,160
6675,1,3,160
6675,2,3,160
6675,3,3,160
6675,4,4,160
6675,5,4,160
6675,6,4,160
6675,7,4,160
6676,0,3,160
6676,1,3,160
6676,2,3,160
6676,3,3,160
6676,4,4,160
6676,5,4,160
6676,6,4,160
6676,7,4,160
6677,0,3,160
6677,1,3,160
6677,2,3,160
6677,3,3,160
6677,4,4,160
6677,5,4,160
6677,6,4,160
6677,7,4,160
6678,0,3,160
6678,1,3,160
6678,2,3,160
6678,3,3,160
6678,4,4,160
6678,5,4,160
6678,6,4,160
6678,7,4,160
6679,0,3,160
6679,1,3,160
6679,2,3,160
6679,3,3,160
6679,4,4,160
6679,5,4,160
6679,6,4,160
6679,7,4,160
6680,0,3,160
6680,1,3,160
6680,2,3,160
6680,3,3,160
6680,4,4,160
6680,5,4,160
6680,6,4,160
6680,7,4,160
6681,0,3,160
6681,1,3,160
6681,2,3,160
6681,3,3,160
6681,4,4,160
6681,5,4,160
6681,6,4,160
6681,7,4,160
6682,0,3,160
6682,1,3,160
6682,2,3,160
6682,3,3,160
6682,4,4,160
6682,5,4,160
6682,6,4,160
6682,7,4,160
6683,0,3,160
6683,1,3,160
6683,2,3,160
6683,3,3,160
6683,4,4,160
6683,5,4,160
6683,6,4,160
6683,7,4,160
6684,0,3,160
6684,1,3,160
6684,2,3,160
6684,3,3,160
6684,4,4,160
6684,5,4,160
6684,6,4,160
6684,7,4,160
6685,0,3,160
6685,1,3,160
6685,2,3,160
6685,3,3,160
6685,4,4,160
6685,5,4,160
6685,6,4,160
6685,7,4,160
6686,0,3,160
6686,1,3,160
6686,2,3,160
6686,3,3,160
6686,4,4,160
6686,5,4,160
6686,6,4,160
6686,7,4,160
6687,0,3,160
6687,1,3,160
6687,2,3,160
6687,3,3,160
6687,4,4,160
6687,5,4,160
6687,6,4,160
6687,7,4,160
6688,0,3,160
6688,1,3,160
6688,2,3,160
6688,3,3,160
6688,4,4,160
6688,5,4,160
6688,6,4,160
6688,7,4,160
6689,0,3,160
6689,1,3,160
6689,2,3,160
6689,3,3,160
6689,4,4,160
6689,5,4,160
6689,6,4,160
6689,7,4,160
6690,0,3,160
6690,1,3,160
6690,2,3,160
6690,3,3,160
6690,4,4,160
6690,5,4,160
6690,6,4,160
6690,7,4,160
6691,0,3,160
6691,1,3,160
6691,2,3,160
6691,3,3,160
6691,4,4,160
6691,5,4,160
6691,6,4,160
6691,7,4,160
6692,0,3,160
6692,1,3,160
6692,2,3,160
6692,3,3,160
6692,4,4,160
6692,5,4,160
6692,6,4,160
6692,7,4,160
6693,0,3,160
6693,1,3,160
6693,2,3,160
6693,3,3,160
6693,4,4,160
6693,5,4,160
6693,6,4,160
6693,7,4,160
6694,0,3,160
6694,1,3,160
6694,2,3,160
6694,3,3,160
6694,4,4,160
6694,5,4,160
6694,6,4,160
6694,7,4,160
6695,0,3,160
6695,1,3,160
6695,2,3,160
6695,3,3,160
6695,4,4,160
6695,5,4,160
6695,6,4,160
6695,7,4,160
6696,0,3,160
6696,1,3,160
6696,2,3,160
6696,3,3,160
6696,4,4,160
6696,5,4,160
6696,6,4,160
6696,7,4,160
6697,0,3,160
6697,1,3,160
6697,2,3,160
6697,3,3,160
6697,4,4,160
6697,5,4,160
6697,6,4,160
6697,7,4,160
6698,0,3,160
6698,1,3,160
6698,2,3,160
6698,3,3,160
6698,4,4,160
6698,5,4,160
6698,6,4,160
6698,7,4,160
6699,0,3,160
6699,1,3,160
6699,2,3,160
6699,3,3,160
6699,4,4,160
6699,5,4,160
6699,6,4,160
6699,7,4,160
6700,0,3,160
6700,1,3,160
6700,2,3,160
6700,3,3,160
6700,4,4,160
6700,5,4,160
6700,6,4,160
6700,7,4,160
6701,0,3,160
6701,1,3,160
6701,2,3,160
6701,3,3,160
6701,4,4,160
6701,5,4,160
6701,6,4,160
6701,7,4,160
6702,0,3,160
6702,1,3,160
6702,2,3,160
6702,3,3,160
6702,4,4,160
6702,5,4,160
6702,6,4,160
6702,7,4,160
6703,0,3,160
6703,1,3,160
6703,2,3,160
6703,3,3,160
6703,4,4,160
6703,5,4,160
6703,6,4,160
6703,7,4,160
6704,0,3,160
6704,1,3,160
6704,2,3,160
6704,3,3,160
6704,4,4,160
6704,5,4,160
6704,6,4,160
6704,7,4,160
6705,0,3,160
6705,1,3,160
6705,2,3,160
6705,3,3,160
6705,4,4,160
6705,5,4,160
6705,6,4,160
6705,7,4,160
6706,0,3,160
6706,1,3,160
6706,2,3,160
6706,3,3,160
6706,4,4,160
6706,5,4,160
6706,6,4,160
6706,7,4,160
6707,0,3,160
6707,1,3,160
6707,2,3,160
6707,3,3,160
6707,4,4,160
6707,5,4,160
6707,6,4,160
6707,7,4,160
6708,0,3,160
6708,1,3,160
6708,2,3,160
6708,3,3,160
6708,4,4,160
6708,5,4,160
6708,6,4,160
6708,7,4,160
6709,0,3,160
6709,1,3,160
6709,2,3,160
6709,3,3,160
6709,4,4,160
6709,5,4,160
6709,6,4,160
6709,7,4,160
6710,0,3,160
6710,1,3,160
6710,2,3,160
6710,3,3,160
6710,4,4,160
6710,5,4,160
6710,6,4,160
6710,7,4,160
6711,0,3,160
6711,1,3,160
6711,2,3,160
6711,3,3,160
6711,4,4,160
6711,5,4,160
6711,6,4,160
6711,7,4,160
6712,0,3,160
6712,1,3,160
6712,2,3,160
6712,3,3,160
6712,4,4,160
6712,5,4,160
6712,6,4,160
6712,7,4,160
6713,0,3,160
6713,1,3,160
6713,2,3,160
6713,3,3,160
6713,4,4,160
6713,5,4,160
6713,6,4,160
6713,7,4,160
6714,0,3,160
6714,1,3,160
6714,2,3,160
6714,3,3,160
6714,4,4,160
6714,5,4,160
6714,6,4,160
6714,7,4,160
6715,0,3,160
6715,1,3,160
6715,2,3,160
6715,3,3,160
6715,4,4,160
6715,5,4,160
6715,6,4,160
6715,7,4,160
6716,0,3,160
6716,1,3,160
6716,2,3,160
6716,3,3,160
6716,4,4,160
6716,5,4,160
6716,6,4,160
6716,7,4,160
6717,0,3,160
6717,1,3,160
6717,2,3,160
6717,3,3,160
6717,4,4,160
6717,5,4,160
6717,6,4,160
6717,7,4,160
6718,0,3,160
6718,1,3,160
6718,2,3,160
6718,3,3,160
6718,4,4,160
6718,5,4,160
6718,6,4,160
6718,7,4,160
6719,0,3,160
6719,1,3,160
6719,2,3,160
6719,3,3,160
6719,4,4,160
6719,5,4,160
6719,6,4,160
6719,7,4,160
6720,0,3,160
6720,1,3,160
6720,2,3,160
6720,3,3,160
6720,4,4,160
6720,5,4,160
6720,6,4,160
6720,7,4,160
6721,0,3,160
6721,1,3,160
6721,2,3,160
6721,3,3,160
6721,4,4,160
6721,5,4,160
6721,6,4,160
6721,7,4,160
6722,0,3,160
6722,1,3,160
6722,2,3,160
6722,3,3,160
6722,4,4,160
6722,5,4,160
6722,6,4,160
6722,7,4,160
6723,0,3,160
6723,1,3,160
6723,2,3,160
6723,3,3,160
6723,4,4,160
6723,5,4,160
6723,6,4,160
6723,7,4,160
6724,0,3,160
6724,1,3,160
6724,2,3,160
6724,3,3,160
6724,4,4,160
6724,5,4,160
6724,6,4,160
6724,7,4,160
6725,0,3,160
6725,1,3,160
6725,2,3,160
6725,3,3,160
6725,4,4,160
6725,5,4,160
6725,6,4,160
6725,7,4,160
6726,0,3,160
6726,1,3,160
6726,2,3,160
6726,3,3,160
6726,4,4,160
6726,5,4,160
6726,6,4,160
6726,7,4,160
6727,0,3,160
6727,1,3,160
6727,2,3,160
6727,3,3,160
6727,4,4,160
6727,5,4,160
6727,6,4,160
6727,7,4,160
6728,0,3,160
6728,1,3,160
6728,2,3,160
6728,3,3,160
6728,4,4,160
6728,5,4,160
6728,6,4,160
6728,7,4,160
6729,0,3,160
6729,1,3,160
6729,2,3,160
6729,3,3,160
6729,4,4,160
6729,5,4,160
6729,6,4,160
6729,7,4,160
6730,0,3,160
6730,1,3,160
6730,2,3,160
6730,3,3,160
6730,4,4,160
6730,5,4,160
6730,6,4,160
6730,7,4,160
6731,0,3,160
6731,1,3,160
6731,2,3,160
6731,3,3,160
6731,4,4,160
6731,5,4,160
6731,6,4,160
6731,7,4,160
6732,0,3,160
6732,1,3,160
6732,2,3,160
6732,3,3,160
6732,4,4,160
6732,5,4,160
6732,6,4,160
6732,7,4,160
6733,0,3,160
6733,1,3,160
6733,2,3,160
6733,3,3,160
6733,4,4,160
6733,5,4,160
6733,6,4,160
6733,7,4,160
6734,0,3,160
6734,1,3,160
6734,2,3,160
6734,3,3,160
6734,4,4,160
6734,5,4,160
6734,6,4,160
6734,7,4,160
6735,0,3,160
6735,1,3,160
6735,2,3,160
6735,3,3,160
6735,4,4,160
6735,5,4,160
6735,6,4,160
6735,7,4,160
6736,0,3,160
6736,1,3,160
6736,2,3,160
6736,3,3,160
6736,4,4,160
6736,5,4,160
6736,6,4,160
6736,7,4,160
6737,0,3,160
6737,1,3,160
6737,2,3,160
6737,3,3,160
6737,4,4,160
6737,5,4,160
6737,6,4,160
6737,7,4,160
6738,0,3,160
6738,1,3,160
6738,2,3,160
6738,3,3,160
6738,4,4,160
6738,5,4,160
6738,6,4,160
6738,7,4,160
6739,0,3,160
6739,1,3,160
6739,2,3,160
6739,3,3,160
6739,4,4,160
6739,5,4,160
6739,6,4,160
6739,7,4,160
6740,0,3,160
6740,1,3,160
6740,2,3,160
6740,3,3,160
6740,4,4,160
6740,5,4,160
6740,6,4,160
6740,7,4,160
6741,0,3,160
6741,1,3,160
6741,2,3,160
6741,3,3,160
6741,4,4,160
6741,5,4,160
6741,6,4,160
6741,7,4,160
6742,0,3,160
6742,1,3,160
6742,2,3,160
6742,3,3,160
6742,4,4,160
6742,5,4,160
6742,6,4,160
6742,7,4,160
6743,0,3,160
6743,1,3,160
6743,2,3,160
6743,3,3,160
6743,4,4,160
6743,5,4,160
6743,6,4,160
6743,7,4,160
6744,0,3,160
6744,1,3,160
6744,2,3,160
6744,3,3,160
6744,4,4,160
6744,5,4,160
6744,6,4,160
6744,7,4,160
6745,0,3,160
6745,1,3,160
6745,2,3,160
6745,3,3,160
6745,4,4,160
6745,5,4,160
6745,6,4,160
6745,7,4,160
6746,0,3,160
6746,1,3,160
6746,2,3,160
6746,3,3,160
6746,4,4,160
6746,5,4,160
6746,6,4,160
6746,7,4,160
6747,0,3,160
6747,1,3,160
6747,2,3,160
6747,3,3,160
6747,4,4,160
6747,5,4,160
6747,6,4,160
6747,7,4,160
6748,0,3,160
6748,1,3,160
6748,2,3,160
6748,3,3,160
6748,4,4,160
6748,5,4,160
6748,6,4,160
6748,7,4,160
6749,0,3,160
6749,1,3,160
6749,2,3,160
6749,3,3,160
6749,4,4,160
6749,5,4,160
6749,6,4,160
6749,7,4,160
6750,0,3,160
6750,1,3,160
6750,2,3,160
6750,3,3,160
6750,4,4,160
6750,5,4,160
6750,6,4,160
6750,7,4,160
6751,0,3,160
6751,1,3,160
6751,2,3,160
6751,3,3,160
6751,4,4,160
6751,5,4,160
6751,6,4,160
6751,7,4,160
6752,0,3,160
6752,1,3,160
6752,2,3,160
6752,3,3,160
6752,4,4,160
6752,5,4,160
6752,6,4,160
6752,7,4,160
6753,0,3,160
6753,1,3,160
6753,2,3,160
6753,3,3,160
6753,4,4,160
6753,5,4,160
6753,6,4,160
6753,7,4,160
6754,0,3,160
6754,1,3,160
6754,2,3,160
6754,3,3,160
6754,4,4,160
6754,5,4,160
6754,6,4,160
6754,7,4,160
6755,0,3,160
6755,1,3,160
6755,2,3,160
6755,3,3,160
6755,4,4,160
6755,5,4,160
6755,6,4,160
6755,7,4,160
6756,0,3,160
6756,1,3,160
6756,2,3,160
6756,3,3,160
6756,4,4,160
6756,5,4,160
6756,6,4,160
6756,7,4,160
6757,0,3,160
6757,1,3,160
6757,2,3,160
6757,3,3,160
6757,4,4,160
6757,5,4,160
6757,6,4,160
6757,7,4,160
6758,0,3,160
6758,1,3,160
6758,2,3,160
6758,3,3,160
6758,4,4,160
6758,5,4,160
6758,6,4,160
6758,7,4,160
6759,0,3,160
6759,1,3,160
6759,2,3,160
6759,3,3,160
6759,4,4,160
6759,5,4,160
6759,6,4,160
6759,7,4,160
6760,0,3,160
6760,1,3,160
6760,2,3,160
6760,3,3,160
6760,4,4,160
6760,5,4,160
6760,6,4,160
6760,7,4,160
6761,0,3,160
6761,1,3,160
6761,2,3,160
6761,3,3,160
6761,4,4,160
6761,5,4,160
6761,6,4,160
6761,7,4,160
6762,0,3,160
6762,1,3,160
6762,2,3,160
6762,3,3,160
6762,4,4,160
6762,5,4,160
6762,6,4,160
6762,7,4,160
6763,0,3,160
6763,1,3,160
6763,2,3,160
6763,3,3,160
6763,4,4,160
6763,5,4,160
6763,6,4,160
6763,7,4,160
6764,0,3,160
6764,1,3,160
6764,2,3,160
6764,3,3,160
6764,4,4,160
6764,5,4,160
6764,6,4,160
6764,7,4,160
6765,0,3,160
6765,1,3,160
6765,2,3,160
6765,3,3,160
6765,4,4,160
6765,5,4,160
6765,6,4,160
6765,7,4,160
6766,0,3,160
6766,1,3,160
6766,2,3,160
6766,3,3,160
6766,4,4,160
6766,5,4,160
6766,6,4,160
6766,7,4,160
6767,0,3,160
6767,1,3,160
6767,2,3,160
6767,3,3,160
6767,4,4,160
6767,5,4,160
6767,6,4,160
6767,7,4,160
6768,0,3,160
6768,1,3,160
6768,2,3,160
6768,3,3,160
6768,4,4,160
6768,5,4,160
6768,6,4,160
6768,7,4,160
6769,0,3,160
6769,1,3,160
6769,2,3,160
6769,3,3,160
6769,4,4,160
6769,5,4,160
6769,6,4,160
6769,7,4,160
6770,0,3,160
6770,1,3,160
6770,2,3,160
6770,3,3,160
6770,4,4,160
6770,5,4,160
6770,6,4,160
6770,7,4,160
6771,0,3,160
6771,1,3,160
6771,2,3,160
6771,3,3,160
6771,4,4,160
6771,5,4,160
6771,6,4,160
6771,7,4,160
6772,0,3,160
6772,1,3,160
6772,2,3,160
6772,3,3,160
6772,4,4,160
6772,5,4,160
6772,6,4,160
6772,7,4,160
6773,0,3,160
6773,1,3,160
6773,2,3,160
6773,3,3,160
6773,4,4,160
6773,5,4,160
6773,6,4,160
6773,7,4,160
6774,0,3,160
6774,1,3,160
6774,2,3,160
6774,3,3,160
6774,4,4,160
6774,5,4,160
6774,6,4,160
6774,7,4,160
6775,0,3,160
6775,1,3,160
6775,2,3,160
6775,3,3,160
6775,4,4,160
6775,5,4,160
6775,6,4,160
6775,7,4,160
6776,0,3,160
6776,1,3,160
6776,2,3,160
6776,3,3,160
6776,4,4,160
6776,5,4,160
6776,6,4,160
6776,7,4,160
6777,0,3,160
6777,1,3,160
6777,2,3,160
6777,3,3,160
6777,4,4,160
6777,5,4,160
6777,6,4,160
6777,7,4,160
6778,0,3,160
6778,1,3,160
6778,2,3,160
6778,3,3,160
6778,4,4,160
6778,5,4,160
6778,6,4,160
6778,7,4,160
6779,0,3,160
6779,1,3,160
6779,2,3,160
6779,3,3,160
6779,4,4,160
6779,5,4,160
6779,6,4,160
6779,7,4,160
6780,0,3,160
6780,1,3,160
6780,2,3,160
6780,3,3,160
6780,4,4,160
6780,5,4,160
6780,6,4,160
6780,7,4,160
6781,0,3,160
6781,1,3,160
6781,2,3,160
6781,3,3,160
6781,4,4,160
6781,5,4,160
6781,6,4,160
6781,7,4,160
6782,0,3,160
6782,1,3,160
6782,2,3,160
6782,3,3,160
6782,4,4,160
6782,5,4,160
6782,6,4,160
6782,7,4,160
6783,0,3,160
6783,1,3,160
6783,2,3,160
6783,3,3,160
6783,4,4,160
6783,5,4,160
6783,6,4,160
6783,7,4,160
6784,0,3,160
6784,1,3,160
6784,2,3,160
6784,3,3,160
6784,4,4,160
6784,5,4,160
6784,6,4,160
6784,7,4,160
6785,0,3,160
6785,1,3,160
6785,2,3,160
6785,3,3,160
6785,4,4,160
6785,5,4,160
6785,6,4,160
6785,7,4,160
6786,0,3,160
6786,1,3,160
6786,2,3,160
6786,3,3,160
6786,4,4,160
6786,5,4,160
6786,6,4,160
6786,7,4,160
6787,0,3,160
6787,1,3,160
6787,2,3,160
6787,3,3,160
6787,4,4,160
6787,5,4,160
6787,6,4,160
6787,7,4,160
6788,0,3,160
6788,1,3,160
6788,2,3,160
6788,3,3,160
6788,4,4,160
6788,5,4,160
6788,6,4,160
6788,7,4,160
6789,0,3,160
6789,1,3,160
6789,2,3,160
6789,3,3,160
6789,4,4,160
6789,5,4,160
6789,6,4,160
6789,7,4,160
6790,0,3,160
6790,1,3,160
6790,2,3,160
6790,3,3,160
6790,4,4,160
6790,5,4,160
6790,6,4,160
6790,7,4,160
6791,0,3,160
6791,1,3,160
6791,2,3,160
6791,3,3,160
6791,4,4,160
6791,5,4,160
6791,6,4,160
6791,7,4,160
6792,0,3,160
6792,1,3,160
6792,2,3,160
6792,3,3,160
6792,4,4,160
6792,5,4,160
6792,6,4,160
6792,7,4,160
6793,0,3,160
6793,1,3,160
6793,2,3,160
6793,3,3,160
6793,4,4,160
6793,5,4,160
6793,6,4,160
6793,7,4,160
6794,0,3,160
6794,1,3,160
6794,2,3,160
6794,3,3,160
6794,4,4,160
6794,5,4,160
6794,6,4,160
6794,7,4,160
6795,0,3,160
6795,1,3,160
6795,2,3,160
6795,3,3,160
6795,4,4,160
6795,5,4,160
6795,6,4,160
6795,7,4,160
6796,0,3,160
6796,1,3,160
6796,2,3,160
6796,3,3,160
6796,4,4,160
6796,5,4,160
6796,6,4,160
6796,7,4,160
6797,0,3,160
6797,1,3,160
6797,2,3,160
6797,3,3,160
6797,4,4,160
6797,5,4,160
6797,6,4,160
6797,7,4,160
6798,0,3,160
6798,1,3,160
6798,2,3,160
6798,3,3,160
6798,4,4,160
6798,5,4,160
6798,6,4,160
6798,7,4,160
6799,0,3,160
6799,1,3,160
6799,2,3,160
6799,3,3,160
6799,4,4,160
6799,5,4,160
6799,6,4,160
6799,7,4,160
6800,0,3,160
6800,1,3,160
6800,2,3,160
6800,3,3,160
6800,4,4,160
6800,5,4,160
6800,6,4,160
6800,7,4,160
6801,0,3,160
6801,1,3,160
6801,2,3,160
6801,3,3,160
6801,4,4,160
6801,5,4,160
6801,6,4,160
6801,7,4,160
6802,0,3,160
6802,1,3,160
6802,2,3,160
6802,3,3,160
6802,4,4,160
6802,5,4,160
6802,6,4,160
6802,7,4,160
6803,0,3,160
6803,1,3,160
6803,2,3,160
6803,3,3,160
6803,4,4,160
6803,5,4,160
6803,6,4,160
6803,7,4,160
6804,0,3,160
6804,1,3,160
6804,2,3,160
6804,3,3,160
6804,4,4,160
6804,5,4,160
6804,6,4,160
6804,7,4,160
6805,0,3,160
6805,1,3,160
6805,2,3,160
6805,3,3,160
6805,4,4,160
6805,5,4,160
6805,6,4,160
6805,7,4,160
6806,0,3,160
6806,1,3,160
6806,2,3,160
6806,3,3,160
6806,4,4,160
6806,5,4,160
6806,6,4,160
6806,7,4,160
6807,0,3,160
6807,1,3,160
6807,2,3,160
6807,3,3,160
6807,4,4,160
6807,5,4,160
6807,6,4,160
6807,7,4,160
6808,0,3,160
6808,1,3,160
6808,2,3,160
6808,3,3,160
6808,4,4,160
6808,5,4,160
6808,6,4,160
6808,7,4,160
6809,0,3,160
6809,1,3,160
6809,2,3,160
6809,3,3,160
6809,4,4,160
6809,5,4,160
6809,6,4,160
6809,7,4,160
6810,0,3,160
6810,1,3,160
6810,2,3,160
6810,3,3,160
6810,4,4,160
6810,5,4,160
6810,6,4,160
6810,7,4,160
6811,0,3,160
6811,1,3,160
6811,2,3,160
6811,3,3,160
6811,4,4,160
6811,5,4,160
6811,6,4,160
6811,7,4,160
6812,0,3,160
6812,1,3,160
6812,2,3,160
6812,3,3,160
6812,4,4,160
6812,5,4,160
6812,6,4,160
6812,7,4,160
6813,0,3,160
6813,1,3,160
6813,2,3,160
6813,3,3,160
6813,4,4,160
6813,5,4,160
6813,6,4,160
6813,7,4,160
6814,0,3,160
6814,1,3,160
6814,2,3,160
6814,3,3,160
6814,4,4,160
6814,5,4,160
6814,6,4,160
6814,7,4,160
6815,0,3,160
6815,1,3,160
6815,2,3,160
6815,3,3,160
6815,4,4,160
6815,5,4,160
6815,6,4,160
6815,7,4,160
6816,0,3,160
6816,1,3,160
6816,2,3,160
6816,3,3,160
6816,4,4,160
6816,5,4,160
6816,6,4,160
6816,7,4,160
6817,0,3,160
6817,1,3,160
6817,2,3,160
6817,3,3,160
6817,4,4,160
6817,5,4,160
6817,6,4,160
6817,7,4,160
6818,0,3,160
6818,1,3,160
6818,2,3,160
6818,3,3,160
6818,4,4,160
6818,5,4,160
6818,6,4,160
6818,7,4,160
6819,0,3,160
6819,1,3,160
6819,2,3,160
6819,3,3,160
6819,4,4,160
6819,5,4,160
6819,6,4,160
6819,7,4,160
6820,0,3,160
6820,1,3,160
6820,2,3,160
6820,3,3,160
6820,4,4,160
6820,5,4,160
6820,6,4,160
6820,7,4,160
6821,0,3,160
6821,1,3,160
6821,2,3,160
6821,3,3,160
6821,4,4,160
6821,5,4,160
6821,6,4,160
6821,7,4,160
6822,0,3,160
6822,1,3,160
6822,2,3,160
6822,3,3,160
6822,4,4,160
6822,5,4,160
6822,6,4,160
6822,7,4,160
6823,0,3,160
6823,1,3,160
6823,2,3,160
6823,3,3,160
6823,4,4,160
6823,5,4,160
6823,6,4,160
6823,7,4,160
6824,0,3,160
6824,1,3,160
6824,2,3,160
6824,3,3,160
6824,4,4,160
6824,5,4,160
6824,6,4,160
6824,7,4,160
6825,0,3,160
6825,1,3,160
6825,2,3,160
6825,3,3,160
6825,4,4,160
6825,5,4,160
6825,6,4,160
6825,7,4,160
6826,0,3,160
6826,1,3,160
6826,2,3,160
6826,3,3,160
6826,4,4,160
6826,5,4,160
6826,6,4,160
6826,7,4,160
6827,0,3,160
6827,1,3,160
6827,2,3,160
6827,3,3,160
6827,4,4,160
6827,5,4,160
6827,6,4,160
6827,7,4,160
6828,0,3,160
6828,1,3,160
6828,2,3,160
6828,3,3,160
6828,4,4,160
6828,5,4,160
6828,6,4,160
6828,7,4,160
6829,0,3,160
6829,1,3,160
6829,2,3,160
6829,3,3,160
6829,4,4,160
6829,5,4,160
6829,6,4,160
6829,7,4,160
6830,0,3,160
6830,1,3,160
6830,2,3,160
6830,3,3,160
6830,4,4,160
6830,5,4,160
6830,6,4,160
6830,7,4,160
6831,0,3,160
6831,1,3,160
6831,2,3,160
6831,3,3,160
6831,4,4,160
6831,5,4,160
6831,6,4,160
6831,7,4,160
6832,0,3,160
6832,1,3,160
6832,2,3,160
6832,3,3,160
6832,4,4,160
6832,5,4,160
6832,6,4,160
6832,7,4,160
6833,0,3,160
6833,1,3,160
6833,2,3,160
6833,3,3,160
6833,4,4,160
6833,5,4,160
6833,6,4,160
6833,7,4,160
6834,0,3,160
6834,1,3,160
6834,2,3,160
6834,3,3,160
6834,4,4,160
6834,5,4,160
6834,6,4,160
6834,7,4,160
6835,0,3,160
6835,1,3,160
6835,2,3,160
6835,3,3,160
6835,4,4,160
6835,5,4,160
6835,6,4,160
6835,7,4,160
6836,0,3,160
6836,1,3,160
6836,2,3,160
6836,3,3,160
6836,4,4,160
6836,5,4,160
6836,6,4,160
6836,7,4,160
6837,0,3,160
6837,1,3,160
6837,2,3,160
6837,3,3,160
6837,4,4,160
6837,5,4,160
6837,6,4,160
6837,7,4,160
6838,0,3,160
6838,1,3,160
6838,2,3,160
6838,3,3,160
6838,4,4,160
6838,5,4,160
6838,6,4,160
6838,7,4,160
6839,0,3,160
6839,1,3,160
6839,2,3,160
6839,3,3,160
6839,4,4,160
6839,5,4,160
6839,6,4,160
6839,7,4,160
6840,0,3,160
6840,1,3,160
6840,2,3,160
6840,3,3,160
6840,4,4,160
6840,5,4,160
6840,6,4,160
6840,7,4,160
6841,0,3,160
6841,1,3,160
6841,2,3,160
6841,3,3,160
6841,4,4,160
6841,5,4,160
6841,6,4,160
6841,7,4,160
6842,0,3,160
6842,1,3,160
6842,2,3,160
6842,3,3,160
6842,4,4,160
6842,5,4,160
6842,6,4,160
6842,7,4,160
6843,0,3,160
6843,1,3,160
6843,2,3,160
6843,3,3,160
6843,4,4,160
6843,5,4,160
6843,6,4,160
6843,7,4,160
6844,0,3,160
6844,1,3,160
6844,2,3,160
6844,3,3,160
6844,4,4,160
6844,5,4,160
6844,6,4,160
6844,7,4,160
6845,0,3,160
6845,1,3,160
6845,2,3,160
6845,3,3,160
6845,4,4,160
6845,5,4,160
6845,6,4,160
6845,7,4,160
6846,0,3,160
6846,1,3,160
6846,2,3,160
6846,3,3,160
6846,4,4,160
6846,5,4,160
6846,6,4,160
6846,7,4,160
6847,0,3,160
6847,1,3,160
6847,2,3,160
6847,3,3,160
6847,4,4,160
6847,5,4,160
6847,6,4,160
6847,7,4,160
6848,0,3,160
6848,1,3,160
6848,2,3,160
6848,3,3,160
6848,4,4,160
6848,5,4,160
6848,6,4,160
6848,7,4,160
6849,0,3,160
6849,1,3,160
6849,2,3,160
6849,3,3,160
6849,4,4,160
6849,5,4,160
6849,6,4,160
6849,7,4,160
6850,0,3,160
6850,1,3,160
6850,2,3,160
6850,3,3,160
6850,4,4,160
6850,5,4,160
6850,6,4,160
6850,7,4,160
6851,0,3,160
6851,1,3,160
6851,2,3,160
6851,3,3,160
6851,4,4,160
6851,5,4,160
6851,6,4,160
6851,7,4,160
6852,0,3,160
6852,1,3,160
6852,2,3,160
6852,3,3,160
6852,4,4,160
6852,5,4,160
6852,6,4,160
6852,7,4,160
6853,0,3,160
6853,1,3,160
6853,2,3,160
6853,3,3,160
6853,4,4,160
6853,5,4,160
6853,6,4,160
6853,7,4,160
6854,0,3,160
6854,1,3,160
6854,2,3,160
6854,3,3,160
6854,4,4,160
6854,5,4,160
6854,6,4,160
6854,7,4,160
6855,0,3,160
6855,1,3,160
6855,2,3,160
6855,3,3,160
6855,4,4,160
6855,5,4,160
6855,6,4,160
6855,7,4,160
6856,0,3,160
6856,1,3,160
6856,2,3,160
6856,3,3,160
6856,4,4,160
6856,5,4,160
6856,6,4,160
6856,7,4,160
6857,0,3,160
6857,1,3,160
6857,2,3,160
6857,3,3,160
6857,4,4,160
6857,5,4,160
6857,6,4,160
6857,7,4,160
6858,0,3,160
6858,1,3,160
6858,2,3,160
6858,3,3,160
6858,4,4,160
6858,5,4,160
6858,6,4,160
6858,7,4,160
6859,0,3,160
6859,1,3,160
6859,2,3,160
6859,3,3,160
6859,4,4,160
6859,5,4,160
6859,6,4,160
6859,7,4,160
6860,0,3,160
6860,1,3,160
6860,2,3,160
6860,3,3,160
6860,4,4,160
6860,5,4,160
6860,6,4,160
6860,7,4,160
6861,0,3,160
6861,1,3,160
6861,2,3,160
6861,3,3,160
6861,4,4,160
6861,5,4,160
6861,6,4,160
6861,7,4,160
6862,0,3,160
6862,1,3,160
6862,2,3,160
6862,3,3,160
6862,4,4,160
6862,5,4,160
6862,6,4,160
6862,7,4,160
6863,0,3,160
6863,1,3,160
6863,2,3,160
6863,3,3,160
6863,4,4,160
6863,5,4,160
6863,6,4,160
6863,7,4,160
6864,0,3,160
6864,1,3,160
6864,2,3,160
6864,3,3,160
6864,4,4,160
6864,5,4,160
6864,6,4,160
6864,7,4,160
6865,0,3,160
6865,1,3,160
6865,2,3,160
6865,3,3,160
6865,4,4,160
6865,5,4,160
6865,6,4,160
6865,7,4,160
6866,0,3,160
6866,1,3,160
6866,2,3,160
6866,3,3,160
6866,4,4,160
6866,5,4,160
6866,6,4,160
6866,7,4,160
6867,0,3,160
6867,1,3,160
6867,2,3,160
6867,3,3,160
6867,4,4,160
6867,5,4,160
6867,6,4,160
6867,7,4,160
6868,0,3,160
6868,1,3,160
6868,2,3,160
6868,3,3,160
6868,4,4,160
6868,5,4,160
6868,6,4,160
6868,7,4,160
6869,0,3,160
6869,1,3,160
6869,2,3,160
6869,3,3,160
6869,4,4,160
6869,5,4,160
6869,6,4,160
6869,7,4,160
6870,0,3,160
6870,1,3,160
6870,2,3,160
6870,3,3,160
6870,4,4,160
6870,5,4,160
6870,6,4,160
6870,7,4,160
6871,0,3,160
6871,1,3,160
6871,2,3,160
6871,3,3,160
6871,4,4,160
6871,5,4,160
6871,6,4,160
6871,7,4,160
6872,0,3,160
6872,1,3,160
6872,2,3,160
6872,3,3,160
6872,4,4,160
6872,5,4,160
6872,6,4,160
6872,7,4,160
6873,0,3,160
6873,1,3,160
6873,2,3,160
6873,3,3,160
6873,4,4,160
6873,5,4,160
6873,6,4,160
6873,7,4,160
6874,0,3,160
6874,1,3,160
6874,2,3,160
6874,3,3,160
6874,4,4,160
6874,5,4,160
6874,6,4,160
6874,7,4,160
6875,0,3,160
6875,1,3,160
6875,2,3,160
6875,3,3,160
6875,4,4,160
6875,5,4,160
6875,6,4,160
6875,7,4,160
6876,0,3,160
6876,1,3,160
6876,2,3,160
6876,3,3,160
6876,4,4,160
6876,5,4,160
6876,6,4,160
6876,7,4,160
6877,0,3,160
6877,1,3,160
6877,2,3,160
6877,3,3,160
6877,4,4,160
6877,5,4,160
6877,6,4,160
6877,7,4,160
6878,0,3,160
6878,1,3,160
6878,2,3,160
6878,3,3,160
6878,4,4,160
6878,5,4,160
6878,6,4,160
6878,7,4,160
6879,0,3,160
6879,1,3,160
6879,2,3,160
6879,3,3,160
6879,4,4,160
6879,5,4,160
6879,6,4,160
6879,7,4,160
6880,0,3,160
6880,1,3,160
6880,2,3,160
6880,3,3,160
6880,4,4,160
6880,5,4,160
6880,6,4,160
6880,7,4,160
6881,0,3,160
6881,1,3,160
6881,2,3,160
6881,3,3,160
6881,4,4,160
6881,5,4,160
6881,6,4,160
6881,7,4,160
6882,0,3,160
6882,1,3,160
6882,2,3,160
6882,3,3,160
6882,4,4,160
6882,5,4,160
6882,6,4,160
6882,7,4,160
6883,0,3,160
6883,1,3,160
6883,2,3,160
6883,3,3,160
6883,4,4,160
6883,5,4,160
6883,6,4,160
6883,7,4,160
6884,0,3,160
6884,1,3,160
6884,2,3,160
6884,3,3,160
6884,4,4,160
6884,5,4,160
6884,6,4,160
6884,7,4,160
6885,0,3,160
6885,1,3,160
6885,2,3,160
6885,3,3,160
6885,4,4,160
6885,5,4,160
6885,6,4,160
6885,7,4,160
6886,0,3,160
6886,1,3,160
6886,2,3,160
6886,3,3,160
6886,4,4,160
6886,5,4,160
6886,6,4,160
6886,7,4,160
6887,0,3,160
6887,1,3,160
6887,2,3,160
6887,3,3,160
6887,4,4,160
6887,5,4,160
6887,6,4,160
6887,7,4,160
6888,0,3,160
6888,1,3,160
6888,2,3,160
6888,3,3,160
6888,4,4,160
6888,5,4,160
6888,6,4,160
6888,7,4,160
6889,0,3,160
6889,1,3,160
6889,2,3,160
6889,3,3,160
6889,4,4,160
6889,5,4,160
6889,6,4,160
6889,7,4,160
6890,0,3,160
6890,1,3,160
6890,2,3,160
6890,3,3,160
6890,4,4,160
6890,5,4,160
6890,6,4,160
6890,7,4,160
6891,0,3,160
6891,1,3,160
6891,2,3,160
6891,3,3,160
6891,4,4,160
6891,5,4,160
6891,6,4,160
6891,7,4,160
6892,0,3,160
6892,1,3,160
6892,2,3,160
6892,3,3,160
6892,4,4,160
6892,5,4,160
6892,6,4,160
6892,7,4,160
6893,0,3,160
6893,1,3,160
6893,2,3,160
6893,3,3,160
6893,4,4,160
6893,5,4,160
6893,6,4,160
6893,7,4,160
6894,0,3,160
6894,1,3,160
6894,2,3,160
6894,3,3,160
6894,4,4,160
6894,5,4,160
6894,6,4,160
6894,7,4,160
6895,0,3,160
6895,1,3,160
6895,2,3,160
6895,3,3,160
6895,4,4,160
6895,5,4,160
6895,6,4,160
6895,7,4,160
6896,0,3,160
6896,1,3,160
6896,2,3,160
6896,3,3,160
6896,4,4,160
6896,5,4,160
6896,6,4,160
6896,7,4,160
6897,0,3,160
6897,1,3,160
6897,2,3,160
6897,3,3,160
6897,4,4,160
6897,5,4,160
6897,6,4,160
6897,7,4,160
6898,0,3,160
6898,1,3,160
6898,2,3,160
6898,3,3,160
6898,4,4,160
6898,5,4,160
6898,6,4,160
6898,7,4,160
6899,0,3,160
6899,1,3,160
6899,2,3,160
6899,3,3,160
6899,4,4,160
6899,5,4,160
6899,6,4,160
6899,7,4,160
6900,0,3,160
6900,1,3,160
6900,2,3,160
6900,3,3,160
6900,4,4,160
6900,5,4,160
6900,6,4,160
6900,7,4,160
6901,0,3,160
6901,1,3,160
6901,2,3,160
6901,3,3,160
6901,4,4,160
6901,5,4,160
6901,6,4,160
6901,7,4,160
6902,0,3,160
6902,1,3,160
6902,2,3,160
6902,3,3,160
6902,4,4,160
6902,5,4,160
6902,6,4,160
6902,7,4,160
6903,0,3,160
6903,1,3,160
6903,2,3,160
6903,3,3,160
6903,4,4,160
6903,5,4,160
6903,6,4,160
6903,7,4,160
6904,0,3,160
6904,1,3,160
6904,2,3,160
6904,3,3,160
6904,4,4,160
6904,5,4,160
6904,6,4,160
6904,7,4,160
6905,0,3,160
6905,1,3,160
6905,2,3,160
6905,3,3,160
6905,4,4,160
6905,5,4,160
6905,6,4,160
6905,7,4,160
6906,0,3,160
6906,1,3,160
6906,2,3,160
6906,3,3,160
6906,4,4,160
6906,5,4,160
6906,6,4,160
6906,7,4,160
6907,0,3,160
6907,1,3,160
6907,2,3,160
6907,3,3,160
6907,4,4,160
6907,5,4,160
6907,6,4,160
6907,7,4,160
6908,0,3,160
6908,1,3,160
6908,2,3,160
6908,3,3,160
6908,4,4,160
6908,5,4,160
6908,6,4,160
6908,7,4,160
6909,0,3,160
6909,1,3,160
6909,2,3,160
6909,3,3,160
6909,4,4,160
6909,5,4,160
6909,6,4,160
6909,7,4,160
6910,0,3,160
6910,1,3,160
6910,2,3,160
6910,3,3,160
6910,4,4,160
6910,5,4,160
6910,6,4,160
6910,7,4,160
6911,0,3,160
6911,1,3,160
6911,2,3,160
6911,3,3,160
6911,4,4,160
6911,5,4,160
6911,6,4,160
6911,7,4,160
6912,0,3,160
6912,1,3,160
6912,2,3,160
6912,3,3,160
6912,4,4,160
6912,5,4,160
6912,6,4,160
6912,7,4,160
6913,0,3,160
6913,1,3,160
6913,2,3,160
6913,3,3,160
6913,4,4,160
6913,5,4,160
6913,6,4,160
6913,7,4,160
6914,0,3,160
6914,1,3,160
6914,2,3,160
6914,3,3,160
6914,4,4,160
6914,5,4,160
6914,6,4,160
6914,7,4,160
6915,0,3,160
6915,1,3,160
6915,2,3,160
6915,3,3,160
6915,4,4,160
6915,5,4,160
6915,6,4,160
6915,7,4,160
6916,0,3,160
6916,1,3,160
6916,2,3,160
6916,3,3,160
6916,4,4,160
6916,5,4,160
6916,6,4,160
6916,7,4,160
6917,0,3,160
6917,1,3,160
6917,2,3,160
6917,3,3,160
6917,4,4,160
6917,5,4,160
6917,6,4,160
6917,7,4,160
6918,0,3,160
6918,1,3,160
6918,2,3,160
6918,3,3,160
6918,4,4,160
6918,5,4,160
6918,6,4,160
6918,7,4,160
6919,0,3,160
6919,1,3,160
6919,2,3,160
6919,3,3,160
6919,4,4,160
6919,5,4,160
6919,6,4,160
6919,7,4,160
6920,0,3,160
6920,1,3,160
6920,2,3,160
6920,3,3,160
6920,4,4,160
6920,5,4,160
6920,6,4,160
6920,7,4,160
6921,0,3,160
6921,1,3,160
6921,2,3,160
6921,3,3,160
6921,4,4,160
6921,5,4,160
6921,6,4,160
6921,7,4,160
6922,0,3,160
6922,1,3,160
6922,2,3,160
6922,3,3,160
6922,4,4,160
6922,5,4,160
6922,6,4,160
6922,7,4,160
6923,0,3,160
6923,1,3,160
6923,2,3,160
6923,3,3,160
6923,4,4,160
6923,5,4,160
6923,6,4,160
6923,7,4,160
6924,0,3,160
6924,1,3,160
6924,2,3,160
6924,3,3,160
6924,4,4,160
6924,5,4,160
6924,6,4,160
6924,7,4,160
6925,0,3,160
6925,1,3,160
6925,2,3,160
6925,3,3,160
6925,4,4,160
6925,5,4,160
6925,6,4,160
6925,7,4,160
6926,0,3,160
6926,1,3,160
6926,2,3,160
6926,3,3,160
6926,4,4,160
6926,5,4,160
6926,6,4,160
6926,7,4,160
6927,0,3,160
6927,1,3,160
6927,2,3,160
6927,3,3,160
6927,4,4,160
6927,5,4,160
6927,6,4,160
6927,7,4,160
6928,0,3,160
6928,1,3,160
6928,2,3,160
6928,3,3,160
6928,4,4,160
6928,5,4,160
6928,6,4,160
6928,7,4,160
6929,0,3,160
6929,1,3,160
6929,2,3,160
6929,3,3,160
6929,4,4,160
6929,5,4,160
6929,6,4,160
6929,7,4,160
6930,0,3,160
6930,1,3,160
6930,2,3,160
6930,3,3,160
6930,4,4,160
6930,5,4,160
6930,6,4,160
6930,7,4,160
6931,0,3,160
6931,1,3,160
6931,2,3,160
6931,3,3,160
6931,4,4,160
6931,5,4,160
6931,6,4,160
6931,7,4,160
6932,0,3,160
6932,1,3,160
6932,2,3,160
6932,3,3,160
6932,4,4,160
6932,5,4,160
6932,6,4,160
6932,7,4,160
6933,0,3,160
6933,1,3,160
6933,2,3,160
6933,3,3,160
6933,4,4,160
6933,5,4,160
6933,6,4,160
6933,7,4,160
6934,0,3,160
6934,1,3,160
6934,2,3,160
6934,3,3,160
6934,4,4,160
6934,5,4,160
6934,6,4,160
6934,7,4,160
6935,0,3,160
6935,1,3,160
6935,2,3,160
6935,3,3,160
6935,4,4,160
6935,5,4,160
6935,6,4,160
6935,7,4,160
6936,0,3,160
6936,1,3,160
6936,2,3,160
6936,3,3,160
6936,4,4,160
6936,5,4,160
6936,6,4,160
6936,7,4,160
6937,0,3,160
6937,1,3,160
6937,2,3,160
6937,3,3,160
6937,4,4,160
6937,5,4,160
6937,6,4,160
6937,7,4,160
6938,0,3,160
6938,1,3,160
6938,2,3,160
6938,3,3,160
6938,4,4,160
6938,5,4,160
6938,6,4,160
6938,7,4,160
6939,0,3,160
6939,1,3,160
6939,2,3,160
6939,3,3,160
6939,4,4,160
6939,5,4,160
6939,6,4,160
6939,7,4,160
6940,0,3,160
6940,1,3,160
6940,2,3,160
6940,3,3,160
6940,4,4,160
6940,5,4,160
6940,6,4,160
6940,7,4,160
6941,0,3,160
6941,1,3,160
6941,2,3,160
6941,3,3,160
6941,4,4,160
6941,5,4,160
6941,6,4,160
6941,7,4,160
6942,0,3,160
6942,1,3,160
6942,2,3,160
6942,3,3,160
6942,4,4,160
6942,5,4,160
6942,6,4,160
6942,7,4,160
6943,0,3,160
6943,1,3,160
6943,2,3,160
6943,3,3,160
6943,4,4,160
6943,5,4,160
6943,6,4,160
6943,7,4,160
6944,0,3,160
6944,1,3,160
6944,2,3,160
6944,3,3,160
6944,4,4,160
6944,5,4,160
6944,6,4,160
6944,7,4,160
6945,0,3,160
6945,1,3,160
6945,2,3,160
6945,3,3,160
6945,4,4,160
6945,5,4,160
6945,6,4,160
6945,7,4,160
6946,0,3,160
6946,1,3,160
6946,2,3,160
6946,3,3,160
6946,4,4,160
6946,5,4,160
6946,6,4,160
6946,7,4,160
6947,0,3,160
6947,1,3,160
6947,2,3,160
6947,3,3,160
6947,4,4,160
6947,5,4,160
6947,6,4,160
6947,7,4,160
6948,0,3,160
6948,1,3,160
6948,2,3,160
6948,3,3,160
6948,4,4,160
6948,5,4,160
6948,6,4,160
6948,7,4,160
6949,0,3,160
6949,1,3,160
6949,2,3,160
6949,3,3,160
6949,4,4,160
6949,5,4,160
6949,6,4,160
6949,7,4,160
6950,0,3,160
6950,1,3,160
6950,2,3,160
6950,3,3,160
6950,4,4,160
6950,5,4,160
6950,6,4,160
6950,7,4,160
6951,0,3,160
6951,1,3,160
6951,2,3,160
6951,3,3,160
6951,4,4,160
6951,5,4,160
6951,6,4,160
6951,7,4,160
6952,0,3,160
6952,1,3,160
6952,2,3,160
6952,3,3,160
6952,4,4,160
6952,5,4,160
6952,6,4,160
6952,7,4,160
6953,0,3,160
6953,1,3,160
6953,2,3,160
6953,3,3,160
6953,4,4,160
6953,5,4,160
6953,6,4,160
6953,7,4,160
6954,0,3,160
6954,1,3,160
6954,2,3,160
6954,3,3,160
6954,4,4,160
6954,5,4,160
6954,6,4,160
6954,7,4,160
6955,0,3,160
6955,1,3,160
6955,2,3,160
6955,3,3,160
6955,4,4,160
6955,5,4,160
6955,6,4,160
6955,7,4,160
6956,0,3,160
6956,1,3,160
6956,2,3,160
6956,3,3,160
6956,4,4,160
6956,5,4,160
6956,6,4,160
6956,7,4,160
6957,0,3,160
6957,1,3,160
6957,2,3,160
6957,3,3,160
6957,4,4,160
6957,5,4,160
6957,6,4,160
6957,7,4,160
6958,0,3,160
6958,1,3,160
6958,2,3,160
6958,3,3,160
6958,4,4,160
6958,5,4,160
6958,6,4,160
6958,7,4,160
6959,0,3,160
6959,1,3,160
6959,2,3,160
6959,3,3,160
6959,4,4,160
6959,5,4,160
6959,6,4,160
6959,7,4,160
6960,0,3,160
6960,1,3,160
6960,2,3,160
6960,3,3,160
6960,4,4,160
6960,5,4,160
6960,6,4,160
6960,7,4,160
6961,0,3,160
6961,1,3,160
6961,2,3,160
6961,3,3,160
6961,4,4,160
6961,5,4,160
6961,6,4,160
6961,7,4,160
6962,0,3,160
6962,1,3,160
6962,2,3,160
6962,3,3,160
6962,4,4,160
6962,5,4,160
6962,6,4,160
6962,7,4,160
6963,0,3,160
6963,1,3,160
6963,2,3,160
6963,3,3,160
6963,4,4,160
6963,5,4,160
6963,6,4,160
6963,7,4,160
6964,0,3,160
6964,1,3,160
6964,2,3,160
6964,3,3,160
6964,4,4,160
6964,5,4,160
6964,6,4,160
6964,7,4,160
6965,0,3,160
6965,1,3,160
6965,2,3,160
6965,3,3,160
6965,4,4,160
6965,5,4,160
6965,6,4,160
6965,7,4,160
6966,0,3,160
6966,1,3,160
6966,2,3,160
6966,3,3,160
6966,4,4,160
6966,5,4,160
6966,6,4,160
6966,7,4,160
6967,0,3,160
6967,1,3,160
6967,2,3,160
6967,3,3,160
6967,4,4,160
6967,5,4,160
6967,6,4,160
6967,7,4,160
6968,0,3,160
6968,1,3,160
6968,2,3,160
6968,3,3,160
6968,4,4,160
6968,5,4,160
6968,6,4,160
6968,7,4,160
6969,0,3,160
6969,1,3,160
6969,2,3,160
6969,3,3,160
6969,4,4,160
6969,5,4,160
6969,6,4,160
6969,7,4,160
6970,0,3,160
6970,1,3,160
6970,2,3,160
6970,3,3,160
6970,4,4,160
6970,5,4,160
6970,6,4,160
6970,7,4,160
6971,0,3,160
6971,1,3,160
6971,2,3,160
6971,3,3,160
6971,4,4,160
6971,5,4,160
6971,6,4,160
6971,7,4,160
6972,0,3,160
6972,1,3,160
6972,2,3,160
6972,3,3,160
6972,4,4,160
6972,5,4,160
6972,6,4,160
6972,7,4,160
6973,0,3,160
6973,1,3,160
6973,2,3,160
6973,3,3,160
6973,4,4,160
6973,5,4,160
6973,6,4,160
6973,7,4,160
6974,0,3,160
6974,1,3,160
6974,2,3,160
6974,3,3,160
6974,4,4,160
6974,5,4,160
6974,6,4,160
6974,7,4,160
6975,0,3,160
6975,1,3,160
6975,2,3,160
6975,3,3,160
6975,4,4,160
6975,5,4,160
6975,6,4,160
6975,7,4,160
6976,0,3,160
6976,1,3,160
6976,2,3,160
6976,3,3,160
6976,4,4,160
6976,5,4,160
6976,6,4,160
6976,7,4,160
6977,0,3,160
6977,1,3,160
6977,2,3,160
6977,3,3,160
6977,4,4,160
6977,5,4,160
6977,6,4,160
6977,7,4,160
6978,0,3,160
6978,1,3,160
6978,2,3,160
6978,3,3,160
6978,4,4,160
6978,5,4,160
6978,6,4,160
6978,7,4,160
6979,0,3,160
6979,1,3,160
6979,2,3,160
6979,3,3,160
6979,4,4,160
6979,5,4,160
6979,6,4,160
6979,7,4,160
6980,0,3,160
6980,1,3,160
6980,2,3,160
6980,3,3,160
6980,4,4,160
6980,5,4,160
6980,6,4,160
6980,7,4,160
6981,0,3,160
6981,1,3,160
6981,2,3,160
6981,3,3,160
6981,4,4,160
6981,5,4,160
6981,6,4,160
6981,7,4,160
6982,0,3,160
6982,1,3,160
6982,2,3,160
6982,3,3,160
6982,4,4,160
6982,5,4,160
6982,6,4,160
6982,7,4,160
6983,0,3,160
6983,1,3,160
6983,2,3,160
6983,3,3,160
6983,4,4,160
6983,5,4,160
6983,6,4,160
6983,7,4,160
6984,0,3,160
6984,1,3,160
6984,2,3,160
6984,3,3,160
6984,4,4,160
6984,5,4,160
6984,6,4,160
6984,7,4,160
6985,0,3,160
6985,1,3,160
6985,2,3,160
6985,3,3,160
6985,4,4,160
6985,5,4,160
6985,6,4,160
6985,7,4,160
6986,0,3,160
6986,1,3,160
6986,2,3,160
6986,3,3,160
6986,4,4,160
6986,5,4,160
6986,6,4,160
6986,7,4,160
6987,0,3,160
6987,1,3,160
6987,2,3,160
6987,3,3,160
6987,4,4,160
6987,5,4,160
6987,6,4,160
6987,7,4,160
6988,0,3,160
6988,1,3,160
6988,2,3,160
6988,3,3,160
6988,4,4,160
6988,5,4,160
6988,6,4,160
6988,7,4,160
6989,0,3,160
6989,1,3,160
6989,2,3,160
6989,3,3,160
6989,4,4,160
6989,5,4,160
6989,6,4,160
6989,7,4,160
6990,0,3,160
6990,1,3,160
6990,2,3,160
6990,3,3,160
6990,4,4,160
6990,5,4,160
6990,6,4,160
6990,7,4,160
6991,0,3,160
6991,1,3,160
6991,2,3,160
6991,3,3,160
6991,4,4,160
6991,5,4,160
6991,6,4,160
6991,7,4,160
6992,0,3,160
6992,1,3,160
6992,2,3,160
6992,3,3,160
6992,4,4,160
6992,5,4,160
6992,6,4,160
6992,7,4,160
6993,0,3,160
6993,1,3,160
6993,2,3,160
6993,3,3,160
6993,4,4,160
6993,5,4,160
6993,6,4,160
6993,7,4,160
6994,0,3,160
6994,1,3,160
6994,2,3,160
6994,3,3,160
6994,4,4,160
6994,5,4,160
6994,6,4,160
6994,7,4,160
6995,0,3,160
6995,1,3,160
6995,2,3,160
6995,3,3,160
6995,4,4,160
6995,5,4,160
6995,6,4,160
6995,7,4,160
6996,0,3,160
6996,1,3,160
6996,2,3,160
6996,3,3,160
6996,4,4,160
6996,5,4,160
6996,6,4,160
6996,7,4,160
6997,0,3,160
6997,1,3,160
6997,2,3,160
6997,3,3,160
6997,4,4,160
6997,5,4,160
6997,6,4,160
6997,7,4,160
6998,0,3,160
6998,1,3,160
6998,2,3,160
6998,3,3,160
6998,4,4,160
6998,5,4,160
6998,6,4,160
6998,7,4,160
6999,0,3,160
6999,1,3,160
6999,2,3,160
6999,3,3,160
6999,4,4,160
6999,5,4,160
6999,6,4,160
6999,7,4,160
7000,0,3,160
7000,1,3,160
7000,2,3,160
7000,3,3,160
7000,4,4,160
7000,5,4,160
7000,6,4,160
7000,7,4,160
7001,0,3,160
7001,1,3,160
7001,2,3,160
7001,3,3,160
7001,4,4,160
7001,5,4,160
7001,6,4,160
7001,7,4,160
7002,0,3,160
7002,1,3,160
7002,2,3,160
7002,3,3,160
7002,4,4,160
7002,5,4,160
7002,6,4,160
7002,7,4,160
7003,0,3,160
7003,1,3,160
7003,2,3,160
7003,3,3,160
7003,4,4,160
7003,5,4,160
7003,6,4,160
7003,7,4,160
7004,0,3,160
7004,1,3,160
7004,2,3,160
7004,3,3,160
7004,4,4,160
7004,5,4,160
7004,6,4,160
7004,7,4,160
7005,0,3,160
7005,1,3,160
7005,2,3,160
7005,3,3,160
7005,4,4,160
7005,5,4,160
7005,6,4,160
7005,7,4,160
7006,0,3,160
7006,1,3,160
7006,2,3,160
7006,3,3,160
7006,4,4,160
7006,5,4,160
7006,6,4,160
7006,7,4,160
7007,0,3,160
7007,1,3,160
7007,2,3,160
7007,3,3,160
7007,4,4,160
7007,5,4,160
7007,6,4,160
7007,7,4,160
7008,0,3,160
7008,1,3,160
7008,2,3,160
7008,3,3,160
7008,4,4,160
7008,5,4,160
7008,6,4,160
7008,7,4,160
7009,0,3,160
7009,1,3,160
7009,2,3,160
7009,3,3,160
7009,4,4,160
7009,5,4,160
7009,6,4,160
7009,7,4,160
7010,0,3,160
7010,1,3,160
7010,2,3,160
7010,3,3,160
7010,4,4,160
7010,5,4,160
7010,6,4,160
7010,7,4,160
7011,0,3,160
7011,1,3,160
7011,2,3,160
7011,3,3,160
7011,4,4,160
7011,5,4,160
7011,6,4,160
7011,7,4,160
7012,0,3,160
7012,1,3,160
7012,2,3,160
7012,3,3,160
7012,4,4,160
7012,5,4,160
7012,6,4,160
7012,7,4,160
7013,0,3,160
7013,1,3,160
7013,2,3,160
7013,3,3,160
7013,4,4,160
7013,5,4,160
7013,6,4,160
7013,7,4,160
7014,0,3,160
7014,1,3,160
7014,2,3,160
7014,3,3,160
7014,4,4,160
7014,5,4,160
7014,6,4,160
7014,7,4,160
7015,0,3,160
7015,1,3,160
7015,2,3,160
7015,3,3,160
7015,4,4,160
7015,5,4,160
7015,6,4,160
7015,7,4,160
7016,0,3,160
7016,1,3,160
7016,2,3,160
7016,3,3,160
7016,4,4,160
7016,5,4,160
7016,6,4,160
7016,7,4,160
7017,0,3,160
7017,1,3,160
7017,2,3,160
7017,3,3,160
7017,4,4,160
7017,5,4,160
7017,6,4,160
7017,7,4,160
7018,0,3,160
7018,1,3,160
7018,2,3,160
7018,3,3,160
7018,4,4,160
7018,5,4,160
7018,6,4,160
7018,7,4,160
7019,0,3,160
7019,1,3,160
7019,2,3,160
7019,3,3,160
7019,4,4,160
7019,5,4,160
7019,6,4,160
7019,7,4,160
7020,0,3,160
7020,1,3,160
7020,2,3,160
7020,3,3,160
7020,4,4,160
7020,5,4,160
7020,6,4,160
7020,7,4,160
7021,0,3,160
7021,1,3,160
7021,2,3,160
7021,3,3,160
7021,4,4,160
7021,5,4,160
7021,6,4,160
7021,7,4,160
7022,0,3,160
7022,1,3,160
7022,2,3,160
7022,3,3,160
7022,4,4,160
7022,5,4,160
7022,6,4,160
7022,7,4,160
7023,0,3,160
7023,1,3,160
7023,2,3,160
7023,3,3,160
7023,4,4,160
7023,5,4,160
7023,6,4,160
7023,7,4,160
7024,0,3,160
7024,1,3,160
7024,2,3,160
7024,3,3,160
7024,4,4,160
7024,5,4,160
7024,6,4,160
7024,7,4,160
7025,0,3,160
7025,1,3,160
7025,2,3,160
7025,3,3,160
7025,4,4,160
7025,5,4,160
7025,6,4,160
7025,7,4,160
7026,0,3,160
7026,1,3,160
7026,2,3,160
7026,3,3,160
7026,4,4,160
7026,5,4,160
7026,6,4,160
7026,7,4,160
7027,0,3,160
7027,1,3,160
7027,2,3,160
7027,3,3,160
7027,4,4,160
7027,5,4,160
7027,6,4,160
7027,7,4,160
7028,0,3,160
7028,1,3,160
7028,2,3,160
7028,3,3,160
7028,4,4,160
7028,5,4,160
7028,6,4,160
7028,7,4,160
7029,0,3,160
7029,1,3,160
7029,2,3,160
7029,3,3,160
7029,4,4,160
7029,5,4,160
7029,6,4,160
7029,7,4,160
7030,0,3,160
7030,1,3,160
7030,2,3,160
7030,3,3,160
7030,4,4,160
7030,5,4,160
7030,6,4,160
7030,7,4,160
7031,0,3,160
7031,1,3,160
7031,2,3,160
7031,3,3,160
7031,4,4,160
7031,5,4,160
7031,6,4,160
7031,7,4,160
7032,0,3,160
7032,1,3,160
7032,2,3,160
7032,3,3,160
7032,4,4,160
7032,5,4,160
7032,6,4,160
7032,7,4,160
7033,0,3,160
7033,1,3,160
7033,2,3,160
7033,3,3,160
7033,4,4,160
7033,5,4,160
7033,6,4,160
7033,7,4,160
7034,0,3,160
7034,1,3,160
7034,2,3,160
7034,3,3,160
7034,4,4,160
7034,5,4,160
7034,6,4,160
7034,7,4,160
7035,0,3,160
7035,1,3,160
7035,2,3,160
7035,3,3,160
7035,4,4,160
7035,5,4,160
7035,6,4,160
7035,7,4,160
7036,0,3,160
7036,1,3,160
7036,2,3,160
7036,3,3,160
7036,4,4,160
7036,5,4,160
7036,6,4,160
7036,7,4,160
7037,0,3,160
7037,1,3,160
7037,2,3,160
7037,3,3,160
7037,4,4,160
7037,5,4,160
7037,6,4,160
7037,7,4,160
7038,0,3,160
7038,1,3,160
7038,2,3,160
7038,3,3,160
7038,4,4,160
7038,5,4,160
7038,6,4,160
7038,7,4,160
7039,0,3,160
7039,1,3,160
7039,2,3,160
7039,3,3,160
7039,4,4,160
7039,5,4,160
7039,6,4,160
7039,7,4,160
7040,0,3,160
7040,1,3,160
7040,2,3,160
7040,3,3,160
7040,4,4,160
7040,5,4,160
7040,6,4,160
7040,7,4,160
7041,0,3,160
7041,1,3,160
7041,2,3,160
7041,3,3,160
7041,4,4,160
7041,5,4,160
7041,6,4,160
7041,7,4,160
7042,0,3,160
7042,1,3,160
7042,2,3,160
7042,3,3,160
7042,4,4,160
7042,5,4,160
7042,6,4,160
7042,7,4,160
7043,0,3,160
7043,1,3,160
7043,2,3,160
7043,3,3,160
7043,4,4,160
7043,5,4,160
7043,6,4,160
7043,7,4,160
7044,0,3,160
7044,1,3,160
7044,2,3,160
7044,3,3,160
7044,4,4,160
7044,5,4,160
7044,6,4,160
7044,7,4,160
7045,0,3,160
7045,1,3,160
7045,2,3,160
7045,3,3,160
7045,4,4,160
7045,5,4,160
7045,6,4,160
7045,7,4,160
7046,0,3,160
7046,1,3,160
7046,2,3,160
7046,3,3,160
7046,4,4,160
7046,5,4,160
7046,6,4,160
7046,7,4,160
7047,0,3,160
7047,1,3,160
7047,2,3,160
7047,3,3,160
7047,4,4,160
7047,5,4,160
7047,6,4,160
7047,7,4,160
7048,0,3,160
7048,1,3,160
7048,2,3,160
7048,3,3,160
7048,4,4,160
7048,5,4,160
7048,6,4,160
7048,7,4,160
7049,0,3,160
7049,1,3,160
7049,2,3,160
7049,3,3,160
7049,4,4,160
7049,5,4,160
7049,6,4,160
7049,7,4,160
7050,0,3,160
7050,1,3,160
7050,2,3,160
7050,3,3,160
7050,4,4,160
7050,5,4,160
7050,6,4,160
7050,7,4,160
7051,0,3,160
7051,1,3,160
7051,2,3,160
7051,3,3,160
7051,4,4,160
7051,5,4,160
7051,6,4,160
7051,7,4,160
7052,0,3,160
7052,1,3,160
7052,2,3,160
7052,3,3,160
7052,4,4,160
7052,5,4,160
7052,6,4,160
7052,7,4,160
7053,0,3,160
7053,1,3,160
7053,2,3,160
7053,3,3,160
7053,4,4,160
7053,5,4,160
7053,6,4,160
7053,7,4,160
7054,0,3,160
7054,1,3,160
7054,2,3,160
7054,3,3,160
7054,4,4,160
7054,5,4,160
7054,6,4,160
7054,7,4,160
7055,0,3,160
7055,1,3,160
7055,2,3,160
7055,3,3,160
7055,4,4,160
7055,5,4,160
7055,6,4,160
7055,7,4,160
7056,0,3,160
7056,1,3,160
7056,2,3,160
7056,3,3,160
7056,4,4,160
7056,5,4,160
7056,6,4,160
7056,7,4,160
7057,0,3,160
7057,1,3,160
7057,2,3,160
7057,3,3,160
7057,4,4,160
7057,5,4,160
7057,6,4,160
7057,7,4,160
7058,0,3,160
7058,1,3,160
7058,2,3,160
7058,3,3,160
7058,4,4,160
7058,5,4,160
7058,6,4,160
7058,7,4,160
7059,0,3,160
7059,1,3,160
7059,2,3,160
7059,3,3,160
7059,4,4,160
7059,5,4,160
7059,6,4,160
7059,7,4,160
7060,0,3,160
7060,1,3,160
7060,2,3,160
7060,3,3,160
7060,4,4,160
7060,5,4,160
7060,6,4,160
7060,7,4,160
7061,0,3,160
7061,1,3,160
7061,2,3,160
7061,3,3,160
7061,4,4,160
7061,5,4,160
7061,6,4,160
7061,7,4,160
7062,0,3,160
7062,1,3,160
7062,2,3,160
7062,3,3,160
7062,4,4,160
7062,5,4,160
7062,6,4,160
7062,7,4,160
7063,0,3,160
7063,1,3,160
7063,2,3,160
7063,3,3,160
7063,4,4,160
7063,5,4,160
7063,6,4,160
7063,7,4,160
7064,0,3,160
7064,1,3,160
7064,2,3,160
7064,3,3,160
7064,4,4,160
7064,5,4,160
7064,6,4,160
7064,7,4,160
7065,0,3,160
7065,1,3,160
7065,2,3,160
7065,3,3,160
7065,4,4,160
7065,5,4,160
7065,6,4,160
7065,7,4,160
7066,0,3,160
7066,1,3,160
7066,2,3,160
7066,3,3,160
7066,4,4,160
7066,5,4,160
7066,6,4,160
7066,7,4,160
7067,0,3,160
7067,1,3,160
7067,2,3,160
7067,3,3,160
7067,4,4,160
7067,5,4,160
7067,6,4,160
7067,7,4,160
7068,0,3,160
7068,1,3,160
7068,2,3,160
7068,3,3,160
7068,4,4,160
7068,5,4,160
7068,6,4,160
7068,7,4,160
7069,0,3,160
7069,1,3,160
7069,2,3,160
7069,3,3,160
7069,4,4,160
7069,5,4,160
7069,6,4,160
7069,7,4,160
7070,0,3,160
7070,1,3,160
7070,2,3,160
7070,3,3,160
7070,4,4,160
7070,5,4,160
7070,6,4,160
7070,7,4,160
7071,0,3,160
7071,1,3,160
7071,2,3,160
7071,3,3,160
7071,4,4,160
7071,5,4,160
7071,6,4,160
7071,7,4,160
7072,0,3,160
7072,1,3,160
7072,2,3,160
7072,3,3,160
7072,4,4,160
7072,5,4,160
7072,6,4,160
7072,7,4,160
7073,0,3,160
7073,1,3,160
7073,2,3,160
7073,3,3,160
7073,4,4,160
7073,5,4,160
7073,6,4,160
7073,7,4,160
7074,0,3,160
7074,1,3,160
7074,2,3,160
7074,3,3,160
7074,4,4,160
7074,5,4,160
7074,6,4,160
7074,7,4,160
7075,0,3,160
7075,1,3,160
7075,2,3,160
7075,3,3,160
7075,4,4,160
7075,5,4,160
7075,6,4,160
7075,7,4,160
7076,0,3,160
7076,1,3,160
7076,2,3,160
7076,3,3,160
7076,4,4,160
7076,5,4,160
7076,6,4,160
7076,7,4,160
7077,0,3,160
7077,1,3,160
7077,2,3,160
7077,3,3,160
7077,4,4,160
7077,5,4,160
7077,6,4,160
7077,7,4,160
7078,0,3,160
7078,1,3,160
7078,2,3,160
7078,3,3,160
7078,4,4,160
7078,5,4,160
7078,6,4,160
7078,7,4,160
7079,0,3,160
7079,1,3,160
7079,2,3,160
7079,3,3,160
7079,4,4,160
7079,5,4,160
7079,6,4,160
7079,7,4,160
7080,0,3,160
7080,1,3,160
7080,2,3,160
7080,3,3,160
7080,4,4,160
7080,5,4,160
7080,6,4,160
7080,7,4,160
7081,0,3,160
7081,1,3,160
7081,2,3,160
7081,3,3,160
7081,4,4,160
7081,5,4,160
7081,6,4,160
7081,7,4,160
7082,0,3,160
7082,1,3,160
7082,2,3,160
7082,3,3,160
7082,4,4,160
7082,5,4,160
7082,6,4,160
7082,7,4,160
7083,0,3,160
7083,1,3,160
7083,2,3,160
7083,3,3,160
7083,4,4,160
7083,5,4,160
7083,6,4,160
7083,7,4,160
7084,0,3,160
7084,1,3,160
7084,2,3,160
7084,3,3,160
7084,4,4,160
7084,5,4,160
7084,6,4,160
7084,7,4,160
7085,0,3,160
7085,1,3,160
7085,2,3,160
7085,3,3,160
7085,4,4,160
7085,5,4,160
7085,6,4,160
7085,7,4,160
7086,0,3,160
7086,1,3,160
7086,2,3,160
7086,3,3,160
7086,4,4,160
7086,5,4,160
7086,6,4,160
7086,7,4,160
7087,0,3,160
7087,1,3,160
7087,2,3,160
7087,3,3,160
7087,4,4,160
7087,5,4,160
7087,6,4,160
7087,7,4,160
7088,0,3,160
7088,1,3,160
7088,2,3,160
7088,3,3,160
7088,4,4,160
7088,5,4,160
7088,6,4,160
7088,7,4,160
7089,0,3,160
7089,1,3,160
7089,2,3,160
7089,3,3,160
7089,4,4,160
7089,5,4,160
7089,6,4,160
7089,7,4,160
7090,0,3,160
7090,1,3,160
7090,2,3,160
7090,3,3,160
7090,4,4,160
7090,5,4,160
7090,6,4,160
7090,7,4,160
7091,0,3,160
7091,1,3,160
7091,2,3,160
7091,3,3,160
7091,4,4,160
7091,5,4,160
7091,6,4,160
7091,7,4,160
7092,0,3,160
7092,1,3,160
7092,2,3,160
7092,3,3,160
7092,4,4,160
7092,5,4,160
7092,6,4,160
7092,7,4,160
7093,0,3,160
7093,1,3,160
7093,2,3,160
7093,3,3,160
7093,4,4,160
7093,5,4,160
7093,6,4,160
7093,7,4,160
7094,0,3,160
7094,1,3,160
7094,2,3,160
7094,3,3,160
7094,4,4,160
7094,5,4,160
7094,6,4,160
7094,7,4,160
7095,0,3,160
7095,1,3,160
7095,2,3,160
7095,3,3,160
7095,4,4,160
7095,5,4,160
7095,6,4,160
7095,7,4,160
7096,0,3,160
7096,1,3,160
7096,2,3,160
7096,3,3,160
7096,4,4,160
7096,5,4,160
7096,6,4,160
7096,7,4,160
7097,0,3,160
7097,1,3,160
7097,2,3,160
7097,3,3,160
7097,4,4,160
7097,5,4,160
7097,6,4,160
7097,7,4,160
7098,0,3,160
7098,1,3,160
7098,2,3,160
7098,3,3,160
7098,4,4,160
7098,5,4,160
7098,6,4,160
7098,7,4,160
7099,0,3,160
7099,1,3,160
7099,2,3,160
7099,3,3,160
7099,4,4,160
7099,5,4,160
7099,6,4,160
7099,7,4,160
7100,0,3,160
7100,1,3,160
7100,2,3,160
7100,3,3,160
7100,4,4,160
7100,5,4,160
7100,6,4,160
7100,7,4,160
7101,0,3,160
7101,1,3,160
7101,2,3,160
7101,3,3,160
7101,4,4,160
7101,5,4,160
7101,6,4,160
7101,7,4,160
7102,0,3,160
7102,1,3,160
7102,2,3,160
7102,3,3,160
7102,4,4,160
7102,5,4,160
7102,6,4,160
7102,7,4,160
7103,0,3,160
7103,1,3,160
7103,2,3,160
7103,3,3,160
7103,4,4,160
7103,5,4,160
7103,6,4,160
7103,7,4,160
7104,0,3,160
7104,1,3,160
7104,2,3,160
7104,3,3,160
7104,4,4,160
7104,5,4,160
7104,6,4,160
7104,7,4,160
7105,0,3,160
7105,1,3,160
7105,2,3,160
7105,3,3,160
7105,4,4,160
7105,5,4,160
7105,6,4,160
7105,7,4,160
7106,0,3,160
7106,1,3,160
7106,2,3,160
7106,3,3,160
7106,4,4,160
7106,5,4,160
7106,6,4,160
7106,7,4,160
7107,0,3,160
7107,1,3,160
7107,2,3,160
7107,3,3,160
7107,4,4,160
7107,5,4,160
7107,6,4,160
7107,7,4,160
7108,0,3,160
7108,1,3,160
7108,2,3,160
7108,3,3,160
7108,4,4,160
7108,5,4,160
7108,6,4,160
7108,7,4,160
7109,0,3,160
7109,1,3,160
7109,2,3,160
7109,3,3,160
7109,4,4,160
7109,5,4,160
7109,6,4,160
7109,7,4,160
7110,0,3,160
7110,1,3,160
7110,2,3,160
7110,3,3,160
7110,4,4,160
7110,5,4,160
7110,6,4,160
7110,7,4,160
7111,0,3,160
7111,1,3,160
7111,2,3,160
7111,3,3,160
7111,4,4,160
7111,5,4,160
7111,6,4,160
7111,7,4,160
7112,0,3,160
7112,1,3,160
7112,2,3,160
7112,3,3,160
7112,4,4,160
7112,5,4,160
7112,6,4,160
7112,7,4,160
7113,0,3,160
7113,1,3,160
7113,2,3,160
7113,3,3,160
7113,4,4,160
7113,5,4,160
7113,6,4,160
7113,7,4,160
7114,0,3,160
7114,1,3,160
7114,2,3,160
7114,3,3,160
7114,4,4,160
7114,5,4,160
7114,6,4,160
7114,7,4,160
7115,0,3,160
7115,1,3,160
7115,2,3,160
7115,3,3,160
7115,4,4,160
7115,5,4,160
7115,6,4,160
7115,7,4,160
7116,0,3,160
7116,1,3,160
7116,2,3,160
7116,3,3,160
7116,4,4,160
7116,5,4,160
7116,6,4,160
7116,7,4,160
7117,0,3,160
7117,1,3,160
7117,2,3,160
7117,3,3,160
7117,4,4,160
7117,5,4,160
7117,6,4,160
7117,7,4,160
7118,0,3,160
7118,1,3,160
7118,2,3,160
7118,3,3,160
7118,4,4,160
7118,5,4,160
7118,6,4,160
7118,7,4,160
7119,0,3,160
7119,1,3,160
7119,2,3,160
7119,3,3,160
7119,4,4,160
7119,5,4,160
7119,6,4,160
7119,7,4,160
7120,0,3,160
7120,1,3,160
7120,2,3,160
7120,3,3,160
7120,4,4,160
7120,5,4,160
7120,6,4,160
7120,7,4,160
7121,0,3,160
7121,1,3,160
7121,2,3,160
7121,3,3,160
7121,4,4,160
7121,5,4,160
7121,6,4,160
7121,7,4,160
7122,0,3,160
7122,1,3,160
7122,2,3,160
7122,3,3,160
7122,4,4,160
7122,5,4,160
7122,6,4,160
7122,7,4,160
7123,0,3,160
7123,1,3,160
7123,2,3,160
7123,3,3,160
7123,4,4,160
7123,5,4,160
7123,6,4,160
7123,7,4,160
7124,0,3,160
7124,1,3,160
7124,2,3,160
7124,3,3,160
7124,4,4,160
7124,5,4,160
7124,6,4,160
7124,7,4,160
7125,0,3,160
7125,1,3,160
7125,2,3,160
7125,3,3,160
7125,4,4,160
7125,5,4,160
7125,6,4,160
7125,7,4,160
7126,0,3,160
7126,1,3,160
7126,2,3,160
7126,3,3,160
7126,4,4,160
7126,5,4,160
7126,6,4,160
7126,7,4,160
7127,0,3,160
7127,1,3,160
7127,2,3,160
7127,3,3,160
7127,4,4,160
7127,5,4,160
7127,6,4,160
7127,7,4,160
7128,0,3,160
7128,1,3,160
7128,2,3,160
7128,3,3,160
7128,4,4,160
7128,5,4,160
7128,6,4,160
7128,7,4,160
7129,0,3,160
7129,1,3,160
7129,2,3,160
7129,3,3,160
7129,4,4,160
7129,5,4,160
7129,6,4,160
7129,7,4,160
7130,0,3,160
7130,1,3,160
7130,2,3,160
7130,3,3,160
7130,4,4,160
7130,5,4,160
7130,6,4,160
7130,7,4,160
7131,0,3,160
7131,1,3,160
7131,2,3,160
7131,3,3,160
7131,4,4,160
7131,5,4,160
7131,6,4,160
7131,7,4,160
7132,0,3,160
7132,1,3,160
7132,2,3,160
7132,3,3,160
7132,4,4,160
7132,5,4,160
7132,6,4,160
7132,7,4,160
7133,0,3,160
7133,1,3,160
7133,2,3,160
7133,3,3,160
7133,4,4,160
7133,5,4,160
7133,6,4,160
7133,7,4,160
7134,0,3,160
7134,1,3,160
7134,2,3,160
7134,3,3,160
7134,4,4,160
7134,5,4,160
7134,6,4,160
7134,7,4,160
7135,0,3,160
7135,1,3,160
7135,2,3,160
7135,3,3,160
7135,4,4,160
7135,5,4,160
7135,6,4,160
7135,7,4,160
7136,0,3,160
7136,1,3,160
7136,2,3,160
7136,3,3,160
7136,4,4,160
7136,5,4,160
7136,6,4,160
7136,7,4,160
7137,0,3,160
7137,1,3,160
7137,2,3,160
7137,3,3,160
7137,4,4,160
7137,5,4,160
7137,6,4,160
7137,7,4,160
7138,0,3,160
7138,1,3,160
7138,2,3,160
7138,3,3,160
7138,4,4,160
7138,5,4,160
7138,6,4,160
7138,7,4,160
7139,0,3,160
7139,1,3,160
7139,2,3,160
7139,3,3,160
7139,4,4,160
7139,5,4,160
7139,6,4,160
7139,7,4,160
7140,0,3,160
7140,1,3,160
7140,2,3,160
7140,3,3,160
7140,4,4,160
7140,5,4,160
7140,6,4,160
7140,7,4,160
7141,0,3,160
7141,1,3,160
7141,2,3,160
7141,3,3,160
7141,4,4,160
7141,5,4,160
7141,6,4,160
7141,7,4,160
7142,0,3,160
7142,1,3,160
7142,2,3,160
7142,3,3,160
7142,4,4,160
7142,5,4,160
7142,6,4,160
7142,7,4,160
7143,0,3,160
7143,1,3,160
7143,2,3,160
7143,3,3,160
7143,4,4,160
7143,5,4,160
7143,6,4,160
7143,7,4,160
7144,0,3,160
7144,1,3,160
7144,2,3,160
7144,3,3,160
7144,4,4,160
7144,5,4,160
7144,6,4,160
7144,7,4,160
7145,0,3,160
7145,1,3,160
7145,2,3,160
7145,3,3,160
7145,4,4,160
7145,5,4,160
7145,6,4,160
7145,7,4,160
7146,0,3,160
7146,1,3,160
7146,2,3,160
7146,3,3,160
7146,4,4,160
7146,5,4,160
7146,6,4,160
7146,7,4,160
7147,0,3,160
7147,1,3,160
7147,2,3,160
7147,3,3,160
7147,4,4,160
7147,5,4,160
7147,6,4,160
7147,7,4,160
7148,0,3,160
7148,1,3,160
7148,2,3,160
7148,3,3,160
7148,4,4,160
7148,5,4,160
7148,6,4,160
7148,7,4,160
7149,0,3,160
7149,1,3,160
7149,2,3,160
7149,3,3,160
7149,4,4,160
7149,5,4,160
7149,6,4,160
7149,7,4,160
7150,0,3,160
7150,1,3,160
7150,2,3,160
7150,3,3,160
7150,4,4,160
7150,5,4,160
7150,6,4,160
7150,7,4,160
7151,0,3,160
7151,1,3,160
7151,2,3,160
7151,3,3,160
7151,4,4,160
7151,5,4,160
7151,6,4,160
7151,7,4,160
7152,0,3,160
7152,1,3,160
7152,2,3,160
7152,3,3,160
7152,4,4,160
7152,5,4,160
7152,6,4,160
7152,7,4,160
7153,0,3,160
7153,1,3,160
7153,2,3,160
7153,3,3,160
7153,4,4,160
7153,5,4,160
7153,6,4,160
7153,7,4,160
7154,0,3,160
7154,1,3,160
7154,2,3,160
7154,3,3,160
7154,4,4,160
7154,5,4,160
7154,6,4,160
7154,7,4,160
7155,0,3,160
7155,1,3,160
7155,2,3,160
7155,3,3,160
7155,4,4,160
7155,5,4,160
7155,6,4,160
7155,7,4,160
7156,0,3,160
7156,1,3,160
7156,2,3,160
7156,3,3,160
7156,4,4,160
7156,5,4,160
7156,6,4,160
7156,7,4,160
7157,0,3,160
7157,1,3,160
7157,2,3,160
7157,3,3,160
7157,4,4,160
7157,5,4,160
7157,6,4,160
7157,7,4,160
7158,0,3,160
7158,1,3,160
7158,2,3,160
7158,3,3,160
7158,4,4,160
7158,5,4,160
7158,6,4,160
7158,7,4,160
7159,0,3,160
7159,1,3,160
7159,2,3,160
7159,3,3,160
7159,4,4,160
7159,5,4,160
7159,6,4,160
7159,7,4,160
7160,0,3,160
7160,1,3,160
7160,2,3,160
7160,3,3,160
7160,4,4,160
7160,5,4,160
7160,6,4,160
7160,7,4,160
7161,0,3,160
7161,1,3,160
7161,2,3,160
7161,3,3,160
7161,4,4,160
7161,5,4,160
7161,6,4,160
7161,7,4,160
7162,0,3,160
7162,1,3,160
7162,2,3,160
7162,3,3,160
7162,4,4,160
7162,5,4,160
7162,6,4,160
7162,7,4,160
7163,0,3,160
7163,1,3,160
7163,2,3,160
7163,3,3,160
7163,4,4,160
7163,5,4,160
7163,6,4,160
7163,7,4,160
7164,0,3,160
7164,1,3,160
7164,2,3,160
7164,3,3,160
7164,4,4,160
7164,5,4,160
7164,6,4,160
7164,7,4,160
7165,0,3,160
7165,1,3,160
7165,2,3,160
7165,3,3,160
7165,4,4,160
7165,5,4,160
7165,6,4,160
7165,7,4,160
7166,0,3,160
7166,1,3,160
7166,2,3,160
7166,3,3,160
7166,4,4,160
7166,5,4,160
7166,6,4,160
7166,7,4,160
7167,0,3,160
7167,1,3,160
7167,2,3,160
7167,3,3,160
7167,4,4,160
7167,5,4,160
7167,6,4,160
7167,7,4,160
7168,0,3,160
7168,1,3,160
7168,2,3,160
7168,3,3,160
7168,4,4,160
7168,5,4,160
7168,6,4,160
7168,7,4,160
7169,0,3,160
7169,1,3,160
7169,2,3,160
7169,3,3,160
7169,4,4,160
7169,5,4,160
7169,6,4,160
7169,7,4,160
7170,0,3,160
7170,1,3,160
7170,2,3,160
7170,3,3,160
7170,4,4,160
7170,5,4,160
7170,6,4,160
7170,7,4,160
7171,0,3,160
7171,1,3,160
7171,2,3,160
7171,3,3,160
7171,4,4,160
7171,5,4,160
7171,6,4,160
7171,7,4,160
7172,0,3,160
7172,1,3,160
7172,2,3,160
7172,3,3,160
7172,4,4,160
7172,5,4,160
7172,6,4,160
7172,7,4,160
7173,0,3,160
7173,1,3,160
7173,2,3,160
7173,3,3,160
7173,4,4,160
7173,5,4,160
7173,6,4,160
7173,7,4,160
7174,0,3,160
7174,1,3,160
7174,2,3,160
7174,3,-1,-1
7174,4,4,160
7174,5,4,160
7174,6,4,160
7174,7,-1,-1
